#pragma once
#include <Arduino.h>

static const uint8_t PROGMEM Graduate14Bitmaps[] = {
  0x00, 0x66, 0x66, 0x64, 0x40, 0x06, 0x79, 0x65, 0x00, 0x00, 0x00, 0x00, 0x00, 0x00, 0x00, 0x08,
  0x81, 0x10, 0xFF, 0x0C, 0xC1, 0x10, 0x22, 0x1F, 0xE1, 0x98, 0x22, 0x04, 0x40, 0x08, 0x04, 0x0F,
  0x8D, 0x66, 0x83, 0x40, 0xF8, 0x16, 0x09, 0x04, 0x9A, 0xC7, 0xC0, 0x80, 0x40, 0x00, 0x83, 0xCC,
  0x12, 0x40, 0x92, 0x04, 0xB0, 0x25, 0x79, 0xEA, 0x40, 0xD2, 0x04, 0x90, 0x24, 0x82, 0x3C, 0x10,
  0x00, 0x1E, 0x0C, 0xC2, 0x10, 0xC0, 0x79, 0x92, 0xC4, 0xE1, 0x18, 0x6F, 0x0E, 0xE0, 0x69, 0x00,
  0x00, 0x00, 0x00, 0x01, 0xCC, 0xC6, 0x31, 0x8C, 0x63, 0x18, 0xC2, 0x1C, 0x00, 0x07, 0x18, 0x63,
  0x18, 0xC6, 0x31, 0x8C, 0x62, 0x70, 0x00, 0x10, 0xA9, 0xF1, 0xC6, 0x80, 0x00, 0x00, 0x00, 0x00,
  0x00, 0x08, 0x04, 0x1F, 0xC1, 0x00, 0x80, 0x40, 0x00, 0x00, 0x49, 0x00, 0x00, 0xF8, 0x00, 0x00,
  0x00, 0x00, 0x00, 0x08, 0x00, 0x20, 0x86, 0x10, 0x42, 0x08, 0x61, 0x04, 0x30, 0x80, 0x3E, 0x31,
  0x90, 0x48, 0x24, 0x92, 0x09, 0x04, 0x82, 0x63, 0x1F, 0x00, 0x1C, 0x1E, 0x03, 0x01, 0x80, 0xC0,
  0x60, 0x30, 0x18, 0x0C, 0x1F, 0x80, 0x3E, 0x33, 0x18, 0xC0, 0x60, 0x60, 0x60, 0x60, 0x62, 0x63,
  0x3F, 0x80, 0x3E, 0x31, 0x10, 0xC0, 0x61, 0xE0, 0x18, 0x0C, 0xC6, 0x63, 0x1F, 0x00, 0x0E, 0x0F,
  0x05, 0x86, 0xC6, 0x62, 0x33, 0xFC, 0x0C, 0x06, 0x07, 0x80, 0x3F, 0x11, 0x88, 0xC4, 0x03, 0xE0,
  0x18, 0x0C, 0xC6, 0x63, 0x1F, 0x00, 0x3E, 0x31, 0x98, 0xCC, 0x07, 0xE3, 0x19, 0x8C, 0xC6, 0x63,
  0x1F, 0x00, 0x7F, 0x31, 0x90, 0x80, 0xC0, 0x60, 0x20, 0x30, 0x10, 0x18, 0x1E, 0x00, 0x3E, 0x31,
  0x98, 0xCC, 0x63, 0xE3, 0x19, 0x8C, 0xC6, 0x63, 0x1F, 0x00, 0x3E, 0x31, 0x98, 0xCC, 0x63, 0xF0,
  0x18, 0x0C, 0xC6, 0x63, 0x1F, 0x00, 0x08, 0x00, 0x02, 0x08, 0x00, 0x02, 0x48, 0x00, 0x03, 0x07,
  0x06, 0x03, 0x80, 0x70, 0x0C, 0x00, 0x00, 0x00, 0x00, 0x3F, 0x80, 0x00, 0x07, 0xF0, 0x00, 0x00,
  0x00, 0x00, 0x18, 0x07, 0x00, 0xE0, 0xE1, 0xC1, 0x80, 0x00, 0x00, 0x00, 0x3C, 0xD9, 0x18, 0x30,
  0xC1, 0x06, 0x00, 0x00, 0x20, 0x3F, 0xE3, 0x01, 0x98, 0xC4, 0xCE, 0x26, 0x79, 0x32, 0xC9, 0x92,
  0xCD, 0xFC, 0x6C, 0xC3, 0x42, 0x18, 0x00, 0x7F, 0xC0, 0x00, 0x00, 0x1E, 0x0E, 0x05, 0x02, 0xC3,
  0x61, 0x10, 0xFC, 0xC6, 0x61, 0x71, 0xC0, 0x7E, 0x0C, 0xC3, 0x10, 0xC4, 0x3F, 0x0C, 0xC3, 0x18,
  0xC6, 0x31, 0x1F, 0xC0, 0x3E, 0x63, 0x63, 0x60, 0x60, 0x60, 0x60, 0x63, 0x63, 0x3E, 0x7F, 0x0C,
  0x43, 0x18, 0xC6, 0x31, 0x8C, 0x63, 0x18, 0xC6, 0x31, 0x9F, 0xC0, 0x7F, 0x19, 0x8C, 0x06, 0x03,
  0xE1, 0x80, 0xC0, 0x62, 0x33, 0x3F, 0x80, 0x7F, 0x33, 0x30, 0x30, 0x3E, 0x30, 0x30, 0x30, 0x30,
  0x78, 0x3E, 0x31, 0x98, 0xCC, 0x06, 0x03, 0x39, 0x8C, 0xC6, 0x63, 0x1F, 0x00, 0x79, 0xC6, 0x30,
  0xC2, 0x18, 0x43, 0xF8, 0x63, 0x0C, 0x21, 0x84, 0x31, 0x8F, 0x38, 0x79, 0x8C, 0x63, 0x18, 0xC6,
  0x33, 0xC0, 0x1E, 0x0C, 0x0C, 0x0C, 0x0C, 0x0C, 0x8C, 0xCC, 0xCC, 0x78, 0x7B, 0x8C, 0xC3, 0x20,
  0xD8, 0x3C, 0x0D, 0x03, 0x60, 0xCC, 0x33, 0x1E, 0xE0, 0x78, 0x30, 0x30, 0x30, 0x30, 0x30, 0x30,
  0x30, 0x33, 0x7F, 0x70, 0x71, 0xC3, 0x0E, 0x38, 0x71, 0xC3, 0xCA, 0x1A, 0xD0, 0xDC, 0x86, 0xE4,
  0x32, 0x23, 0xC3, 0x80, 0x71, 0xE7, 0x18, 0xE3, 0x1E, 0x63, 0x4C, 0x6D, 0x8C, 0xB1, 0x9E, 0x31,
  0xCF, 0x38, 0x3E, 0x31, 0x98, 0x4C, 0x26, 0x13, 0x09, 0x84, 0xC2, 0x63, 0x1F, 0x00, 0x7E, 0x19,
  0x8C, 0x46, 0x23, 0x11, 0xF8, 0xC0, 0x60, 0x30, 0x3C, 0x00, 0x3E, 0x31, 0x98, 0x4C, 0x26, 0x13,
  0x09, 0x84, 0xD2, 0x6B, 0x1F, 0x02, 0x01, 0x00, 0x7E, 0x0C, 0xC3, 0x10, 0xC4, 0x3F, 0x0D, 0x83,
  0x20, 0xCC, 0x33, 0x1C, 0xE0, 0x3C, 0x66, 0x62, 0x60, 0x3E, 0x02, 0x03, 0x43, 0x66, 0x3E, 0xFF,
  0xDB, 0x99, 0x18, 0x18, 0x18, 0x18, 0x18, 0x18, 0x3C, 0x73, 0xC8, 0x62, 0x18, 0x86, 0x21, 0x88,
  0x62, 0x18, 0x86, 0x31, 0x87, 0xC0, 0xE3, 0x98, 0x66, 0x10, 0x8C, 0x23, 0x0C, 0x81, 0x60, 0x58,
  0x1C, 0x03, 0x00, 0xE3, 0x9C, 0xC6, 0x19, 0x8E, 0x23, 0x1C, 0xC2, 0x69, 0x86, 0x92, 0x0D, 0x34,
  0x0E, 0x78, 0x1C, 0x70, 0x30, 0xC0, 0xF7, 0xB1, 0x8D, 0x83, 0x81, 0xC0, 0xE0, 0x50, 0x6C, 0x63,
  0x79, 0xC0, 0xE7, 0x31, 0x98, 0x84, 0xC3, 0x40, 0xE0, 0x60, 0x30, 0x18, 0x1E, 0x00, 0x7F, 0x42,
  0x46, 0x0C, 0x08, 0x18, 0x30, 0x21, 0x63, 0x7F, 0x39, 0x08, 0x42, 0x10, 0x84, 0x21, 0x08, 0x43,
  0x80, 0x83, 0x04, 0x10, 0x60, 0x82, 0x0C, 0x10, 0x41, 0x82, 0x08, 0xE1, 0x08, 0x42, 0x10, 0x84,
  0x21, 0x08, 0x4E, 0x00, 0x08, 0x0E, 0x05, 0x06, 0x40, 0x00, 0x00, 0x00, 0x00, 0x00, 0x00, 0x00,
  0x00, 0x00, 0x3F, 0x80, 0x00, 0x20, 0xE0, 0x00, 0x00, 0x00, 0x00, 0x00, 0x00, 0x00, 0x1E, 0x0E,
  0x05, 0x06, 0xC3, 0x21, 0xF9, 0x8C, 0xC2, 0xE3, 0x80, 0x7E, 0x0C, 0xC3, 0x10, 0xCC, 0x3F, 0x0C,
  0x43, 0x18, 0xC4, 0x7F, 0x00, 0x3E, 0x63, 0x63, 0x60, 0x60, 0x60, 0x63, 0x63, 0x3E, 0x7F, 0x0C,
  0x43, 0x18, 0xC6, 0x31, 0x8C, 0x63, 0x18, 0xC6, 0x7F, 0x00, 0x7F, 0x19, 0x8C, 0x46, 0x03, 0xE1,
  0x80, 0xC4, 0x66, 0x7F, 0x00, 0x7F, 0x33, 0x31, 0x30, 0x3E, 0x30, 0x30, 0x30, 0x78, 0x3E, 0x31,
  0x98, 0xCC, 0x06, 0x73, 0x19, 0x8C, 0xC6, 0x3E, 0x00, 0x79, 0xC6, 0x30, 0xC2, 0x18, 0x43, 0xF8,
  0x63, 0x0C, 0x21, 0x8C, 0x79, 0xC0, 0x79, 0x8C, 0x63, 0x18, 0xC6, 0x78, 0x1E, 0x0C, 0x0C, 0x0C,
  0x0C, 0xCC, 0xCC, 0xCC, 0x78, 0x7B, 0x8C, 0xC3, 0x20, 0xD8, 0x3C, 0x0D, 0x83, 0x20, 0xCC, 0x7B,
  0x80, 0x78, 0x30, 0x30, 0x30, 0x30, 0x30, 0x32, 0x33, 0x7F, 0x70, 0x71, 0xC3, 0x0E, 0x38, 0x79,
  0x43, 0xDA, 0x1A, 0x90, 0xDC, 0x86, 0x44, 0x78, 0x70, 0x71, 0xE7, 0x18, 0xF3, 0x1E, 0x63, 0x6C,
  0x6D, 0x8C, 0xF1, 0x8E, 0x79, 0xC0, 0x3E, 0x31, 0x98, 0x4C, 0x26, 0x13, 0x09, 0x84, 0xC6, 0x3E,
  0x00, 0x7E, 0x19, 0x8C, 0x46, 0x23, 0x31, 0xF0, 0xC0, 0x60, 0x78, 0x00, 0x3E, 0x31, 0x98, 0x4C,
  0x26, 0x13, 0x09, 0xA4, 0xD6, 0x3E, 0x04, 0x00, 0x7E, 0x0C, 0xC3, 0x10, 0xC4, 0x33, 0x0F, 0x83,
  0x60, 0xCC, 0x73, 0x80, 0x3C, 0x66, 0x62, 0x60, 0x3E, 0x02, 0x43, 0x62, 0x3E, 0xFF, 0xDB, 0x99,
  0x18, 0x18, 0x18, 0x18, 0x18, 0x3C, 0x73, 0xC8, 0x62, 0x18, 0x86, 0x21, 0x88, 0x62, 0x18, 0xC6,
  0x1F, 0x00, 0xE3, 0x98, 0x66, 0x10, 0x8C, 0x32, 0x04, 0x81, 0x60, 0x70, 0x0C, 0x00, 0xE3, 0x9C,
  0xC6, 0x19, 0x8E, 0x21, 0x3C, 0xC2, 0x69, 0x86, 0x9A, 0x0F, 0x3C, 0x0E, 0x38, 0x18, 0x60, 0xF3,
  0xB1, 0x8D, 0x83, 0x81, 0xC0, 0xE0, 0xD8, 0xC6, 0xF3, 0x80, 0xE7, 0x31, 0x09, 0x86, 0x81, 0xC0,
  0xC0, 0x60, 0x30, 0x3C, 0x00, 0x7F, 0x42, 0x46, 0x0C, 0x18, 0x10, 0x23, 0x63, 0x7F, 0x01, 0xD8,
  0xC6, 0x11, 0x88, 0x61, 0x08, 0xC6, 0x1C, 0x00, 0x22, 0x22, 0x22, 0x22, 0x22, 0x22, 0x20, 0x07,
  0x08, 0x62, 0x10, 0x86, 0x31, 0x08, 0x43, 0x70, 0x00, 0x00, 0x1F, 0x9B, 0x80, 0x00, 0x00, 0x00,
  0x00, 0x7F, 0x31, 0x98, 0xCC, 0x66, 0x33, 0x19, 0x8C, 0xC6, 0x63, 0x3F, 0x80, 0x00, 0x7F, 0x31,
  0x98, 0xCC, 0x66, 0x33, 0x19, 0x8C, 0xC6, 0x63, 0x3F, 0x80, 0x00, 0x7F, 0x31, 0x98, 0xCC, 0x66,
  0x33, 0x19, 0x8C, 0xC6, 0x63, 0x3F, 0x80, 0x00, 0x7F, 0x31, 0x98, 0xCC, 0x66, 0x33, 0x19, 0x8C,
  0xC6, 0x63, 0x3F, 0x80, 0x00, 0x7F, 0x31, 0x98, 0xCC, 0x66, 0x33, 0x19, 0x8C, 0xC6, 0x63, 0x3F,
  0x80, 0x00, 0x7F, 0x31, 0x98, 0xCC, 0x66, 0x33, 0x19, 0x8C, 0xC6, 0x63, 0x3F, 0x80, 0x00, 0x7F,
  0x31, 0x98, 0xCC, 0x66, 0x33, 0x19, 0x8C, 0xC6, 0x63, 0x3F, 0x80, 0x00, 0x7F, 0x31, 0x98, 0xCC,
  0x66, 0x33, 0x19, 0x8C, 0xC6, 0x63, 0x3F, 0x80, 0x00, 0x7F, 0x31, 0x98, 0xCC, 0x66, 0x33, 0x19,
  0x8C, 0xC6, 0x63, 0x3F, 0x80, 0x00, 0x7F, 0x31, 0x98, 0xCC, 0x66, 0x33, 0x19, 0x8C, 0xC6, 0x63,
  0x3F, 0x80, 0x00, 0x7F, 0x31, 0x98, 0xCC, 0x66, 0x33, 0x19, 0x8C, 0xC6, 0x63, 0x3F, 0x80, 0x00,
  0x7F, 0x31, 0x98, 0xCC, 0x66, 0x33, 0x19, 0x8C, 0xC6, 0x63, 0x3F, 0x80, 0x00, 0x7F, 0x31, 0x98,
  0xCC, 0x66, 0x33, 0x19, 0x8C, 0xC6, 0x63, 0x3F, 0x80, 0x00, 0x7F, 0x31, 0x98, 0xCC, 0x66, 0x33,
  0x19, 0x8C, 0xC6, 0x63, 0x3F, 0x80, 0x00, 0x7F, 0x31, 0x98, 0xCC, 0x66, 0x33, 0x19, 0x8C, 0xC6,
  0x63, 0x3F, 0x80, 0x00, 0x7F, 0x31, 0x98, 0xCC, 0x66, 0x33, 0x19, 0x8C, 0xC6, 0x63, 0x3F, 0x80,
  0x00, 0x7F, 0x31, 0x98, 0xCC, 0x66, 0x33, 0x19, 0x8C, 0xC6, 0x63, 0x3F, 0x80, 0x00, 0x7F, 0x31,
  0x98, 0xCC, 0x66, 0x33, 0x19, 0x8C, 0xC6, 0x63, 0x3F, 0x80, 0x00, 0x7F, 0x31, 0x98, 0xCC, 0x66,
  0x33, 0x19, 0x8C, 0xC6, 0x63, 0x3F, 0x80, 0x00, 0x7F, 0x31, 0x98, 0xCC, 0x66, 0x33, 0x19, 0x8C,
  0xC6, 0x63, 0x3F, 0x80, 0x00, 0x7F, 0x31, 0x98, 0xCC, 0x66, 0x33, 0x19, 0x8C, 0xC6, 0x63, 0x3F,
  0x80, 0x00, 0x7F, 0x31, 0x98, 0xCC, 0x66, 0x33, 0x19, 0x8C, 0xC6, 0x63, 0x3F, 0x80, 0x00, 0x7F,
  0x31, 0x98, 0xCC, 0x66, 0x33, 0x19, 0x8C, 0xC6, 0x63, 0x3F, 0x80, 0x00, 0x7F, 0x31, 0x98, 0xCC,
  0x66, 0x33, 0x19, 0x8C, 0xC6, 0x63, 0x3F, 0x80, 0x00, 0x7F, 0x31, 0x98, 0xCC, 0x66, 0x33, 0x19,
  0x8C, 0xC6, 0x63, 0x3F, 0x80, 0x00, 0x7F, 0x31, 0x98, 0xCC, 0x66, 0x33, 0x19, 0x8C, 0xC6, 0x63,
  0x3F, 0x80, 0x00, 0x7F, 0x31, 0x98, 0xCC, 0x66, 0x33, 0x19, 0x8C, 0xC6, 0x63, 0x3F, 0x80, 0x00,
  0x7F, 0x31, 0x98, 0xCC, 0x66, 0x33, 0x19, 0x8C, 0xC6, 0x63, 0x3F, 0x80, 0x00, 0x7F, 0x31, 0x98,
  0xCC, 0x66, 0x33, 0x19, 0x8C, 0xC6, 0x63, 0x3F, 0x80, 0x00, 0x7F, 0x31, 0x98, 0xCC, 0x66, 0x33,
  0x19, 0x8C, 0xC6, 0x63, 0x3F, 0x80, 0x00, 0x7F, 0x31, 0x98, 0xCC, 0x66, 0x33, 0x19, 0x8C, 0xC6,
  0x63, 0x3F, 0x80, 0x00, 0x7F, 0x31, 0x98, 0xCC, 0x66, 0x33, 0x19, 0x8C, 0xC6, 0x63, 0x3F, 0x80,
  0x00, 0x7F, 0x31, 0x98, 0xCC, 0x66, 0x33, 0x19, 0x8C, 0xC6, 0x63, 0x3F, 0x80, 0x00, 0x00, 0x60,
  0x04, 0x46, 0x66, 0x66, 0x08, 0x1F, 0x9B, 0xCD, 0x06, 0x83, 0x41, 0xA4, 0x7E, 0x0C, 0x04, 0x00,
  0x1E, 0x19, 0x8C, 0x06, 0x07, 0xE1, 0x80, 0xC0, 0x62, 0x21, 0x3F, 0x80, 0x00, 0x60, 0xDF, 0xCC,
  0x66, 0x33, 0x19, 0x8C, 0xFE, 0xC1, 0xC0, 0x40, 0x00, 0xF7, 0xB1, 0x88, 0x8E, 0xE1, 0x40, 0xE1,
  0xFC, 0x10, 0x08, 0x0F, 0x00, 0x22, 0x22, 0x00, 0x00, 0x22, 0x22, 0x3C, 0x66, 0x62, 0x60, 0x3C,
  0x66, 0x62, 0x3E, 0x02, 0x43, 0x62, 0x3E, 0x00, 0x01, 0x60, 0x00, 0x00, 0x00, 0x00, 0x00, 0x00,
  0x00, 0x3F, 0x08, 0x45, 0xE9, 0x4A, 0x52, 0x97, 0xA2, 0x10, 0xFC, 0x00, 0x00, 0x00, 0x00, 0x30,
  0xC7, 0x1E, 0x4B, 0x70, 0x00, 0x00, 0x00, 0x00, 0x00, 0x49, 0xB6, 0xC5, 0x8D, 0x88, 0x00, 0x00,
  0x00, 0x3F, 0x80, 0xC0, 0x60, 0x00, 0x00, 0x00, 0x7F, 0x31, 0x98, 0xCC, 0x66, 0x33, 0x19, 0x8C,
  0xC6, 0x63, 0x3F, 0x80, 0x00, 0x00, 0x0F, 0xC2, 0x11, 0x72, 0x52, 0x97, 0xA5, 0x69, 0xCC, 0x3F,
  0x00, 0x00, 0x00, 0x00, 0x00, 0x00, 0x03, 0x80, 0x00, 0x00, 0x00, 0x00, 0x00, 0x00, 0x01, 0xE4,
  0x92, 0x78, 0x00, 0x00, 0x00, 0x00, 0x00, 0x08, 0x04, 0x1F, 0xC1, 0x00, 0x80, 0x40, 0x00, 0xFE,
  0x72, 0xC4, 0x66, 0xBC, 0x00, 0x00, 0x00, 0x72, 0xCC, 0x35, 0xB8, 0x00, 0x00, 0x00, 0x00, 0xE0,
  0x00, 0x00, 0x00, 0x00, 0x00, 0x00, 0x00, 0x21, 0x88, 0x62, 0x18, 0x86, 0x21, 0x88, 0x62, 0x18,
  0x86, 0x3F, 0x08, 0x02, 0x00, 0x80, 0x7F, 0x33, 0x39, 0x9C, 0xCE, 0x63, 0xF0, 0x18, 0x0C, 0x06,
  0x03, 0x01, 0x80, 0x00, 0x08, 0x00, 0x00, 0x09, 0x00, 0x73, 0x8C, 0x63, 0x3C, 0x00, 0x00, 0x00,
  0x7E, 0x73, 0x9C, 0xBC, 0x00, 0x00, 0x00, 0x00, 0xB1, 0xB1, 0x26, 0xCB, 0x00, 0x00, 0x00, 0x00,
  0x83, 0x8C, 0x1C, 0x40, 0x62, 0x03, 0x30, 0x19, 0x31, 0xE9, 0x80, 0x94, 0x04, 0xA0, 0x6F, 0x82,
  0x08, 0x10, 0x40, 0x00, 0x01, 0x04, 0x1C, 0x60, 0x62, 0x03, 0x30, 0x19, 0x00, 0xCB, 0x8F, 0xD6,
  0x04, 0x20, 0x23, 0x03, 0x34, 0x11, 0xE0, 0x00, 0x00, 0x00, 0x83, 0x84, 0x16, 0x60, 0x32, 0x03,
  0x90, 0x25, 0x31, 0xC9, 0x80, 0xD4, 0x04, 0xA0, 0x2F, 0x83, 0x08, 0x10, 0x40, 0x18, 0x00, 0x00,
  0xC3, 0x0C, 0x10, 0x23, 0x64, 0x78, 0x00, 0x00, 0x0C, 0x03, 0x00, 0x01, 0xE0, 0xE0, 0x50, 0x2C,
  0x36, 0x11, 0x0F, 0xCC, 0x66, 0x17, 0x1C, 0x00, 0x06, 0x06, 0x00, 0x01, 0xE0, 0xE0, 0x50, 0x2C,
  0x36, 0x11, 0x0F, 0xCC, 0x66, 0x17, 0x1C, 0x00, 0x0E, 0x00, 0x00, 0x01, 0xE0, 0xE0, 0x50, 0x2C,
  0x36, 0x11, 0x0F, 0xCC, 0x66, 0x17, 0x1C, 0x00, 0x0E, 0x00, 0x00, 0x01, 0xE0, 0xE0, 0x50, 0x2C,
  0x36, 0x11, 0x0F, 0xCC, 0x66, 0x17, 0x1C, 0x00, 0x0B, 0x00, 0x00, 0x01, 0xE0, 0xE0, 0x50, 0x2C,
  0x36, 0x11, 0x0F, 0xCC, 0x66, 0x17, 0x1C, 0x00, 0x06, 0x05, 0x01, 0x80, 0x00, 0xF0, 0x70, 0x28,
  0x16, 0x1B, 0x08, 0x87, 0xE6, 0x33, 0x0B, 0x8E, 0x1F, 0xF0, 0xD8, 0x84, 0xC4, 0x66, 0x03, 0xFE,
  0x11, 0x80, 0x8C, 0x0C, 0x62, 0x63, 0x17, 0x3F, 0x80, 0x3E, 0x63, 0x63, 0x60, 0x60, 0x60, 0x60,
  0x63, 0x63, 0x3E, 0x18, 0x10, 0x00, 0x0C, 0x03, 0x00, 0x07, 0xF1, 0x98, 0xC0, 0x60, 0x3E, 0x18,
  0x0C, 0x06, 0x23, 0x33, 0xF8, 0x00, 0x06, 0x06, 0x00, 0x07, 0xF1, 0x98, 0xC0, 0x60, 0x3E, 0x18,
  0x0C, 0x06, 0x23, 0x33, 0xF8, 0x00, 0x0E, 0x00, 0x00, 0x07, 0xF1, 0x98, 0xC0, 0x60, 0x3E, 0x18,
  0x0C, 0x06, 0x23, 0x33, 0xF8, 0x00, 0x1A, 0x00, 0x00, 0x07, 0xF1, 0x98, 0xC0, 0x60, 0x3E, 0x18,
  0x0C, 0x06, 0x23, 0x33, 0xF8, 0x03, 0x0C, 0x07, 0x98, 0xC6, 0x31, 0x8C, 0x63, 0x3C, 0x01, 0x8C,
  0x07, 0x98, 0xC6, 0x31, 0x8C, 0x63, 0x3C, 0x03, 0x80, 0x07, 0x98, 0xC6, 0x31, 0x8C, 0x63, 0x3C,
  0x02, 0xC0, 0x07, 0x98, 0xC6, 0x31, 0x8C, 0x63, 0x3C, 0x7F, 0x0C, 0x63, 0x18, 0xC6, 0x7D, 0x8C,
  0x63, 0x18, 0xC6, 0x31, 0x9F, 0xC0, 0x00, 0x01, 0xE0, 0x00, 0x00, 0x07, 0x1E, 0x71, 0x8E, 0x31,
  0xE6, 0x34, 0xC6, 0xD8, 0xCB, 0x19, 0xE3, 0x1C, 0xF3, 0x80, 0x00, 0x0C, 0x03, 0x00, 0x03, 0xE3,
  0x19, 0x84, 0xC2, 0x61, 0x30, 0x98, 0x4C, 0x26, 0x31, 0xF0, 0x00, 0x06, 0x06, 0x00, 0x03, 0xE3,
  0x19, 0x84, 0xC2, 0x61, 0x30, 0x98, 0x4C, 0x26, 0x31, 0xF0, 0x00, 0x0E, 0x00, 0x00, 0x03, 0xE3,
  0x19, 0x84, 0xC2, 0x61, 0x30, 0x98, 0x4C, 0x26, 0x31, 0xF0, 0x00, 0x0E, 0x00, 0x00, 0x03, 0xE3,
  0x19, 0x84, 0xC2, 0x61, 0x30, 0x98, 0x4C, 0x26, 0x31, 0xF0, 0x00, 0x0B, 0x00, 0x00, 0x03, 0xE3,
  0x19, 0x84, 0xC2, 0x61, 0x30, 0x98, 0x4C, 0x26, 0x31, 0xF0, 0x00, 0x11, 0x0D, 0x83, 0x81, 0xC1,
  0xB0, 0x80, 0x00, 0x00, 0x00, 0x00, 0x00, 0x8F, 0x8C, 0x66, 0x73, 0x29, 0xA4, 0xD2, 0x71, 0x38,
  0x98, 0xC7, 0xC4, 0x00, 0x00, 0x00, 0x03, 0x00, 0xC0, 0x00, 0x73, 0xC8, 0x62, 0x18, 0x86, 0x21,
  0x88, 0x62, 0x18, 0x86, 0x31, 0x87, 0xC0, 0x00, 0x03, 0x80, 0xC0, 0x00, 0x73, 0xC8, 0x62, 0x18,
  0x86, 0x21, 0x88, 0x62, 0x18, 0x86, 0x31, 0x87, 0xC0, 0x00, 0x03, 0x80, 0x00, 0x00, 0x73, 0xC8,
  0x62, 0x18, 0x86, 0x21, 0x88, 0x62, 0x18, 0x86, 0x31, 0x87, 0xC0, 0x00, 0x06, 0x80, 0x00, 0x00,
  0x73, 0xC8, 0x62, 0x18, 0x86, 0x21, 0x88, 0x62, 0x18, 0x86, 0x31, 0x87, 0xC0, 0x00, 0x06, 0x06,
  0x00, 0x0E, 0x73, 0x19, 0x88, 0x4C, 0x34, 0x0E, 0x06, 0x03, 0x01, 0x81, 0xE0, 0x70, 0x18, 0x0F,
  0x86, 0x63, 0x11, 0x88, 0xC4, 0x7E, 0x30, 0x38, 0x00, 0x1E, 0x0C, 0xC2, 0x10, 0x8C, 0x2F, 0x88,
  0x62, 0x08, 0x82, 0x29, 0x9B, 0xC0, 0x00, 0x0E, 0x00, 0x03, 0xC1, 0xC0, 0xA0, 0xD8, 0x64, 0x3F,
  0x31, 0x98, 0x5C, 0x70, 0x00, 0x06, 0x00, 0x03, 0xC1, 0xC0, 0xA0, 0xD8, 0x64, 0x3F, 0x31, 0x98,
  0x5C, 0x70, 0x00, 0x0E, 0x00, 0x03, 0xC1, 0xC0, 0xA0, 0xD8, 0x64, 0x3F, 0x31, 0x98, 0x5C, 0x70,
  0x00, 0x0E, 0x00, 0x03, 0xC1, 0xC0, 0xA0, 0xD8, 0x64, 0x3F, 0x31, 0x98, 0x5C, 0x70, 0x00, 0x0B,
  0x00, 0x03, 0xC1, 0xC0, 0xA0, 0xD8, 0x64, 0x3F, 0x31, 0x98, 0x5C, 0x70, 0x00, 0x06, 0x05, 0x01,
  0x81, 0xE0, 0xE0, 0x50, 0x6C, 0x32, 0x1F, 0x98, 0xCC, 0x2E, 0x38, 0x1F, 0xF0, 0xD8, 0x84, 0xC4,
  0x66, 0x03, 0xFE, 0x11, 0x81, 0x8C, 0x4C, 0x62, 0xE7, 0xF0, 0x3E, 0x63, 0x63, 0x60, 0x60, 0x60,
  0x63, 0x63, 0x3E, 0x18, 0x10, 0x10, 0x0E, 0x00, 0x0F, 0xE3, 0x31, 0x88, 0xC0, 0x7C, 0x30, 0x18,
  0x8C, 0xCF, 0xE0, 0x04, 0x0E, 0x00, 0x0F, 0xE3, 0x31, 0x88, 0xC0, 0x7C, 0x30, 0x18, 0x8C, 0xCF,
  0xE0, 0x00, 0x0E, 0x00, 0x0F, 0xE3, 0x31, 0x88, 0xC0, 0x7C, 0x30, 0x18, 0x8C, 0xCF, 0xE0, 0x00,
  0x1A, 0x00, 0x0F, 0xE3, 0x31, 0x88, 0xC0, 0x7C, 0x30, 0x18, 0x8C, 0xCF, 0xE0, 0x03, 0x80, 0xF3,
  0x18, 0xC6, 0x31, 0x8C, 0xF0, 0x13, 0x80, 0xF3, 0x18, 0xC6, 0x31, 0x8C, 0xF0, 0x03, 0x80, 0xF3,
  0x18, 0xC6, 0x31, 0x8C, 0xF0, 0x02, 0xC0, 0xF3, 0x18, 0xC6, 0x31, 0x8C, 0xF0, 0x7F, 0x0C, 0x43,
  0x18, 0xC6, 0x7D, 0x8C, 0x63, 0x18, 0xC6, 0x7F, 0x00, 0x00, 0x01, 0xE0, 0x00, 0x38, 0xF3, 0x8C,
  0x79, 0x8F, 0x31, 0xB6, 0x36, 0xC6, 0x78, 0xC7, 0x3C, 0xE0, 0x00, 0x0E, 0x00, 0x07, 0xC6, 0x33,
  0x09, 0x84, 0xC2, 0x61, 0x30, 0x98, 0xC7, 0xC0, 0x00, 0x06, 0x00, 0x07, 0xC6, 0x33, 0x09, 0x84,
  0xC2, 0x61, 0x30, 0x98, 0xC7, 0xC0, 0x00, 0x0E, 0x00, 0x07, 0xC6, 0x33, 0x09, 0x84, 0xC2, 0x61,
  0x30, 0x98, 0xC7, 0xC0, 0x00, 0x0E, 0x00, 0x07, 0xC6, 0x33, 0x09, 0x84, 0xC2, 0x61, 0x30, 0x98,
  0xC7, 0xC0, 0x00, 0x0B, 0x00, 0x07, 0xC6, 0x33, 0x09, 0x84, 0xC2, 0x61, 0x30, 0x98, 0xC7, 0xC0,
  0x08, 0x00, 0x00, 0x0F, 0xE0, 0x00, 0x40, 0x00, 0x00, 0x00, 0x00, 0x00, 0x80, 0x8F, 0xCC, 0x66,
  0x73, 0x29, 0xA4, 0xF2, 0x71, 0x39, 0x9F, 0x88, 0x00, 0x00, 0x08, 0x03, 0x80, 0x01, 0xCF, 0x21,
  0x88, 0x62, 0x18, 0x86, 0x21, 0x88, 0x63, 0x18, 0x7C, 0x02, 0x03, 0x80, 0x01, 0xCF, 0x21, 0x88,
  0x62, 0x18, 0x86, 0x21, 0x88, 0x63, 0x18, 0x7C, 0x00, 0x03, 0x80, 0x01, 0xCF, 0x21, 0x88, 0x62,
  0x18, 0x86, 0x21, 0x88, 0x63, 0x18, 0x7C, 0x00, 0x06, 0x80, 0x01, 0xCF, 0x21, 0x88, 0x62, 0x18,
  0x86, 0x21, 0x88, 0x63, 0x18, 0x7C, 0x04, 0x0E, 0x00, 0x1C, 0xE6, 0x21, 0x30, 0xD0, 0x38, 0x18,
  0x0C, 0x06, 0x07, 0x80, 0x70, 0x18, 0x0F, 0x86, 0x63, 0x11, 0x88, 0xFC, 0x60, 0x70, 0x00, 0x00,
  0x1A, 0x00, 0x1C, 0xE6, 0x21, 0x30, 0xD0, 0x38, 0x18, 0x0C, 0x06, 0x07, 0x80,
};

static const GFXglyph PROGMEM Graduate14Glyphs[] = {
  {    0,  1,  1,  5,   0,   0}, //  
  {    1,  4, 10,  4,   0, -10}, // !
  {    6,  6, 11,  6,   0, -11}, // "
  {   15, 11, 10,  9,  -1, -10}, // #
  {   29,  9, 14,  9,   0, -12}, // $
  {   45, 13, 12, 13,   0, -11}, // %
  {   65, 10, 10,  9,   0, -10}, // &
  {   78,  3, 11,  3,   0, -11}, // apostrophe
  {   83,  5, 15,  5,   0, -13}, // (
  {   93,  5, 15,  5,   0, -13}, // )
  {  103,  7, 11,  7,   0, -11}, // *
  {  113,  9,  8,  9,   0,  -8}, // +
  {  122,  3,  3,  3,   0,  -1}, // ,
  {  124,  7,  7,  7,   0,  -7}, // -
  {  131,  3,  2,  3,   0,  -2}, // .
  {  132,  6, 13,  5,   0, -12}, // /
  {  142,  9, 10,  9,   0, -10}, // 0
  {  154,  9, 10,  9,   0, -10}, // 1
  {  166,  9, 10,  9,   0, -10}, // 2
  {  178,  9, 10,  9,   0, -10}, // 3
  {  190,  9, 10,  9,   0, -10}, // 4
  {  202,  9, 10,  9,   0, -10}, // 5
  {  214,  9, 10,  9,   0, -10}, // 6
  {  226,  9, 10,  9,   0, -10}, // 7
  {  238,  9, 10,  9,   0, -10}, // 8
  {  250,  9, 10,  9,   0, -10}, // 9
  {  262,  3,  8,  3,   0,  -8}, // :
  {  265,  3, 10,  3,   0,  -8}, // ;
  {  269,  9,  9,  9,   0,  -9}, // <
  {  280,  9,  8,  9,   0,  -8}, // =
  {  289,  9,  9,  9,   0,  -9}, // >
  {  300,  7, 10,  7,   0, -10}, // ?
  {  309, 13, 13, 13,   0, -10}, // @
  {  331,  9, 10,  9,   0, -10}, // A
  {  343, 10, 10, 10,   0, -10}, // B
  {  356,  8, 10,  8,   0, -10}, // C
  {  366, 10, 10, 10,   0, -10}, // D
  {  379,  9, 10,  9,   0, -10}, // E
  {  391,  8, 10,  8,   0, -10}, // F
  {  401,  9, 10,  9,   0, -10}, // G
  {  413, 11, 10, 11,   0, -10}, // H
  {  427,  5, 10,  5,   0, -10}, // I
  {  434,  8, 10,  8,   0, -10}, // J
  {  444, 10, 10,  9,   0, -10}, // K
  {  457,  8, 10,  8,   0, -10}, // L
  {  467, 13, 10, 13,   0, -10}, // M
  {  484, 11, 10, 11,   0, -10}, // N
  {  498,  9, 10,  9,   0, -10}, // O
  {  510,  9, 10,  9,   0, -10}, // P
  {  522,  9, 12,  9,   0, -10}, // Q
  {  536, 10, 10, 10,   0, -10}, // R
  {  549,  8, 10,  8,   0, -10}, // S
  {  559,  8, 10,  8,   0, -10}, // T
  {  569, 10, 10, 10,   0, -10}, // U
  {  582, 10, 10, 10,   0, -10}, // V
  {  595, 15, 10, 14,   0, -10}, // W
  {  614,  9, 10,  9,   0, -10}, // X
  {  626,  9, 10,  9,   0, -10}, // Y
  {  638,  8, 10,  8,   0, -10}, // Z
  {  648,  5, 13,  5,   0, -12}, // [
  {  657,  6, 13,  5,   0, -12}, // backslash
  {  667,  5, 13,  5,   0, -12}, // ]
  {  676,  9, 11,  9,   0, -11}, // ^
  {  689,  9,  3,  9,   0,  -1}, // _
  {  693,  6, 12,  6,   0, -12}, // `
  {  702,  9,  9,  9,   0,  -9}, // a
  {  713, 10,  9, 10,   0,  -9}, // b
  {  725,  8,  9,  8,   0,  -9}, // c
  {  734, 10,  9, 10,   0,  -9}, // d
  {  746,  9,  9,  9,   0,  -9}, // e
  {  757,  8,  9,  8,   0,  -9}, // f
  {  766,  9,  9,  9,   0,  -9}, // g
  {  777, 11,  9, 11,   0,  -9}, // h
  {  790,  5,  9,  5,   0,  -9}, // i
  {  796,  8,  9,  8,   0,  -9}, // j
  {  805, 10,  9,  9,   0,  -9}, // k
  {  817,  8,  9,  8,   0,  -9}, // l
  {  826, 13,  9, 13,   0,  -9}, // m
  {  841, 11,  9, 11,   0,  -9}, // n
  {  854,  9,  9,  9,   0,  -9}, // o
  {  865,  9,  9,  9,   0,  -9}, // p
  {  876,  9, 10,  9,   0,  -9}, // q
  {  888, 10,  9, 10,   0,  -9}, // r
  {  900,  8,  9,  8,   0,  -9}, // s
  {  909,  8,  9,  8,   0,  -9}, // t
  {  918, 10,  9, 10,   0,  -9}, // u
  {  930, 10,  9, 10,   0,  -9}, // v
  {  942, 15,  9, 14,   0,  -9}, // w
  {  959,  9,  9,  9,   0,  -9}, // x
  {  970,  9,  9,  9,   0,  -9}, // y
  {  981,  8,  9,  8,   0,  -9}, // z
  {  990,  5, 15,  5,   0, -13}, // {
  { 1000,  4, 13,  4,   0, -12}, // |
  { 1007,  5, 15,  5,   0, -13}, // }
  { 1017,  9,  7,  9,   0,  -7}, // ~
  { 1025,  9, 11,  9,   0, -10}, // 
  { 1038,  9, 11,  9,   0, -10}, // 
  { 1051,  9, 11,  9,   0, -10}, // 
  { 1064,  9, 11,  9,   0, -10}, // 
  { 1077,  9, 11,  9,   0, -10}, // 
  { 1090,  9, 11,  9,   0, -10}, // 
  { 1103,  9, 11,  9,   0, -10}, // 
  { 1116,  9, 11,  9,   0, -10}, // 
  { 1129,  9, 11,  9,   0, -10}, // 
  { 1142,  9, 11,  9,   0, -10}, // 
  { 1155,  9, 11,  9,   0, -10}, // 
  { 1168,  9, 11,  9,   0, -10}, // 
  { 1181,  9, 11,  9,   0, -10}, // 
  { 1194,  9, 11,  9,   0, -10}, // 
  { 1207,  9, 11,  9,   0, -10}, // 
  { 1220,  9, 11,  9,   0, -10}, // 
  { 1233,  9, 11,  9,   0, -10}, // 
  { 1246,  9, 11,  9,   0, -10}, // 
  { 1259,  9, 11,  9,   0, -10}, // 
  { 1272,  9, 11,  9,   0, -10}, // 
  { 1285,  9, 11,  9,   0, -10}, // 
  { 1298,  9, 11,  9,   0, -10}, // 
  { 1311,  9, 11,  9,   0, -10}, // 
  { 1324,  9, 11,  9,   0, -10}, // 
  { 1337,  9, 11,  9,   0, -10}, // 
  { 1350,  9, 11,  9,   0, -10}, // 
  { 1363,  9, 11,  9,   0, -10}, // 
  { 1376,  9, 11,  9,   0, -10}, // 
  { 1389,  9, 11,  9,   0, -10}, // 
  { 1402,  9, 11,  9,   0, -10}, // 
  { 1415,  9, 11,  9,   0, -10}, // 
  { 1428,  9, 11,  9,   0, -10}, // 
  { 1441,  9, 11,  9,   0, -10}, // 
  { 1454,  1,  1,  5,   0,   0}, //  
  { 1455,  4, 10,  4,   0,  -9}, // ¡
  { 1460,  9, 10,  9,   0, -10}, // ¢
  { 1472,  9, 10,  9,   0, -10}, // £
  { 1484,  9, 11,  9,   0, -11}, // ¤
  { 1497,  9, 10,  9,   0, -10}, // ¥
  { 1509,  4, 12,  4,   0, -11}, // ¦
  { 1515,  8, 13,  8,   0, -10}, // §
  { 1528,  6, 12,  6,   0, -12}, // ¨
  { 1537, 10, 11, 10,   0, -11}, // ©
  { 1551,  6, 11,  6,   0, -11}, // ª
  { 1560,  7,  9,  7,   0,  -9}, // «
  { 1568,  9,  7,  9,   0,  -7}, // ¬
  { 1576,  9, 11,  9,   0, -10}, // ­
  { 1589, 10, 13, 10,   0, -13}, // ®
  { 1606,  5, 12,  5,   0, -12}, // ¯
  { 1614,  6, 12,  6,   0, -12}, // °
  { 1623,  9,  8,  9,   0,  -8}, // ±
  { 1632,  5, 11,  5,   0, -11}, // ²
  { 1639,  5, 11,  5,   0, -11}, // ³
  { 1646,  6, 12,  6,   0, -12}, // ´
  { 1655, 10, 12, 10,   0,  -9}, // µ
  { 1670,  9, 12,  9,   0, -10}, // ¶
  { 1684,  3,  7,  3,   0,  -7}, // ·
  { 1687,  3,  3,  3,   0,  -1}, // ¸
  { 1689,  5, 11,  5,   0, -11}, // ¹
  { 1696,  5, 11,  5,   0, -11}, // º
  { 1703,  7,  9,  7,   0,  -9}, // »
  { 1711, 13, 12, 13,   0, -11}, // ¼
  { 1731, 13, 13, 13,   0, -12}, // ½
  { 1753, 13, 12, 13,   0, -11}, // ¾
  { 1773,  7, 11,  7,   0,  -9}, // ¿
  { 1783,  9, 14,  9,   0, -14}, // À
  { 1799,  9, 14,  9,   0, -14}, // Á
  { 1815,  9, 14,  9,   0, -14}, // Â
  { 1831,  9, 14,  9,   0, -14}, // Ã
  { 1847,  9, 14,  9,   0, -14}, // Ä
  { 1863,  9, 15,  9,   0, -15}, // Å
  { 1880, 13, 10, 13,   0, -10}, // Æ
  { 1897,  8, 12,  8,   0, -10}, // Ç
  { 1909,  9, 14,  9,   0, -14}, // È
  { 1925,  9, 14,  9,   0, -14}, // É
  { 1941,  9, 14,  9,   0, -14}, // Ê
  { 1957,  9, 14,  9,   0, -14}, // Ë
  { 1973,  5, 14,  5,   0, -14}, // Ì
  { 1982,  5, 14,  5,   0, -14}, // Í
  { 1991,  5, 14,  5,   0, -14}, // Î
  { 2000,  5, 14,  5,   0, -14}, // Ï
  { 2009, 10, 10, 10,   0, -10}, // Ð
  { 2022, 11, 14, 11,   0, -14}, // Ñ
  { 2042,  9, 14,  9,   0, -14}, // Ò
  { 2058,  9, 14,  9,   0, -14}, // Ó
  { 2074,  9, 14,  9,   0, -14}, // Ô
  { 2090,  9, 14,  9,   0, -14}, // Õ
  { 2106,  9, 14,  9,   0, -14}, // Ö
  { 2122,  9,  9,  9,   0,  -9}, // ×
  { 2133,  9, 14,  9,   0, -12}, // Ø
  { 2149, 10, 14, 10,   0, -14}, // Ù
  { 2167, 10, 14, 10,   0, -14}, // Ú
  { 2185, 10, 14, 10,   0, -14}, // Û
  { 2203, 10, 14, 10,   0, -14}, // Ü
  { 2221,  9, 14,  9,   0, -14}, // Ý
  { 2237,  9, 10,  9,   0, -10}, // Þ
  { 2249, 10, 10, 10,   0, -10}, // ß
  { 2262,  9, 12,  9,   0, -12}, // à
  { 2276,  9, 12,  9,   0, -12}, // á
  { 2290,  9, 12,  9,   0, -12}, // â
  { 2304,  9, 12,  9,   0, -12}, // ã
  { 2318,  9, 12,  9,   0, -12}, // ä
  { 2332,  9, 13,  9,   0, -13}, // å
  { 2347, 13,  9, 13,   0,  -9}, // æ
  { 2362,  8, 11,  8,   0,  -9}, // ç
  { 2373,  9, 12,  9,   0, -12}, // è
  { 2387,  9, 12,  9,   0, -12}, // é
  { 2401,  9, 12,  9,   0, -12}, // ê
  { 2415,  9, 12,  9,   0, -12}, // ë
  { 2429,  5, 12,  5,   0, -12}, // ì
  { 2437,  5, 12,  5,   0, -12}, // í
  { 2445,  5, 12,  5,   0, -12}, // î
  { 2453,  5, 12,  5,   0, -12}, // ï
  { 2461, 10,  9, 10,   0,  -9}, // ð
  { 2473, 11, 12, 11,   0, -12}, // ñ
  { 2490,  9, 12,  9,   0, -12}, // ò
  { 2504,  9, 12,  9,   0, -12}, // ó
  { 2518,  9, 12,  9,   0, -12}, // ô
  { 2532,  9, 12,  9,   0, -12}, // õ
  { 2546,  9, 12,  9,   0, -12}, // ö
  { 2560,  9,  9,  9,   0,  -9}, // ÷
  { 2571,  9, 13,  9,   0, -11}, // ø
  { 2586, 10, 12, 10,   0, -12}, // ù
  { 2601, 10, 12, 10,   0, -12}, // ú
  { 2616, 10, 12, 10,   0, -12}, // û
  { 2631, 10, 12, 10,   0, -12}, // ü
  { 2646,  9, 12,  9,   0, -12}, // ý
  { 2660,  9,  9,  9,   0,  -9}, // þ
  { 2671,  9, 12,  9,   0, -12}, // ÿ
};

static const GFXfont PROGMEM Graduate14 = {
  (uint8_t *)Graduate14Bitmaps,
  (GFXglyph *)Graduate14Glyphs,
  0x20, 0xFF, 17
};

static const uint8_t PROGMEM Graduate18Bitmaps[] = {
  0x00, 0x63, 0x18, 0xC6, 0x31, 0x84, 0x21, 0x00, 0x06, 0x30, 0x6C, 0xD9, 0xB3, 0x62, 0xC0, 0x00,
  0x00, 0x00, 0x00, 0x00, 0x00, 0x00, 0x00, 0x00, 0x06, 0x30, 0x31, 0x81, 0x08, 0x3F, 0xF3, 0xFF,
  0x86, 0x30, 0x21, 0x03, 0x18, 0x18, 0xC3, 0xFF, 0x1F, 0xF8, 0x63, 0x03, 0x18, 0x10, 0x80, 0x00,
  0x00, 0x60, 0x1F, 0x83, 0xFC, 0x36, 0x03, 0x60, 0x36, 0x03, 0x60, 0x3F, 0x80, 0xFC, 0x06, 0xC0,
  0x6C, 0x06, 0xC2, 0x6C, 0x3F, 0xC3, 0xF8, 0x06, 0x00, 0x60, 0x00, 0x10, 0x1E, 0x18, 0x19, 0x88,
  0x0C, 0xCC, 0x06, 0x66, 0x03, 0x32, 0x01, 0x9B, 0x00, 0xCD, 0x3C, 0x3D, 0xB3, 0x00, 0xD9, 0x80,
  0x4C, 0xC0, 0x66, 0x60, 0x33, 0x30, 0x11, 0x98, 0x18, 0x78, 0x08, 0x00, 0x0F, 0x81, 0xFC, 0x18,
  0xC1, 0x0C, 0x18, 0x01, 0x80, 0x3C, 0x67, 0xC6, 0x66, 0xC6, 0x38, 0x63, 0x86, 0x38, 0x7F, 0xF3,
  0xEF, 0x66, 0x66, 0x20, 0x00, 0x00, 0x00, 0x00, 0x00, 0x1C, 0x73, 0x0C, 0x71, 0x86, 0x18, 0x61,
  0x86, 0x18, 0x61, 0x83, 0x0C, 0x1C, 0x70, 0x63, 0xC3, 0x0C, 0x18, 0x61, 0x86, 0x18, 0x61, 0x86,
  0x18, 0x61, 0x8C, 0x73, 0x80, 0x18, 0x18, 0x7F, 0x7E, 0x1C, 0x36, 0x24, 0x00, 0x00, 0x00, 0x00,
  0x00, 0x00, 0x00, 0x00, 0x06, 0x00, 0x60, 0x06, 0x03, 0xF8, 0x3F, 0xC0, 0x60, 0x06, 0x00, 0x60,
  0x00, 0x00, 0x00, 0x00, 0x00, 0x66, 0x64, 0x40, 0x3E, 0x1F, 0x00, 0x00, 0x00, 0x00, 0x00, 0x00,
  0x00, 0x06, 0x60, 0x06, 0x0C, 0x10, 0x60, 0xC1, 0x06, 0x0C, 0x10, 0x60, 0xC1, 0x06, 0x0C, 0x10,
  0x60, 0xC0, 0x1F, 0x83, 0xFC, 0x60, 0xC6, 0x04, 0x60, 0x46, 0x04, 0x66, 0x46, 0x64, 0x60, 0x46,
  0x04, 0x60, 0x46, 0x0C, 0x3F, 0xC1, 0xF8, 0x0E, 0x01, 0xE0, 0x3E, 0x00, 0x60, 0x06, 0x00, 0x60,
  0x06, 0x00, 0x60, 0x06, 0x00, 0x60, 0x06, 0x00, 0x60, 0x1F, 0xC1, 0xFC, 0x1F, 0x03, 0xF8, 0x20,
  0xC6, 0x0C, 0x20, 0xC0, 0x1C, 0x01, 0x80, 0x30, 0x06, 0x00, 0xC0, 0x18, 0xC3, 0x8C, 0x3F, 0xC7,
  0xFC, 0x1F, 0x03, 0xF8, 0x30, 0xC6, 0x0C, 0x20, 0xC0, 0x0C, 0x0F, 0x80, 0xF8, 0x00, 0xC0, 0x0C,
  0x60, 0xC6, 0x0C, 0x3F, 0xC1, 0xF8, 0x03, 0x80, 0x78, 0x0D, 0x80, 0xD8, 0x19, 0x81, 0x98, 0x31,
  0x87, 0x18, 0x61, 0x87, 0xFC, 0x7F, 0xC0, 0x18, 0x03, 0xC0, 0x7C, 0x3F, 0xC3, 0xFC, 0x30, 0xC3,
  0x0C, 0x30, 0x03, 0xF0, 0x3F, 0x80, 0x0C, 0x00, 0xC2, 0x0C, 0x20, 0xC3, 0x0C, 0x3F, 0xC1, 0xF8,
  0x1F, 0x03, 0xF8, 0x30, 0xC2, 0x0C, 0x20, 0x02, 0x00, 0x3F, 0x83, 0xFC, 0x20, 0xC2, 0x0C, 0x20,
  0xC3, 0x0C, 0x3F, 0xC1, 0xF8, 0x7F, 0xC7, 0xFC, 0x60, 0xC2, 0x18, 0x01, 0x80, 0x18, 0x03, 0x00,
  0x30, 0x03, 0x00, 0x60, 0x06, 0x00, 0xC0, 0x1E, 0x01, 0xF0, 0x1F, 0x83, 0xFC, 0x30, 0xC3, 0x0C,
  0x30, 0xC3, 0x0C, 0x3F, 0x83, 0xFC, 0x70, 0xC6, 0x0C, 0x60, 0xC3, 0x0C, 0x3F, 0xC1, 0xF8, 0x1F,
  0x83, 0xFC, 0x30, 0xC3, 0x0C, 0x30, 0xC3, 0x0C, 0x3F, 0xC1, 0xFC, 0x00, 0xC2, 0x0C, 0x20, 0xC3,
  0x0C, 0x3F, 0xC1, 0xF8, 0x06, 0x60, 0x00, 0x00, 0x66, 0x66, 0x00, 0x00, 0x06, 0x66, 0x44, 0x00,
  0x00, 0x0C, 0x03, 0x80, 0xF0, 0x38, 0x03, 0x00, 0x1C, 0x00, 0x78, 0x01, 0xC0, 0x00, 0x00, 0x00,
  0x00, 0x3F, 0xC3, 0xF8, 0x00, 0x00, 0x00, 0x3F, 0x83, 0xFC, 0x00, 0x00, 0x00, 0x00, 0x00, 0x00,
  0x00, 0x03, 0x00, 0x3C, 0x00, 0xF0, 0x03, 0xC0, 0x1C, 0x07, 0x81, 0xE0, 0x38, 0x00, 0x00, 0x00,
  0x00, 0x00, 0x3E, 0x3F, 0x98, 0xCC, 0x60, 0x30, 0x18, 0x1C, 0x0C, 0x0C, 0x04, 0x00, 0x00, 0x01,
  0x80, 0xC0, 0x1F, 0xFC, 0x1F, 0xFF, 0x0C, 0x01, 0x84, 0x38, 0x42, 0x1E, 0x21, 0x0F, 0x10, 0x8D,
  0x88, 0x46, 0x44, 0x23, 0x36, 0x11, 0xFF, 0x09, 0xFF, 0x04, 0xC3, 0x02, 0x61, 0x81, 0x80, 0x00,
  0xFF, 0xF0, 0x3F, 0xF8, 0x1F, 0x00, 0xF0, 0x0F, 0x00, 0xF0, 0x19, 0x01, 0x98, 0x19, 0x83, 0x18,
  0x3F, 0xC3, 0xFC, 0x30, 0xC6, 0x06, 0xF0, 0xEF, 0x0F, 0x7F, 0x83, 0xFC, 0x10, 0x61, 0x06, 0x10,
  0x61, 0x0E, 0x1F, 0xC1, 0xFC, 0x10, 0x61, 0x06, 0x10, 0x61, 0x06, 0x3F, 0xC7, 0xFC, 0x1F, 0x07,
  0xF1, 0x83, 0x30, 0x66, 0x00, 0xC0, 0x18, 0x03, 0x00, 0x60, 0x0C, 0x01, 0x83, 0x30, 0x63, 0xF8,
  0x3E, 0x00, 0x7F, 0xC3, 0xFC, 0x10, 0x61, 0x06, 0x10, 0x61, 0x06, 0x10, 0x61, 0x06, 0x10, 0x61,
  0x06, 0x10, 0x61, 0x06, 0x3F, 0xE7, 0xFC, 0x7F, 0xC7, 0xF8, 0x43, 0x08, 0x21, 0x00, 0x30, 0x07,
  0xE0, 0xC0, 0x10, 0x02, 0x00, 0x41, 0x08, 0x63, 0xFC, 0xFF, 0x80, 0x7F, 0xC7, 0xF8, 0x43, 0x08,
  0x21, 0x00, 0x20, 0x07, 0xC0, 0xFC, 0x10, 0x02, 0x00, 0x40, 0x08, 0x03, 0xC0, 0xF8, 0x00, 0x1F,
  0x87, 0xF9, 0x83, 0x30, 0x66, 0x04, 0xC0, 0x18, 0x03, 0x1E, 0x63, 0xCC, 0x19, 0x83, 0x30, 0x63,
  0xFC, 0x3F, 0x00, 0x7C, 0x78, 0xE1, 0xE1, 0x03, 0x04, 0x0C, 0x10, 0x30, 0x40, 0xC1, 0xFF, 0x07,
  0xFC, 0x10, 0x30, 0x40, 0xC1, 0x03, 0x04, 0x0C, 0x38, 0x79, 0xF1, 0xE0, 0x7C, 0xF8, 0x40, 0x81,
  0x02, 0x04, 0x08, 0x10, 0x20, 0x40, 0x87, 0xCF, 0x80, 0x07, 0x81, 0xC0, 0x30, 0x0C, 0x03, 0x00,
  0xC0, 0x30, 0x0C, 0x03, 0x30, 0xCC, 0x33, 0x0C, 0x7E, 0x0F, 0x00, 0x7C, 0xF3, 0x8E, 0x10, 0xC1,
  0x1C, 0x11, 0x81, 0x30, 0x1F, 0x01, 0xF0, 0x13, 0x01, 0x18, 0x10, 0xC1, 0x0C, 0x38, 0xF7, 0xCF,
  0x7C, 0x0E, 0x01, 0x00, 0x40, 0x10, 0x04, 0x01, 0x00, 0x40, 0x10, 0x04, 0x01, 0x0C, 0x43, 0x3F,
  0xDF, 0xF0, 0x78, 0x0F, 0x1E, 0x0F, 0x07, 0x07, 0x03, 0x83, 0x81, 0xE3, 0xC0, 0xB1, 0xA0, 0x48,
  0x90, 0x26, 0xC8, 0x13, 0x64, 0x08, 0xE2, 0x04, 0x71, 0x02, 0x38, 0x83, 0x88, 0xE3, 0xE0, 0xF8,
  0x7C, 0x78, 0x78, 0xF0, 0x70, 0xC0, 0xF1, 0x81, 0x63, 0x02, 0x66, 0x04, 0xCC, 0x08, 0xD8, 0x11,
  0xB0, 0x23, 0xE0, 0x43, 0xC0, 0x87, 0x83, 0x87, 0x0F, 0x8E, 0x00, 0x1F, 0x83, 0xFC, 0x60, 0xC6,
  0x0C, 0x60, 0xC6, 0x0C, 0x60, 0xC6, 0x0C, 0x60, 0xC6, 0x0C, 0x60, 0xC6, 0x0C, 0x3F, 0xC1, 0xF8,
  0x7F, 0x87, 0xF8, 0x41, 0x88, 0x31, 0x06, 0x20, 0xC4, 0x38, 0xFE, 0x1F, 0x82, 0x00, 0x40, 0x08,
  0x03, 0xC0, 0xF8, 0x00, 0x1F, 0x83, 0xFC, 0x60, 0xC6, 0x0C, 0x60, 0xC6, 0x0C, 0x60, 0xC6, 0x0C,
  0x60, 0xC6, 0x0C, 0x66, 0xC6, 0x6C, 0x3F, 0xC1, 0xF8, 0x06, 0x00, 0x60, 0x7F, 0x81, 0xFE, 0x04,
  0x18, 0x20, 0xC1, 0x06, 0x08, 0x30, 0x7F, 0x03, 0xF0, 0x11, 0x80, 0x8C, 0x04, 0x30, 0x21, 0x83,
  0x8E, 0x3E, 0x78, 0x1F, 0x07, 0xF1, 0x86, 0x30, 0x46, 0x00, 0xE0, 0x0F, 0xC0, 0xFC, 0x00, 0xC0,
  0x19, 0x83, 0x30, 0x63, 0xF8, 0x3E, 0x00, 0xFF, 0xDF, 0xFB, 0x31, 0x66, 0x20, 0xC0, 0x18, 0x03,
  0x00, 0x60, 0x0C, 0x01, 0x80, 0x30, 0x06, 0x01, 0xF0, 0x7E, 0x00, 0x78, 0xF3, 0xC7, 0x8C, 0x18,
  0x60, 0xC3, 0x06, 0x18, 0x30, 0xC1, 0x86, 0x0C, 0x30, 0x61, 0x83, 0x0C, 0x18, 0x60, 0xC1, 0xFE,
  0x07, 0xE0, 0xF0, 0xF7, 0x0F, 0x60, 0x63, 0x06, 0x30, 0xC3, 0x0C, 0x18, 0xC1, 0x88, 0x19, 0x80,
  0x98, 0x0D, 0x80, 0xF0, 0x0F, 0x00, 0x70, 0xF1, 0xE3, 0xCE, 0x3C, 0x79, 0x83, 0x86, 0x10, 0xF0,
  0xC3, 0x1E, 0x18, 0x63, 0x46, 0x0C, 0x6C, 0xC0, 0x99, 0x98, 0x1B, 0x33, 0x03, 0x63, 0xC0, 0x6C,
  0x78, 0x07, 0x0F, 0x00, 0xE1, 0xE0, 0x1C, 0x18, 0x00, 0x79, 0xE7, 0x1E, 0x30, 0xC1, 0x98, 0x1B,
  0x00, 0xF0, 0x06, 0x00, 0xE0, 0x0F, 0x01, 0xB8, 0x39, 0x83, 0x0C, 0x71, 0xEF, 0x1E, 0xF1, 0xEE,
  0x38, 0x82, 0x18, 0xC3, 0x18, 0x36, 0x06, 0xC0, 0x70, 0x0E, 0x01, 0x80, 0x10, 0x02, 0x01, 0xF0,
  0x3E, 0x00, 0x7F, 0xCF, 0xF9, 0x86, 0x31, 0xC0, 0x30, 0x0C, 0x01, 0x80, 0x60, 0x18, 0x03, 0x00,
  0xC3, 0x38, 0x67, 0xFC, 0xFF, 0x80, 0x3C, 0xF3, 0x0C, 0x30, 0xC3, 0x0C, 0x30, 0xC3, 0x0C, 0x30,
  0xC3, 0x0C, 0x30, 0xF0, 0xC1, 0x81, 0x03, 0x06, 0x04, 0x0C, 0x18, 0x10, 0x30, 0x60, 0x40, 0xC1,
  0x81, 0x03, 0x06, 0x71, 0xC3, 0x0C, 0x30, 0xC3, 0x0C, 0x30, 0xC3, 0x0C, 0x30, 0xC3, 0x0C, 0x33,
  0xC0, 0x04, 0x00, 0xE0, 0x0F, 0x01, 0x90, 0x11, 0x80, 0x00, 0x00, 0x00, 0x00, 0x00, 0x00, 0x00,
  0x00, 0x00, 0x00, 0x00, 0x00, 0x00, 0x7F, 0xCF, 0xF8, 0x00, 0x18, 0x1C, 0x00, 0x00, 0x00, 0x00,
  0x00, 0x00, 0x00, 0x00, 0x00, 0x00, 0x00, 0x00, 0x00, 0x1F, 0x00, 0xF0, 0x0F, 0x01, 0xB0, 0x19,
  0x81, 0x98, 0x31, 0x83, 0xFC, 0x3F, 0xC6, 0x0C, 0xF0, 0xEF, 0x0F, 0x7F, 0x83, 0xFC, 0x10, 0x61,
  0x06, 0x10, 0xE1, 0xFC, 0x1F, 0xC1, 0x06, 0x10, 0x61, 0x06, 0x3F, 0xC7, 0xFC, 0x1F, 0x07, 0xF1,
  0x83, 0x30, 0x66, 0x00, 0xC0, 0x18, 0x03, 0x00, 0x60, 0xCC, 0x18, 0xFE, 0x0F, 0x80, 0x7F, 0xC3,
  0xFE, 0x10, 0x61, 0x06, 0x10, 0x61, 0x06, 0x10, 0x61, 0x06, 0x10, 0x61, 0x06, 0x3F, 0xE7, 0xFC,
  0x7F, 0xC7, 0xF8, 0x43, 0x08, 0x21, 0x80, 0x3F, 0x06, 0x00, 0x80, 0x10, 0x42, 0x18, 0xFF, 0x3F,
  0xE0, 0x7F, 0xC7, 0xF8, 0x43, 0x08, 0x21, 0x00, 0x3E, 0x07, 0xE0, 0x80, 0x10, 0x02, 0x00, 0xF0,
  0x3E, 0x00, 0x1F, 0x87, 0xF9, 0x83, 0x30, 0x66, 0x04, 0xC0, 0x18, 0xF3, 0x1E, 0x60, 0xCC, 0x18,
  0xFF, 0x0F, 0xC0, 0x7C, 0x78, 0xE1, 0xE1, 0x03, 0x04, 0x0C, 0x10, 0x30, 0x7F, 0xC1, 0xFF, 0x04,
  0x0C, 0x10, 0x30, 0x40, 0xC3, 0x87, 0x9F, 0x1E, 0x7C, 0xF8, 0x40, 0x81, 0x02, 0x04, 0x08, 0x10,
  0x21, 0xF3, 0xE0, 0x07, 0x81, 0xC0, 0x30, 0x0C, 0x03, 0x00, 0xC0, 0x33, 0x0C, 0xC3, 0x30, 0xC7,
  0xE0, 0xF0, 0x7C, 0xF3, 0x8E, 0x10, 0xC1, 0x18, 0x13, 0x81, 0xF0, 0x1F, 0x01, 0x38, 0x11, 0x81,
  0x0C, 0x38, 0xF7, 0xCF, 0x7C, 0x0E, 0x01, 0x00, 0x40, 0x10, 0x04, 0x01, 0x00, 0x40, 0x10, 0xC4,
  0x33, 0xFD, 0xFF, 0x78, 0x0F, 0x1E, 0x0F, 0x07, 0x07, 0x03, 0xC7, 0x81, 0x63, 0x40, 0x91, 0x20,
  0x4D, 0x90, 0x26, 0xC8, 0x11, 0xC4, 0x08, 0xE2, 0x0E, 0x23, 0x8F, 0x83, 0xE0, 0x7C, 0x78, 0x78,
  0xF0, 0x78, 0xC0, 0xB1, 0x81, 0x33, 0x02, 0x66, 0x04, 0x6C, 0x08, 0xD8, 0x10, 0xF0, 0x21, 0xE0,
  0xE1, 0xC3, 0xE3, 0x80, 0x1F, 0x83, 0xFC, 0x60, 0xC6, 0x0C, 0x60, 0xC6, 0x0C, 0x60, 0xC6, 0x0C,
  0x60, 0xC6, 0x0C, 0x3F, 0xC1, 0xF8, 0x7F, 0x87, 0xF8, 0x41, 0x88, 0x31, 0x06, 0x20, 0xC7, 0xF0,
  0xFC, 0x10, 0x02, 0x00, 0xF0, 0x3E, 0x00, 0x1F, 0x83, 0xFC, 0x60, 0xC6, 0x0C, 0x60, 0xC6, 0x0C,
  0x60, 0xC6, 0x0C, 0x66, 0xC6, 0x6C, 0x3F, 0xC1, 0xF8, 0x06, 0x00, 0x60, 0x7F, 0x81, 0xFE, 0x04,
  0x18, 0x20, 0xC1, 0x06, 0x08, 0x70, 0x7F, 0x03, 0xF0, 0x11, 0x80, 0x86, 0x0E, 0x38, 0xF9, 0xC0,
  0x1F, 0x07, 0xF1, 0x86, 0x30, 0x46, 0x08, 0x7E, 0x07, 0xE0, 0x0E, 0x60, 0xCC, 0x18, 0xFE, 0x0F,
  0x80, 0xFF, 0xFF, 0xFC, 0xCD, 0x31, 0x0C, 0x03, 0x00, 0xC0, 0x30, 0x0C, 0x03, 0x01, 0xF0, 0xFC,
  0x78, 0xF3, 0xC7, 0x8C, 0x18, 0x60, 0xC3, 0x06, 0x18, 0x30, 0xC1, 0x86, 0x0C, 0x30, 0x61, 0x83,
  0x07, 0xF8, 0x1F, 0x80, 0xF0, 0xF7, 0x0F, 0x20, 0x63, 0x04, 0x30, 0xC1, 0x8C, 0x19, 0x81, 0x98,
  0x0D, 0x80, 0xF0, 0x0F, 0x00, 0x70, 0xF1, 0xE3, 0xCE, 0x3C, 0x79, 0x83, 0x86, 0x18, 0xF0, 0xC3,
  0x1A, 0x10, 0x63, 0x66, 0x04, 0xCC, 0xC0, 0xD9, 0x98, 0x1B, 0x1E, 0x03, 0xC3, 0xC0, 0x38, 0x78,
  0x07, 0x06, 0x00, 0x79, 0xE7, 0x1E, 0x31, 0xC1, 0x98, 0x0F, 0x00, 0xE0, 0x0E, 0x00, 0xF0, 0x19,
  0x83, 0x1C, 0x71, 0xEF, 0x1E, 0xF1, 0xEE, 0x38, 0xC6, 0x18, 0xC1, 0xB0, 0x36, 0x03, 0x80, 0x70,
  0x04, 0x00, 0x80, 0x7C, 0x0F, 0x80, 0x7F, 0xCF, 0xF9, 0x86, 0x31, 0x80, 0x70, 0x0C, 0x03, 0x00,
  0xC0, 0x38, 0xC6, 0x19, 0xFF, 0x3F, 0xE0, 0x0C, 0x73, 0x0C, 0x30, 0xC3, 0x0C, 0x71, 0x83, 0x0C,
  0x30, 0xC3, 0x0C, 0x3C, 0x70, 0x30, 0xC3, 0x0C, 0x30, 0xC3, 0x0C, 0x30, 0xC3, 0x0C, 0x30, 0xC3,
  0x0C, 0x30, 0x61, 0xC3, 0x06, 0x10, 0xC3, 0x0C, 0x18, 0x63, 0x8C, 0x30, 0x41, 0x06, 0x71, 0x80,
  0x00, 0x03, 0xCC, 0x3F, 0xC2, 0x38, 0x00, 0x00, 0x00, 0x00, 0x00, 0x00, 0x00, 0x00, 0x00, 0x03,
  0xFC, 0x30, 0xC3, 0x0C, 0x30, 0xC3, 0x0C, 0x30, 0xC3, 0x0C, 0x30, 0xC3, 0x0C, 0x30, 0xC3, 0x0C,
  0x30, 0xC3, 0xFC, 0x00, 0x00, 0x00, 0x03, 0xFC, 0x30, 0xC3, 0x0C, 0x30, 0xC3, 0x0C, 0x30, 0xC3,
  0x0C, 0x30, 0xC3, 0x0C, 0x30, 0xC3, 0x0C, 0x30, 0xC3, 0xFC, 0x00, 0x00, 0x00, 0x03, 0xFC, 0x30,
  0xC3, 0x0C, 0x30, 0xC3, 0x0C, 0x30, 0xC3, 0x0C, 0x30, 0xC3, 0x0C, 0x30, 0xC3, 0x0C, 0x30, 0xC3,
  0xFC, 0x00, 0x00, 0x00, 0x03, 0xFC, 0x30, 0xC3, 0x0C, 0x30, 0xC3, 0x0C, 0x30, 0xC3, 0x0C, 0x30,
  0xC3, 0x0C, 0x30, 0xC3, 0x0C, 0x30, 0xC3, 0xFC, 0x00, 0x00, 0x00, 0x03, 0xFC, 0x30, 0xC3, 0x0C,
  0x30, 0xC3, 0x0C, 0x30, 0xC3, 0x0C, 0x30, 0xC3, 0x0C, 0x30, 0xC3, 0x0C, 0x30, 0xC3, 0xFC, 0x00,
  0x00, 0x00, 0x03, 0xFC, 0x30, 0xC3, 0x0C, 0x30, 0xC3, 0x0C, 0x30, 0xC3, 0x0C, 0x30, 0xC3, 0x0C,
  0x30, 0xC3, 0x0C, 0x30, 0xC3, 0xFC, 0x00, 0x00, 0x00, 0x03, 0xFC, 0x30, 0xC3, 0x0C, 0x30, 0xC3,
  0x0C, 0x30, 0xC3, 0x0C, 0x30, 0xC3, 0x0C, 0x30, 0xC3, 0x0C, 0x30, 0xC3, 0xFC, 0x00, 0x00, 0x00,
  0x03, 0xFC, 0x30, 0xC3, 0x0C, 0x30, 0xC3, 0x0C, 0x30, 0xC3, 0x0C, 0x30, 0xC3, 0x0C, 0x30, 0xC3,
  0x0C, 0x30, 0xC3, 0xFC, 0x00, 0x00, 0x00, 0x03, 0xFC, 0x30, 0xC3, 0x0C, 0x30, 0xC3, 0x0C, 0x30,
  0xC3, 0x0C, 0x30, 0xC3, 0x0C, 0x30, 0xC3, 0x0C, 0x30, 0xC3, 0xFC, 0x00, 0x00, 0x00, 0x03, 0xFC,
  0x30, 0xC3, 0x0C, 0x30, 0xC3, 0x0C, 0x30, 0xC3, 0x0C, 0x30, 0xC3, 0x0C, 0x30, 0xC3, 0x0C, 0x30,
  0xC3, 0xFC, 0x00, 0x00, 0x00, 0x03, 0xFC, 0x30, 0xC3, 0x0C, 0x30, 0xC3, 0x0C, 0x30, 0xC3, 0x0C,
  0x30, 0xC3, 0x0C, 0x30, 0xC3, 0x0C, 0x30, 0xC3, 0xFC, 0x00, 0x00, 0x00, 0x03, 0xFC, 0x30, 0xC3,
  0x0C, 0x30, 0xC3, 0x0C, 0x30, 0xC3, 0x0C, 0x30, 0xC3, 0x0C, 0x30, 0xC3, 0x0C, 0x30, 0xC3, 0xFC,
  0x00, 0x00, 0x00, 0x03, 0xFC, 0x30, 0xC3, 0x0C, 0x30, 0xC3, 0x0C, 0x30, 0xC3, 0x0C, 0x30, 0xC3,
  0x0C, 0x30, 0xC3, 0x0C, 0x30, 0xC3, 0xFC, 0x00, 0x00, 0x00, 0x03, 0xFC, 0x30, 0xC3, 0x0C, 0x30,
  0xC3, 0x0C, 0x30, 0xC3, 0x0C, 0x30, 0xC3, 0x0C, 0x30, 0xC3, 0x0C, 0x30, 0xC3, 0xFC, 0x00, 0x00,
  0x00, 0x03, 0xFC, 0x30, 0xC3, 0x0C, 0x30, 0xC3, 0x0C, 0x30, 0xC3, 0x0C, 0x30, 0xC3, 0x0C, 0x30,
  0xC3, 0x0C, 0x30, 0xC3, 0xFC, 0x00, 0x00, 0x00, 0x03, 0xFC, 0x30, 0xC3, 0x0C, 0x30, 0xC3, 0x0C,
  0x30, 0xC3, 0x0C, 0x30, 0xC3, 0x0C, 0x30, 0xC3, 0x0C, 0x30, 0xC3, 0xFC, 0x00, 0x00, 0x00, 0x03,
  0xFC, 0x30, 0xC3, 0x0C, 0x30, 0xC3, 0x0C, 0x30, 0xC3, 0x0C, 0x30, 0xC3, 0x0C, 0x30, 0xC3, 0x0C,
  0x30, 0xC3, 0xFC, 0x00, 0x00, 0x00, 0x03, 0xFC, 0x30, 0xC3, 0x0C, 0x30, 0xC3, 0x0C, 0x30, 0xC3,
  0x0C, 0x30, 0xC3, 0x0C, 0x30, 0xC3, 0x0C, 0x30, 0xC3, 0xFC, 0x00, 0x00, 0x00, 0x03, 0xFC, 0x30,
  0xC3, 0x0C, 0x30, 0xC3, 0x0C, 0x30, 0xC3, 0x0C, 0x30, 0xC3, 0x0C, 0x30, 0xC3, 0x0C, 0x30, 0xC3,
  0xFC, 0x00, 0x00, 0x00, 0x03, 0xFC, 0x30, 0xC3, 0x0C, 0x30, 0xC3, 0x0C, 0x30, 0xC3, 0x0C, 0x30,
  0xC3, 0x0C, 0x30, 0xC3, 0x0C, 0x30, 0xC3, 0xFC, 0x00, 0x00, 0x00, 0x03, 0xFC, 0x30, 0xC3, 0x0C,
  0x30, 0xC3, 0x0C, 0x30, 0xC3, 0x0C, 0x30, 0xC3, 0x0C, 0x30, 0xC3, 0x0C, 0x30, 0xC3, 0xFC, 0x00,
  0x00, 0x00, 0x03, 0xFC, 0x30, 0xC3, 0x0C, 0x30, 0xC3, 0x0C, 0x30, 0xC3, 0x0C, 0x30, 0xC3, 0x0C,
  0x30, 0xC3, 0x0C, 0x30, 0xC3, 0xFC, 0x00, 0x00, 0x00, 0x03, 0xFC, 0x30, 0xC3, 0x0C, 0x30, 0xC3,
  0x0C, 0x30, 0xC3, 0x0C, 0x30, 0xC3, 0x0C, 0x30, 0xC3, 0x0C, 0x30, 0xC3, 0xFC, 0x00, 0x00, 0x00,
  0x03, 0xFC, 0x30, 0xC3, 0x0C, 0x30, 0xC3, 0x0C, 0x30, 0xC3, 0x0C, 0x30, 0xC3, 0x0C, 0x30, 0xC3,
  0x0C, 0x30, 0xC3, 0xFC, 0x00, 0x00, 0x00, 0x03, 0xFC, 0x30, 0xC3, 0x0C, 0x30, 0xC3, 0x0C, 0x30,
  0xC3, 0x0C, 0x30, 0xC3, 0x0C, 0x30, 0xC3, 0x0C, 0x30, 0xC3, 0xFC, 0x00, 0x00, 0x00, 0x03, 0xFC,
  0x30, 0xC3, 0x0C, 0x30, 0xC3, 0x0C, 0x30, 0xC3, 0x0C, 0x30, 0xC3, 0x0C, 0x30, 0xC3, 0x0C, 0x30,
  0xC3, 0xFC, 0x00, 0x00, 0x00, 0x03, 0xFC, 0x30, 0xC3, 0x0C, 0x30, 0xC3, 0x0C, 0x30, 0xC3, 0x0C,
  0x30, 0xC3, 0x0C, 0x30, 0xC3, 0x0C, 0x30, 0xC3, 0xFC, 0x00, 0x00, 0x00, 0x03, 0xFC, 0x30, 0xC3,
  0x0C, 0x30, 0xC3, 0x0C, 0x30, 0xC3, 0x0C, 0x30, 0xC3, 0x0C, 0x30, 0xC3, 0x0C, 0x30, 0xC3, 0xFC,
  0x00, 0x00, 0x00, 0x03, 0xFC, 0x30, 0xC3, 0x0C, 0x30, 0xC3, 0x0C, 0x30, 0xC3, 0x0C, 0x30, 0xC3,
  0x0C, 0x30, 0xC3, 0x0C, 0x30, 0xC3, 0xFC, 0x00, 0x00, 0x00, 0x03, 0xFC, 0x30, 0xC3, 0x0C, 0x30,
  0xC3, 0x0C, 0x30, 0xC3, 0x0C, 0x30, 0xC3, 0x0C, 0x30, 0xC3, 0x0C, 0x30, 0xC3, 0xFC, 0x00, 0x00,
  0x00, 0x03, 0xFC, 0x30, 0xC3, 0x0C, 0x30, 0xC3, 0x0C, 0x30, 0xC3, 0x0C, 0x30, 0xC3, 0x0C, 0x30,
  0xC3, 0x0C, 0x30, 0xC3, 0xFC, 0x00, 0x00, 0x00, 0x03, 0xFC, 0x30, 0xC3, 0x0C, 0x30, 0xC3, 0x0C,
  0x30, 0xC3, 0x0C, 0x30, 0xC3, 0x0C, 0x30, 0xC3, 0x0C, 0x30, 0xC3, 0xFC, 0x00, 0x00, 0x00, 0x03,
  0xFC, 0x30, 0xC3, 0x0C, 0x30, 0xC3, 0x0C, 0x30, 0xC3, 0x0C, 0x30, 0xC3, 0x0C, 0x30, 0xC3, 0x0C,
  0x30, 0xC3, 0xFC, 0x00, 0x00, 0x00, 0x63, 0x00, 0x02, 0x10, 0x8C, 0x63, 0x18, 0xC6, 0x30, 0x02,
  0x00, 0x20, 0x1F, 0x83, 0xFC, 0x32, 0x43, 0x20, 0x32, 0x03, 0x20, 0x32, 0x03, 0x24, 0x3F, 0xC1,
  0xFC, 0x02, 0x00, 0x20, 0x0F, 0x81, 0xFC, 0x18, 0x01, 0x80, 0x18, 0x01, 0x80, 0x3F, 0x03, 0xF8,
  0x18, 0x01, 0x80, 0x18, 0x43, 0x04, 0x3F, 0xC7, 0xFC, 0x80, 0x2C, 0x06, 0x7F, 0xC3, 0xFC, 0x20,
  0xC2, 0x0C, 0x20, 0xC2, 0x0C, 0x3F, 0xC7, 0xFC, 0xC0, 0x68, 0x02, 0x00, 0x00, 0x00, 0x79, 0xE7,
  0x1E, 0x30, 0xC1, 0x18, 0x19, 0x87, 0x9E, 0x7B, 0xC0, 0xF0, 0x7F, 0xC7, 0xFE, 0x06, 0x00, 0x60,
  0x0F, 0x01, 0xF0, 0x30, 0xC3, 0x0C, 0x30, 0xC0, 0x00, 0x00, 0x00, 0x0C, 0x30, 0xC3, 0x0C, 0x30,
  0x1F, 0x07, 0xF1, 0x86, 0x30, 0x46, 0x08, 0x7C, 0x0F, 0xC1, 0x8C, 0x31, 0x87, 0xF0, 0x3E, 0x30,
  0x66, 0x0C, 0xC3, 0x8F, 0xE0, 0xF8, 0x64, 0xD8, 0x00, 0x00, 0x00, 0x00, 0x00, 0x00, 0x00, 0x00,
  0x00, 0x00, 0x00, 0x00, 0x1F, 0xC1, 0x3B, 0x0B, 0xE8, 0x51, 0x42, 0x82, 0x14, 0x10, 0xA2, 0x85,
  0xF4, 0x27, 0x60, 0xFE, 0x00, 0x00, 0x00, 0x00, 0x00, 0x00, 0x00, 0x00, 0x00, 0x38, 0x38, 0x38,
  0x2C, 0x7C, 0x64, 0xEE, 0x00, 0x00, 0x00, 0x00, 0x00, 0x00, 0x00, 0x00, 0x33, 0x76, 0x6C, 0x6C,
  0x66, 0x37, 0x32, 0x00, 0x00, 0x00, 0x3F, 0x83, 0xFC, 0x00, 0xC0, 0x0C, 0x00, 0x00, 0x00, 0x00,
  0x00, 0x00, 0x00, 0x03, 0xFC, 0x30, 0xC3, 0x0C, 0x30, 0xC3, 0x0C, 0x30, 0xC3, 0x0C, 0x30, 0xC3,
  0x0C, 0x30, 0xC3, 0x0C, 0x30, 0xC3, 0xFC, 0x00, 0x00, 0x1F, 0xC1, 0x7B, 0x0B, 0xE8, 0x53, 0x42,
  0x9A, 0x17, 0xD0, 0xBC, 0x85, 0x34, 0x20, 0x60, 0xFE, 0x00, 0x00, 0x00, 0x00, 0x00, 0x00, 0x00,
  0x00, 0x00, 0x79, 0xE0, 0x00, 0x00, 0x00, 0x00, 0x00, 0x00, 0x00, 0x00, 0x00, 0x00, 0x38, 0xF9,
  0x12, 0x27, 0xC7, 0x80, 0x00, 0x00, 0x00, 0x00, 0x00, 0x00, 0x00, 0x00, 0x06, 0x00, 0x60, 0x06,
  0x03, 0xF8, 0x3F, 0xC0, 0x60, 0x06, 0x00, 0x60, 0x00, 0x03, 0xF8, 0x3F, 0xC0, 0x78, 0x99, 0x30,
  0x61, 0x86, 0x19, 0x3E, 0x00, 0x00, 0x00, 0x00, 0x00, 0x00, 0x78, 0x99, 0x31, 0xE0, 0xC8, 0x9B,
  0x3C, 0x00, 0x00, 0x00, 0x00, 0x00, 0x00, 0x00, 0x0C, 0x3C, 0x00, 0x00, 0x00, 0x00, 0x00, 0x00,
  0x00, 0x00, 0x00, 0x00, 0x00, 0x00, 0x00, 0x30, 0x61, 0x83, 0x0C, 0x18, 0x60, 0xC3, 0x06, 0x18,
  0x30, 0xC1, 0x86, 0x0C, 0x30, 0x61, 0x83, 0x0F, 0xF8, 0x7F, 0x83, 0x00, 0x18, 0x00, 0xC0, 0x00,
  0x3F, 0xCF, 0xF9, 0x86, 0x30, 0xC6, 0x18, 0xC3, 0x18, 0x63, 0xFC, 0x3F, 0x80, 0x30, 0x06, 0x00,
  0xC0, 0x18, 0x03, 0x00, 0x60, 0x04, 0x06, 0x60, 0x00, 0x00, 0x00, 0x64, 0x40, 0x38, 0xF0, 0x60,
  0xC1, 0x83, 0x06, 0x3E, 0x00, 0x00, 0x00, 0x00, 0x00, 0x00, 0x7C, 0xC9, 0x12, 0x24, 0x48, 0x9F,
  0x00, 0x00, 0x00, 0x00, 0x00, 0x00, 0x00, 0x00, 0x6C, 0x66, 0x33, 0x33, 0x36, 0x6E, 0x44, 0x00,
  0x00, 0x00, 0x00, 0x00, 0x30, 0x20, 0x78, 0x60, 0x18, 0x60, 0x18, 0x40, 0x18, 0xC0, 0x18, 0xC0,
  0x18, 0x8C, 0x7D, 0x9C, 0x01, 0x14, 0x03, 0x34, 0x03, 0x24, 0x02, 0x7E, 0x06, 0x06, 0x06, 0x04,
  0x04, 0x00, 0x00, 0x20, 0x38, 0x20, 0x78, 0x60, 0x18, 0x40, 0x18, 0xC0, 0x18, 0xC0, 0x18, 0x9C,
  0x19, 0xBE, 0x7D, 0xA6, 0x01, 0x06, 0x03, 0x04, 0x03, 0x0C, 0x02, 0x18, 0x06, 0x32, 0x06, 0x3E,
  0x04, 0x00, 0x00, 0x00, 0x38, 0x30, 0x7C, 0x20, 0x4C, 0x60, 0x0C, 0x60, 0x3C, 0x40, 0x0C, 0xC0,
  0x44, 0xCC, 0x7C, 0x9C, 0x39, 0x94, 0x01, 0x34, 0x03, 0x24, 0x03, 0x7E, 0x02, 0x06, 0x06, 0x04,
  0x04, 0x00, 0x0C, 0x06, 0x00, 0x00, 0x00, 0xC0, 0xE0, 0xE0, 0xE0, 0x60, 0x30, 0x98, 0x4C, 0x63,
  0xF0, 0xF0, 0x00, 0x00, 0xC0, 0x0F, 0x00, 0x00, 0x1F, 0x00, 0xF0, 0x0F, 0x00, 0xF0, 0x19, 0x01,
  0x98, 0x19, 0x83, 0x18, 0x3F, 0xC3, 0xFC, 0x30, 0xC6, 0x06, 0xF0, 0xEF, 0x0F, 0x00, 0x00, 0x30,
  0x0F, 0x00, 0x00, 0x1F, 0x00, 0xF0, 0x0F, 0x00, 0xF0, 0x19, 0x01, 0x98, 0x19, 0x83, 0x18, 0x3F,
  0xC3, 0xFC, 0x30, 0xC6, 0x06, 0xF0, 0xEF, 0x0F, 0x06, 0x00, 0xF0, 0x00, 0x01, 0xF0, 0x0F, 0x00,
  0xF0, 0x0F, 0x01, 0x90, 0x19, 0x81, 0x98, 0x31, 0x83, 0xFC, 0x3F, 0xC3, 0x0C, 0x60, 0x6F, 0x0E,
  0xF0, 0xF0, 0x05, 0x00, 0xF0, 0x00, 0x01, 0xF0, 0x0F, 0x00, 0xF0, 0x0F, 0x01, 0x90, 0x19, 0x81,
  0x98, 0x31, 0x83, 0xFC, 0x3F, 0xC3, 0x0C, 0x60, 0x6F, 0x0E, 0xF0, 0xF0, 0x09, 0x01, 0x90, 0x00,
  0x01, 0xF0, 0x0F, 0x00, 0xF0, 0x0F, 0x01, 0x90, 0x19, 0x81, 0x98, 0x31, 0x83, 0xFC, 0x3F, 0xC3,
  0x0C, 0x60, 0x6F, 0x0E, 0xF0, 0xF0, 0x06, 0x00, 0xA0, 0x06, 0x00, 0x00, 0x1F, 0x00, 0xF0, 0x0F,
  0x00, 0xF0, 0x19, 0x01, 0x98, 0x19, 0x83, 0x18, 0x3F, 0xC3, 0xFC, 0x30, 0xC6, 0x06, 0xF0, 0xEF,
  0x0F, 0x1F, 0xFF, 0x07, 0xFF, 0x83, 0x30, 0xC1, 0x18, 0x41, 0x8C, 0x00, 0xC6, 0x00, 0x7F, 0xF0,
  0x71, 0x80, 0x30, 0xC0, 0x18, 0x60, 0x08, 0x30, 0xCC, 0x18, 0x67, 0x1F, 0xF7, 0x8F, 0xF8, 0x1F,
  0x07, 0xF1, 0x83, 0x30, 0x66, 0x00, 0xC0, 0x18, 0x03, 0x00, 0x60, 0x0C, 0x01, 0x83, 0x30, 0x63,
  0xF8, 0x3E, 0x03, 0x00, 0x60, 0x00, 0x00, 0x00, 0x01, 0x80, 0x3C, 0x00, 0x07, 0xFC, 0x7F, 0x84,
  0x30, 0x82, 0x10, 0x03, 0x00, 0x7E, 0x0C, 0x01, 0x00, 0x20, 0x04, 0x10, 0x86, 0x3F, 0xCF, 0xF8,
  0x00, 0x00, 0xC0, 0x38, 0x00, 0x07, 0xFC, 0x7F, 0x84, 0x30, 0x82, 0x10, 0x03, 0x00, 0x7E, 0x0C,
  0x01, 0x00, 0x20, 0x04, 0x10, 0x86, 0x3F, 0xCF, 0xF8, 0x0E, 0x03, 0xE0, 0x00, 0x3F, 0xE3, 0xFC,
  0x21, 0x84, 0x10, 0x80, 0x18, 0x03, 0xF0, 0x60, 0x08, 0x01, 0x00, 0x20, 0x84, 0x31, 0xFE, 0x7F,
  0xC0, 0x19, 0x03, 0x60, 0x00, 0x3F, 0xE3, 0xFC, 0x21, 0x84, 0x10, 0x80, 0x18, 0x03, 0xF0, 0x60,
  0x08, 0x01, 0x00, 0x20, 0x84, 0x31, 0xFE, 0x7F, 0xC0, 0x00, 0x60, 0xE0, 0x07, 0xCF, 0x84, 0x08,
  0x10, 0x20, 0x40, 0x81, 0x02, 0x04, 0x08, 0x7C, 0xF8, 0x00, 0x30, 0xE0, 0x07, 0xCF, 0x84, 0x08,
  0x10, 0x20, 0x40, 0x81, 0x02, 0x04, 0x08, 0x7C, 0xF8, 0x38, 0xF8, 0x03, 0xE7, 0xC2, 0x04, 0x08,
  0x10, 0x20, 0x40, 0x81, 0x02, 0x04, 0x3E, 0x7C, 0x6C, 0xD8, 0x03, 0xE7, 0xC2, 0x04, 0x08, 0x10,
  0x20, 0x40, 0x81, 0x02, 0x04, 0x3E, 0x7C, 0x7F, 0xC3, 0xFE, 0x10, 0x61, 0x06, 0x10, 0x61, 0x06,
  0x3E, 0x67, 0xE6, 0x10, 0x61, 0x06, 0x10, 0x61, 0x06, 0x3F, 0xE7, 0xFC, 0x02, 0xC0, 0x0F, 0x00,
  0x00, 0x03, 0xE3, 0xC3, 0xC7, 0x83, 0x86, 0x07, 0x8C, 0x0B, 0x18, 0x13, 0x30, 0x26, 0x60, 0x46,
  0xC0, 0x8D, 0x81, 0x1F, 0x02, 0x1E, 0x04, 0x3C, 0x1C, 0x38, 0x7C, 0x70, 0x00, 0x00, 0xC0, 0x0F,
  0x00, 0x00, 0x1F, 0x83, 0xFC, 0x60, 0xC6, 0x0C, 0x60, 0xC6, 0x0C, 0x60, 0xC6, 0x0C, 0x60, 0xC6,
  0x0C, 0x60, 0xC6, 0x0C, 0x3F, 0xC1, 0xF8, 0x00, 0x00, 0x30, 0x0F, 0x00, 0x00, 0x1F, 0x83, 0xFC,
  0x60, 0xC6, 0x0C, 0x60, 0xC6, 0x0C, 0x60, 0xC6, 0x0C, 0x60, 0xC6, 0x0C, 0x60, 0xC6, 0x0C, 0x3F,
  0xC1, 0xF8, 0x06, 0x01, 0xF0, 0x00, 0x01, 0xF8, 0x3F, 0xC6, 0x0C, 0x60, 0xC6, 0x0C, 0x60, 0xC6,
  0x0C, 0x60, 0xC6, 0x0C, 0x60, 0xC6, 0x0C, 0x60, 0xC3, 0xFC, 0x1F, 0x80, 0x05, 0x00, 0xF0, 0x00,
  0x01, 0xF8, 0x3F, 0xC6, 0x0C, 0x60, 0xC6, 0x0C, 0x60, 0xC6, 0x0C, 0x60, 0xC6, 0x0C, 0x60, 0xC6,
  0x0C, 0x60, 0xC3, 0xFC, 0x1F, 0x80, 0x09, 0x01, 0xB0, 0x00, 0x01, 0xF8, 0x3F, 0xC6, 0x0C, 0x60,
  0xC6, 0x0C, 0x60, 0xC6, 0x0C, 0x60, 0xC6, 0x0C, 0x60, 0xC6, 0x0C, 0x60, 0xC3, 0xFC, 0x1F, 0x80,
  0x00, 0x03, 0x18, 0x1B, 0x80, 0xF0, 0x0E, 0x01, 0xF0, 0x39, 0x81, 0x08, 0x00, 0x00, 0x00, 0x00,
  0x00, 0x00, 0x00, 0x04, 0x00, 0x41, 0xFC, 0x3F, 0xC6, 0x1C, 0x61, 0xC6, 0x3C, 0x62, 0xC6, 0x6C,
  0x64, 0xC6, 0xCC, 0x68, 0xC7, 0x8C, 0x70, 0xC3, 0xFC, 0x3F, 0x82, 0x00, 0x40, 0x00, 0x00, 0x00,
  0x30, 0x01, 0xE0, 0x00, 0x07, 0x8F, 0x3C, 0x78, 0xC1, 0x86, 0x0C, 0x30, 0x61, 0x83, 0x0C, 0x18,
  0x60, 0xC3, 0x06, 0x18, 0x30, 0xC1, 0x86, 0x0C, 0x1F, 0xE0, 0x7E, 0x00, 0x00, 0x00, 0x18, 0x01,
  0xC0, 0x00, 0x07, 0x8F, 0x3C, 0x78, 0xC1, 0x86, 0x0C, 0x30, 0x61, 0x83, 0x0C, 0x18, 0x60, 0xC3,
  0x06, 0x18, 0x30, 0xC1, 0x86, 0x0C, 0x1F, 0xE0, 0x7E, 0x00, 0x03, 0x00, 0x7C, 0x00, 0x00, 0xF1,
  0xE7, 0x8F, 0x18, 0x30, 0xC1, 0x86, 0x0C, 0x30, 0x61, 0x83, 0x0C, 0x18, 0x60, 0xC3, 0x06, 0x18,
  0x30, 0xC1, 0x83, 0xFC, 0x0F, 0xC0, 0x0C, 0x80, 0x6C, 0x00, 0x00, 0xF1, 0xE7, 0x8F, 0x18, 0x30,
  0xC1, 0x86, 0x0C, 0x30, 0x61, 0x83, 0x0C, 0x18, 0x60, 0xC3, 0x06, 0x18, 0x30, 0xC1, 0x83, 0xFC,
  0x0F, 0xC0, 0x00, 0x00, 0xC0, 0x38, 0x00, 0x0F, 0x1E, 0xE3, 0x88, 0x21, 0x8C, 0x31, 0x83, 0x60,
  0x6C, 0x07, 0x00, 0xE0, 0x18, 0x01, 0x00, 0x20, 0x1F, 0x03, 0xE0, 0x70, 0x06, 0x00, 0x40, 0x0F,
  0xC1, 0xFC, 0x20, 0xC4, 0x18, 0x83, 0x10, 0x63, 0xF8, 0x7E, 0x08, 0x03, 0x00, 0xE0, 0x00, 0x0F,
  0x80, 0xFE, 0x0C, 0x30, 0x60, 0x83, 0x0C, 0x18, 0xE0, 0xCF, 0x86, 0xFC, 0x30, 0x31, 0x81, 0x8C,
  0x0C, 0x68, 0x67, 0x7E, 0x39, 0xE0, 0x00, 0x00, 0xC0, 0x0F, 0x00, 0x00, 0x1F, 0x00, 0xF0, 0x0F,
  0x01, 0xB0, 0x19, 0x81, 0x98, 0x31, 0x83, 0xFC, 0x3F, 0xC6, 0x0C, 0xF0, 0xEF, 0x0F, 0x00, 0x00,
  0x30, 0x07, 0x00, 0x00, 0x1F, 0x00, 0xF0, 0x0F, 0x01, 0xB0, 0x19, 0x81, 0x98, 0x31, 0x83, 0xFC,
  0x3F, 0xC6, 0x0C, 0xF0, 0xEF, 0x0F, 0x0F, 0x00, 0x90, 0x00, 0x01, 0xF0, 0x0F, 0x00, 0xF0, 0x1B,
  0x01, 0x98, 0x19, 0x83, 0x18, 0x3F, 0xC3, 0xFC, 0x60, 0xCF, 0x0E, 0xF0, 0xF0, 0x0F, 0x00, 0xA0,
  0x00, 0x01, 0xF0, 0x0F, 0x00, 0xF0, 0x1B, 0x01, 0x98, 0x19, 0x83, 0x18, 0x3F, 0xC3, 0xFC, 0x60,
  0xCF, 0x0E, 0xF0, 0xF0, 0x19, 0x00, 0x90, 0x00, 0x01, 0xF0, 0x0F, 0x00, 0xF0, 0x1B, 0x01, 0x98,
  0x19, 0x83, 0x18, 0x3F, 0xC3, 0xFC, 0x60, 0xCF, 0x0E, 0xF0, 0xF0, 0x06, 0x00, 0xA0, 0x06, 0x00,
  0x00, 0x1F, 0x00, 0xF0, 0x0F, 0x01, 0xB0, 0x19, 0x81, 0x98, 0x31, 0x83, 0xFC, 0x3F, 0xC6, 0x0C,
  0xF0, 0xEF, 0x0F, 0x1F, 0xFF, 0x07, 0xFF, 0x83, 0x30, 0xC3, 0x18, 0x01, 0x8C, 0x00, 0xFF, 0xE0,
  0xC3, 0x00, 0x61, 0x80, 0x30, 0xC3, 0x30, 0x61, 0x9C, 0x7F, 0xDE, 0x3F, 0xE0, 0x1F, 0x07, 0xF1,
  0x83, 0x30, 0x66, 0x00, 0xC0, 0x18, 0x03, 0x00, 0x60, 0xCC, 0x18, 0xFE, 0x0F, 0x80, 0xC0, 0x18,
  0x00, 0x00, 0x00, 0x01, 0x80, 0x3C, 0x00, 0x07, 0xFC, 0x7F, 0x84, 0x30, 0x82, 0x18, 0x03, 0xF0,
  0x60, 0x08, 0x01, 0x04, 0x21, 0x8F, 0xF3, 0xFE, 0x00, 0x00, 0x60, 0x3C, 0x00, 0x07, 0xFC, 0x7F,
  0x84, 0x30, 0x82, 0x18, 0x03, 0xF0, 0x60, 0x08, 0x01, 0x04, 0x21, 0x8F, 0xF3, 0xFE, 0x0E, 0x03,
  0x60, 0x00, 0x3F, 0xE3, 0xFC, 0x21, 0x84, 0x10, 0xC0, 0x1F, 0x83, 0x00, 0x40, 0x08, 0x21, 0x0C,
  0x7F, 0x9F, 0xF0, 0x1B, 0x03, 0x20, 0x00, 0x3F, 0xE3, 0xFC, 0x21, 0x84, 0x10, 0xC0, 0x1F, 0x83,
  0x00, 0x40, 0x08, 0x21, 0x0C, 0x7F, 0x9F, 0xF0, 0x00, 0x60, 0xE0, 0x07, 0xCF, 0x84, 0x08, 0x10,
  0x20, 0x40, 0x81, 0x02, 0x1F, 0x3E, 0x00, 0x30, 0xE0, 0x07, 0xCF, 0x84, 0x08, 0x10, 0x20, 0x40,
  0x81, 0x02, 0x1F, 0x3E, 0x38, 0xD8, 0x03, 0xE7, 0xC2, 0x04, 0x08, 0x10, 0x20, 0x40, 0x81, 0x0F,
  0x9F, 0x00, 0x6C, 0xD8, 0x03, 0xE7, 0xC2, 0x04, 0x08, 0x10, 0x20, 0x40, 0x81, 0x0F, 0x9F, 0x00,
  0x7F, 0xC3, 0xFE, 0x10, 0x61, 0x06, 0x10, 0x63, 0xE6, 0x7E, 0x61, 0x06, 0x10, 0x61, 0x06, 0x3F,
  0xE7, 0xFC, 0x03, 0xC0, 0x0D, 0x00, 0x00, 0x03, 0xE3, 0xC3, 0xC7, 0x83, 0xC6, 0x05, 0x8C, 0x09,
  0x98, 0x13, 0x30, 0x23, 0x60, 0x46, 0xC0, 0x87, 0x81, 0x0F, 0x07, 0x0E, 0x1F, 0x1C, 0x00, 0x00,
  0x00, 0xC0, 0x0F, 0x00, 0x00, 0x1F, 0x83, 0xFC, 0x60, 0xC6, 0x0C, 0x60, 0xC6, 0x0C, 0x60, 0xC6,
  0x0C, 0x60, 0xC6, 0x0C, 0x3F, 0xC1, 0xF8, 0x00, 0x00, 0x30, 0x0F, 0x00, 0x00, 0x1F, 0x83, 0xFC,
  0x60, 0xC6, 0x0C, 0x60, 0xC6, 0x0C, 0x60, 0xC6, 0x0C, 0x60, 0xC6, 0x0C, 0x3F, 0xC1, 0xF8, 0x0F,
  0x00, 0xB0, 0x00, 0x01, 0xF8, 0x3F, 0xC6, 0x0C, 0x60, 0xC6, 0x0C, 0x60, 0xC6, 0x0C, 0x60, 0xC6,
  0x0C, 0x60, 0xC3, 0xFC, 0x1F, 0x80, 0x0F, 0x00, 0xA0, 0x00, 0x01, 0xF8, 0x3F, 0xC6, 0x0C, 0x60,
  0xC6, 0x0C, 0x60, 0xC6, 0x0C, 0x60, 0xC6, 0x0C, 0x60, 0xC3, 0xFC, 0x1F, 0x80, 0x1B, 0x00, 0x90,
  0x00, 0x01, 0xF8, 0x3F, 0xC6, 0x0C, 0x60, 0xC6, 0x0C, 0x60, 0xC6, 0x0C, 0x60, 0xC6, 0x0C, 0x60,
  0xC3, 0xFC, 0x1F, 0x80, 0x06, 0x00, 0x60, 0x00, 0x00, 0x00, 0x3F, 0xC3, 0xF8, 0x00, 0x00, 0x60,
  0x06, 0x00, 0x00, 0x00, 0x00, 0x00, 0x00, 0x00, 0x02, 0x00, 0x41, 0xFC, 0x3F, 0xC6, 0x1C, 0x61,
  0xC6, 0x2C, 0x66, 0xC6, 0x4C, 0x6C, 0xC6, 0x8C, 0x70, 0xC3, 0xFC, 0x3F, 0x86, 0x00, 0x40, 0x00,
  0x00, 0x00, 0x00, 0x30, 0x01, 0xE0, 0x00, 0x07, 0x8F, 0x3C, 0x78, 0xC1, 0x86, 0x0C, 0x30, 0x61,
  0x83, 0x0C, 0x18, 0x60, 0xC3, 0x06, 0x18, 0x30, 0x7F, 0x81, 0xF8, 0x00, 0x00, 0x0C, 0x01, 0xE0,
  0x00, 0x07, 0x8F, 0x3C, 0x78, 0xC1, 0x86, 0x0C, 0x30, 0x61, 0x83, 0x0C, 0x18, 0x60, 0xC3, 0x06,
  0x18, 0x30, 0x7F, 0x81, 0xF8, 0x07, 0x00, 0x6C, 0x00, 0x00, 0xF1, 0xE7, 0x8F, 0x18, 0x30, 0xC1,
  0x86, 0x0C, 0x30, 0x61, 0x83, 0x0C, 0x18, 0x60, 0xC3, 0x06, 0x0F, 0xF0, 0x3F, 0x00, 0x0D, 0x80,
  0x64, 0x00, 0x00, 0xF1, 0xE7, 0x8F, 0x18, 0x30, 0xC1, 0x86, 0x0C, 0x30, 0x61, 0x83, 0x0C, 0x18,
  0x60, 0xC3, 0x06, 0x0F, 0xF0, 0x3F, 0x00, 0x00, 0x00, 0x60, 0x3C, 0x00, 0x0F, 0x1E, 0xE3, 0x8C,
  0x61, 0x8C, 0x1B, 0x03, 0x60, 0x38, 0x07, 0x00, 0x40, 0x08, 0x07, 0xC0, 0xF8, 0x70, 0x06, 0x00,
  0x7E, 0x0F, 0xE1, 0x06, 0x20, 0xC4, 0x18, 0x87, 0x1F, 0xC3, 0xF0, 0xC0, 0x38, 0x00, 0x1B, 0x03,
  0x60, 0x00, 0x78, 0xF7, 0x1C, 0x63, 0x0C, 0x60, 0xD8, 0x1B, 0x01, 0xC0, 0x38, 0x02, 0x00, 0x40,
  0x3E, 0x07, 0xC0,
};

static const GFXglyph PROGMEM Graduate18Glyphs[] = {
  {    0,  1,  1,  6,   0,   0}, //  
  {    1,  5, 14,  5,   0, -14}, // !
  {   10,  7, 15,  7,   0, -15}, // "
  {   24, 13, 14, 12,  -1, -14}, // #
  {   47, 12, 18, 12,   0, -16}, // $
  {   74, 17, 16, 17,   0, -15}, // %
  {  108, 12, 14, 12,   0, -14}, // &
  {  129,  4, 15,  4,   0, -15}, // apostrophe
  {  137,  6, 18,  6,   0, -16}, // (
  {  151,  6, 18,  6,   0, -16}, // )
  {  165,  8, 15,  8,   0, -15}, // *
  {  180, 12, 11, 12,   0, -11}, // +
  {  197,  4,  5,  4,   0,  -3}, // ,
  {  200,  9,  8,  9,   0,  -8}, // -
  {  209,  4,  3,  4,   0,  -3}, // .
  {  211,  7, 17,  7,   0, -16}, // /
  {  226, 12, 14, 12,   0, -14}, // 0
  {  247, 12, 14, 12,   0, -14}, // 1
  {  268, 12, 14, 12,   0, -14}, // 2
  {  289, 12, 14, 12,   0, -14}, // 3
  {  310, 12, 14, 12,   0, -14}, // 4
  {  331, 12, 14, 12,   0, -14}, // 5
  {  352, 12, 14, 12,   0, -14}, // 6
  {  373, 12, 14, 12,   0, -14}, // 7
  {  394, 12, 14, 12,   0, -14}, // 8
  {  415, 12, 14, 12,   0, -14}, // 9
  {  436,  4, 10,  4,   0, -10}, // :
  {  441,  4, 12,  4,   0, -10}, // ;
  {  447, 12, 12, 12,   0, -12}, // <
  {  465, 12, 10, 12,   0, -10}, // =
  {  480, 12, 12, 12,   0, -12}, // >
  {  498,  9, 14,  9,   0, -14}, // ?
  {  514, 17, 16, 17,   0, -14}, // @
  {  548, 12, 14, 12,   0, -14}, // A
  {  569, 12, 14, 12,   0, -14}, // B
  {  590, 11, 14, 11,   0, -14}, // C
  {  610, 12, 14, 12,   0, -14}, // D
  {  631, 11, 14, 11,   0, -14}, // E
  {  651, 11, 14, 11,   0, -14}, // F
  {  671, 11, 14, 11,   0, -14}, // G
  {  691, 14, 14, 14,   0, -14}, // H
  {  716,  7, 14,  7,   0, -14}, // I
  {  729, 10, 14, 10,   0, -14}, // J
  {  747, 12, 14, 12,   0, -14}, // K
  {  768, 10, 14, 10,   0, -14}, // L
  {  786, 17, 14, 17,   0, -14}, // M
  {  816, 15, 14, 15,   0, -14}, // N
  {  843, 12, 14, 12,   0, -14}, // O
  {  864, 11, 14, 11,   0, -14}, // P
  {  884, 12, 16, 12,   0, -14}, // Q
  {  908, 13, 14, 13,   0, -14}, // R
  {  931, 11, 14, 11,   0, -14}, // S
  {  951, 11, 14, 10,   0, -14}, // T
  {  971, 13, 14, 13,   0, -14}, // U
  {  994, 12, 14, 12,   0, -14}, // V
  { 1015, 19, 14, 18,   0, -14}, // W
  { 1049, 12, 14, 12,   0, -14}, // X
  { 1070, 11, 14, 11,   0, -14}, // Y
  { 1090, 11, 14, 11,   0, -14}, // Z
  { 1110,  6, 18,  6,   0, -16}, // [
  { 1124,  7, 17,  7,   0, -16}, // backslash
  { 1139,  6, 18,  6,   0, -16}, // ]
  { 1153, 12, 14, 12,   0, -14}, // ^
  { 1174, 11,  2, 11,   0,  -1}, // _
  { 1177,  8, 16,  8,   0, -16}, // `
  { 1193, 12, 12, 12,   0, -12}, // a
  { 1211, 12, 12, 12,   0, -12}, // b
  { 1229, 11, 12, 11,   0, -12}, // c
  { 1246, 12, 12, 12,   0, -12}, // d
  { 1264, 11, 12, 11,   0, -12}, // e
  { 1281, 11, 12, 11,   0, -12}, // f
  { 1298, 11, 12, 11,   0, -12}, // g
  { 1315, 14, 12, 14,   0, -12}, // h
  { 1336,  7, 12,  7,   0, -12}, // i
  { 1347, 10, 12, 10,   0, -12}, // j
  { 1362, 12, 12, 12,   0, -12}, // k
  { 1380, 10, 12, 10,   0, -12}, // l
  { 1395, 17, 12, 17,   0, -12}, // m
  { 1421, 15, 12, 15,   0, -12}, // n
  { 1444, 12, 12, 12,   0, -12}, // o
  { 1462, 11, 12, 11,   0, -12}, // p
  { 1479, 12, 14, 12,   0, -12}, // q
  { 1500, 13, 12, 13,   0, -12}, // r
  { 1520, 11, 12, 11,   0, -12}, // s
  { 1537, 10, 12, 10,   0, -12}, // t
  { 1552, 13, 12, 13,   0, -12}, // u
  { 1572, 12, 12, 12,   0, -12}, // v
  { 1590, 19, 12, 18,   0, -12}, // w
  { 1619, 12, 12, 12,   0, -12}, // x
  { 1637, 11, 12, 11,   0, -12}, // y
  { 1654, 11, 12, 11,   0, -12}, // z
  { 1671,  6, 18,  6,   0, -16}, // {
  { 1685,  6, 17,  6,   0, -16}, // |
  { 1698,  6, 18,  6,   0, -16}, // }
  { 1712, 12,  9, 12,   0,  -9}, // ~
  { 1726, 12, 15, 12,   0, -14}, // 
  { 1749, 12, 15, 12,   0, -14}, // 
  { 1772, 12, 15, 12,   0, -14}, // 
  { 1795, 12, 15, 12,   0, -14}, // 
  { 1818, 12, 15, 12,   0, -14}, // 
  { 1841, 12, 15, 12,   0, -14}, // 
  { 1864, 12, 15, 12,   0, -14}, // 
  { 1887, 12, 15, 12,   0, -14}, // 
  { 1910, 12, 15, 12,   0, -14}, // 
  { 1933, 12, 15, 12,   0, -14}, // 
  { 1956, 12, 15, 12,   0, -14}, // 
  { 1979, 12, 15, 12,   0, -14}, // 
  { 2002, 12, 15, 12,   0, -14}, // 
  { 2025, 12, 15, 12,   0, -14}, // 
  { 2048, 12, 15, 12,   0, -14}, // 
  { 2071, 12, 15, 12,   0, -14}, // 
  { 2094, 12, 15, 12,   0, -14}, // 
  { 2117, 12, 15, 12,   0, -14}, // 
  { 2140, 12, 15, 12,   0, -14}, // 
  { 2163, 12, 15, 12,   0, -14}, // 
  { 2186, 12, 15, 12,   0, -14}, // 
  { 2209, 12, 15, 12,   0, -14}, // 
  { 2232, 12, 15, 12,   0, -14}, // 
  { 2255, 12, 15, 12,   0, -14}, // 
  { 2278, 12, 15, 12,   0, -14}, // 
  { 2301, 12, 15, 12,   0, -14}, // 
  { 2324, 12, 15, 12,   0, -14}, // 
  { 2347, 12, 15, 12,   0, -14}, // 
  { 2370, 12, 15, 12,   0, -14}, // 
  { 2393, 12, 15, 12,   0, -14}, // 
  { 2416, 12, 15, 12,   0, -14}, // 
  { 2439, 12, 15, 12,   0, -14}, // 
  { 2462, 12, 15, 12,   0, -14}, // 
  { 2485,  1,  1,  6,   0,   0}, //  
  { 2486,  5, 14,  5,   0, -12}, // ¡
  { 2495, 12, 14, 12,   0, -14}, // ¢
  { 2516, 12, 14, 12,   0, -14}, // £
  { 2537, 12, 14, 12,   0, -14}, // ¤
  { 2558, 12, 14, 12,   0, -14}, // ¥
  { 2579,  6, 17,  6,   0, -16}, // ¦
  { 2592, 11, 16, 11,   0, -14}, // §
  { 2614,  7, 15,  7,   0, -15}, // ¨
  { 2628, 13, 15, 13,   0, -15}, // ©
  { 2653,  8, 14,  7,   0, -14}, // ª
  { 2667,  8, 11,  8,   0, -11}, // «
  { 2678, 12,  8, 12,   0,  -8}, // ¬
  { 2690, 12, 15, 12,   0, -14}, // ­
  { 2713, 13, 15, 13,   0, -15}, // ®
  { 2738,  6, 15,  6,   0, -15}, // ¯
  { 2750,  7, 15,  7,   0, -15}, // °
  { 2764, 12, 11, 12,   0, -11}, // ±
  { 2781,  7, 14,  7,   0, -14}, // ²
  { 2794,  7, 14,  7,   0, -14}, // ³
  { 2807,  8, 16,  8,   0, -16}, // ´
  { 2823, 13, 15, 13,   0, -12}, // µ
  { 2848, 11, 16, 11,   0, -14}, // ¶
  { 2870,  4,  9,  4,   0,  -9}, // ·
  { 2875,  4,  3,  4,   0,   0}, // ¸
  { 2877,  7, 14,  7,   0, -14}, // ¹
  { 2890,  7, 14,  7,   0, -14}, // º
  { 2903,  8, 11,  8,   0, -11}, // »
  { 2914, 16, 16, 16,   0, -15}, // ¼
  { 2946, 16, 16, 16,   0, -15}, // ½
  { 2978, 16, 16, 16,   0, -15}, // ¾
  { 3010,  9, 14,  9,   0, -12}, // ¿
  { 3026, 12, 18, 12,   0, -18}, // À
  { 3053, 12, 18, 12,   0, -18}, // Á
  { 3080, 12, 17, 12,   0, -17}, // Â
  { 3106, 12, 17, 12,   0, -17}, // Ã
  { 3132, 12, 17, 12,   0, -17}, // Ä
  { 3158, 12, 18, 12,   0, -18}, // Å
  { 3185, 17, 14, 17,   0, -14}, // Æ
  { 3215, 11, 17, 11,   0, -14}, // Ç
  { 3239, 11, 18, 11,   0, -18}, // È
  { 3264, 11, 18, 11,   0, -18}, // É
  { 3289, 11, 17, 11,   0, -17}, // Ê
  { 3313, 11, 17, 11,   0, -17}, // Ë
  { 3337,  7, 18,  7,   0, -18}, // Ì
  { 3353,  7, 18,  7,   0, -18}, // Í
  { 3369,  7, 17,  7,   0, -17}, // Î
  { 3384,  7, 17,  7,   0, -17}, // Ï
  { 3399, 12, 14, 12,   0, -14}, // Ð
  { 3420, 15, 17, 15,   0, -17}, // Ñ
  { 3452, 12, 18, 12,   0, -18}, // Ò
  { 3479, 12, 18, 12,   0, -18}, // Ó
  { 3506, 12, 17, 12,   0, -17}, // Ô
  { 3532, 12, 17, 12,   0, -17}, // Õ
  { 3558, 12, 17, 12,   0, -17}, // Ö
  { 3584, 12, 11, 12,   0, -11}, // ×
  { 3601, 12, 19, 12,   0, -17}, // Ø
  { 3630, 13, 18, 13,   0, -18}, // Ù
  { 3660, 13, 18, 13,   0, -18}, // Ú
  { 3690, 13, 17, 13,   0, -17}, // Û
  { 3718, 13, 17, 13,   0, -17}, // Ü
  { 3746, 11, 18, 11,   0, -18}, // Ý
  { 3771, 11, 14, 11,   0, -14}, // Þ
  { 3791, 13, 14, 13,   0, -14}, // ß
  { 3814, 12, 16, 12,   0, -16}, // à
  { 3838, 12, 16, 12,   0, -16}, // á
  { 3862, 12, 15, 12,   0, -15}, // â
  { 3885, 12, 15, 12,   0, -15}, // ã
  { 3908, 12, 15, 12,   0, -15}, // ä
  { 3931, 12, 16, 12,   0, -16}, // å
  { 3955, 17, 12, 17,   0, -12}, // æ
  { 3981, 11, 15, 11,   0, -12}, // ç
  { 4002, 11, 16, 11,   0, -16}, // è
  { 4024, 11, 16, 11,   0, -16}, // é
  { 4046, 11, 15, 11,   0, -15}, // ê
  { 4067, 11, 15, 11,   0, -15}, // ë
  { 4088,  7, 16,  7,   0, -16}, // ì
  { 4102,  7, 16,  7,   0, -16}, // í
  { 4116,  7, 15,  7,   0, -15}, // î
  { 4130,  7, 15,  7,   0, -15}, // ï
  { 4144, 12, 12, 12,   0, -12}, // ð
  { 4162, 15, 15, 15,   0, -15}, // ñ
  { 4191, 12, 16, 12,   0, -16}, // ò
  { 4215, 12, 16, 12,   0, -16}, // ó
  { 4239, 12, 15, 12,   0, -15}, // ô
  { 4262, 12, 15, 12,   0, -15}, // õ
  { 4285, 12, 15, 12,   0, -15}, // ö
  { 4308, 12, 12, 12,   0, -12}, // ÷
  { 4326, 12, 18, 12,   0, -15}, // ø
  { 4353, 13, 16, 13,   0, -16}, // ù
  { 4379, 13, 16, 13,   0, -16}, // ú
  { 4405, 13, 15, 13,   0, -15}, // û
  { 4430, 13, 15, 13,   0, -15}, // ü
  { 4455, 11, 16, 11,   0, -16}, // ý
  { 4477, 11, 12, 11,   0, -12}, // þ
  { 4494, 11, 15, 11,   0, -15}, // ÿ
};

static const GFXfont PROGMEM Graduate18 = {
  (uint8_t *)Graduate18Bitmaps,
  (GFXglyph *)Graduate18Glyphs,
  0x20, 0xFF, 22
};

static const uint8_t PROGMEM Graduate26Bitmaps[] = {
  0x00, 0x38, 0x70, 0xE1, 0xC3, 0x87, 0x0E, 0x1C, 0x38, 0x70, 0xC1, 0x81, 0x02, 0x00, 0x00, 0x00,
  0x70, 0xE1, 0xC0, 0x3B, 0x8E, 0xE3, 0xB8, 0xCE, 0x33, 0x0C, 0xC3, 0x10, 0x00, 0x00, 0x00, 0x00,
  0x00, 0x00, 0x00, 0x00, 0x00, 0x00, 0x00, 0x00, 0x00, 0x00, 0x00, 0x00, 0x00, 0x00, 0x01, 0x83,
  0x80, 0x60, 0xC0, 0x18, 0x30, 0x0E, 0x0C, 0x03, 0x07, 0x07, 0xFF, 0xF1, 0xFF, 0xFC, 0x1C, 0x18,
  0x06, 0x0E, 0x01, 0x83, 0x00, 0x60, 0xC0, 0x30, 0x30, 0x0C, 0x1C, 0x1F, 0xFF, 0xC7, 0xFF, 0xF0,
  0x70, 0x60, 0x18, 0x38, 0x06, 0x0C, 0x03, 0x83, 0x00, 0xC1, 0xC0, 0x00, 0xC0, 0x00, 0x60, 0x01,
  0xFE, 0x01, 0xFF, 0x81, 0xDC, 0xE1, 0xC6, 0x20, 0xE3, 0x00, 0x71, 0x80, 0x38, 0xC0, 0x1C, 0x60,
  0x07, 0x30, 0x03, 0xFF, 0x00, 0xFF, 0xC0, 0x0E, 0xF0, 0x03, 0x38, 0x01, 0x9C, 0x00, 0xCE, 0x00,
  0x67, 0x04, 0x33, 0x87, 0x3B, 0xC1, 0xFF, 0xC0, 0x7F, 0xC0, 0x03, 0x00, 0x01, 0x80, 0x00, 0x80,
  0x00, 0x00, 0x01, 0x80, 0x1F, 0x81, 0x80, 0x3F, 0x83, 0x80, 0x30, 0xC3, 0x00, 0x30, 0xC3, 0x00,
  0x30, 0xC6, 0x00, 0x30, 0xC6, 0x00, 0x30, 0xCE, 0x00, 0x30, 0xCC, 0x00, 0x30, 0xCC, 0xF8, 0x30,
  0xDD, 0xFC, 0x3F, 0x99, 0x86, 0x1F, 0x99, 0x86, 0x00, 0x39, 0x86, 0x00, 0x31, 0x86, 0x00, 0x31,
  0x86, 0x00, 0x61, 0x86, 0x00, 0x61, 0x86, 0x00, 0xE1, 0x86, 0x00, 0xC1, 0xFC, 0x00, 0xC0, 0xFC,
  0x01, 0xC0, 0x00, 0x03, 0xF0, 0x01, 0xFE, 0x00, 0xF1, 0xC0, 0x38, 0x38, 0x0C, 0x0E, 0x03, 0x01,
  0x00, 0xE0, 0x00, 0x38, 0x00, 0x07, 0x00, 0x0F, 0xE1, 0xC7, 0xF8, 0xF1, 0xC7, 0x38, 0x71, 0xFC,
  0x1C, 0x3E, 0x07, 0x07, 0x81, 0xC1, 0xE0, 0x70, 0x78, 0x0E, 0x3F, 0x01, 0xFC, 0xF8, 0x7F, 0x3E,
  0x38, 0xE3, 0x8C, 0x30, 0xC3, 0x00, 0x00, 0x00, 0x00, 0x00, 0x00, 0x00, 0x00, 0x00, 0x00, 0x00,
  0x07, 0x87, 0xC3, 0x83, 0x81, 0xC1, 0xC0, 0xE0, 0x70, 0x38, 0x1C, 0x0E, 0x07, 0x03, 0x81, 0xC0,
  0xE0, 0x70, 0x38, 0x1C, 0x0E, 0x07, 0x01, 0xC0, 0xE0, 0x38, 0x1F, 0x07, 0x80, 0x78, 0x3C, 0x0E,
  0x03, 0x81, 0xC0, 0x70, 0x38, 0x1C, 0x0E, 0x07, 0x03, 0x81, 0xC0, 0xE0, 0x70, 0x38, 0x1C, 0x0E,
  0x07, 0x03, 0x81, 0xC0, 0xE0, 0xE0, 0xF0, 0xF0, 0x78, 0x00, 0x06, 0x00, 0x60, 0x06, 0x07, 0xFE,
  0x7F, 0xE0, 0xF0, 0x0F, 0x81, 0xD8, 0x39, 0xC0, 0x00, 0x00, 0x00, 0x00, 0x00, 0x00, 0x00, 0x00,
  0x00, 0x00, 0x00, 0x00, 0x00, 0x00, 0x00, 0x00, 0x00, 0x00, 0x01, 0xC0, 0x00, 0xE0, 0x00, 0x70,
  0x00, 0x38, 0x00, 0x1C, 0x00, 0xFF, 0xE0, 0x7F, 0xF0, 0x03, 0x80, 0x01, 0xC0, 0x00, 0xE0, 0x00,
  0x70, 0x00, 0x00, 0x00, 0x00, 0x00, 0x00, 0x00, 0x00, 0x00, 0x73, 0x9C, 0xE6, 0x31, 0x80, 0x00,
  0x01, 0xFF, 0x0F, 0xF8, 0x00, 0x00, 0x00, 0x00, 0x00, 0x00, 0x00, 0x00, 0x00, 0x00, 0x00, 0x00,
  0x00, 0x00, 0x00, 0x73, 0x9C, 0x00, 0xC0, 0x38, 0x06, 0x00, 0xC0, 0x38, 0x06, 0x00, 0xC0, 0x38,
  0x06, 0x00, 0xC0, 0x38, 0x06, 0x00, 0xC0, 0x38, 0x06, 0x00, 0xC0, 0x38, 0x06, 0x00, 0xC0, 0x38,
  0x06, 0x00, 0xC0, 0x38, 0x06, 0x00, 0x0F, 0xF8, 0x0F, 0xFE, 0x0F, 0x07, 0x87, 0x01, 0xC3, 0x00,
  0xE1, 0x80, 0x70, 0xC0, 0x38, 0x60, 0x1C, 0x30, 0x0E, 0x18, 0xE7, 0x0C, 0x73, 0x86, 0x39, 0xC3,
  0x00, 0xE1, 0x80, 0x70, 0xC0, 0x38, 0x60, 0x1C, 0x38, 0x0E, 0x1E, 0x0F, 0x07, 0xFF, 0x01, 0xFF,
  0x00, 0x01, 0xE0, 0x03, 0xF0, 0x07, 0xF8, 0x03, 0xDC, 0x00, 0x8E, 0x00, 0x07, 0x00, 0x03, 0x80,
  0x01, 0xC0, 0x00, 0xE0, 0x00, 0x70, 0x00, 0x38, 0x00, 0x1C, 0x00, 0x0E, 0x00, 0x07, 0x00, 0x03,
  0x80, 0x01, 0xC0, 0x00, 0xE0, 0x00, 0x70, 0x03, 0xFF, 0x01, 0xFF, 0x80, 0x0F, 0xF0, 0x07, 0xFC,
  0x07, 0x0F, 0x07, 0x03, 0x83, 0x81, 0xC1, 0xC0, 0xE0, 0x00, 0x70, 0x00, 0x38, 0x00, 0x3C, 0x00,
  0x3C, 0x00, 0x1C, 0x00, 0x1C, 0x00, 0x1C, 0x00, 0x1C, 0x00, 0x1C, 0x00, 0x1C, 0x18, 0x1E, 0x0C,
  0x1E, 0x06, 0x0F, 0xFF, 0x07, 0xFF, 0x80, 0x0F, 0xF0, 0x07, 0xFC, 0x07, 0x0F, 0x07, 0x03, 0x83,
  0x81, 0xC1, 0xC0, 0xE0, 0x00, 0x70, 0x00, 0x38, 0x00, 0x3C, 0x01, 0xFC, 0x00, 0xFE, 0x00, 0x07,
  0x80, 0x00, 0xC0, 0x00, 0x60, 0xE0, 0x30, 0x70, 0x18, 0x38, 0x0C, 0x0E, 0x0E, 0x07, 0xFE, 0x01,
  0xFE, 0x00, 0x00, 0xF8, 0x00, 0x7C, 0x00, 0x7E, 0x00, 0x77, 0x00, 0x3B, 0x80, 0x39, 0xC0, 0x1C,
  0xE0, 0x1C, 0x70, 0x0C, 0x38, 0x0E, 0x1C, 0x0E, 0x0E, 0x07, 0x07, 0x07, 0x03, 0x83, 0xFF, 0xE1,
  0xFF, 0xF0, 0x00, 0x70, 0x00, 0x38, 0x00, 0x1C, 0x00, 0x3F, 0x00, 0x1F, 0x80, 0x1F, 0xFC, 0x0F,
  0xFE, 0x06, 0x03, 0x03, 0x01, 0x81, 0x80, 0xC0, 0xC0, 0x00, 0x60, 0x00, 0x30, 0x00, 0x1F, 0xF0,
  0x0F, 0xFC, 0x00, 0x07, 0x00, 0x01, 0xC0, 0x00, 0xE0, 0x00, 0x70, 0xE0, 0x38, 0x70, 0x1C, 0x38,
  0x0E, 0x0E, 0x0E, 0x03, 0xFE, 0x00, 0xFE, 0x00, 0x07, 0xF0, 0x07, 0xFC, 0x07, 0x0F, 0x07, 0x03,
  0x83, 0x80, 0xC1, 0xC0, 0x60, 0xE0, 0x30, 0x70, 0x00, 0x38, 0x00, 0x1F, 0xFC, 0x0F, 0xFF, 0x07,
  0x03, 0x83, 0x80, 0xE1, 0xC0, 0x70, 0xE0, 0x38, 0x70, 0x1C, 0x38, 0x0E, 0x0E, 0x0E, 0x03, 0xFE,
  0x00, 0xFE, 0x00, 0x3F, 0xFE, 0x1F, 0xFF, 0x0E, 0x03, 0x07, 0x03, 0x83, 0x81, 0xC0, 0x00, 0xC0,
  0x00, 0xE0, 0x00, 0x70, 0x00, 0x70, 0x00, 0x38, 0x00, 0x18, 0x00, 0x1C, 0x00, 0x0E, 0x00, 0x06,
  0x00, 0x07, 0x00, 0x03, 0x80, 0x03, 0x80, 0x01, 0xC0, 0x03, 0xF8, 0x01, 0xFC, 0x00, 0x07, 0xF0,
  0x07, 0xFC, 0x07, 0x07, 0x07, 0x01, 0x83, 0x80, 0xC1, 0xC0, 0x60, 0xE0, 0x30, 0x70, 0x18, 0x1C,
  0x1C, 0x0F, 0xFC, 0x07, 0xFE, 0x03, 0x83, 0x83, 0x80, 0xE1, 0xC0, 0x70, 0xE0, 0x38, 0x70, 0x1C,
  0x38, 0x0E, 0x0E, 0x0E, 0x07, 0xFE, 0x01, 0xFE, 0x00, 0x07, 0xF0, 0x07, 0xFC, 0x07, 0x07, 0x07,
  0x01, 0x83, 0x80, 0xC1, 0xC0, 0x60, 0xE0, 0x30, 0x70, 0x18, 0x38, 0x0C, 0x0E, 0x06, 0x03, 0xFF,
  0x00, 0xFF, 0x80, 0x00, 0xC0, 0x00, 0x60, 0xE0, 0x30, 0x70, 0x18, 0x38, 0x0C, 0x0E, 0x0E, 0x03,
  0xFE, 0x00, 0xFE, 0x00, 0x73, 0x9C, 0x00, 0x00, 0x00, 0x00, 0x00, 0xE7, 0x38, 0x73, 0x9C, 0x00,
  0x00, 0x00, 0x00, 0x1C, 0xE7, 0x39, 0x8C, 0x60, 0x00, 0x04, 0x00, 0x0E, 0x00, 0x3E, 0x00, 0x7C,
  0x00, 0xF8, 0x00, 0xF0, 0x00, 0x70, 0x00, 0x3E, 0x00, 0x07, 0xC0, 0x00, 0xF8, 0x00, 0x1F, 0x00,
  0x01, 0x80, 0x00, 0x00, 0x00, 0x00, 0x00, 0x00, 0x00, 0x00, 0x00, 0x00, 0x0F, 0xFE, 0x07, 0xFF,
  0x00, 0x00, 0x00, 0x00, 0x00, 0x00, 0x00, 0x00, 0x00, 0x3F, 0xF8, 0x1F, 0xFC, 0x00, 0x00, 0x00,
  0x00, 0x00, 0x00, 0x00, 0x00, 0x00, 0x00, 0x00, 0x00, 0x00, 0x10, 0x00, 0x0E, 0x00, 0x03, 0xC0,
  0x00, 0x7C, 0x00, 0x0F, 0x80, 0x01, 0xE0, 0x00, 0x70, 0x00, 0xF8, 0x01, 0xF0, 0x03, 0xE0, 0x07,
  0x80, 0x03, 0x00, 0x00, 0x00, 0x00, 0x00, 0x00, 0x00, 0x00, 0x00, 0x00, 0x0F, 0xC0, 0x7F, 0x83,
  0x8F, 0x1C, 0x1C, 0x70, 0x71, 0xC1, 0xC0, 0x07, 0x00, 0x1C, 0x00, 0x70, 0x03, 0x80, 0x1C, 0x00,
  0xE0, 0x07, 0x00, 0x18, 0x00, 0x00, 0x00, 0x00, 0x00, 0x00, 0x1C, 0x00, 0x70, 0x01, 0xC0, 0x07,
  0xFF, 0xF0, 0x07, 0xFF, 0xFC, 0x07, 0x00, 0x0F, 0x07, 0x00, 0x01, 0x83, 0x81, 0xE0, 0xC1, 0xC0,
  0xF0, 0x60, 0xE0, 0xF8, 0x30, 0x70, 0x7E, 0x18, 0x38, 0x37, 0x0C, 0x1C, 0x39, 0x86, 0x0E, 0x1C,
  0xE3, 0x07, 0x0C, 0x71, 0x83, 0x8E, 0x3B, 0xC1, 0xC7, 0xFF, 0xC0, 0xE3, 0xFF, 0xC0, 0x73, 0x83,
  0x80, 0x39, 0xC0, 0xC0, 0x1C, 0xC0, 0x70, 0x0E, 0x40, 0x10, 0x03, 0x80, 0x00, 0x00, 0xFF, 0xFF,
  0x00, 0x7F, 0xFF, 0x80, 0x00, 0x00, 0x00, 0x07, 0xF0, 0x03, 0xF8, 0x00, 0xF8, 0x00, 0x7C, 0x00,
  0x77, 0x00, 0x3B, 0x80, 0x1D, 0xC0, 0x0C, 0x60, 0x0E, 0x38, 0x07, 0x1C, 0x03, 0x06, 0x03, 0x83,
  0x81, 0xFF, 0xC0, 0xFF, 0xE0, 0x60, 0x38, 0x70, 0x1C, 0x38, 0x0E, 0x3C, 0x03, 0xBF, 0x07, 0xFF,
  0x83, 0xF0, 0x3F, 0xF8, 0x0F, 0xFF, 0x00, 0xE1, 0xE0, 0x30, 0x38, 0x0C, 0x06, 0x03, 0x01, 0x80,
  0xC0, 0x60, 0x30, 0x38, 0x0E, 0x1E, 0x03, 0xFF, 0x00, 0xFF, 0xE0, 0x30, 0x3C, 0x0C, 0x07, 0x03,
  0x01, 0xC0, 0xC0, 0x70, 0x30, 0x1C, 0x0C, 0x07, 0x03, 0x83, 0x83, 0xFF, 0xC0, 0xFF, 0xF0, 0x0F,
  0xF0, 0x1F, 0xF8, 0x3C, 0x3C, 0x38, 0x1C, 0x38, 0x0C, 0x38, 0x0C, 0x38, 0x00, 0x38, 0x00, 0x38,
  0x00, 0x38, 0x00, 0x38, 0x00, 0x38, 0x00, 0x38, 0x00, 0x38, 0x00, 0x38, 0x0C, 0x38, 0x0C, 0x38,
  0x1C, 0x3C, 0x3C, 0x1F, 0xF8, 0x0F, 0xF0, 0x3F, 0xFC, 0x0F, 0xFF, 0x80, 0xE0, 0xE0, 0x30, 0x1C,
  0x0C, 0x07, 0x03, 0x01, 0xC0, 0xC0, 0x70, 0x30, 0x1C, 0x0C, 0x07, 0x03, 0x01, 0xC0, 0xC0, 0x70,
  0x30, 0x1C, 0x0C, 0x07, 0x03, 0x01, 0xC0, 0xC0, 0x70, 0x30, 0x1C, 0x0C, 0x07, 0x03, 0x83, 0xC3,
  0xFF, 0xE0, 0xFF, 0xF0, 0x3F, 0xFE, 0x1F, 0xFF, 0x03, 0x03, 0x81, 0x81, 0xC0, 0xC0, 0xE0, 0x60,
  0x00, 0x30, 0x00, 0x18, 0x00, 0x0C, 0x00, 0x07, 0xFC, 0x03, 0xFE, 0x01, 0x80, 0x00, 0xC0, 0x00,
  0x60, 0x00, 0x30, 0x00, 0x18, 0x1C, 0x0C, 0x0E, 0x06, 0x07, 0x0F, 0xFF, 0x87, 0xFF, 0xC0, 0x3F,
  0xFE, 0x3F, 0xFE, 0x0E, 0x0E, 0x0C, 0x0E, 0x0C, 0x0E, 0x0C, 0x00, 0x0C, 0x00, 0x0C, 0x00, 0x0C,
  0x00, 0x0F, 0xF8, 0x0F, 0xF8, 0x0E, 0x00, 0x0C, 0x00, 0x0C, 0x00, 0x0C, 0x00, 0x0C, 0x00, 0x0C,
  0x00, 0x0E, 0x00, 0x3F, 0x80, 0x3F, 0x80, 0x0F, 0xF0, 0x1F, 0xF8, 0x3C, 0x1C, 0x38, 0x0C, 0x38,
  0x0C, 0x38, 0x0C, 0x38, 0x00, 0x38, 0x00, 0x38, 0x00, 0x38, 0x00, 0x38, 0xFC, 0x38, 0xFC, 0x38,
  0x0C, 0x38, 0x0C, 0x38, 0x0C, 0x38, 0x0C, 0x38, 0x0C, 0x3C, 0x1C, 0x1F, 0xF8, 0x0F, 0xF0, 0x3F,
  0x0F, 0xE1, 0xF8, 0x7F, 0x03, 0x80, 0xE0, 0x18, 0x07, 0x00, 0xC0, 0x38, 0x06, 0x01, 0xC0, 0x30,
  0x0E, 0x01, 0x80, 0x70, 0x0C, 0x03, 0x80, 0x7F, 0xFC, 0x03, 0xFF, 0xE0, 0x1C, 0x07, 0x00, 0xC0,
  0x38, 0x06, 0x01, 0xC0, 0x30, 0x0E, 0x01, 0x80, 0x70, 0x0C, 0x03, 0x80, 0x70, 0x1C, 0x0F, 0xC3,
  0xF8, 0x7E, 0x1F, 0xC0, 0x3F, 0x8F, 0xE0, 0xE0, 0x30, 0x0C, 0x03, 0x00, 0xC0, 0x30, 0x0C, 0x03,
  0x00, 0xC0, 0x30, 0x0C, 0x03, 0x00, 0xC0, 0x30, 0x0C, 0x03, 0x83, 0xF8, 0xFE, 0x01, 0xF8, 0x07,
  0xE0, 0x0E, 0x00, 0x38, 0x00, 0xE0, 0x03, 0x80, 0x0E, 0x00, 0x38, 0x00, 0xE0, 0x03, 0x80, 0x0E,
  0x00, 0x38, 0x40, 0xE3, 0x83, 0x8E, 0x0E, 0x38, 0x38, 0xE0, 0xE1, 0xC7, 0x83, 0xFC, 0x07, 0xE0,
  0x3F, 0x1F, 0x9F, 0x8F, 0xC3, 0x83, 0x81, 0x81, 0xC0, 0xC1, 0xC0, 0x61, 0xC0, 0x30, 0xE0, 0x18,
  0xE0, 0x0C, 0x70, 0x07, 0xF0, 0x03, 0xF8, 0x01, 0xCE, 0x00, 0xC7, 0x00, 0x61, 0xC0, 0x30, 0x70,
  0x18, 0x38, 0x0C, 0x0E, 0x07, 0x07, 0x8F, 0xC7, 0xE7, 0xE3, 0xF0, 0x3F, 0x80, 0xFE, 0x00, 0xC0,
  0x03, 0x00, 0x0C, 0x00, 0x30, 0x00, 0xC0, 0x03, 0x00, 0x0C, 0x00, 0x30, 0x00, 0xC0, 0x03, 0x00,
  0x0C, 0x00, 0x30, 0x00, 0xC0, 0x03, 0x03, 0x0C, 0x0C, 0x30, 0x33, 0xFF, 0xCF, 0xFF, 0x3F, 0x00,
  0x7E, 0x1F, 0x80, 0x3F, 0x03, 0xC0, 0x3E, 0x01, 0xF0, 0x1F, 0x00, 0xF8, 0x0F, 0x80, 0x7C, 0x0F,
  0xC0, 0x37, 0x06, 0xE0, 0x1B, 0x83, 0x70, 0x0C, 0xC3, 0xB8, 0x06, 0x71, 0x9C, 0x03, 0x18, 0xCE,
  0x01, 0x8C, 0xE7, 0x00, 0xC7, 0x63, 0x80, 0x61, 0xB1, 0xC0, 0x30, 0xF8, 0xE0, 0x18, 0x78, 0x70,
  0x0C, 0x1C, 0x38, 0x07, 0x0E, 0x1C, 0x0F, 0xC0, 0x3F, 0x87, 0xE0, 0x1F, 0xC0, 0x3F, 0x07, 0xE1,
  0xF8, 0x3F, 0x03, 0xE0, 0x70, 0x1F, 0x03, 0x80, 0xFC, 0x1C, 0x06, 0xE0, 0xE0, 0x33, 0x87, 0x01,
  0x9C, 0x38, 0x0C, 0x61, 0xC0, 0x63, 0x8E, 0x03, 0x1C, 0x70, 0x18, 0x73, 0x80, 0xC3, 0x9C, 0x06,
  0x0E, 0xE0, 0x30, 0x77, 0x01, 0x81, 0xF8, 0x0C, 0x0F, 0xC0, 0x70, 0x3E, 0x0F, 0xC1, 0xF0, 0x7E,
  0x07, 0x80, 0x0F, 0xF8, 0x0F, 0xFE, 0x0F, 0x07, 0x07, 0x01, 0xC3, 0x80, 0xE1, 0xC0, 0x70, 0xE0,
  0x38, 0x70, 0x1C, 0x38, 0x0E, 0x1C, 0x07, 0x0E, 0x03, 0x87, 0x01, 0xC3, 0x80, 0xE1, 0xC0, 0x70,
  0xE0, 0x38, 0x70, 0x1C, 0x38, 0x0E, 0x1E, 0x0F, 0x07, 0xFF, 0x01, 0xFF, 0x00, 0x3F, 0xF8, 0x3F,
  0xFC, 0x0E, 0x1E, 0x0C, 0x0E, 0x0C, 0x06, 0x0C, 0x06, 0x0C, 0x06, 0x0C, 0x06, 0x0C, 0x06, 0x0C,
  0x0E, 0x0F, 0xFC, 0x0F, 0xF8, 0x0E, 0x00, 0x0C, 0x00, 0x0C, 0x00, 0x0C, 0x00, 0x0C, 0x00, 0x0E,
  0x00, 0x3F, 0x80, 0x3F, 0x80, 0x0F, 0xF8, 0x0F, 0xFE, 0x0F, 0x07, 0x87, 0x01, 0xC3, 0x80, 0xE1,
  0xC0, 0x70, 0xE0, 0x38, 0x70, 0x1C, 0x38, 0x0E, 0x1C, 0x07, 0x0E, 0x03, 0x87, 0x01, 0xC3, 0x80,
  0xE1, 0xC0, 0x70, 0xE7, 0x38, 0x73, 0x9C, 0x39, 0xCE, 0x1E, 0xEF, 0x07, 0xFF, 0x01, 0xFF, 0x00,
  0x1C, 0x00, 0x0E, 0x00, 0x07, 0x00, 0x3F, 0xF8, 0x0F, 0xFF, 0x00, 0xE1, 0xE0, 0x30, 0x38, 0x0C,
  0x06, 0x03, 0x01, 0x80, 0xC0, 0x60, 0x30, 0x18, 0x0C, 0x0E, 0x03, 0x87, 0x80, 0xFF, 0xC0, 0x3F,
  0xE0, 0x0C, 0x38, 0x03, 0x06, 0x00, 0xC1, 0xC0, 0x30, 0x30, 0x0C, 0x0E, 0x03, 0x83, 0x83, 0xF0,
  0xF8, 0xFC, 0x3E, 0x0F, 0xE0, 0x1F, 0xF0, 0x3C, 0x38, 0x38, 0x1C, 0x38, 0x1C, 0x38, 0x1C, 0x38,
  0x08, 0x38, 0x00, 0x38, 0x00, 0x1F, 0xF0, 0x0F, 0xF8, 0x00, 0x3C, 0x00, 0x1C, 0x00, 0x1C, 0x30,
  0x1C, 0x30, 0x1C, 0x30, 0x1C, 0x3C, 0x3C, 0x1F, 0xF8, 0x0F, 0xF0, 0xFF, 0xFF, 0xFF, 0xFF, 0x8E,
  0x3F, 0x1C, 0x7E, 0x38, 0xE0, 0x70, 0x00, 0xE0, 0x01, 0xC0, 0x03, 0x80, 0x07, 0x00, 0x0E, 0x00,
  0x1C, 0x00, 0x38, 0x00, 0x70, 0x00, 0xE0, 0x01, 0xC0, 0x03, 0x80, 0x07, 0x00, 0x3F, 0x80, 0x7F,
  0x00, 0x3F, 0x0F, 0xC7, 0xE1, 0xF8, 0x70, 0x1C, 0x0E, 0x03, 0x81, 0xC0, 0x70, 0x38, 0x0E, 0x07,
  0x01, 0xC0, 0xE0, 0x38, 0x1C, 0x07, 0x03, 0x80, 0xE0, 0x70, 0x1C, 0x0E, 0x03, 0x81, 0xC0, 0x70,
  0x38, 0x0E, 0x07, 0x01, 0xC0, 0xE0, 0x38, 0x1C, 0x07, 0x01, 0xC1, 0xE0, 0x1F, 0xF8, 0x03, 0xFE,
  0x00, 0xFC, 0x0F, 0xBF, 0x03, 0xE3, 0x80, 0x70, 0xE0, 0x1C, 0x38, 0x06, 0x06, 0x03, 0x81, 0xC0,
  0xE0, 0x70, 0x38, 0x0C, 0x0C, 0x03, 0x87, 0x00, 0xE1, 0xC0, 0x18, 0x60, 0x06, 0x38, 0x01, 0xCE,
  0x00, 0x73, 0x00, 0x0D, 0xC0, 0x03, 0xF0, 0x00, 0xF8, 0x00, 0x1E, 0x00, 0x07, 0x80, 0xFC, 0x3F,
  0x07, 0xDF, 0x87, 0xE0, 0xF9, 0xE0, 0x78, 0x0E, 0x1C, 0x0F, 0x01, 0xC3, 0x81, 0xF0, 0x30, 0x70,
  0x3E, 0x06, 0x06, 0x0E, 0xC1, 0xC0, 0xE1, 0xD8, 0x38, 0x1C, 0x3B, 0x86, 0x03, 0x86, 0x70, 0xC0,
  0x31, 0xC6, 0x38, 0x07, 0x38, 0xC7, 0x00, 0xE6, 0x1C, 0xC0, 0x1C, 0xC3, 0x98, 0x01, 0xB8, 0x37,
  0x00, 0x3F, 0x06, 0xE0, 0x07, 0xC0, 0xF8, 0x00, 0xF8, 0x1F, 0x00, 0x0F, 0x01, 0xE0, 0x01, 0xE0,
  0x3C, 0x00, 0x7E, 0x3F, 0x3F, 0x1F, 0x8F, 0x07, 0x83, 0x83, 0x80, 0xE3, 0x80, 0x71, 0xC0, 0x1D,
  0xC0, 0x07, 0xC0, 0x03, 0xE0, 0x00, 0xE0, 0x00, 0xF0, 0x00, 0x7C, 0x00, 0x77, 0x00, 0x3B, 0x80,
  0x38, 0xE0, 0x38, 0x30, 0x1C, 0x1C, 0x1C, 0x07, 0x1F, 0x0F, 0xCF, 0x87, 0xE0, 0xFC, 0x3E, 0xFC,
  0x3E, 0x38, 0x1C, 0x38, 0x1C, 0x18, 0x18, 0x1C, 0x38, 0x1C, 0x30, 0x0C, 0x70, 0x0E, 0x60, 0x06,
  0xE0, 0x07, 0xE0, 0x03, 0xC0, 0x03, 0xC0, 0x03, 0x80, 0x01, 0x80, 0x01, 0x80, 0x01, 0x80, 0x03,
  0x80, 0x0F, 0xF0, 0x0F, 0xF0, 0x3F, 0xFC, 0x3F, 0xFC, 0x30, 0x1C, 0x30, 0x38, 0x30, 0x38, 0x00,
  0x70, 0x00, 0xE0, 0x00, 0xE0, 0x01, 0xC0, 0x01, 0xC0, 0x03, 0x80, 0x07, 0x00, 0x07, 0x00, 0x0E,
  0x00, 0x1C, 0x00, 0x1C, 0x0C, 0x38, 0x0C, 0x38, 0x0C, 0x7F, 0xFC, 0x7F, 0xFC, 0x1F, 0x8F, 0x87,
  0x03, 0x81, 0xC0, 0xE0, 0x70, 0x38, 0x1C, 0x0E, 0x07, 0x03, 0x81, 0xC0, 0xE0, 0x70, 0x38, 0x1C,
  0x0E, 0x07, 0x03, 0x81, 0xC0, 0xE0, 0x70, 0x3E, 0x1F, 0x80, 0xC0, 0x1C, 0x01, 0x80, 0x30, 0x07,
  0x00, 0x60, 0x0C, 0x01, 0xC0, 0x18, 0x03, 0x00, 0x70, 0x06, 0x00, 0xC0, 0x1C, 0x01, 0x80, 0x30,
  0x07, 0x00, 0x60, 0x0C, 0x01, 0xC0, 0x18, 0x03, 0x00, 0x70, 0x06, 0x7C, 0x3E, 0x07, 0x01, 0x80,
  0xC0, 0x60, 0x30, 0x18, 0x0C, 0x06, 0x03, 0x01, 0x80, 0xC0, 0x60, 0x30, 0x18, 0x0C, 0x06, 0x03,
  0x01, 0x80, 0xC0, 0x60, 0x30, 0xF8, 0x7C, 0x00, 0x00, 0x80, 0x00, 0xE0, 0x00, 0xF8, 0x00, 0x6C,
  0x00, 0x63, 0x00, 0x71, 0x80, 0x30, 0x60, 0x00, 0x00, 0x00, 0x00, 0x00, 0x00, 0x00, 0x00, 0x00,
  0x00, 0x00, 0x00, 0x00, 0x00, 0x00, 0x00, 0x00, 0x00, 0x00, 0x00, 0x00, 0x00, 0x00, 0x00, 0x00,
  0x00, 0x00, 0x00, 0x00, 0x00, 0x7F, 0xFE, 0x7F, 0xFE, 0x0C, 0x03, 0xE0, 0x3E, 0x00, 0x00, 0x00,
  0x00, 0x00, 0x00, 0x00, 0x00, 0x00, 0x00, 0x00, 0x00, 0x00, 0x00, 0x00, 0x00, 0x00, 0x00, 0x00,
  0x00, 0x00, 0x00, 0x00, 0x00, 0x00, 0x00, 0x00, 0x07, 0xF0, 0x03, 0xF8, 0x00, 0xF8, 0x00, 0x6C,
  0x00, 0x77, 0x00, 0x3B, 0x80, 0x18, 0xE0, 0x1C, 0x70, 0x0E, 0x18, 0x0E, 0x0E, 0x07, 0xFF, 0x03,
  0xFF, 0x83, 0x80, 0xE1, 0xC0, 0x70, 0xE0, 0x39, 0xF8, 0x3F, 0xFC, 0x1F, 0x80, 0x3F, 0xF8, 0x0F,
  0xFF, 0x00, 0xE1, 0xE0, 0x30, 0x38, 0x0C, 0x06, 0x03, 0x01, 0x80, 0xC0, 0xE0, 0x3F, 0xF0, 0x0F,
  0xFC, 0x03, 0x83, 0x80, 0xC0, 0x70, 0x30, 0x1C, 0x0C, 0x07, 0x03, 0x01, 0xC0, 0xE0, 0xE0, 0xFF,
  0xF0, 0x3F, 0xFC, 0x00, 0x0F, 0xF0, 0x1F, 0xF8, 0x3C, 0x3C, 0x38, 0x1C, 0x38, 0x0C, 0x38, 0x0C,
  0x38, 0x00, 0x38, 0x00, 0x38, 0x00, 0x38, 0x00, 0x38, 0x00, 0x38, 0x0C, 0x38, 0x0C, 0x38, 0x1C,
  0x3C, 0x3C, 0x1F, 0xF8, 0x0F, 0xF0, 0x3F, 0xFC, 0x0F, 0xFF, 0x80, 0xE0, 0xE0, 0x30, 0x1C, 0x0C,
  0x07, 0x03, 0x01, 0xC0, 0xC0, 0x70, 0x30, 0x1C, 0x0C, 0x07, 0x03, 0x01, 0xC0, 0xC0, 0x70, 0x30,
  0x1C, 0x0C, 0x07, 0x03, 0x01, 0xC0, 0xE0, 0xF0, 0xFF, 0xF8, 0x3F, 0xFC, 0x00, 0x3F, 0xFE, 0x1F,
  0xFF, 0x03, 0x03, 0x81, 0x81, 0xC0, 0xC0, 0xE0, 0x60, 0x20, 0x30, 0x00, 0x18, 0x00, 0x0F, 0xF8,
  0x07, 0xFC, 0x03, 0x00, 0x01, 0x80, 0x00, 0xC0, 0xE0, 0x60, 0x70, 0x30, 0x38, 0x7F, 0xFC, 0x3F,
  0xFE, 0x00, 0x3F, 0xFE, 0x3F, 0xFE, 0x0E, 0x0E, 0x0C, 0x0E, 0x0C, 0x0E, 0x0C, 0x04, 0x0C, 0x00,
  0x0E, 0x00, 0x0F, 0xF8, 0x0F, 0xF8, 0x0C, 0x00, 0x0C, 0x00, 0x0C, 0x00, 0x0C, 0x00, 0x0E, 0x00,
  0x3F, 0x80, 0x3F, 0x80, 0x0F, 0xF0, 0x1F, 0xF8, 0x3C, 0x1C, 0x38, 0x0C, 0x38, 0x0C, 0x38, 0x0C,
  0x38, 0x00, 0x38, 0x00, 0x38, 0xFC, 0x38, 0xFC, 0x38, 0x0C, 0x38, 0x0C, 0x38, 0x0C, 0x38, 0x0C,
  0x3C, 0x1C, 0x1F, 0xF8, 0x0F, 0xF0, 0x3F, 0x0F, 0xE1, 0xF8, 0x7F, 0x03, 0x80, 0xE0, 0x18, 0x07,
  0x00, 0xC0, 0x38, 0x06, 0x01, 0xC0, 0x30, 0x0E, 0x01, 0xC0, 0x70, 0x0F, 0xFF, 0x80, 0x7F, 0xFC,
  0x03, 0x00, 0xE0, 0x18, 0x07, 0x00, 0xC0, 0x38, 0x06, 0x01, 0xC0, 0x38, 0x0E, 0x07, 0xE1, 0xFC,
  0x3F, 0x0F, 0xE0, 0x3F, 0x8F, 0xE0, 0xE0, 0x30, 0x0C, 0x03, 0x00, 0xC0, 0x30, 0x0C, 0x03, 0x00,
  0xC0, 0x30, 0x0C, 0x03, 0x00, 0xE0, 0xFE, 0x3F, 0x80, 0x01, 0xF8, 0x07, 0xE0, 0x0E, 0x00, 0x38,
  0x00, 0xE0, 0x03, 0x80, 0x0E, 0x00, 0x38, 0x00, 0xE1, 0x03, 0x8E, 0x0E, 0x38, 0x38, 0xE0, 0xE3,
  0x83, 0x87, 0x1E, 0x0F, 0xF0, 0x1F, 0x80, 0x3F, 0x1F, 0x9F, 0x8F, 0xC3, 0x83, 0x81, 0x83, 0x80,
  0xC1, 0xC0, 0x61, 0xC0, 0x31, 0xC0, 0x1C, 0xE0, 0x0F, 0xE0, 0x07, 0xF0, 0x03, 0x1C, 0x01, 0x87,
  0x00, 0xC1, 0xC0, 0x60, 0x70, 0x38, 0x38, 0x7E, 0x3F, 0x3F, 0x1F, 0x80, 0x3F, 0x80, 0xFE, 0x00,
  0xC0, 0x03, 0x00, 0x0C, 0x00, 0x30, 0x00, 0xC0, 0x03, 0x00, 0x0C, 0x00, 0x30, 0x00, 0xC0, 0x03,
  0x00, 0x0C, 0x0C, 0x30, 0x30, 0xC0, 0xCF, 0xFF, 0x3F, 0xFC, 0x3F, 0x00, 0x7E, 0x1F, 0x80, 0x7F,
  0x03, 0xE0, 0x3E, 0x01, 0xF0, 0x1F, 0x00, 0xF8, 0x1F, 0x80, 0x6E, 0x0D, 0xC0, 0x33, 0x0E, 0xE0,
  0x19, 0xC7, 0x70, 0x0C, 0xE3, 0x38, 0x06, 0x33, 0x9C, 0x03, 0x1D, 0x8E, 0x01, 0x87, 0xC7, 0x00,
  0xC3, 0xE3, 0x80, 0x61, 0xE1, 0xC0, 0x38, 0x70, 0xE0, 0x7E, 0x01, 0xFC, 0x3F, 0x00, 0xFE, 0x00,
  0x3F, 0x07, 0xE1, 0xF8, 0x3F, 0x03, 0xE0, 0x70, 0x1F, 0x03, 0x80, 0xDC, 0x1C, 0x06, 0x70, 0xE0,
  0x33, 0x87, 0x01, 0x8E, 0x38, 0x0C, 0x71, 0xC0, 0x61, 0xCE, 0x03, 0x0E, 0x70, 0x18, 0x3B, 0x80,
  0xC1, 0xDC, 0x06, 0x07, 0xE0, 0x38, 0x3F, 0x07, 0xE0, 0xF8, 0x3F, 0x07, 0xC0, 0x0F, 0xF8, 0x0F,
  0xFE, 0x0F, 0x07, 0x87, 0x01, 0xC3, 0x80, 0xE1, 0xC0, 0x70, 0xE0, 0x38, 0x70, 0x1C, 0x38, 0x0E,
  0x1C, 0x07, 0x0E, 0x03, 0x87, 0x01, 0xC3, 0x80, 0xE1, 0xC0, 0x70, 0xF0, 0x78, 0x3F, 0xF8, 0x0F,
  0xF8, 0x00, 0x3F, 0xF8, 0x3F, 0xFC, 0x0E, 0x1E, 0x0C, 0x0E, 0x0C, 0x06, 0x0C, 0x06, 0x0C, 0x06,
  0x0C, 0x06, 0x0C, 0x0E, 0x0F, 0xFC, 0x0F, 0xF8, 0x0E, 0x00, 0x0C, 0x00, 0x0C, 0x00, 0x0E, 0x00,
  0x3F, 0x80, 0x3F, 0x80, 0x0F, 0xF8, 0x0F, 0xFE, 0x0F, 0x07, 0x07, 0x01, 0xC3, 0x80, 0xE1, 0xC0,
  0x70, 0xE0, 0x38, 0x70, 0x1C, 0x38, 0x0E, 0x1C, 0x07, 0x0E, 0x03, 0x87, 0x01, 0xC3, 0x9C, 0xE1,
  0xCE, 0x70, 0xF7, 0x78, 0x3F, 0xF8, 0x0F, 0xF8, 0x00, 0xE0, 0x00, 0x70, 0x00, 0x38, 0x00, 0x3F,
  0xF8, 0x0F, 0xFF, 0x00, 0xE1, 0xE0, 0x30, 0x38, 0x0C, 0x06, 0x03, 0x01, 0x80, 0xC0, 0x60, 0x30,
  0x18, 0x0E, 0x1E, 0x03, 0xFF, 0x00, 0xFF, 0x80, 0x30, 0xE0, 0x0C, 0x1C, 0x03, 0x03, 0x00, 0xE0,
  0xE0, 0xFC, 0x3C, 0x3F, 0x0F, 0x00, 0x0F, 0xE0, 0x1F, 0xF0, 0x3C, 0x38, 0x38, 0x1C, 0x38, 0x1C,
  0x38, 0x1C, 0x38, 0x08, 0x3C, 0x00, 0x1F, 0xF0, 0x0F, 0xF8, 0x00, 0x1C, 0x30, 0x1C, 0x30, 0x1C,
  0x30, 0x1C, 0x3C, 0x3C, 0x1F, 0xF8, 0x0F, 0xF0, 0x7F, 0xFC, 0xFF, 0xF9, 0x8E, 0x33, 0x1C, 0x66,
  0x38, 0xC0, 0x70, 0x00, 0xE0, 0x01, 0xC0, 0x03, 0x80, 0x07, 0x00, 0x0E, 0x00, 0x1C, 0x00, 0x38,
  0x00, 0x70, 0x00, 0xE0, 0x07, 0xF0, 0x0F, 0xE0, 0x3F, 0x0F, 0xC7, 0xE1, 0xF8, 0x70, 0x1C, 0x0E,
  0x03, 0x81, 0xC0, 0x70, 0x38, 0x0E, 0x07, 0x01, 0xC0, 0xE0, 0x38, 0x1C, 0x07, 0x03, 0x80, 0xE0,
  0x70, 0x1C, 0x0E, 0x03, 0x81, 0xC0, 0x70, 0x38, 0x0E, 0x03, 0x83, 0xC0, 0x3F, 0xF0, 0x07, 0xFC,
  0x00, 0xFC, 0x0F, 0xBF, 0x03, 0xE3, 0x80, 0x70, 0xE0, 0x1C, 0x18, 0x06, 0x07, 0x03, 0x81, 0xC0,
  0xC0, 0x30, 0x70, 0x0E, 0x1C, 0x03, 0x86, 0x00, 0x63, 0x80, 0x1C, 0xE0, 0x03, 0x30, 0x00, 0xFC,
  0x00, 0x3F, 0x00, 0x07, 0x80, 0x01, 0xE0, 0x00, 0xFC, 0x3F, 0x07, 0xDF, 0x87, 0xE0, 0xF8, 0xE0,
  0x7C, 0x0E, 0x1C, 0x0F, 0x81, 0xC3, 0x81, 0xF0, 0x30, 0x30, 0x76, 0x0E, 0x07, 0x0E, 0xC1, 0xC0,
  0xE1, 0x9C, 0x30, 0x0C, 0x31, 0x8E, 0x01, 0x8E, 0x31, 0xC0, 0x39, 0xC7, 0x38, 0x07, 0x30, 0xE6,
  0x00, 0x6E, 0x0D, 0xC0, 0x0F, 0xC1, 0xF8, 0x01, 0xF0, 0x3E, 0x00, 0x1E, 0x03, 0xC0, 0x03, 0xC0,
  0x78, 0x00, 0x7E, 0x3F, 0x3F, 0x1F, 0x87, 0x07, 0x83, 0x83, 0x80, 0xE3, 0x80, 0x3B, 0x80, 0x0F,
  0xC0, 0x07, 0xC0, 0x01, 0xC0, 0x01, 0xF0, 0x01, 0xF8, 0x00, 0xEE, 0x00, 0xE3, 0x80, 0xE0, 0xE0,
  0xF0, 0x78, 0xF8, 0x7E, 0x7C, 0x3F, 0x00, 0xFC, 0x3E, 0xFC, 0x3E, 0x38, 0x1C, 0x18, 0x18, 0x1C,
  0x38, 0x0C, 0x30, 0x0E, 0x70, 0x06, 0x60, 0x07, 0xE0, 0x03, 0xC0, 0x03, 0xC0, 0x03, 0x80, 0x01,
  0x80, 0x01, 0x80, 0x03, 0x80, 0x0F, 0xF0, 0x0F, 0xF0, 0x3F, 0xFC, 0x3F, 0xFC, 0x30, 0x1C, 0x30,
  0x38, 0x30, 0x70, 0x00, 0x70, 0x00, 0xE0, 0x01, 0xC0, 0x03, 0x80, 0x03, 0x00, 0x07, 0x00, 0x0E,
  0x00, 0x1C, 0x0C, 0x38, 0x0C, 0x38, 0x0C, 0x7F, 0xFC, 0x7F, 0xFC, 0x07, 0x07, 0x87, 0x03, 0x81,
  0x80, 0xC0, 0x60, 0x38, 0x1C, 0x0E, 0x07, 0x07, 0x03, 0x01, 0xC0, 0x70, 0x38, 0x1C, 0x0E, 0x06,
  0x03, 0x01, 0x80, 0xC0, 0x70, 0x1E, 0x07, 0x00, 0x18, 0x18, 0x18, 0x18, 0x18, 0x18, 0x18, 0x18,
  0x18, 0x18, 0x18, 0x18, 0x18, 0x18, 0x18, 0x18, 0x18, 0x18, 0x18, 0x18, 0x18, 0x18, 0x18, 0x18,
  0x70, 0x3C, 0x07, 0x01, 0xC0, 0xC0, 0x60, 0x30, 0x18, 0x0C, 0x0E, 0x07, 0x01, 0xC0, 0x70, 0x70,
  0x70, 0x38, 0x0C, 0x06, 0x03, 0x01, 0x80, 0xC0, 0x60, 0x70, 0xF0, 0x70, 0x00, 0x0F, 0x00, 0x0F,
  0xE7, 0x07, 0xFF, 0x07, 0x1F, 0x80, 0x02, 0x00, 0x00, 0x00, 0x00, 0x00, 0x00, 0x00, 0x00, 0x00,
  0x00, 0x00, 0x00, 0x00, 0x00, 0x00, 0x00, 0x00, 0x00, 0x1F, 0xFE, 0x0F, 0xFF, 0x07, 0x01, 0x83,
  0x80, 0xC1, 0xC0, 0x60, 0xE0, 0x30, 0x70, 0x18, 0x38, 0x0C, 0x1C, 0x06, 0x0E, 0x03, 0x07, 0x01,
  0x83, 0x80, 0xC1, 0xC0, 0x60, 0xE0, 0x30, 0x70, 0x18, 0x38, 0x0C, 0x1C, 0x06, 0x0F, 0xFF, 0x07,
  0xFF, 0x80, 0x00, 0x00, 0x1F, 0xFE, 0x0F, 0xFF, 0x07, 0x01, 0x83, 0x80, 0xC1, 0xC0, 0x60, 0xE0,
  0x30, 0x70, 0x18, 0x38, 0x0C, 0x1C, 0x06, 0x0E, 0x03, 0x07, 0x01, 0x83, 0x80, 0xC1, 0xC0, 0x60,
  0xE0, 0x30, 0x70, 0x18, 0x38, 0x0C, 0x1C, 0x06, 0x0F, 0xFF, 0x07, 0xFF, 0x80, 0x00, 0x00, 0x1F,
  0xFE, 0x0F, 0xFF, 0x07, 0x01, 0x83, 0x80, 0xC1, 0xC0, 0x60, 0xE0, 0x30, 0x70, 0x18, 0x38, 0x0C,
  0x1C, 0x06, 0x0E, 0x03, 0x07, 0x01, 0x83, 0x80, 0xC1, 0xC0, 0x60, 0xE0, 0x30, 0x70, 0x18, 0x38,
  0x0C, 0x1C, 0x06, 0x0F, 0xFF, 0x07, 0xFF, 0x80, 0x00, 0x00, 0x1F, 0xFE, 0x0F, 0xFF, 0x07, 0x01,
  0x83, 0x80, 0xC1, 0xC0, 0x60, 0xE0, 0x30, 0x70, 0x18, 0x38, 0x0C, 0x1C, 0x06, 0x0E, 0x03, 0x07,
  0x01, 0x83, 0x80, 0xC1, 0xC0, 0x60, 0xE0, 0x30, 0x70, 0x18, 0x38, 0x0C, 0x1C, 0x06, 0x0F, 0xFF,
  0x07, 0xFF, 0x80, 0x00, 0x00, 0x1F, 0xFE, 0x0F, 0xFF, 0x07, 0x01, 0x83, 0x80, 0xC1, 0xC0, 0x60,
  0xE0, 0x30, 0x70, 0x18, 0x38, 0x0C, 0x1C, 0x06, 0x0E, 0x03, 0x07, 0x01, 0x83, 0x80, 0xC1, 0xC0,
  0x60, 0xE0, 0x30, 0x70, 0x18, 0x38, 0x0C, 0x1C, 0x06, 0x0F, 0xFF, 0x07, 0xFF, 0x80, 0x00, 0x00,
  0x1F, 0xFE, 0x0F, 0xFF, 0x07, 0x01, 0x83, 0x80, 0xC1, 0xC0, 0x60, 0xE0, 0x30, 0x70, 0x18, 0x38,
  0x0C, 0x1C, 0x06, 0x0E, 0x03, 0x07, 0x01, 0x83, 0x80, 0xC1, 0xC0, 0x60, 0xE0, 0x30, 0x70, 0x18,
  0x38, 0x0C, 0x1C, 0x06, 0x0F, 0xFF, 0x07, 0xFF, 0x80, 0x00, 0x00, 0x1F, 0xFE, 0x0F, 0xFF, 0x07,
  0x01, 0x83, 0x80, 0xC1, 0xC0, 0x60, 0xE0, 0x30, 0x70, 0x18, 0x38, 0x0C, 0x1C, 0x06, 0x0E, 0x03,
  0x07, 0x01, 0x83, 0x80, 0xC1, 0xC0, 0x60, 0xE0, 0x30, 0x70, 0x18, 0x38, 0x0C, 0x1C, 0x06, 0x0F,
  0xFF, 0x07, 0xFF, 0x80, 0x00, 0x00, 0x1F, 0xFE, 0x0F, 0xFF, 0x07, 0x01, 0x83, 0x80, 0xC1, 0xC0,
  0x60, 0xE0, 0x30, 0x70, 0x18, 0x38, 0x0C, 0x1C, 0x06, 0x0E, 0x03, 0x07, 0x01, 0x83, 0x80, 0xC1,
  0xC0, 0x60, 0xE0, 0x30, 0x70, 0x18, 0x38, 0x0C, 0x1C, 0x06, 0x0F, 0xFF, 0x07, 0xFF, 0x80, 0x00,
  0x00, 0x1F, 0xFE, 0x0F, 0xFF, 0x07, 0x01, 0x83, 0x80, 0xC1, 0xC0, 0x60, 0xE0, 0x30, 0x70, 0x18,
  0x38, 0x0C, 0x1C, 0x06, 0x0E, 0x03, 0x07, 0x01, 0x83, 0x80, 0xC1, 0xC0, 0x60, 0xE0, 0x30, 0x70,
  0x18, 0x38, 0x0C, 0x1C, 0x06, 0x0F, 0xFF, 0x07, 0xFF, 0x80, 0x00, 0x00, 0x1F, 0xFE, 0x0F, 0xFF,
  0x07, 0x01, 0x83, 0x80, 0xC1, 0xC0, 0x60, 0xE0, 0x30, 0x70, 0x18, 0x38, 0x0C, 0x1C, 0x06, 0x0E,
  0x03, 0x07, 0x01, 0x83, 0x80, 0xC1, 0xC0, 0x60, 0xE0, 0x30, 0x70, 0x18, 0x38, 0x0C, 0x1C, 0x06,
  0x0F, 0xFF, 0x07, 0xFF, 0x80, 0x00, 0x00, 0x1F, 0xFE, 0x0F, 0xFF, 0x07, 0x01, 0x83, 0x80, 0xC1,
  0xC0, 0x60, 0xE0, 0x30, 0x70, 0x18, 0x38, 0x0C, 0x1C, 0x06, 0x0E, 0x03, 0x07, 0x01, 0x83, 0x80,
  0xC1, 0xC0, 0x60, 0xE0, 0x30, 0x70, 0x18, 0x38, 0x0C, 0x1C, 0x06, 0x0F, 0xFF, 0x07, 0xFF, 0x80,
  0x00, 0x00, 0x1F, 0xFE, 0x0F, 0xFF, 0x07, 0x01, 0x83, 0x80, 0xC1, 0xC0, 0x60, 0xE0, 0x30, 0x70,
  0x18, 0x38, 0x0C, 0x1C, 0x06, 0x0E, 0x03, 0x07, 0x01, 0x83, 0x80, 0xC1, 0xC0, 0x60, 0xE0, 0x30,
  0x70, 0x18, 0x38, 0x0C, 0x1C, 0x06, 0x0F, 0xFF, 0x07, 0xFF, 0x80, 0x00, 0x00, 0x1F, 0xFE, 0x0F,
  0xFF, 0x07, 0x01, 0x83, 0x80, 0xC1, 0xC0, 0x60, 0xE0, 0x30, 0x70, 0x18, 0x38, 0x0C, 0x1C, 0x06,
  0x0E, 0x03, 0x07, 0x01, 0x83, 0x80, 0xC1, 0xC0, 0x60, 0xE0, 0x30, 0x70, 0x18, 0x38, 0x0C, 0x1C,
  0x06, 0x0F, 0xFF, 0x07, 0xFF, 0x80, 0x00, 0x00, 0x1F, 0xFE, 0x0F, 0xFF, 0x07, 0x01, 0x83, 0x80,
  0xC1, 0xC0, 0x60, 0xE0, 0x30, 0x70, 0x18, 0x38, 0x0C, 0x1C, 0x06, 0x0E, 0x03, 0x07, 0x01, 0x83,
  0x80, 0xC1, 0xC0, 0x60, 0xE0, 0x30, 0x70, 0x18, 0x38, 0x0C, 0x1C, 0x06, 0x0F, 0xFF, 0x07, 0xFF,
  0x80, 0x00, 0x00, 0x1F, 0xFE, 0x0F, 0xFF, 0x07, 0x01, 0x83, 0x80, 0xC1, 0xC0, 0x60, 0xE0, 0x30,
  0x70, 0x18, 0x38, 0x0C, 0x1C, 0x06, 0x0E, 0x03, 0x07, 0x01, 0x83, 0x80, 0xC1, 0xC0, 0x60, 0xE0,
  0x30, 0x70, 0x18, 0x38, 0x0C, 0x1C, 0x06, 0x0F, 0xFF, 0x07, 0xFF, 0x80, 0x00, 0x00, 0x1F, 0xFE,
  0x0F, 0xFF, 0x07, 0x01, 0x83, 0x80, 0xC1, 0xC0, 0x60, 0xE0, 0x30, 0x70, 0x18, 0x38, 0x0C, 0x1C,
  0x06, 0x0E, 0x03, 0x07, 0x01, 0x83, 0x80, 0xC1, 0xC0, 0x60, 0xE0, 0x30, 0x70, 0x18, 0x38, 0x0C,
  0x1C, 0x06, 0x0F, 0xFF, 0x07, 0xFF, 0x80, 0x00, 0x00, 0x1F, 0xFE, 0x0F, 0xFF, 0x07, 0x01, 0x83,
  0x80, 0xC1, 0xC0, 0x60, 0xE0, 0x30, 0x70, 0x18, 0x38, 0x0C, 0x1C, 0x06, 0x0E, 0x03, 0x07, 0x01,
  0x83, 0x80, 0xC1, 0xC0, 0x60, 0xE0, 0x30, 0x70, 0x18, 0x38, 0x0C, 0x1C, 0x06, 0x0F, 0xFF, 0x07,
  0xFF, 0x80, 0x00, 0x00, 0x1F, 0xFE, 0x0F, 0xFF, 0x07, 0x01, 0x83, 0x80, 0xC1, 0xC0, 0x60, 0xE0,
  0x30, 0x70, 0x18, 0x38, 0x0C, 0x1C, 0x06, 0x0E, 0x03, 0x07, 0x01, 0x83, 0x80, 0xC1, 0xC0, 0x60,
  0xE0, 0x30, 0x70, 0x18, 0x38, 0x0C, 0x1C, 0x06, 0x0F, 0xFF, 0x07, 0xFF, 0x80, 0x00, 0x00, 0x1F,
  0xFE, 0x0F, 0xFF, 0x07, 0x01, 0x83, 0x80, 0xC1, 0xC0, 0x60, 0xE0, 0x30, 0x70, 0x18, 0x38, 0x0C,
  0x1C, 0x06, 0x0E, 0x03, 0x07, 0x01, 0x83, 0x80, 0xC1, 0xC0, 0x60, 0xE0, 0x30, 0x70, 0x18, 0x38,
  0x0C, 0x1C, 0x06, 0x0F, 0xFF, 0x07, 0xFF, 0x80, 0x00, 0x00, 0x1F, 0xFE, 0x0F, 0xFF, 0x07, 0x01,
  0x83, 0x80, 0xC1, 0xC0, 0x60, 0xE0, 0x30, 0x70, 0x18, 0x38, 0x0C, 0x1C, 0x06, 0x0E, 0x03, 0x07,
  0x01, 0x83, 0x80, 0xC1, 0xC0, 0x60, 0xE0, 0x30, 0x70, 0x18, 0x38, 0x0C, 0x1C, 0x06, 0x0F, 0xFF,
  0x07, 0xFF, 0x80, 0x00, 0x00, 0x1F, 0xFE, 0x0F, 0xFF, 0x07, 0x01, 0x83, 0x80, 0xC1, 0xC0, 0x60,
  0xE0, 0x30, 0x70, 0x18, 0x38, 0x0C, 0x1C, 0x06, 0x0E, 0x03, 0x07, 0x01, 0x83, 0x80, 0xC1, 0xC0,
  0x60, 0xE0, 0x30, 0x70, 0x18, 0x38, 0x0C, 0x1C, 0x06, 0x0F, 0xFF, 0x07, 0xFF, 0x80, 0x00, 0x00,
  0x1F, 0xFE, 0x0F, 0xFF, 0x07, 0x01, 0x83, 0x80, 0xC1, 0xC0, 0x60, 0xE0, 0x30, 0x70, 0x18, 0x38,
  0x0C, 0x1C, 0x06, 0x0E, 0x03, 0x07, 0x01, 0x83, 0x80, 0xC1, 0xC0, 0x60, 0xE0, 0x30, 0x70, 0x18,
  0x38, 0x0C, 0x1C, 0x06, 0x0F, 0xFF, 0x07, 0xFF, 0x80, 0x00, 0x00, 0x1F, 0xFE, 0x0F, 0xFF, 0x07,
  0x01, 0x83, 0x80, 0xC1, 0xC0, 0x60, 0xE0, 0x30, 0x70, 0x18, 0x38, 0x0C, 0x1C, 0x06, 0x0E, 0x03,
  0x07, 0x01, 0x83, 0x80, 0xC1, 0xC0, 0x60, 0xE0, 0x30, 0x70, 0x18, 0x38, 0x0C, 0x1C, 0x06, 0x0F,
  0xFF, 0x07, 0xFF, 0x80, 0x00, 0x00, 0x1F, 0xFE, 0x0F, 0xFF, 0x07, 0x01, 0x83, 0x80, 0xC1, 0xC0,
  0x60, 0xE0, 0x30, 0x70, 0x18, 0x38, 0x0C, 0x1C, 0x06, 0x0E, 0x03, 0x07, 0x01, 0x83, 0x80, 0xC1,
  0xC0, 0x60, 0xE0, 0x30, 0x70, 0x18, 0x38, 0x0C, 0x1C, 0x06, 0x0F, 0xFF, 0x07, 0xFF, 0x80, 0x00,
  0x00, 0x1F, 0xFE, 0x0F, 0xFF, 0x07, 0x01, 0x83, 0x80, 0xC1, 0xC0, 0x60, 0xE0, 0x30, 0x70, 0x18,
  0x38, 0x0C, 0x1C, 0x06, 0x0E, 0x03, 0x07, 0x01, 0x83, 0x80, 0xC1, 0xC0, 0x60, 0xE0, 0x30, 0x70,
  0x18, 0x38, 0x0C, 0x1C, 0x06, 0x0F, 0xFF, 0x07, 0xFF, 0x80, 0x00, 0x00, 0x1F, 0xFE, 0x0F, 0xFF,
  0x07, 0x01, 0x83, 0x80, 0xC1, 0xC0, 0x60, 0xE0, 0x30, 0x70, 0x18, 0x38, 0x0C, 0x1C, 0x06, 0x0E,
  0x03, 0x07, 0x01, 0x83, 0x80, 0xC1, 0xC0, 0x60, 0xE0, 0x30, 0x70, 0x18, 0x38, 0x0C, 0x1C, 0x06,
  0x0F, 0xFF, 0x07, 0xFF, 0x80, 0x00, 0x00, 0x1F, 0xFE, 0x0F, 0xFF, 0x07, 0x01, 0x83, 0x80, 0xC1,
  0xC0, 0x60, 0xE0, 0x30, 0x70, 0x18, 0x38, 0x0C, 0x1C, 0x06, 0x0E, 0x03, 0x07, 0x01, 0x83, 0x80,
  0xC1, 0xC0, 0x60, 0xE0, 0x30, 0x70, 0x18, 0x38, 0x0C, 0x1C, 0x06, 0x0F, 0xFF, 0x07, 0xFF, 0x80,
  0x00, 0x00, 0x1F, 0xFE, 0x0F, 0xFF, 0x07, 0x01, 0x83, 0x80, 0xC1, 0xC0, 0x60, 0xE0, 0x30, 0x70,
  0x18, 0x38, 0x0C, 0x1C, 0x06, 0x0E, 0x03, 0x07, 0x01, 0x83, 0x80, 0xC1, 0xC0, 0x60, 0xE0, 0x30,
  0x70, 0x18, 0x38, 0x0C, 0x1C, 0x06, 0x0F, 0xFF, 0x07, 0xFF, 0x80, 0x00, 0x00, 0x1F, 0xFE, 0x0F,
  0xFF, 0x07, 0x01, 0x83, 0x80, 0xC1, 0xC0, 0x60, 0xE0, 0x30, 0x70, 0x18, 0x38, 0x0C, 0x1C, 0x06,
  0x0E, 0x03, 0x07, 0x01, 0x83, 0x80, 0xC1, 0xC0, 0x60, 0xE0, 0x30, 0x70, 0x18, 0x38, 0x0C, 0x1C,
  0x06, 0x0F, 0xFF, 0x07, 0xFF, 0x80, 0x00, 0x00, 0x1F, 0xFE, 0x0F, 0xFF, 0x07, 0x01, 0x83, 0x80,
  0xC1, 0xC0, 0x60, 0xE0, 0x30, 0x70, 0x18, 0x38, 0x0C, 0x1C, 0x06, 0x0E, 0x03, 0x07, 0x01, 0x83,
  0x80, 0xC1, 0xC0, 0x60, 0xE0, 0x30, 0x70, 0x18, 0x38, 0x0C, 0x1C, 0x06, 0x0F, 0xFF, 0x07, 0xFF,
  0x80, 0x00, 0x00, 0x1F, 0xFE, 0x0F, 0xFF, 0x07, 0x01, 0x83, 0x80, 0xC1, 0xC0, 0x60, 0xE0, 0x30,
  0x70, 0x18, 0x38, 0x0C, 0x1C, 0x06, 0x0E, 0x03, 0x07, 0x01, 0x83, 0x80, 0xC1, 0xC0, 0x60, 0xE0,
  0x30, 0x70, 0x18, 0x38, 0x0C, 0x1C, 0x06, 0x0F, 0xFF, 0x07, 0xFF, 0x80, 0x00, 0x00, 0x1F, 0xFE,
  0x0F, 0xFF, 0x07, 0x01, 0x83, 0x80, 0xC1, 0xC0, 0x60, 0xE0, 0x30, 0x70, 0x18, 0x38, 0x0C, 0x1C,
  0x06, 0x0E, 0x03, 0x07, 0x01, 0x83, 0x80, 0xC1, 0xC0, 0x60, 0xE0, 0x30, 0x70, 0x18, 0x38, 0x0C,
  0x1C, 0x06, 0x0F, 0xFF, 0x07, 0xFF, 0x80, 0x00, 0x00, 0x1F, 0xFE, 0x0F, 0xFF, 0x07, 0x01, 0x83,
  0x80, 0xC1, 0xC0, 0x60, 0xE0, 0x30, 0x70, 0x18, 0x38, 0x0C, 0x1C, 0x06, 0x0E, 0x03, 0x07, 0x01,
  0x83, 0x80, 0xC1, 0xC0, 0x60, 0xE0, 0x30, 0x70, 0x18, 0x38, 0x0C, 0x1C, 0x06, 0x0F, 0xFF, 0x07,
  0xFF, 0x80, 0x00, 0x38, 0x70, 0xE0, 0x00, 0x00, 0x04, 0x08, 0x30, 0x60, 0xE1, 0xC3, 0x87, 0x0E,
  0x1C, 0x38, 0x70, 0xE1, 0xC0, 0x00, 0xC0, 0x00, 0x60, 0x00, 0x30, 0x00, 0xFF, 0x00, 0xFF, 0xC0,
  0xE6, 0x70, 0xE3, 0x10, 0x71, 0x80, 0x38, 0xC0, 0x1C, 0x60, 0x0E, 0x30, 0x07, 0x18, 0x03, 0x8C,
  0x01, 0xC6, 0x20, 0x73, 0x38, 0x1F, 0xFC, 0x0F, 0xFC, 0x00, 0x60, 0x00, 0x30, 0x00, 0x18, 0x00,
  0x03, 0xF8, 0x03, 0xFE, 0x03, 0xC7, 0x01, 0xC1, 0x00, 0xE0, 0x00, 0x70, 0x00, 0x38, 0x00, 0x1C,
  0x00, 0x0E, 0x00, 0x1F, 0xF8, 0x0F, 0xFC, 0x01, 0xC0, 0x00, 0xE0, 0x00, 0x70, 0x00, 0x38, 0x00,
  0x18, 0x1C, 0x1C, 0x0E, 0x0E, 0x07, 0x0F, 0xFF, 0x87, 0xFF, 0xC0, 0x00, 0x00, 0x20, 0x00, 0xB8,
  0x00, 0xCE, 0x00, 0xE3, 0xFF, 0xE0, 0xFF, 0xE0, 0x60, 0x70, 0x30, 0x18, 0x18, 0x0C, 0x0C, 0x06,
  0x06, 0x03, 0x03, 0x01, 0x81, 0xC1, 0xC0, 0xFF, 0xE0, 0xFF, 0xF8, 0xE0, 0x0E, 0xE0, 0x03, 0xA0,
  0x00, 0x80, 0x00, 0x00, 0x00, 0x00, 0x7E, 0x3F, 0x3F, 0x1F, 0x8E, 0x03, 0x03, 0x83, 0x81, 0xC1,
  0xC0, 0x60, 0xC0, 0x38, 0xE0, 0x1C, 0x60, 0x3E, 0x7E, 0x1F, 0xBF, 0x01, 0xFC, 0x00, 0x7C, 0x03,
  0xFF, 0xE1, 0xFF, 0xF0, 0x07, 0x00, 0x03, 0x80, 0x01, 0xC0, 0x00, 0xE0, 0x01, 0xFC, 0x00, 0xFE,
  0x00, 0x18, 0x18, 0x18, 0x18, 0x18, 0x18, 0x18, 0x18, 0x00, 0x00, 0x00, 0x00, 0x00, 0x00, 0x00,
  0x00, 0x18, 0x18, 0x18, 0x18, 0x18, 0x18, 0x18, 0x18, 0x0F, 0xE0, 0x1F, 0xF0, 0x3C, 0x38, 0x38,
  0x1C, 0x38, 0x1C, 0x38, 0x1C, 0x38, 0x08, 0x3C, 0x00, 0x1F, 0xE0, 0x1F, 0xF0, 0x38, 0x38, 0x38,
  0x18, 0x1C, 0x38, 0x0F, 0xF8, 0x07, 0xF8, 0x00, 0x3C, 0x30, 0x1C, 0x30, 0x1C, 0x30, 0x1C, 0x38,
  0x3C, 0x1F, 0xF8, 0x0F, 0xF0, 0x00, 0x00, 0x00, 0x0C, 0xE3, 0x38, 0x00, 0x00, 0x00, 0x00, 0x00,
  0x00, 0x00, 0x00, 0x00, 0x00, 0x00, 0x00, 0x00, 0x00, 0x00, 0x00, 0x00, 0x00, 0x00, 0x00, 0x00,
  0x00, 0x00, 0x00, 0x00, 0x00, 0x03, 0xFF, 0x01, 0x9E, 0x60, 0xC7, 0xCC, 0x33, 0xFB, 0x0D, 0xC6,
  0xC3, 0x71, 0xB0, 0xDC, 0x0C, 0x37, 0x03, 0x0D, 0xC6, 0xC3, 0x31, 0xB0, 0xCF, 0xEC, 0x31, 0xF3,
  0x06, 0x01, 0x80, 0xFF, 0xC0, 0x00, 0x00, 0x00, 0x00, 0x00, 0x00, 0x00, 0x00, 0x00, 0x00, 0x00,
  0x00, 0x00, 0x00, 0x00, 0x00, 0x1F, 0x03, 0xC0, 0x78, 0x0F, 0x81, 0xB0, 0x66, 0x0F, 0xE3, 0xFC,
  0x61, 0x9E, 0x7B, 0xCF, 0x00, 0x00, 0x00, 0x00, 0x00, 0x00, 0x00, 0x00, 0x00, 0x00, 0x00, 0x00,
  0x00, 0x00, 0x00, 0x84, 0x1C, 0xE3, 0x9C, 0x79, 0xC7, 0x38, 0x73, 0x87, 0x38, 0x39, 0xC1, 0xCE,
  0x1C, 0x60, 0x80, 0x00, 0x00, 0x00, 0x00, 0x00, 0x00, 0x00, 0x00, 0x0F, 0xFE, 0x07, 0xFF, 0x00,
  0x01, 0x80, 0x00, 0xC0, 0x00, 0x60, 0x00, 0x30, 0x00, 0x00, 0x00, 0x00, 0x00, 0x00, 0x00, 0x00,
  0x00, 0x00, 0x00, 0x00, 0x00, 0x1F, 0xFE, 0x0F, 0xFF, 0x07, 0x01, 0x83, 0x80, 0xC1, 0xC0, 0x60,
  0xE0, 0x30, 0x70, 0x18, 0x38, 0x0C, 0x1C, 0x06, 0x0E, 0x03, 0x07, 0x01, 0x83, 0x80, 0xC1, 0xC0,
  0x60, 0xE0, 0x30, 0x70, 0x18, 0x38, 0x0C, 0x1C, 0x06, 0x0F, 0xFF, 0x07, 0xFF, 0x80, 0x0F, 0xFC,
  0x06, 0x01, 0x83, 0x3F, 0x30, 0xCF, 0xCC, 0x33, 0x3B, 0x0C, 0xC6, 0xC3, 0x33, 0xB0, 0xCF, 0xCC,
  0x33, 0xF3, 0x0C, 0xCC, 0xC3, 0x31, 0xB0, 0xCC, 0x6C, 0x18, 0x06, 0x03, 0xFF, 0x00, 0x00, 0x00,
  0x00, 0x00, 0x00, 0x00, 0x00, 0x00, 0x00, 0x00, 0x00, 0x00, 0x00, 0x00, 0x00, 0x00, 0x00, 0x3F,
  0x9F, 0xC0, 0x00, 0x00, 0x00, 0x00, 0x00, 0x00, 0x00, 0x00, 0x00, 0x00, 0x00, 0x00, 0x00, 0x00,
  0x00, 0x00, 0x00, 0x00, 0x00, 0x00, 0x00, 0x3F, 0x0F, 0xE7, 0x19, 0x86, 0x61, 0x9C, 0x63, 0xF8,
  0xFC, 0x00, 0x00, 0x00, 0x00, 0x00, 0x00, 0x00, 0x00, 0x00, 0x00, 0x00, 0x00, 0x00, 0x00, 0x00,
  0x00, 0x00, 0x01, 0xC0, 0x00, 0xE0, 0x00, 0x70, 0x00, 0x38, 0x01, 0xFF, 0xC0, 0xFF, 0xE0, 0x07,
  0x00, 0x03, 0x80, 0x01, 0xC0, 0x00, 0xE0, 0x00, 0x70, 0x00, 0x00, 0x00, 0x00, 0x00, 0xFF, 0xE0,
  0x7F, 0xF0, 0x3E, 0x1F, 0xC6, 0x31, 0x8C, 0x03, 0x01, 0xC0, 0xE0, 0x70, 0x39, 0x9F, 0xE7, 0xF8,
  0x00, 0x00, 0x00, 0x00, 0x00, 0x00, 0x00, 0x00, 0x00, 0x00, 0x00, 0x3E, 0x1F, 0xC6, 0x30, 0x8C,
  0x1F, 0x07, 0xC0, 0x39, 0x86, 0x61, 0x9F, 0xC3, 0xE0, 0x00, 0x00, 0x00, 0x00, 0x00, 0x00, 0x00,
  0x00, 0x00, 0x00, 0x00, 0x01, 0x81, 0xF0, 0x7E, 0x00, 0x00, 0x00, 0x00, 0x00, 0x00, 0x00, 0x00,
  0x00, 0x00, 0x00, 0x00, 0x00, 0x00, 0x00, 0x00, 0x00, 0x00, 0x00, 0x00, 0x00, 0x00, 0x00, 0x00,
  0x00, 0x00, 0x00, 0x1C, 0x07, 0x03, 0x80, 0xE0, 0x70, 0x1C, 0x0E, 0x03, 0x81, 0xC0, 0x70, 0x38,
  0x0E, 0x07, 0x01, 0xC0, 0xE0, 0x38, 0x1C, 0x07, 0x03, 0x80, 0xE0, 0x70, 0x1C, 0x0E, 0x03, 0x81,
  0xC0, 0x70, 0x38, 0x0E, 0x07, 0x03, 0xC0, 0xFF, 0xF0, 0x1F, 0xFC, 0x03, 0x80, 0x00, 0x70, 0x00,
  0x0E, 0x00, 0x01, 0xC0, 0x00, 0x38, 0x00, 0x00, 0x1F, 0xFC, 0x3F, 0xFC, 0x78, 0x38, 0x78, 0x30,
  0x78, 0x30, 0x78, 0x30, 0x78, 0x30, 0x78, 0x30, 0x78, 0x30, 0x78, 0x30, 0x3F, 0xF0, 0x1F, 0xF0,
  0x00, 0x30, 0x00, 0x30, 0x00, 0x30, 0x00, 0x30, 0x00, 0x30, 0x00, 0x30, 0x00, 0x30, 0x00, 0x38,
  0x00, 0x1C, 0x00, 0x08, 0x00, 0x00, 0x73, 0x9C, 0x00, 0x00, 0x00, 0x00, 0x00, 0x73, 0x98, 0xC0,
  0x1E, 0x0F, 0x82, 0xE0, 0x38, 0x0E, 0x03, 0x80, 0xE0, 0x38, 0x0E, 0x0F, 0xE3, 0xF8, 0x00, 0x00,
  0x00, 0x00, 0x00, 0x00, 0x00, 0x00, 0x00, 0x00, 0x00, 0x3F, 0x1F, 0xE6, 0x19, 0x86, 0x61, 0x98,
  0x66, 0x19, 0x86, 0x7F, 0x8F, 0xC0, 0x00, 0x00, 0x00, 0x00, 0x00, 0x00, 0x00, 0x00, 0x00, 0x00,
  0x00, 0x00, 0x00, 0x02, 0x10, 0x73, 0x83, 0x9C, 0x3C, 0xE1, 0xCE, 0x1C, 0x61, 0xCE, 0x39, 0xC7,
  0x1C, 0x73, 0x82, 0x00, 0x00, 0x00, 0x00, 0x00, 0x00, 0x00, 0x00, 0x01, 0x00, 0x18, 0x06, 0x00,
  0xF0, 0x0C, 0x01, 0xE0, 0x38, 0x00, 0xC0, 0x60, 0x01, 0x80, 0xC0, 0x03, 0x03, 0x80, 0x06, 0x06,
  0x00, 0x0C, 0x0C, 0x00, 0x18, 0x30, 0x70, 0x30, 0x61, 0xE1, 0xFD, 0xC7, 0xC3, 0xFB, 0x0D, 0x80,
  0x06, 0x3B, 0x00, 0x18, 0x66, 0x00, 0x31, 0x8C, 0x00, 0xE7, 0xFC, 0x01, 0x8F, 0xF8, 0x03, 0x00,
  0x60, 0x0E, 0x00, 0xC0, 0x18, 0x01, 0x80, 0x30, 0x00, 0x00, 0x00, 0x03, 0x80, 0x38, 0x06, 0x00,
  0xF0, 0x0C, 0x01, 0xE0, 0x38, 0x00, 0xC0, 0x60, 0x01, 0x80, 0xC0, 0x03, 0x03, 0x00, 0x06, 0x06,
  0x00, 0x0C, 0x1C, 0x00, 0x18, 0x33, 0xE0, 0x30, 0x67, 0xE1, 0xFD, 0xD8, 0xC3, 0xFB, 0x31, 0xC0,
  0x06, 0x03, 0x00, 0x1C, 0x0E, 0x00, 0x30, 0x18, 0x00, 0x60, 0x60, 0x01, 0x81, 0x90, 0x03, 0x07,
  0x30, 0x06, 0x1F, 0xE0, 0x18, 0x3F, 0xC0, 0x30, 0x00, 0x00, 0x00, 0x01, 0x80, 0x3C, 0x03, 0x00,
  0xFC, 0x0E, 0x03, 0x9C, 0x18, 0x06, 0x18, 0x30, 0x00, 0x30, 0xC0, 0x03, 0xC1, 0x80, 0x0F, 0x87,
  0x00, 0x01, 0x8C, 0x00, 0xC3, 0x18, 0x71, 0xC6, 0x71, 0xE1, 0xFC, 0xC7, 0xC3, 0xF1, 0x8D, 0x80,
  0x06, 0x33, 0x00, 0x0C, 0x66, 0x00, 0x39, 0x8C, 0x00, 0x67, 0xFC, 0x00, 0xCF, 0xF8, 0x03, 0x80,
  0x60, 0x06, 0x00, 0xC0, 0x1C, 0x01, 0x80, 0x10, 0x00, 0x00, 0x03, 0x80, 0x0E, 0x00, 0x38, 0x00,
  0x00, 0x00, 0x00, 0x00, 0x00, 0x30, 0x01, 0xC0, 0x0E, 0x00, 0x70, 0x03, 0xC0, 0x1E, 0x00, 0x70,
  0x01, 0xC0, 0xC7, 0x03, 0x1C, 0x1C, 0x38, 0x70, 0xFF, 0x81, 0xFC, 0x00, 0x00, 0x03, 0x00, 0x01,
  0xE0, 0x00, 0xF8, 0x00, 0x00, 0x00, 0x7F, 0x00, 0x3F, 0x80, 0x0F, 0x80, 0x07, 0xC0, 0x07, 0x70,
  0x03, 0xB8, 0x01, 0xDC, 0x00, 0xC6, 0x00, 0xE3, 0x80, 0x71, 0xC0, 0x30, 0x60, 0x38, 0x38, 0x1F,
  0xFC, 0x0F, 0xFE, 0x06, 0x03, 0x87, 0x01, 0xC3, 0x80, 0xE3, 0xC0, 0x3B, 0xF0, 0x7F, 0xF8, 0x3F,
  0x00, 0x60, 0x00, 0xF0, 0x00, 0xF8, 0x00, 0x00, 0x00, 0x7F, 0x00, 0x3F, 0x80, 0x0F, 0x80, 0x07,
  0xC0, 0x07, 0x70, 0x03, 0xB8, 0x01, 0xDC, 0x00, 0xC6, 0x00, 0xE3, 0x80, 0x71, 0xC0, 0x30, 0x60,
  0x38, 0x38, 0x1F, 0xFC, 0x0F, 0xFE, 0x06, 0x03, 0x87, 0x01, 0xC3, 0x80, 0xE3, 0xC0, 0x3B, 0xF0,
  0x7F, 0xF8, 0x3F, 0x03, 0xE0, 0x03, 0xF8, 0x00, 0x00, 0x00, 0x00, 0x00, 0x7F, 0x00, 0x3F, 0x80,
  0x0F, 0x80, 0x07, 0xC0, 0x07, 0x70, 0x03, 0xB8, 0x01, 0xDC, 0x00, 0xC6, 0x00, 0xE3, 0x80, 0x71,
  0xC0, 0x30, 0x60, 0x38, 0x38, 0x1F, 0xFC, 0x0F, 0xFE, 0x06, 0x03, 0x87, 0x01, 0xC3, 0x80, 0xE3,
  0xC0, 0x3B, 0xF0, 0x7F, 0xF8, 0x3F, 0x03, 0xF0, 0x03, 0xF0, 0x00, 0x00, 0x00, 0x00, 0x00, 0x7F,
  0x00, 0x3F, 0x80, 0x0F, 0x80, 0x07, 0xC0, 0x07, 0x70, 0x03, 0xB8, 0x01, 0xDC, 0x00, 0xC6, 0x00,
  0xE3, 0x80, 0x71, 0xC0, 0x30, 0x60, 0x38, 0x38, 0x1F, 0xFC, 0x0F, 0xFE, 0x06, 0x03, 0x87, 0x01,
  0xC3, 0x80, 0xE3, 0xC0, 0x3B, 0xF0, 0x7F, 0xF8, 0x3F, 0x07, 0x30, 0x03, 0x98, 0x00, 0x00, 0x00,
  0x00, 0x00, 0x7F, 0x00, 0x3F, 0x80, 0x0F, 0x80, 0x07, 0xC0, 0x07, 0x70, 0x03, 0xB8, 0x01, 0xDC,
  0x00, 0xC6, 0x00, 0xE3, 0x80, 0x71, 0xC0, 0x30, 0x60, 0x38, 0x38, 0x1F, 0xFC, 0x0F, 0xFE, 0x06,
  0x03, 0x87, 0x01, 0xC3, 0x80, 0xE3, 0xC0, 0x3B, 0xF0, 0x7F, 0xF8, 0x3F, 0x01, 0xC0, 0x01, 0xB0,
  0x00, 0xD8, 0x00, 0x38, 0x00, 0x00, 0x00, 0x3F, 0x80, 0x1F, 0xC0, 0x07, 0xC0, 0x03, 0xE0, 0x03,
  0xB8, 0x01, 0xDC, 0x00, 0xEE, 0x00, 0x63, 0x00, 0x71, 0xC0, 0x38, 0xE0, 0x18, 0x30, 0x1C, 0x1C,
  0x0F, 0xFE, 0x07, 0xFF, 0x03, 0x01, 0xC3, 0x80, 0xE1, 0xC0, 0x71, 0xE0, 0x1D, 0xF8, 0x3F, 0xFC,
  0x1F, 0x80, 0x07, 0xFF, 0xFE, 0x03, 0xFF, 0xFF, 0x00, 0xE3, 0x83, 0x80, 0x61, 0xC1, 0xC0, 0x70,
  0xE0, 0xE0, 0x38, 0x70, 0x00, 0x1C, 0x38, 0x00, 0x0C, 0x1C, 0x00, 0x0E, 0x0E, 0x00, 0x07, 0xFF,
  0xFC, 0x03, 0xFF, 0xFE, 0x03, 0x81, 0xC0, 0x01, 0xC0, 0xE0, 0x00, 0xC0, 0x70, 0x00, 0x60, 0x38,
  0x00, 0x70, 0x1C, 0x1C, 0x38, 0x0E, 0x0E, 0x18, 0x07, 0x07, 0x3F, 0x0F, 0xFF, 0x9F, 0x87, 0xFF,
  0xC0, 0x0F, 0xF0, 0x1F, 0xF8, 0x3C, 0x3C, 0x38, 0x1C, 0x38, 0x0C, 0x38, 0x0C, 0x38, 0x00, 0x38,
  0x00, 0x38, 0x00, 0x38, 0x00, 0x38, 0x00, 0x38, 0x00, 0x38, 0x00, 0x38, 0x00, 0x38, 0x0C, 0x38,
  0x0C, 0x38, 0x1C, 0x3C, 0x3C, 0x1F, 0xF8, 0x0F, 0xF0, 0x01, 0x80, 0x03, 0x80, 0x03, 0x00, 0x03,
  0x00, 0x03, 0x00, 0x03, 0xE0, 0x00, 0xF8, 0x00, 0x00, 0x03, 0xFF, 0xE1, 0xFF, 0xF0, 0x30, 0x38,
  0x18, 0x1C, 0x0C, 0x0E, 0x06, 0x00, 0x03, 0x00, 0x01, 0x80, 0x00, 0xC0, 0x00, 0x7F, 0xC0, 0x3F,
  0xE0, 0x18, 0x00, 0x0C, 0x00, 0x06, 0x00, 0x03, 0x00, 0x01, 0x81, 0xC0, 0xC0, 0xE0, 0x60, 0x70,
  0xFF, 0xF8, 0x7F, 0xFC, 0x00, 0x60, 0x01, 0xF0, 0x01, 0xF8, 0x00, 0x00, 0x03, 0xFF, 0xE1, 0xFF,
  0xF0, 0x30, 0x38, 0x18, 0x1C, 0x0C, 0x0E, 0x06, 0x00, 0x03, 0x00, 0x01, 0x80, 0x00, 0xC0, 0x00,
  0x7F, 0xC0, 0x3F, 0xE0, 0x18, 0x00, 0x0C, 0x00, 0x06, 0x00, 0x03, 0x00, 0x01, 0x81, 0xC0, 0xC0,
  0xE0, 0x60, 0x70, 0xFF, 0xF8, 0x7F, 0xFC, 0x03, 0xC0, 0x03, 0xF8, 0x00, 0x00, 0x00, 0x00, 0x03,
  0xFF, 0xE1, 0xFF, 0xF0, 0x30, 0x38, 0x18, 0x1C, 0x0C, 0x0E, 0x06, 0x00, 0x03, 0x00, 0x01, 0x80,
  0x00, 0xC0, 0x00, 0x7F, 0xC0, 0x3F, 0xE0, 0x18, 0x00, 0x0C, 0x00, 0x06, 0x00, 0x03, 0x00, 0x01,
  0x81, 0xC0, 0xC0, 0xE0, 0x60, 0x70, 0xFF, 0xF8, 0x7F, 0xFC, 0x0E, 0x70, 0x07, 0x38, 0x00, 0x00,
  0x00, 0x00, 0x03, 0xFF, 0xE1, 0xFF, 0xF0, 0x30, 0x38, 0x18, 0x1C, 0x0C, 0x0E, 0x06, 0x00, 0x03,
  0x00, 0x01, 0x80, 0x00, 0xC0, 0x00, 0x7F, 0xC0, 0x3F, 0xE0, 0x18, 0x00, 0x0C, 0x00, 0x06, 0x00,
  0x03, 0x00, 0x01, 0x81, 0xC0, 0xC0, 0xE0, 0x60, 0x70, 0xFF, 0xF8, 0x7F, 0xFC, 0x18, 0x0F, 0x81,
  0xF0, 0x00, 0x3F, 0x8F, 0xE0, 0xE0, 0x30, 0x0C, 0x03, 0x00, 0xC0, 0x30, 0x0C, 0x03, 0x00, 0xC0,
  0x30, 0x0C, 0x03, 0x00, 0xC0, 0x30, 0x0C, 0x03, 0x83, 0xF8, 0xFE, 0x03, 0x07, 0xC3, 0xF0, 0x00,
  0x3F, 0x8F, 0xE0, 0xE0, 0x30, 0x0C, 0x03, 0x00, 0xC0, 0x30, 0x0C, 0x03, 0x00, 0xC0, 0x30, 0x0C,
  0x03, 0x00, 0xC0, 0x30, 0x0C, 0x03, 0x83, 0xF8, 0xFE, 0x1E, 0x0F, 0xE0, 0x00, 0x00, 0x3F, 0x8F,
  0xE0, 0xE0, 0x30, 0x0C, 0x03, 0x00, 0xC0, 0x30, 0x0C, 0x03, 0x00, 0xC0, 0x30, 0x0C, 0x03, 0x00,
  0xC0, 0x30, 0x0C, 0x03, 0x83, 0xF8, 0xFE, 0x73, 0x9C, 0xE0, 0x00, 0x00, 0x3F, 0x8F, 0xE0, 0xE0,
  0x30, 0x0C, 0x03, 0x00, 0xC0, 0x30, 0x0C, 0x03, 0x00, 0xC0, 0x30, 0x0C, 0x03, 0x00, 0xC0, 0x30,
  0x0C, 0x03, 0x83, 0xF8, 0xFE, 0x3F, 0xFC, 0x0F, 0xFF, 0x80, 0xE0, 0xE0, 0x30, 0x1C, 0x0C, 0x07,
  0x03, 0x01, 0xC0, 0xC0, 0x70, 0x30, 0x1C, 0x0C, 0x07, 0x0F, 0xF1, 0xC3, 0xFC, 0x70, 0x38, 0x1C,
  0x0C, 0x07, 0x03, 0x01, 0xC0, 0xC0, 0x70, 0x30, 0x1C, 0x0C, 0x07, 0x03, 0x83, 0xC3, 0xFF, 0xE0,
  0xFF, 0xF0, 0x00, 0xFC, 0x00, 0x0F, 0xC0, 0x00, 0x00, 0x00, 0x00, 0x00, 0x03, 0xF0, 0x7E, 0x1F,
  0x83, 0xF0, 0x3E, 0x07, 0x01, 0xF0, 0x38, 0x0F, 0xC1, 0xC0, 0x6E, 0x0E, 0x03, 0x38, 0x70, 0x19,
  0xC3, 0x80, 0xC6, 0x1C, 0x06, 0x38, 0xE0, 0x31, 0xC7, 0x01, 0x87, 0x38, 0x0C, 0x39, 0xC0, 0x60,
  0xEE, 0x03, 0x07, 0x70, 0x18, 0x1F, 0x80, 0xC0, 0xFC, 0x07, 0x03, 0xE0, 0xFC, 0x1F, 0x07, 0xE0,
  0x78, 0x03, 0x00, 0x01, 0xE0, 0x00, 0xF8, 0x00, 0x00, 0x00, 0xFF, 0x80, 0xFF, 0xE0, 0xF0, 0x70,
  0x70, 0x1C, 0x38, 0x0E, 0x1C, 0x07, 0x0E, 0x03, 0x87, 0x01, 0xC3, 0x80, 0xE1, 0xC0, 0x70, 0xE0,
  0x38, 0x70, 0x1C, 0x38, 0x0E, 0x1C, 0x07, 0x0E, 0x03, 0x87, 0x01, 0xC3, 0x80, 0xE1, 0xE0, 0xF0,
  0x7F, 0xF0, 0x1F, 0xF0, 0x00, 0x60, 0x00, 0xF0, 0x00, 0xF8, 0x00, 0x00, 0x00, 0xFF, 0x80, 0xFF,
  0xE0, 0xF0, 0x70, 0x70, 0x1C, 0x38, 0x0E, 0x1C, 0x07, 0x0E, 0x03, 0x87, 0x01, 0xC3, 0x80, 0xE1,
  0xC0, 0x70, 0xE0, 0x38, 0x70, 0x1C, 0x38, 0x0E, 0x1C, 0x07, 0x0E, 0x03, 0x87, 0x01, 0xC3, 0x80,
  0xE1, 0xE0, 0xF0, 0x7F, 0xF0, 0x1F, 0xF0, 0x03, 0xE0, 0x03, 0xF8, 0x00, 0x00, 0x00, 0x00, 0x00,
  0xFF, 0x80, 0xFF, 0xE0, 0xF0, 0x70, 0x70, 0x1C, 0x38, 0x0E, 0x1C, 0x07, 0x0E, 0x03, 0x87, 0x01,
  0xC3, 0x80, 0xE1, 0xC0, 0x70, 0xE0, 0x38, 0x70, 0x1C, 0x38, 0x0E, 0x1C, 0x07, 0x0E, 0x03, 0x87,
  0x01, 0xC3, 0x80, 0xE1, 0xE0, 0xF0, 0x7F, 0xF0, 0x1F, 0xF0, 0x03, 0xF0, 0x03, 0xF0, 0x00, 0x00,
  0x00, 0x00, 0x00, 0xFF, 0x80, 0xFF, 0xE0, 0xF0, 0x70, 0x70, 0x1C, 0x38, 0x0E, 0x1C, 0x07, 0x0E,
  0x03, 0x87, 0x01, 0xC3, 0x80, 0xE1, 0xC0, 0x70, 0xE0, 0x38, 0x70, 0x1C, 0x38, 0x0E, 0x1C, 0x07,
  0x0E, 0x03, 0x87, 0x01, 0xC3, 0x80, 0xE1, 0xE0, 0xF0, 0x7F, 0xF0, 0x1F, 0xF0, 0x06, 0x70, 0x03,
  0x38, 0x00, 0x00, 0x00, 0x00, 0x00, 0xFF, 0x80, 0xFF, 0xE0, 0xF0, 0x70, 0x70, 0x1C, 0x38, 0x0E,
  0x1C, 0x07, 0x0E, 0x03, 0x87, 0x01, 0xC3, 0x80, 0xE1, 0xC0, 0x70, 0xE0, 0x38, 0x70, 0x1C, 0x38,
  0x0E, 0x1C, 0x07, 0x0E, 0x03, 0x87, 0x01, 0xC3, 0x80, 0xE1, 0xE0, 0xF0, 0x7F, 0xF0, 0x1F, 0xF0,
  0x00, 0x00, 0x04, 0x04, 0x07, 0x07, 0x01, 0xC7, 0x00, 0x7F, 0x00, 0x1F, 0x00, 0x07, 0x00, 0x07,
  0xC0, 0x07, 0x70, 0x07, 0x1C, 0x07, 0x07, 0x00, 0x00, 0x00, 0x00, 0x00, 0x00, 0x00, 0x00, 0x00,
  0x00, 0x00, 0x00, 0x02, 0x00, 0x03, 0x00, 0x01, 0x01, 0xFF, 0x81, 0xFF, 0xC1, 0xE0, 0xE0, 0xE0,
  0x78, 0x70, 0x7C, 0x38, 0x3E, 0x1C, 0x37, 0x0E, 0x1B, 0x87, 0x19, 0xC3, 0x8C, 0xE1, 0xCC, 0x70,
  0xE6, 0x38, 0x76, 0x1C, 0x3B, 0x0E, 0x1F, 0x07, 0x0F, 0x83, 0x87, 0x81, 0xC3, 0xC1, 0xE0, 0xFF,
  0xE0, 0x7F, 0xE0, 0x20, 0x00, 0x30, 0x00, 0x10, 0x00, 0x00, 0x01, 0x80, 0x00, 0x3E, 0x00, 0x07,
  0xC0, 0x00, 0x00, 0x03, 0xF0, 0xFC, 0x7E, 0x1F, 0x87, 0x01, 0xC0, 0xE0, 0x38, 0x1C, 0x07, 0x03,
  0x80, 0xE0, 0x70, 0x1C, 0x0E, 0x03, 0x81, 0xC0, 0x70, 0x38, 0x0E, 0x07, 0x01, 0xC0, 0xE0, 0x38,
  0x1C, 0x07, 0x03, 0x80, 0xE0, 0x70, 0x1C, 0x0E, 0x03, 0x81, 0xC0, 0x70, 0x1C, 0x1E, 0x01, 0xFF,
  0x80, 0x3F, 0xE0, 0x00, 0x30, 0x00, 0x1E, 0x00, 0x07, 0xC0, 0x00, 0x00, 0x03, 0xF0, 0xFC, 0x7E,
  0x1F, 0x87, 0x01, 0xC0, 0xE0, 0x38, 0x1C, 0x07, 0x03, 0x80, 0xE0, 0x70, 0x1C, 0x0E, 0x03, 0x81,
  0xC0, 0x70, 0x38, 0x0E, 0x07, 0x01, 0xC0, 0xE0, 0x38, 0x1C, 0x07, 0x03, 0x80, 0xE0, 0x70, 0x1C,
  0x0E, 0x03, 0x81, 0xC0, 0x70, 0x1C, 0x1E, 0x01, 0xFF, 0x80, 0x3F, 0xE0, 0x01, 0xF0, 0x00, 0x7F,
  0x00, 0x00, 0x00, 0x00, 0x00, 0x03, 0xF0, 0xFC, 0x7E, 0x1F, 0x87, 0x01, 0xC0, 0xE0, 0x38, 0x1C,
  0x07, 0x03, 0x80, 0xE0, 0x70, 0x1C, 0x0E, 0x03, 0x81, 0xC0, 0x70, 0x38, 0x0E, 0x07, 0x01, 0xC0,
  0xE0, 0x38, 0x1C, 0x07, 0x03, 0x80, 0xE0, 0x70, 0x1C, 0x0E, 0x03, 0x81, 0xC0, 0x70, 0x1C, 0x1E,
  0x01, 0xFF, 0x80, 0x3F, 0xE0, 0x03, 0x98, 0x00, 0x73, 0x00, 0x00, 0x00, 0x00, 0x00, 0x03, 0xF0,
  0xFC, 0x7E, 0x1F, 0x87, 0x01, 0xC0, 0xE0, 0x38, 0x1C, 0x07, 0x03, 0x80, 0xE0, 0x70, 0x1C, 0x0E,
  0x03, 0x81, 0xC0, 0x70, 0x38, 0x0E, 0x07, 0x01, 0xC0, 0xE0, 0x38, 0x1C, 0x07, 0x03, 0x80, 0xE0,
  0x70, 0x1C, 0x0E, 0x03, 0x81, 0xC0, 0x70, 0x1C, 0x1E, 0x01, 0xFF, 0x80, 0x3F, 0xE0, 0x00, 0xC0,
  0x03, 0xE0, 0x07, 0xC0, 0x00, 0x00, 0xFC, 0x3E, 0xFC, 0x3E, 0x38, 0x1C, 0x38, 0x1C, 0x18, 0x18,
  0x1C, 0x38, 0x1C, 0x30, 0x0C, 0x70, 0x0E, 0x60, 0x06, 0xE0, 0x07, 0xE0, 0x03, 0xC0, 0x03, 0xC0,
  0x03, 0x80, 0x01, 0x80, 0x01, 0x80, 0x01, 0x80, 0x03, 0x80, 0x0F, 0xF0, 0x0F, 0xF0, 0x3C, 0x00,
  0x3C, 0x00, 0x0C, 0x00, 0x0C, 0x00, 0x0F, 0xF8, 0x0F, 0xFC, 0x0E, 0x1E, 0x0C, 0x0E, 0x0C, 0x06,
  0x0C, 0x06, 0x0C, 0x06, 0x0C, 0x06, 0x0C, 0x06, 0x0E, 0x1E, 0x0F, 0xFC, 0x0F, 0xF8, 0x0C, 0x00,
  0x0C, 0x00, 0x3C, 0x00, 0x3C, 0x00, 0x07, 0xF8, 0x00, 0xFF, 0x00, 0x38, 0x70, 0x0E, 0x07, 0x01,
  0xC0, 0xE0, 0x38, 0x1C, 0x07, 0x03, 0x80, 0xE0, 0x70, 0x1C, 0x1C, 0x03, 0x87, 0x00, 0x73, 0xFC,
  0x0E, 0x7F, 0xC1, 0xC0, 0x38, 0x38, 0x07, 0x07, 0x00, 0xE0, 0xE0, 0x1C, 0x1D, 0x83, 0x83, 0xB8,
  0xE1, 0xF3, 0xF8, 0x3E, 0x3E, 0x00, 0x00, 0x00, 0x01, 0xC0, 0x00, 0xF8, 0x00, 0x3C, 0x00, 0x00,
  0x00, 0x3F, 0x80, 0x1F, 0xC0, 0x07, 0xC0, 0x03, 0x60, 0x03, 0xB8, 0x01, 0xDC, 0x00, 0xC7, 0x00,
  0xE3, 0x80, 0x70, 0xC0, 0x70, 0x70, 0x3F, 0xF8, 0x1F, 0xFC, 0x1C, 0x07, 0x0E, 0x03, 0x87, 0x01,
  0xCF, 0xC1, 0xFF, 0xE0, 0xFC, 0x00, 0x00, 0x00, 0x38, 0x00, 0x7C, 0x00, 0x38, 0x00, 0x00, 0x00,
  0x3F, 0x80, 0x1F, 0xC0, 0x07, 0xC0, 0x03, 0x60, 0x03, 0xB8, 0x01, 0xDC, 0x00, 0xC7, 0x00, 0xE3,
  0x80, 0x70, 0xC0, 0x70, 0x70, 0x3F, 0xF8, 0x1F, 0xFC, 0x1C, 0x07, 0x0E, 0x03, 0x87, 0x01, 0xCF,
  0xC1, 0xFF, 0xE0, 0xFC, 0x03, 0xE0, 0x03, 0xF8, 0x00, 0x00, 0x00, 0x00, 0x00, 0x7F, 0x00, 0x3F,
  0x80, 0x0F, 0x80, 0x06, 0xC0, 0x07, 0x70, 0x03, 0xB8, 0x01, 0x8E, 0x01, 0xC7, 0x00, 0xE1, 0x80,
  0xE0, 0xE0, 0x7F, 0xF0, 0x3F, 0xF8, 0x38, 0x0E, 0x1C, 0x07, 0x0E, 0x03, 0x9F, 0x83, 0xFF, 0xC1,
  0xF8, 0x03, 0xF0, 0x03, 0xF0, 0x00, 0x00, 0x00, 0x00, 0x00, 0x7F, 0x00, 0x3F, 0x80, 0x0F, 0x80,
  0x06, 0xC0, 0x07, 0x70, 0x03, 0xB8, 0x01, 0x8E, 0x01, 0xC7, 0x00, 0xE1, 0x80, 0xE0, 0xE0, 0x7F,
  0xF0, 0x3F, 0xF8, 0x38, 0x0E, 0x1C, 0x07, 0x0E, 0x03, 0x9F, 0x83, 0xFF, 0xC1, 0xF8, 0x07, 0x30,
  0x03, 0x98, 0x00, 0x00, 0x00, 0x00, 0x00, 0x7F, 0x00, 0x3F, 0x80, 0x0F, 0x80, 0x06, 0xC0, 0x07,
  0x70, 0x03, 0xB8, 0x01, 0x8E, 0x01, 0xC7, 0x00, 0xE1, 0x80, 0xE0, 0xE0, 0x7F, 0xF0, 0x3F, 0xF8,
  0x38, 0x0E, 0x1C, 0x07, 0x0E, 0x03, 0x9F, 0x83, 0xFF, 0xC1, 0xF8, 0x01, 0xC0, 0x01, 0xB0, 0x00,
  0x70, 0x00, 0x00, 0x00, 0x00, 0x00, 0x3F, 0x80, 0x1F, 0xC0, 0x07, 0xC0, 0x03, 0x60, 0x03, 0xB8,
  0x01, 0xDC, 0x00, 0xC7, 0x00, 0xE3, 0x80, 0x70, 0xC0, 0x70, 0x70, 0x3F, 0xF8, 0x1F, 0xFC, 0x1C,
  0x07, 0x0E, 0x03, 0x87, 0x01, 0xCF, 0xC1, 0xFF, 0xE0, 0xFC, 0x07, 0xFF, 0xFE, 0x03, 0xFF, 0xFF,
  0x00, 0xE3, 0x83, 0x80, 0x61, 0xC1, 0xC0, 0x70, 0xE0, 0xE0, 0x38, 0x70, 0x20, 0x18, 0x38, 0x00,
  0x1C, 0x1C, 0x00, 0x0F, 0xFF, 0xF8, 0x0F, 0xFF, 0xFC, 0x07, 0x03, 0x80, 0x03, 0x81, 0xC0, 0x03,
  0x80, 0xE0, 0xE1, 0xC0, 0x70, 0x70, 0xE0, 0x38, 0x39, 0xF8, 0x7F, 0xFC, 0xFC, 0x3F, 0xFE, 0x00,
  0x0F, 0xF0, 0x1F, 0xF8, 0x3C, 0x3C, 0x38, 0x1C, 0x38, 0x0C, 0x38, 0x0C, 0x38, 0x00, 0x38, 0x00,
  0x38, 0x00, 0x38, 0x00, 0x38, 0x00, 0x38, 0x0C, 0x38, 0x0C, 0x38, 0x1C, 0x3C, 0x3C, 0x1F, 0xF8,
  0x0F, 0xF0, 0x01, 0x80, 0x03, 0x80, 0x03, 0x00, 0x03, 0x00, 0x00, 0x00, 0x01, 0xC0, 0x01, 0xF8,
  0x00, 0x3C, 0x00, 0x00, 0x01, 0xFF, 0xF0, 0xFF, 0xF8, 0x18, 0x1C, 0x0C, 0x0E, 0x06, 0x07, 0x03,
  0x01, 0x01, 0x80, 0x00, 0xC0, 0x00, 0x7F, 0xC0, 0x3F, 0xE0, 0x18, 0x00, 0x0C, 0x00, 0x06, 0x07,
  0x03, 0x03, 0x81, 0x81, 0xC3, 0xFF, 0xE1, 0xFF, 0xF0, 0x00, 0x00, 0x00, 0x78, 0x00, 0xFC, 0x00,
  0x38, 0x00, 0x00, 0x01, 0xFF, 0xF0, 0xFF, 0xF8, 0x18, 0x1C, 0x0C, 0x0E, 0x06, 0x07, 0x03, 0x01,
  0x01, 0x80, 0x00, 0xC0, 0x00, 0x7F, 0xC0, 0x3F, 0xE0, 0x18, 0x00, 0x0C, 0x00, 0x06, 0x07, 0x03,
  0x03, 0x81, 0x81, 0xC3, 0xFF, 0xE1, 0xFF, 0xF0, 0x03, 0xC0, 0x03, 0xF8, 0x00, 0x00, 0x00, 0x00,
  0x03, 0xFF, 0xE1, 0xFF, 0xF0, 0x30, 0x38, 0x18, 0x1C, 0x0C, 0x0E, 0x06, 0x02, 0x03, 0x00, 0x01,
  0x80, 0x00, 0xFF, 0x80, 0x7F, 0xC0, 0x30, 0x00, 0x18, 0x00, 0x0C, 0x0E, 0x06, 0x07, 0x03, 0x03,
  0x87, 0xFF, 0xC3, 0xFF, 0xE0, 0x0E, 0x70, 0x07, 0x38, 0x00, 0x00, 0x00, 0x00, 0x03, 0xFF, 0xE1,
  0xFF, 0xF0, 0x30, 0x38, 0x18, 0x1C, 0x0C, 0x0E, 0x06, 0x02, 0x03, 0x00, 0x01, 0x80, 0x00, 0xFF,
  0x80, 0x7F, 0xC0, 0x30, 0x00, 0x18, 0x00, 0x0C, 0x0E, 0x06, 0x07, 0x03, 0x03, 0x87, 0xFF, 0xC3,
  0xFF, 0xE0, 0x00, 0x0F, 0x03, 0xF0, 0x3C, 0x00, 0x0F, 0xE3, 0xF8, 0x38, 0x0C, 0x03, 0x00, 0xC0,
  0x30, 0x0C, 0x03, 0x00, 0xC0, 0x30, 0x0C, 0x03, 0x00, 0xC0, 0x38, 0x3F, 0x8F, 0xE0, 0x00, 0x03,
  0xC3, 0xF0, 0x70, 0x00, 0x0F, 0xE3, 0xF8, 0x38, 0x0C, 0x03, 0x00, 0xC0, 0x30, 0x0C, 0x03, 0x00,
  0xC0, 0x30, 0x0C, 0x03, 0x00, 0xC0, 0x38, 0x3F, 0x8F, 0xE0, 0x1E, 0x0F, 0xE0, 0x00, 0x00, 0x3F,
  0x8F, 0xE0, 0xE0, 0x30, 0x0C, 0x03, 0x00, 0xC0, 0x30, 0x0C, 0x03, 0x00, 0xC0, 0x30, 0x0C, 0x03,
  0x00, 0xE0, 0xFE, 0x3F, 0x80, 0x73, 0x9C, 0xE0, 0x00, 0x00, 0x3F, 0x8F, 0xE0, 0xE0, 0x30, 0x0C,
  0x03, 0x00, 0xC0, 0x30, 0x0C, 0x03, 0x00, 0xC0, 0x30, 0x0C, 0x03, 0x00, 0xE0, 0xFE, 0x3F, 0x80,
  0x3F, 0xFC, 0x0F, 0xFF, 0x80, 0xE0, 0xE0, 0x30, 0x1C, 0x0C, 0x07, 0x03, 0x01, 0xC0, 0xC0, 0x70,
  0x38, 0x1C, 0x3F, 0xC7, 0x0F, 0xF1, 0xC0, 0xC0, 0x70, 0x30, 0x1C, 0x0C, 0x07, 0x03, 0x01, 0xC0,
  0xE0, 0xF0, 0xFF, 0xF8, 0x3F, 0xFC, 0x00, 0x00, 0xFC, 0x00, 0x0F, 0xC0, 0x00, 0x00, 0x00, 0x00,
  0x00, 0x03, 0xF0, 0x7E, 0x1F, 0x83, 0xF0, 0x3E, 0x07, 0x01, 0xF0, 0x38, 0x0D, 0xC1, 0xC0, 0x67,
  0x0E, 0x03, 0x38, 0x70, 0x18, 0xE3, 0x80, 0xC7, 0x1C, 0x06, 0x1C, 0xE0, 0x30, 0xE7, 0x01, 0x83,
  0xB8, 0x0C, 0x1D, 0xC0, 0x60, 0x7E, 0x03, 0x83, 0xF0, 0x7E, 0x0F, 0x83, 0xF0, 0x7C, 0x00, 0x00,
  0x00, 0x01, 0xC0, 0x00, 0xF8, 0x00, 0x3C, 0x00, 0x00, 0x00, 0x7F, 0xC0, 0x7F, 0xF0, 0x78, 0x3C,
  0x38, 0x0E, 0x1C, 0x07, 0x0E, 0x03, 0x87, 0x01, 0xC3, 0x80, 0xE1, 0xC0, 0x70, 0xE0, 0x38, 0x70,
  0x1C, 0x38, 0x0E, 0x1C, 0x07, 0x0E, 0x03, 0x87, 0x83, 0xC1, 0xFF, 0xC0, 0x7F, 0xC0, 0x00, 0x00,
  0x00, 0x38, 0x00, 0xFC, 0x00, 0x38, 0x00, 0x00, 0x00, 0x7F, 0xC0, 0x7F, 0xF0, 0x78, 0x3C, 0x38,
  0x0E, 0x1C, 0x07, 0x0E, 0x03, 0x87, 0x01, 0xC3, 0x80, 0xE1, 0xC0, 0x70, 0xE0, 0x38, 0x70, 0x1C,
  0x38, 0x0E, 0x1C, 0x07, 0x0E, 0x03, 0x87, 0x83, 0xC1, 0xFF, 0xC0, 0x7F, 0xC0, 0x03, 0xE0, 0x03,
  0xF8, 0x00, 0x00, 0x00, 0x00, 0x00, 0xFF, 0x80, 0xFF, 0xE0, 0xF0, 0x78, 0x70, 0x1C, 0x38, 0x0E,
  0x1C, 0x07, 0x0E, 0x03, 0x87, 0x01, 0xC3, 0x80, 0xE1, 0xC0, 0x70, 0xE0, 0x38, 0x70, 0x1C, 0x38,
  0x0E, 0x1C, 0x07, 0x0F, 0x07, 0x83, 0xFF, 0x80, 0xFF, 0x80, 0x03, 0xF0, 0x03, 0xF0, 0x00, 0x00,
  0x00, 0x00, 0x00, 0xFF, 0x80, 0xFF, 0xE0, 0xF0, 0x78, 0x70, 0x1C, 0x38, 0x0E, 0x1C, 0x07, 0x0E,
  0x03, 0x87, 0x01, 0xC3, 0x80, 0xE1, 0xC0, 0x70, 0xE0, 0x38, 0x70, 0x1C, 0x38, 0x0E, 0x1C, 0x07,
  0x0F, 0x07, 0x83, 0xFF, 0x80, 0xFF, 0x80, 0x06, 0x70, 0x03, 0x38, 0x00, 0x00, 0x00, 0x00, 0x00,
  0xFF, 0x80, 0xFF, 0xE0, 0xF0, 0x78, 0x70, 0x1C, 0x38, 0x0E, 0x1C, 0x07, 0x0E, 0x03, 0x87, 0x01,
  0xC3, 0x80, 0xE1, 0xC0, 0x70, 0xE0, 0x38, 0x70, 0x1C, 0x38, 0x0E, 0x1C, 0x07, 0x0F, 0x07, 0x83,
  0xFF, 0x80, 0xFF, 0x80, 0x01, 0xC0, 0x00, 0xE0, 0x00, 0x70, 0x00, 0x00, 0x00, 0x00, 0x00, 0x00,
  0x00, 0x7F, 0xF0, 0x3F, 0xF8, 0x00, 0x00, 0x00, 0x00, 0x00, 0x70, 0x00, 0x38, 0x00, 0x1C, 0x00,
  0x00, 0x00, 0x00, 0x00, 0x00, 0x00, 0x00, 0x00, 0x00, 0x00, 0x00, 0x00, 0x01, 0x80, 0x01, 0x80,
  0x00, 0xC0, 0xFF, 0xC0, 0xFF, 0xE0, 0xF0, 0x78, 0x70, 0x3C, 0x38, 0x3E, 0x1C, 0x37, 0x0E, 0x1B,
  0x87, 0x19, 0xC3, 0x88, 0xE1, 0xCC, 0x70, 0xEC, 0x38, 0x76, 0x1C, 0x3E, 0x0E, 0x1E, 0x07, 0x0F,
  0x07, 0x83, 0xFF, 0x81, 0xFF, 0x81, 0x80, 0x01, 0x80, 0x00, 0xC0, 0x00, 0x00, 0x00, 0x00, 0x00,
  0x00, 0x00, 0x38, 0x00, 0x07, 0xC0, 0x00, 0x78, 0x00, 0x00, 0x00, 0x7E, 0x1F, 0x8F, 0xC3, 0xF0,
  0xE0, 0x38, 0x1C, 0x07, 0x03, 0x80, 0xE0, 0x70, 0x1C, 0x0E, 0x03, 0x81, 0xC0, 0x70, 0x38, 0x0E,
  0x07, 0x01, 0xC0, 0xE0, 0x38, 0x1C, 0x07, 0x03, 0x80, 0xE0, 0x70, 0x1C, 0x07, 0x07, 0x80, 0x7F,
  0xE0, 0x0F, 0xF8, 0x00, 0x00, 0x00, 0x00, 0x07, 0x00, 0x03, 0xE0, 0x00, 0x78, 0x00, 0x00, 0x00,
  0x7E, 0x1F, 0x8F, 0xC3, 0xF0, 0xE0, 0x38, 0x1C, 0x07, 0x03, 0x80, 0xE0, 0x70, 0x1C, 0x0E, 0x03,
  0x81, 0xC0, 0x70, 0x38, 0x0E, 0x07, 0x01, 0xC0, 0xE0, 0x38, 0x1C, 0x07, 0x03, 0x80, 0xE0, 0x70,
  0x1C, 0x07, 0x07, 0x80, 0x7F, 0xE0, 0x0F, 0xF8, 0x00, 0x01, 0xF0, 0x00, 0x7F, 0x00, 0x00, 0x00,
  0x00, 0x00, 0x03, 0xF0, 0xFC, 0x7E, 0x1F, 0x87, 0x01, 0xC0, 0xE0, 0x38, 0x1C, 0x07, 0x03, 0x80,
  0xE0, 0x70, 0x1C, 0x0E, 0x03, 0x81, 0xC0, 0x70, 0x38, 0x0E, 0x07, 0x01, 0xC0, 0xE0, 0x38, 0x1C,
  0x07, 0x03, 0x80, 0xE0, 0x38, 0x3C, 0x03, 0xFF, 0x00, 0x7F, 0xC0, 0x03, 0x98, 0x00, 0x73, 0x00,
  0x00, 0x00, 0x00, 0x00, 0x03, 0xF0, 0xFC, 0x7E, 0x1F, 0x87, 0x01, 0xC0, 0xE0, 0x38, 0x1C, 0x07,
  0x03, 0x80, 0xE0, 0x70, 0x1C, 0x0E, 0x03, 0x81, 0xC0, 0x70, 0x38, 0x0E, 0x07, 0x01, 0xC0, 0xE0,
  0x38, 0x1C, 0x07, 0x03, 0x80, 0xE0, 0x38, 0x3C, 0x03, 0xFF, 0x00, 0x7F, 0xC0, 0x00, 0x00, 0x00,
  0xE0, 0x03, 0xE0, 0x03, 0xC0, 0x00, 0x00, 0xFC, 0x3E, 0xFC, 0x3E, 0x38, 0x1C, 0x18, 0x18, 0x1C,
  0x38, 0x0C, 0x30, 0x0E, 0x70, 0x06, 0x60, 0x07, 0xE0, 0x03, 0xC0, 0x03, 0xC0, 0x03, 0x80, 0x01,
  0x80, 0x01, 0x80, 0x03, 0x80, 0x0F, 0xF0, 0x0F, 0xF0, 0x3C, 0x00, 0x3C, 0x00, 0x0C, 0x00, 0x0F,
  0xF8, 0x0F, 0xFC, 0x0E, 0x1E, 0x0C, 0x0E, 0x0C, 0x06, 0x0C, 0x06, 0x0C, 0x06, 0x0C, 0x0E, 0x0E,
  0x1E, 0x0F, 0xFC, 0x0F, 0xF8, 0x0C, 0x00, 0x3C, 0x00, 0x3C, 0x00, 0x0E, 0x70, 0x0E, 0x70, 0x00,
  0x00, 0x00, 0x00, 0xFC, 0x3E, 0xFC, 0x3E, 0x38, 0x1C, 0x18, 0x18, 0x1C, 0x38, 0x0C, 0x30, 0x0E,
  0x70, 0x06, 0x60, 0x07, 0xE0, 0x03, 0xC0, 0x03, 0xC0, 0x03, 0x80, 0x01, 0x80, 0x01, 0x80, 0x03,
  0x80, 0x0F, 0xF0, 0x0F, 0xF0,
};

static const GFXglyph PROGMEM Graduate26Glyphs[] = {
  {    0,  1,  1,  9,   0,   0}, //  
  {    1,  7, 20,  7,   0, -20}, // !
  {   19, 10, 21, 10,   0, -21}, // "
  {   46, 18, 20, 17,  -1, -20}, // #
  {   91, 17, 25, 17,   0, -22}, // $
  {  145, 24, 22, 24,   0, -21}, // %
  {  211, 18, 20, 18,   0, -20}, // &
  {  256,  6, 21,  6,   0, -21}, // apostrophe
  {  272,  9, 25,  9,   0, -22}, // (
  {  301,  9, 25,  9,   0, -22}, // )
  {  330, 12, 21, 12,   0, -21}, // *
  {  362, 17, 15, 17,   0, -15}, // +
  {  394,  5,  7,  5,   0,  -4}, // ,
  {  399, 13, 12, 13,   0, -12}, // -
  {  419,  5,  3,  5,   0,  -3}, // .
  {  421, 11, 24, 10,   0, -22}, // /
  {  454, 17, 20, 17,   0, -20}, // 0
  {  497, 17, 20, 17,   0, -20}, // 1
  {  540, 17, 20, 17,   0, -20}, // 2
  {  583, 17, 20, 17,   0, -20}, // 3
  {  626, 17, 20, 17,   0, -20}, // 4
  {  669, 17, 20, 17,   0, -20}, // 5
  {  712, 17, 20, 17,   0, -20}, // 6
  {  755, 17, 20, 17,   0, -20}, // 7
  {  798, 17, 20, 17,   0, -20}, // 8
  {  841, 17, 20, 17,   0, -20}, // 9
  {  884,  5, 14,  5,   0, -14}, // :
  {  893,  5, 17,  5,   0, -14}, // ;
  {  904, 17, 16, 17,   0, -16}, // <
  {  938, 17, 15, 17,   0, -15}, // =
  {  970, 17, 16, 17,   0, -16}, // >
  { 1004, 14, 20, 14,   0, -20}, // ?
  { 1039, 25, 23, 25,   0, -20}, // @
  { 1111, 17, 20, 17,   0, -20}, // A
  { 1154, 18, 20, 18,   0, -20}, // B
  { 1199, 16, 20, 16,   0, -20}, // C
  { 1239, 18, 20, 18,   0, -20}, // D
  { 1284, 17, 20, 17,   0, -20}, // E
  { 1327, 16, 20, 16,   0, -20}, // F
  { 1367, 16, 20, 16,   0, -20}, // G
  { 1407, 21, 20, 21,   0, -20}, // H
  { 1460, 10, 20, 10,   0, -20}, // I
  { 1485, 14, 20, 14,   0, -20}, // J
  { 1520, 17, 20, 17,   0, -20}, // K
  { 1563, 14, 20, 14,   0, -20}, // L
  { 1598, 25, 20, 25,   0, -20}, // M
  { 1661, 21, 20, 21,   0, -20}, // N
  { 1714, 17, 20, 17,   0, -20}, // O
  { 1757, 16, 20, 16,   0, -20}, // P
  { 1797, 17, 23, 17,   0, -20}, // Q
  { 1846, 18, 20, 18,   0, -20}, // R
  { 1891, 16, 20, 16,   0, -20}, // S
  { 1931, 15, 20, 15,   0, -20}, // T
  { 1969, 19, 20, 19,   0, -20}, // U
  { 2017, 18, 20, 18,   0, -20}, // V
  { 2062, 27, 20, 27,   0, -20}, // W
  { 2130, 17, 20, 17,   0, -20}, // X
  { 2173, 16, 20, 16,   0, -20}, // Y
  { 2213, 16, 20, 16,   0, -20}, // Z
  { 2253,  9, 25,  9,   0, -22}, // [
  { 2282, 11, 24, 10,   0, -22}, // backslash
  { 2315,  9, 25,  9,   0, -22}, // ]
  { 2344, 17, 20, 17,   0, -20}, // ^
  { 2387, 16,  3, 16,   0,  -1}, // _
  { 2393, 11, 22, 11,   0, -22}, // `
  { 2424, 17, 17, 17,   0, -17}, // a
  { 2461, 18, 17, 18,   0, -17}, // b
  { 2500, 16, 17, 16,   0, -17}, // c
  { 2534, 18, 17, 18,   0, -17}, // d
  { 2573, 17, 17, 17,   0, -17}, // e
  { 2610, 16, 17, 16,   0, -17}, // f
  { 2644, 16, 17, 16,   0, -17}, // g
  { 2678, 21, 17, 21,   0, -17}, // h
  { 2723, 10, 17, 10,   0, -17}, // i
  { 2745, 14, 17, 14,   0, -17}, // j
  { 2775, 17, 17, 17,   0, -17}, // k
  { 2812, 14, 17, 14,   0, -17}, // l
  { 2842, 25, 17, 25,   0, -17}, // m
  { 2896, 21, 17, 21,   0, -17}, // n
  { 2941, 17, 17, 17,   0, -17}, // o
  { 2978, 16, 17, 16,   0, -17}, // p
  { 3012, 17, 20, 17,   0, -17}, // q
  { 3055, 18, 17, 18,   0, -17}, // r
  { 3094, 16, 17, 16,   0, -17}, // s
  { 3128, 15, 17, 15,   0, -17}, // t
  { 3160, 19, 17, 19,   0, -17}, // u
  { 3201, 18, 17, 18,   0, -17}, // v
  { 3240, 27, 17, 27,   0, -17}, // w
  { 3298, 17, 17, 17,   0, -17}, // x
  { 3335, 16, 17, 16,   0, -17}, // y
  { 3369, 16, 17, 16,   0, -17}, // z
  { 3403,  9, 25,  9,   0, -22}, // {
  { 3432,  8, 24,  8,   0, -22}, // |
  { 3456,  9, 25,  9,   0, -22}, // }
  { 3485, 17, 12, 17,   0, -12}, // ~
  { 3511, 17, 20, 17,   0, -20}, // 
  { 3554, 17, 20, 17,   0, -20}, // 
  { 3597, 17, 20, 17,   0, -20}, // 
  { 3640, 17, 20, 17,   0, -20}, // 
  { 3683, 17, 20, 17,   0, -20}, // 
  { 3726, 17, 20, 17,   0, -20}, // 
  { 3769, 17, 20, 17,   0, -20}, // 
  { 3812, 17, 20, 17,   0, -20}, // 
  { 3855, 17, 20, 17,   0, -20}, // 
  { 3898, 17, 20, 17,   0, -20}, // 
  { 3941, 17, 20, 17,   0, -20}, // 
  { 3984, 17, 20, 17,   0, -20}, // 
  { 4027, 17, 20, 17,   0, -20}, // 
  { 4070, 17, 20, 17,   0, -20}, // 
  { 4113, 17, 20, 17,   0, -20}, // 
  { 4156, 17, 20, 17,   0, -20}, // 
  { 4199, 17, 20, 17,   0, -20}, // 
  { 4242, 17, 20, 17,   0, -20}, // 
  { 4285, 17, 20, 17,   0, -20}, // 
  { 4328, 17, 20, 17,   0, -20}, // 
  { 4371, 17, 20, 17,   0, -20}, // 
  { 4414, 17, 20, 17,   0, -20}, // 
  { 4457, 17, 20, 17,   0, -20}, // 
  { 4500, 17, 20, 17,   0, -20}, // 
  { 4543, 17, 20, 17,   0, -20}, // 
  { 4586, 17, 20, 17,   0, -20}, // 
  { 4629, 17, 20, 17,   0, -20}, // 
  { 4672, 17, 20, 17,   0, -20}, // 
  { 4715, 17, 20, 17,   0, -20}, // 
  { 4758, 17, 20, 17,   0, -20}, // 
  { 4801, 17, 20, 17,   0, -20}, // 
  { 4844, 17, 20, 17,   0, -20}, // 
  { 4887, 17, 20, 17,   0, -20}, // 
  { 4930,  1,  1,  9,   0,   0}, //  
  { 4931,  7, 20,  7,   0, -17}, // ¡
  { 4949, 17, 20, 17,   0, -20}, // ¢
  { 4992, 17, 20, 17,   0, -20}, // £
  { 5035, 17, 20, 17,   0, -20}, // ¤
  { 5078, 17, 20, 17,   0, -20}, // ¥
  { 5121,  8, 24,  8,   0, -22}, // ¦
  { 5145, 16, 23, 16,   0, -20}, // §
  { 5191, 10, 22, 10,   0, -22}, // ¨
  { 5219, 18, 22, 18,   0, -22}, // ©
  { 5269, 11, 20, 10,   0, -20}, // ª
  { 5297, 12, 16, 12,   0, -16}, // «
  { 5321, 17, 12, 17,   0, -12}, // ¬
  { 5347, 17, 20, 17,   0, -20}, // ­
  { 5390, 18, 21, 18,   0, -21}, // ®
  { 5438,  9, 22,  9,   0, -22}, // ¯
  { 5463, 10, 21, 10,   0, -21}, // °
  { 5490, 17, 15, 17,   0, -15}, // ±
  { 5522, 10, 20, 10,   0, -20}, // ²
  { 5547, 10, 20, 10,   0, -20}, // ³
  { 5572, 11, 22, 11,   0, -22}, // ´
  { 5603, 19, 22, 19,   0, -17}, // µ
  { 5656, 16, 23, 16,   0, -20}, // ¶
  { 5702,  5, 11,  5,   0, -11}, // ·
  { 5709,  5,  4,  5,   0,   0}, // ¸
  { 5712, 10, 20, 10,   0, -20}, // ¹
  { 5737, 10, 20, 10,   0, -20}, // º
  { 5762, 12, 16, 12,   0, -16}, // »
  { 5786, 23, 22, 23,   0, -21}, // ¼
  { 5850, 23, 22, 23,   0, -21}, // ½
  { 5914, 23, 22, 23,   0, -21}, // ¾
  { 5978, 14, 20, 14,   0, -17}, // ¿
  { 6013, 17, 24, 17,   0, -24}, // À
  { 6064, 17, 24, 17,   0, -24}, // Á
  { 6115, 17, 24, 17,   0, -24}, // Â
  { 6166, 17, 24, 17,   0, -24}, // Ã
  { 6217, 17, 24, 17,   0, -24}, // Ä
  { 6268, 17, 25, 17,   0, -25}, // Å
  { 6322, 25, 20, 25,   0, -20}, // Æ
  { 6385, 16, 24, 16,   0, -20}, // Ç
  { 6433, 17, 24, 17,   0, -24}, // È
  { 6484, 17, 24, 17,   0, -24}, // É
  { 6535, 17, 24, 17,   0, -24}, // Ê
  { 6586, 17, 24, 17,   0, -24}, // Ë
  { 6637, 10, 24, 10,   0, -24}, // Ì
  { 6667, 10, 24, 10,   0, -24}, // Í
  { 6697, 10, 24, 10,   0, -24}, // Î
  { 6727, 10, 24, 10,   0, -24}, // Ï
  { 6757, 18, 20, 18,   0, -20}, // Ð
  { 6802, 21, 24, 21,   0, -24}, // Ñ
  { 6865, 17, 24, 17,   0, -24}, // Ò
  { 6916, 17, 24, 17,   0, -24}, // Ó
  { 6967, 17, 24, 17,   0, -24}, // Ô
  { 7018, 17, 24, 17,   0, -24}, // Õ
  { 7069, 17, 24, 17,   0, -24}, // Ö
  { 7120, 17, 16, 17,   0, -16}, // ×
  { 7154, 17, 26, 17,   0, -23}, // Ø
  { 7210, 19, 24, 19,   0, -24}, // Ù
  { 7267, 19, 24, 19,   0, -24}, // Ú
  { 7324, 19, 24, 19,   0, -24}, // Û
  { 7381, 19, 24, 19,   0, -24}, // Ü
  { 7438, 16, 24, 16,   0, -24}, // Ý
  { 7486, 16, 20, 16,   0, -20}, // Þ
  { 7526, 19, 20, 19,   0, -20}, // ß
  { 7574, 17, 22, 17,   0, -22}, // à
  { 7621, 17, 22, 17,   0, -22}, // á
  { 7668, 17, 21, 17,   0, -21}, // â
  { 7713, 17, 21, 17,   0, -21}, // ã
  { 7758, 17, 21, 17,   0, -21}, // ä
  { 7803, 17, 22, 17,   0, -22}, // å
  { 7850, 25, 17, 25,   0, -17}, // æ
  { 7904, 16, 21, 16,   0, -17}, // ç
  { 7946, 17, 22, 17,   0, -22}, // è
  { 7993, 17, 22, 17,   0, -22}, // é
  { 8040, 17, 21, 17,   0, -21}, // ê
  { 8085, 17, 21, 17,   0, -21}, // ë
  { 8130, 10, 22, 10,   0, -22}, // ì
  { 8158, 10, 22, 10,   0, -22}, // í
  { 8186, 10, 21, 10,   0, -21}, // î
  { 8213, 10, 21, 10,   0, -21}, // ï
  { 8240, 18, 17, 18,   0, -17}, // ð
  { 8279, 21, 21, 21,   0, -21}, // ñ
  { 8335, 17, 22, 17,   0, -22}, // ò
  { 8382, 17, 22, 17,   0, -22}, // ó
  { 8429, 17, 21, 17,   0, -21}, // ô
  { 8474, 17, 21, 17,   0, -21}, // õ
  { 8519, 17, 21, 17,   0, -21}, // ö
  { 8564, 17, 17, 17,   0, -17}, // ÷
  { 8601, 17, 25, 17,   0, -21}, // ø
  { 8655, 19, 22, 19,   0, -22}, // ù
  { 8708, 19, 22, 19,   0, -22}, // ú
  { 8761, 19, 21, 19,   0, -21}, // û
  { 8811, 19, 21, 19,   0, -21}, // ü
  { 8861, 16, 22, 16,   0, -22}, // ý
  { 8905, 16, 17, 16,   0, -17}, // þ
  { 8939, 16, 21, 16,   0, -21}, // ÿ
};

static const GFXfont PROGMEM Graduate26 = {
  (uint8_t *)Graduate26Bitmaps,
  (GFXglyph *)Graduate26Glyphs,
  0x20, 0xFF, 30
};

static const uint8_t PROGMEM Graduate42Bitmaps[] = {
  0x00, 0x1F, 0x03, 0xE0, 0x7C, 0x0F, 0x81, 0xF0, 0x3E, 0x07, 0xC0, 0xF8, 0x1F, 0x03, 0xE0, 0x7C,
  0x0F, 0x81, 0xF0, 0x3C, 0x03, 0x80, 0x70, 0x0E, 0x01, 0xC0, 0x38, 0x07, 0x00, 0xE0, 0x18, 0x00,
  0x00, 0x00, 0x00, 0x00, 0x00, 0x7C, 0x0F, 0x81, 0xF0, 0x3E, 0x07, 0xC0, 0x1E, 0x3C, 0x0F, 0x1E,
  0x07, 0x8F, 0x03, 0xC7, 0x81, 0xE3, 0xC0, 0xF1, 0xE0, 0x78, 0xE0, 0x1C, 0x70, 0x0C, 0x38, 0x06,
  0x0C, 0x00, 0x00, 0x00, 0x00, 0x00, 0x00, 0x00, 0x00, 0x00, 0x00, 0x00, 0x00, 0x00, 0x00, 0x00,
  0x00, 0x00, 0x00, 0x00, 0x00, 0x00, 0x00, 0x00, 0x00, 0x00, 0x00, 0x00, 0x00, 0x00, 0x00, 0x00,
  0x00, 0x00, 0x00, 0x00, 0x00, 0x00, 0x00, 0x00, 0x00, 0x00, 0x00, 0x00, 0x00, 0x00, 0x00, 0x00,
  0x00, 0x00, 0x00, 0x00, 0x1E, 0x01, 0xC0, 0x00, 0xE0, 0x0E, 0x00, 0x07, 0x00, 0xF0, 0x00, 0x78,
  0x07, 0x80, 0x03, 0xC0, 0x38, 0x00, 0x1C, 0x01, 0xC0, 0x01, 0xE0, 0x1E, 0x00, 0x0F, 0x00, 0xE0,
  0x07, 0xFF, 0xFF, 0xF0, 0x7F, 0xFF, 0xFF, 0x83, 0xFF, 0xFF, 0xFC, 0x01, 0xE0, 0x1C, 0x00, 0x0E,
  0x00, 0xE0, 0x00, 0x70, 0x0F, 0x00, 0x07, 0x80, 0x78, 0x00, 0x38, 0x03, 0x80, 0x01, 0xC0, 0x3C,
  0x00, 0x1E, 0x01, 0xE0, 0x00, 0xF0, 0x0E, 0x00, 0x07, 0x00, 0x70, 0x07, 0xFF, 0xFF, 0xF8, 0x3F,
  0xFF, 0xFF, 0xC1, 0xFF, 0xFF, 0xFC, 0x00, 0xE0, 0x0E, 0x00, 0x07, 0x00, 0xF0, 0x00, 0x78, 0x07,
  0x00, 0x03, 0x80, 0x38, 0x00, 0x1C, 0x03, 0xC0, 0x01, 0xE0, 0x1E, 0x00, 0x0F, 0x00, 0xE0, 0x00,
  0x70, 0x07, 0x00, 0x00, 0x00, 0x06, 0x00, 0x00, 0x01, 0xE0, 0x00, 0x00, 0x3C, 0x00, 0x00, 0x07,
  0x80, 0x00, 0x00, 0xF0, 0x00, 0x01, 0xFF, 0xF0, 0x00, 0x7F, 0xFF, 0x00, 0x1F, 0xFF, 0xF0, 0x07,
  0xFF, 0xFF, 0x01, 0xF1, 0xE1, 0xC0, 0x3E, 0x3C, 0x10, 0x07, 0x87, 0x80, 0x00, 0xF0, 0xF0, 0x00,
  0x1E, 0x1E, 0x00, 0x03, 0xC3, 0xC0, 0x00, 0x78, 0x78, 0x00, 0x0F, 0x0F, 0x00, 0x01, 0xF1, 0xE0,
  0x00, 0x1F, 0xFF, 0xC0, 0x01, 0xFF, 0xFC, 0x00, 0x1F, 0xFF, 0xC0, 0x01, 0xFF, 0xFC, 0x00, 0x03,
  0xCF, 0xC0, 0x00, 0x78, 0xF8, 0x00, 0x0F, 0x0F, 0x00, 0x01, 0xE1, 0xE0, 0x00, 0x3C, 0x3C, 0x00,
  0x07, 0x87, 0x80, 0x00, 0xF0, 0xF0, 0x00, 0x1E, 0x1E, 0x01, 0x83, 0xC3, 0xC0, 0x78, 0x78, 0xF8,
  0x0F, 0xFF, 0xFE, 0x01, 0xFF, 0xFF, 0x80, 0x1F, 0xFF, 0xE0, 0x01, 0xFF, 0xF8, 0x00, 0x00, 0xF0,
  0x00, 0x00, 0x1E, 0x00, 0x00, 0x03, 0xC0, 0x00, 0x00, 0x78, 0x00, 0x00, 0x00, 0x00, 0x60, 0x00,
  0x00, 0x00, 0x01, 0xE0, 0x00, 0x1F, 0xE0, 0x03, 0x80, 0x00, 0x7F, 0xE0, 0x0F, 0x00, 0x01, 0xFF,
  0xE0, 0x1C, 0x00, 0x03, 0x81, 0xE0, 0x38, 0x00, 0x07, 0x01, 0xC0, 0xF0, 0x00, 0x0E, 0x03, 0x81,
  0xC0, 0x00, 0x1C, 0x07, 0x07, 0x80, 0x00, 0x38, 0x0E, 0x0E, 0x00, 0x00, 0x70, 0x1C, 0x1C, 0x00,
  0x00, 0xE0, 0x38, 0x78, 0x00, 0x01, 0xC0, 0x70, 0xE0, 0x00, 0x03, 0x80, 0xE1, 0xC0, 0x00, 0x07,
  0x01, 0xC7, 0x8F, 0xF0, 0x0E, 0x03, 0x8E, 0x3F, 0xF0, 0x1C, 0x07, 0x3C, 0xFF, 0xF0, 0x3C, 0x1E,
  0x71, 0xE0, 0xF0, 0x7F, 0xF8, 0xE3, 0x80, 0xE0, 0x7F, 0xE3, 0xC7, 0x01, 0xC0, 0x7F, 0x87, 0x0E,
  0x03, 0x80, 0x00, 0x1E, 0x1C, 0x07, 0x00, 0x00, 0x3C, 0x38, 0x0E, 0x00, 0x00, 0x70, 0x70, 0x1C,
  0x00, 0x01, 0xE0, 0xE0, 0x38, 0x00, 0x03, 0x81, 0xC0, 0x70, 0x00, 0x07, 0x03, 0x80, 0xE0, 0x00,
  0x1E, 0x07, 0x01, 0xC0, 0x00, 0x38, 0x0E, 0x03, 0x80, 0x00, 0xF0, 0x1C, 0x0F, 0x00, 0x01, 0xE0,
  0x3F, 0xFC, 0x00, 0x03, 0x80, 0x3F, 0xF0, 0x00, 0x0F, 0x00, 0x3F, 0xC0, 0x00, 0x1C, 0x00, 0x00,
  0x00, 0x00, 0x38, 0x00, 0x00, 0x00, 0x00, 0x3F, 0xE0, 0x00, 0x07, 0xFF, 0x00, 0x00, 0xFF, 0xF8,
  0x00, 0x1F, 0xFF, 0xC0, 0x03, 0xE0, 0x3E, 0x00, 0x3C, 0x01, 0xE0, 0x03, 0xC0, 0x0E, 0x00, 0x3C,
  0x00, 0xE0, 0x03, 0xC0, 0x00, 0x00, 0x3C, 0x00, 0x00, 0x03, 0xE0, 0x00, 0x00, 0x1F, 0x00, 0x00,
  0x00, 0xF0, 0x00, 0x00, 0xFF, 0x80, 0x3C, 0x1F, 0xFC, 0x07, 0xC1, 0xFF, 0xE0, 0xFC, 0x3F, 0xFE,
  0x0F, 0xC3, 0xC1, 0xF1, 0xE0, 0x3C, 0x0F, 0x9E, 0x03, 0xC0, 0xFB, 0xC0, 0x3C, 0x07, 0xFC, 0x03,
  0xC0, 0x3F, 0x80, 0x3C, 0x01, 0xF0, 0x03, 0xC0, 0x1F, 0x00, 0x3C, 0x01, 0xF8, 0x03, 0xC0, 0x1F,
  0xC0, 0x3E, 0x03, 0xFC, 0x01, 0xFF, 0xFB, 0xFE, 0x0F, 0xFF, 0x9F, 0xF0, 0x7F, 0xF1, 0xFF, 0x03,
  0xFF, 0x0F, 0xF0, 0x1E, 0x07, 0x81, 0xE0, 0x78, 0x1E, 0x07, 0x81, 0xE0, 0x38, 0x0C, 0x03, 0x00,
  0x00, 0x00, 0x00, 0x00, 0x00, 0x00, 0x00, 0x00, 0x00, 0x00, 0x00, 0x00, 0x00, 0x00, 0x00, 0x00,
  0x00, 0x00, 0x00, 0x00, 0x00, 0x00, 0x00, 0x00, 0x00, 0x00, 0x00, 0x00, 0x00, 0x00, 0xF8, 0x03,
  0xF8, 0x07, 0xF0, 0x1F, 0xE0, 0x3C, 0x00, 0xF8, 0x01, 0xF0, 0x07, 0xC0, 0x0F, 0x80, 0x1E, 0x00,
  0x3C, 0x00, 0x78, 0x00, 0xF0, 0x01, 0xE0, 0x03, 0xC0, 0x07, 0x80, 0x0F, 0x00, 0x1E, 0x00, 0x3C,
  0x00, 0x78, 0x00, 0xF0, 0x01, 0xE0, 0x03, 0xC0, 0x07, 0x80, 0x0F, 0x00, 0x1E, 0x00, 0x3C, 0x00,
  0x78, 0x00, 0xF0, 0x01, 0xE0, 0x03, 0xC0, 0x07, 0x80, 0x0F, 0x80, 0x0F, 0x00, 0x1F, 0x00, 0x1E,
  0x00, 0x3F, 0x80, 0x3F, 0x80, 0x7F, 0x00, 0x7E, 0x7E, 0x00, 0xFC, 0x01, 0xFC, 0x03, 0xF8, 0x00,
  0xF8, 0x00, 0xF0, 0x01, 0xF0, 0x01, 0xE0, 0x03, 0xE0, 0x03, 0xC0, 0x07, 0x80, 0x0F, 0x00, 0x1E,
  0x00, 0x3C, 0x00, 0x78, 0x00, 0xF0, 0x01, 0xE0, 0x03, 0xC0, 0x07, 0x80, 0x0F, 0x00, 0x1E, 0x00,
  0x3C, 0x00, 0x78, 0x00, 0xF0, 0x01, 0xE0, 0x03, 0xC0, 0x07, 0x80, 0x0F, 0x00, 0x1E, 0x00, 0x3C,
  0x00, 0x78, 0x01, 0xF0, 0x03, 0xE0, 0x0F, 0x80, 0x1F, 0x00, 0x3C, 0x07, 0xF8, 0x0F, 0xE0, 0x1F,
  0xC0, 0x3F, 0x00, 0x00, 0xF0, 0x00, 0x0F, 0x00, 0x00, 0xF0, 0x00, 0x0F, 0x00, 0x38, 0xE1, 0x83,
  0xEE, 0xFC, 0x3F, 0xFF, 0xC1, 0xFF, 0xF8, 0x01, 0xF8, 0x00, 0x1F, 0x80, 0x03, 0xFC, 0x00, 0x79,
  0xE0, 0x0F, 0x9E, 0x00, 0xF0, 0xF0, 0x06, 0x0C, 0x00, 0x00, 0x00, 0x00, 0x00, 0x00, 0x00, 0x00,
  0x00, 0x00, 0x00, 0x00, 0x00, 0x00, 0x00, 0x00, 0x00, 0x00, 0x00, 0x00, 0x00, 0x00, 0x00, 0x00,
  0x00, 0x00, 0x00, 0x00, 0x00, 0x00, 0x00, 0x00, 0x00, 0x00, 0x00, 0x00, 0x00, 0x00, 0x00, 0x00,
  0x00, 0x00, 0x00, 0x00, 0x00, 0x00, 0x00, 0x0E, 0x00, 0x00, 0x01, 0xC0, 0x00, 0x00, 0x38, 0x00,
  0x00, 0x07, 0x00, 0x00, 0x00, 0xE0, 0x00, 0x00, 0x1C, 0x00, 0x01, 0xFF, 0xFF, 0x00, 0x3F, 0xFF,
  0xF0, 0x07, 0xFF, 0xFE, 0x00, 0xFF, 0xFF, 0xC0, 0x00, 0x38, 0x00, 0x00, 0x07, 0x00, 0x00, 0x00,
  0xE0, 0x00, 0x00, 0x1C, 0x00, 0x00, 0x03, 0x80, 0x00, 0x00, 0x70, 0x00, 0x00, 0x0E, 0x00, 0x00,
  0x00, 0x00, 0x00, 0x00, 0x00, 0x00, 0x00, 0x00, 0x00, 0x00, 0x00, 0x00, 0x00, 0x00, 0x00, 0x00,
  0x00, 0x00, 0x00, 0x00, 0x00, 0x00, 0x00, 0x3C, 0x3C, 0x3C, 0x3C, 0x3C, 0x3C, 0x38, 0x38, 0x38,
  0x30, 0x0F, 0xFF, 0x80, 0x7F, 0xFC, 0x03, 0xFF, 0xE0, 0x1F, 0xFF, 0x00, 0x00, 0x00, 0x00, 0x00,
  0x00, 0x00, 0x00, 0x00, 0x00, 0x00, 0x00, 0x00, 0x00, 0x00, 0x00, 0x00, 0x00, 0x00, 0x00, 0x00,
  0x00, 0x00, 0x00, 0x00, 0x00, 0x00, 0x00, 0x00, 0x00, 0x00, 0x00, 0x00, 0x00, 0x00, 0x00, 0x00,
  0x00, 0x3C, 0x3C, 0x3C, 0x3C, 0x3C, 0x00, 0x07, 0x00, 0x07, 0x80, 0x03, 0xC0, 0x01, 0xC0, 0x01,
  0xE0, 0x00, 0xF0, 0x00, 0x70, 0x00, 0x78, 0x00, 0x3C, 0x00, 0x1C, 0x00, 0x1E, 0x00, 0x0E, 0x00,
  0x07, 0x00, 0x07, 0x80, 0x03, 0x80, 0x01, 0xC0, 0x01, 0xE0, 0x00, 0xE0, 0x00, 0x70, 0x00, 0x78,
  0x00, 0x38, 0x00, 0x1C, 0x00, 0x1E, 0x00, 0x0E, 0x00, 0x07, 0x00, 0x07, 0x80, 0x03, 0x80, 0x01,
  0xC0, 0x01, 0xE0, 0x00, 0xE0, 0x00, 0x70, 0x00, 0x78, 0x00, 0x38, 0x00, 0x1C, 0x00, 0x1E, 0x00,
  0x0E, 0x00, 0x07, 0x00, 0x07, 0x80, 0x00, 0x01, 0xFF, 0xF0, 0x00, 0x7F, 0xFF, 0x00, 0x1F, 0xFF,
  0xF0, 0x07, 0xFF, 0xFF, 0x01, 0xF8, 0x01, 0xF0, 0x3E, 0x00, 0x1E, 0x07, 0x80, 0x03, 0xC0, 0xF0,
  0x00, 0x78, 0x1E, 0x00, 0x0F, 0x03, 0xC0, 0x01, 0xE0, 0x78, 0x00, 0x3C, 0x0F, 0x00, 0x07, 0x81,
  0xE0, 0x00, 0xF0, 0x3C, 0x3E, 0x1E, 0x07, 0x87, 0xC3, 0xC0, 0xF0, 0xF8, 0x78, 0x1E, 0x1F, 0x0F,
  0x03, 0xC3, 0xE1, 0xE0, 0x78, 0x00, 0x3C, 0x0F, 0x00, 0x07, 0x81, 0xE0, 0x00, 0xF0, 0x3C, 0x00,
  0x1E, 0x07, 0x80, 0x03, 0xC0, 0xF0, 0x00, 0x78, 0x1E, 0x00, 0x0F, 0x03, 0xE0, 0x01, 0xE0, 0x7E,
  0x00, 0x7C, 0x07, 0xFF, 0xFF, 0x00, 0x7F, 0xFF, 0xC0, 0x07, 0xFF, 0xF0, 0x00, 0x7F, 0xFC, 0x00,
  0x00, 0x0F, 0x80, 0x00, 0x07, 0xF0, 0x00, 0x03, 0xFE, 0x00, 0x01, 0xFF, 0xC0, 0x00, 0x7F, 0x78,
  0x00, 0x0F, 0x8F, 0x00, 0x00, 0xC1, 0xE0, 0x00, 0x00, 0x3C, 0x00, 0x00, 0x07, 0x80, 0x00, 0x00,
  0xF0, 0x00, 0x00, 0x1E, 0x00, 0x00, 0x03, 0xC0, 0x00, 0x00, 0x78, 0x00, 0x00, 0x0F, 0x00, 0x00,
  0x01, 0xE0, 0x00, 0x00, 0x3C, 0x00, 0x00, 0x07, 0x80, 0x00, 0x00, 0xF0, 0x00, 0x00, 0x1E, 0x00,
  0x00, 0x03, 0xC0, 0x00, 0x00, 0x78, 0x00, 0x00, 0x0F, 0x00, 0x00, 0x01, 0xE0, 0x00, 0x00, 0x3C,
  0x00, 0x00, 0x07, 0x80, 0x00, 0x00, 0xF0, 0x00, 0x00, 0x1E, 0x00, 0x00, 0xFF, 0xFF, 0x00, 0x1F,
  0xFF, 0xE0, 0x03, 0xFF, 0xFC, 0x00, 0x7F, 0xFF, 0x80, 0x00, 0xFF, 0xC0, 0x00, 0x3F, 0xFC, 0x00,
  0x0F, 0xFF, 0xC0, 0x03, 0xFF, 0xFC, 0x00, 0xF8, 0x07, 0xC0, 0x1E, 0x00, 0x78, 0x03, 0x80, 0x0F,
  0x00, 0x70, 0x01, 0xE0, 0x0E, 0x00, 0x3C, 0x01, 0xC0, 0x07, 0x80, 0x00, 0x00, 0xF0, 0x00, 0x00,
  0x1E, 0x00, 0x00, 0x07, 0xC0, 0x00, 0x01, 0xF8, 0x00, 0x00, 0x7E, 0x00, 0x00, 0x0F, 0x80, 0x00,
  0x03, 0xE0, 0x00, 0x00, 0xF8, 0x00, 0x00, 0x3E, 0x00, 0x00, 0x0F, 0x80, 0x00, 0x03, 0xE0, 0x00,
  0x00, 0xF8, 0x00, 0x00, 0x3E, 0x00, 0x00, 0x0F, 0x80, 0xF0, 0x03, 0xE0, 0x1E, 0x00, 0xF8, 0x03,
  0xC0, 0x3E, 0x00, 0x78, 0x07, 0xFF, 0xFF, 0x01, 0xFF, 0xFF, 0xE0, 0x3F, 0xFF, 0xFC, 0x07, 0xFF,
  0xFF, 0x80, 0x00, 0xFF, 0xE0, 0x00, 0x3F, 0xFC, 0x00, 0x0F, 0xFF, 0xC0, 0x03, 0xFF, 0xFC, 0x00,
  0xF8, 0x07, 0xC0, 0x1E, 0x00, 0x78, 0x03, 0x80, 0x0F, 0x00, 0x70, 0x01, 0xE0, 0x0E, 0x00, 0x3C,
  0x01, 0xC0, 0x07, 0x80, 0x00, 0x00, 0xF0, 0x00, 0x00, 0x1E, 0x00, 0x00, 0x07, 0xC0, 0x00, 0x7F,
  0xF8, 0x00, 0x0F, 0xFE, 0x00, 0x01, 0xFF, 0xC0, 0x00, 0x3F, 0xFC, 0x00, 0x00, 0x0F, 0xC0, 0x00,
  0x00, 0xF8, 0x00, 0x00, 0x0F, 0x00, 0x00, 0x01, 0xE0, 0x1C, 0x00, 0x3C, 0x03, 0x80, 0x07, 0x80,
  0x70, 0x00, 0xF0, 0x0E, 0x00, 0x1E, 0x01, 0xE0, 0x03, 0xC0, 0x3E, 0x00, 0xF8, 0x03, 0xFF, 0xFE,
  0x00, 0x3F, 0xFF, 0x80, 0x03, 0xFF, 0xE0, 0x00, 0x7F, 0xF8, 0x00, 0x00, 0x03, 0xF0, 0x00, 0x00,
  0xFE, 0x00, 0x00, 0x3F, 0xC0, 0x00, 0x07, 0xF8, 0x00, 0x01, 0xFF, 0x00, 0x00, 0x7D, 0xE0, 0x00,
  0x0F, 0x3C, 0x00, 0x03, 0xE7, 0x80, 0x00, 0x78, 0xF0, 0x00, 0x1F, 0x1E, 0x00, 0x07, 0xC3, 0xC0,
  0x00, 0xF0, 0x78, 0x00, 0x3E, 0x0F, 0x00, 0x07, 0x81, 0xE0, 0x01, 0xE0, 0x3C, 0x00, 0x7C, 0x07,
  0x80, 0x0F, 0x00, 0xF0, 0x03, 0xE0, 0x1E, 0x00, 0xF8, 0x03, 0xC0, 0x1E, 0x00, 0x78, 0x03, 0xFF,
  0xFF, 0xE0, 0x7F, 0xFF, 0xFC, 0x0F, 0xFF, 0xFF, 0x81, 0xFF, 0xFF, 0xF0, 0x00, 0x00, 0xF0, 0x00,
  0x00, 0x1E, 0x00, 0x00, 0x03, 0xC0, 0x00, 0x03, 0xFF, 0x00, 0x00, 0x7F, 0xE0, 0x00, 0x0F, 0xFC,
  0x00, 0x01, 0xFF, 0x80, 0x07, 0xFF, 0xFE, 0x00, 0xFF, 0xFF, 0xC0, 0x1F, 0xFF, 0xF8, 0x03, 0xFF,
  0xFF, 0x00, 0x70, 0x01, 0xE0, 0x0E, 0x00, 0x3C, 0x01, 0xC0, 0x07, 0x80, 0x38, 0x00, 0xF0, 0x07,
  0x00, 0x00, 0x00, 0xE0, 0x00, 0x00, 0x1C, 0x00, 0x00, 0x03, 0x80, 0x00, 0x00, 0x7F, 0xFF, 0x00,
  0x0F, 0xFF, 0xF0, 0x01, 0xFF, 0xFF, 0x00, 0x3F, 0xFF, 0xF0, 0x00, 0x00, 0x3E, 0x00, 0x00, 0x03,
  0xE0, 0x00, 0x00, 0x7C, 0x00, 0x00, 0x0F, 0x80, 0x00, 0x01, 0xF0, 0x1E, 0x00, 0x3E, 0x03, 0xC0,
  0x07, 0xC0, 0x78, 0x00, 0xF8, 0x0F, 0x00, 0x1F, 0x01, 0xE0, 0x03, 0xE0, 0x3E, 0x00, 0xF8, 0x03,
  0xFF, 0xFF, 0x00, 0x3F, 0xFF, 0xC0, 0x03, 0xFF, 0xF0, 0x00, 0x3F, 0xFC, 0x00, 0x00, 0xFF, 0xE0,
  0x00, 0x3F, 0xFE, 0x00, 0x0F, 0xFF, 0xE0, 0x03, 0xFF, 0xFE, 0x00, 0xF8, 0x07, 0xE0, 0x1E, 0x00,
  0x7C, 0x03, 0xC0, 0x07, 0x80, 0x78, 0x00, 0xF0, 0x0F, 0x00, 0x1E, 0x01, 0xE0, 0x03, 0xC0, 0x3C,
  0x00, 0x00, 0x07, 0x80, 0x00, 0x00, 0xF0, 0x00, 0x00, 0x1F, 0xFF, 0xE0, 0x03, 0xFF, 0xFE, 0x00,
  0x7F, 0xFF, 0xE0, 0x0F, 0xFF, 0xFE, 0x01, 0xE0, 0x07, 0xC0, 0x3C, 0x00, 0x7C, 0x07, 0x80, 0x07,
  0x80, 0xF0, 0x00, 0xF0, 0x1E, 0x00, 0x1E, 0x03, 0xC0, 0x03, 0xC0, 0x78, 0x00, 0x78, 0x0F, 0x00,
  0x0F, 0x01, 0xE0, 0x03, 0xE0, 0x3E, 0x00, 0xF8, 0x03, 0xFF, 0xFF, 0x00, 0x3F, 0xFF, 0xC0, 0x03,
  0xFF, 0xF0, 0x00, 0x3F, 0xFC, 0x00, 0x0F, 0xFF, 0xFE, 0x01, 0xFF, 0xFF, 0xC0, 0x3F, 0xFF, 0xF8,
  0x07, 0xFF, 0xFF, 0x00, 0xE0, 0x01, 0xE0, 0x1C, 0x00, 0x7C, 0x03, 0x80, 0x0F, 0x00, 0x70, 0x01,
  0xE0, 0x00, 0x00, 0x7C, 0x00, 0x00, 0x0F, 0x00, 0x00, 0x03, 0xE0, 0x00, 0x00, 0x78, 0x00, 0x00,
  0x0F, 0x00, 0x00, 0x03, 0xE0, 0x00, 0x00, 0x78, 0x00, 0x00, 0x1F, 0x00, 0x00, 0x03, 0xC0, 0x00,
  0x00, 0x78, 0x00, 0x00, 0x1F, 0x00, 0x00, 0x03, 0xC0, 0x00, 0x00, 0xF8, 0x00, 0x00, 0x1E, 0x00,
  0x00, 0x03, 0xC0, 0x00, 0x00, 0xF8, 0x00, 0x00, 0x1E, 0x00, 0x00, 0x07, 0xC0, 0x00, 0x00, 0xF0,
  0x00, 0x00, 0xFF, 0xC0, 0x00, 0x1F, 0xF8, 0x00, 0x03, 0xFF, 0x00, 0x00, 0x7F, 0xE0, 0x00, 0x00,
  0xFF, 0xE0, 0x00, 0x3F, 0xFE, 0x00, 0x0F, 0xFF, 0xE0, 0x03, 0xFF, 0xFE, 0x00, 0xF8, 0x03, 0xE0,
  0x1F, 0x00, 0x3C, 0x03, 0xC0, 0x07, 0x80, 0x78, 0x00, 0xF0, 0x0F, 0x00, 0x1E, 0x01, 0xE0, 0x03,
  0xC0, 0x3C, 0x00, 0x78, 0x07, 0x80, 0x0F, 0x00, 0xF8, 0x03, 0xE0, 0x0F, 0xFF, 0xF8, 0x00, 0xFF,
  0xFE, 0x00, 0x1F, 0xFF, 0xC0, 0x07, 0xFF, 0xFC, 0x01, 0xF0, 0x07, 0xC0, 0x3C, 0x00, 0x7C, 0x07,
  0x80, 0x07, 0x80, 0xF0, 0x00, 0xF0, 0x1E, 0x00, 0x1E, 0x03, 0xC0, 0x03, 0xC0, 0x78, 0x00, 0x78,
  0x0F, 0x00, 0x0F, 0x01, 0xE0, 0x03, 0xE0, 0x3E, 0x00, 0xF8, 0x03, 0xFF, 0xFF, 0x00, 0x3F, 0xFF,
  0xC0, 0x03, 0xFF, 0xF0, 0x00, 0x3F, 0xFC, 0x00, 0x00, 0xFF, 0xE0, 0x00, 0x3F, 0xFE, 0x00, 0x0F,
  0xFF, 0xE0, 0x03, 0xFF, 0xFE, 0x00, 0xF8, 0x03, 0xE0, 0x1F, 0x00, 0x3C, 0x03, 0xC0, 0x07, 0x80,
  0x78, 0x00, 0xF0, 0x0F, 0x00, 0x1E, 0x01, 0xE0, 0x03, 0xC0, 0x3C, 0x00, 0x78, 0x07, 0x80, 0x0F,
  0x00, 0xF8, 0x01, 0xE0, 0x1F, 0x80, 0x3C, 0x01, 0xFF, 0xFF, 0x80, 0x1F, 0xFF, 0xF0, 0x01, 0xFF,
  0xFE, 0x00, 0x1F, 0xFF, 0xC0, 0x00, 0x00, 0x78, 0x00, 0x00, 0x0F, 0x00, 0x00, 0x01, 0xE0, 0x1E,
  0x00, 0x3C, 0x03, 0xC0, 0x07, 0x80, 0x78, 0x00, 0xF0, 0x0F, 0x00, 0x1E, 0x01, 0xE0, 0x03, 0xC0,
  0x3E, 0x00, 0xF8, 0x03, 0xFF, 0xFE, 0x00, 0x3F, 0xFF, 0x80, 0x03, 0xFF, 0xE0, 0x00, 0x3F, 0xF8,
  0x00, 0x3C, 0x3C, 0x3C, 0x3C, 0x3C, 0x00, 0x00, 0x00, 0x00, 0x00, 0x00, 0x00, 0x00, 0x00, 0x00,
  0x00, 0x00, 0x3C, 0x3C, 0x3C, 0x3C, 0x3C, 0x3C, 0x3C, 0x3C, 0x3C, 0x3C, 0x00, 0x00, 0x00, 0x00,
  0x00, 0x00, 0x00, 0x00, 0x00, 0x00, 0x00, 0x00, 0x3C, 0x3C, 0x3C, 0x3C, 0x3C, 0x3C, 0x38, 0x38,
  0x38, 0x30, 0x00, 0x00, 0x00, 0x00, 0x00, 0x03, 0xC0, 0x00, 0x01, 0xF8, 0x00, 0x00, 0xFE, 0x00,
  0x00, 0x7F, 0x80, 0x00, 0x3F, 0xC0, 0x00, 0x1F, 0xE0, 0x00, 0x0F, 0xE0, 0x00, 0x07, 0xF0, 0x00,
  0x00, 0xF8, 0x00, 0x00, 0x1E, 0x00, 0x00, 0x03, 0xF0, 0x00, 0x00, 0x3F, 0x80, 0x00, 0x01, 0xFC,
  0x00, 0x00, 0x0F, 0xF0, 0x00, 0x00, 0x7F, 0x80, 0x00, 0x03, 0xFC, 0x00, 0x00, 0x1F, 0xC0, 0x00,
  0x00, 0xF8, 0x00, 0x00, 0x07, 0x00, 0x00, 0x00, 0x00, 0x00, 0x00, 0x00, 0x00, 0x00, 0x00, 0x00,
  0x00, 0x00, 0x00, 0x00, 0x00, 0x00, 0x00, 0x00, 0x00, 0x00, 0x07, 0xFF, 0xFC, 0x00, 0xFF, 0xFF,
  0xC0, 0x1F, 0xFF, 0xF8, 0x03, 0xFF, 0xFF, 0x00, 0x00, 0x00, 0x00, 0x00, 0x00, 0x00, 0x00, 0x00,
  0x00, 0x00, 0x00, 0x00, 0x00, 0x00, 0x00, 0x00, 0x00, 0x00, 0x00, 0x00, 0x1F, 0xFF, 0xF0, 0x03,
  0xFF, 0xFF, 0x00, 0x7F, 0xFF, 0xE0, 0x0F, 0xFF, 0xFC, 0x00, 0x00, 0x00, 0x00, 0x00, 0x00, 0x00,
  0x00, 0x00, 0x00, 0x00, 0x00, 0x00, 0x00, 0x00, 0x00, 0x00, 0x00, 0x00, 0x00, 0x00, 0x00, 0x00,
  0x00, 0x00, 0x00, 0x00, 0x00, 0x00, 0x00, 0x00, 0x04, 0x00, 0x00, 0x00, 0xE0, 0x00, 0x00, 0x1F,
  0x00, 0x00, 0x03, 0xF8, 0x00, 0x00, 0x1F, 0xC0, 0x00, 0x00, 0xFE, 0x00, 0x00, 0x07, 0xF0, 0x00,
  0x00, 0x3F, 0x80, 0x00, 0x01, 0xFC, 0x00, 0x00, 0x0F, 0xC0, 0x00, 0x00, 0xF8, 0x00, 0x00, 0x7F,
  0x00, 0x00, 0x3F, 0xC0, 0x00, 0x1F, 0xC0, 0x00, 0x0F, 0xE0, 0x00, 0x07, 0xF0, 0x00, 0x03, 0xF8,
  0x00, 0x00, 0xFC, 0x00, 0x00, 0x1E, 0x00, 0x00, 0x03, 0x00, 0x00, 0x00, 0x00, 0x00, 0x00, 0x00,
  0x00, 0x00, 0x00, 0x00, 0x00, 0x00, 0x00, 0x00, 0x00, 0x00, 0x00, 0x00, 0x00, 0x00, 0x00, 0x00,
  0x03, 0xFF, 0x00, 0x1F, 0xFC, 0x00, 0xFF, 0xF8, 0x07, 0xFF, 0xF0, 0x1F, 0x03, 0xE0, 0xF8, 0x07,
  0x83, 0xC0, 0x1E, 0x0F, 0x00, 0x78, 0x3C, 0x01, 0xE0, 0x70, 0x07, 0x80, 0x00, 0x1E, 0x00, 0x00,
  0x78, 0x00, 0x03, 0xE0, 0x00, 0x1F, 0x80, 0x00, 0x7C, 0x00, 0x03, 0xE0, 0x00, 0x1F, 0x00, 0x00,
  0xF8, 0x00, 0x07, 0xC0, 0x00, 0x3E, 0x00, 0x00, 0x70, 0x00, 0x00, 0x80, 0x00, 0x00, 0x00, 0x00,
  0x00, 0x00, 0x00, 0x00, 0x00, 0x00, 0x00, 0x00, 0x0F, 0x00, 0x00, 0x3C, 0x00, 0x00, 0xF0, 0x00,
  0x03, 0xC0, 0x00, 0x0F, 0x00, 0x00, 0x00, 0xFF, 0xFF, 0xFF, 0x00, 0x01, 0xFF, 0xFF, 0xFF, 0x80,
  0x03, 0xFF, 0xFF, 0xFF, 0xC0, 0x07, 0xFF, 0xFF, 0xFF, 0xE0, 0x0F, 0x80, 0x00, 0x01, 0xF0, 0x0F,
  0x00, 0x00, 0x00, 0xF0, 0x0F, 0x00, 0x3E, 0x00, 0xF0, 0x0F, 0x00, 0x7F, 0x00, 0xF0, 0x0F, 0x00,
  0x7F, 0x00, 0xF0, 0x0F, 0x00, 0x7F, 0x00, 0xF0, 0x0F, 0x00, 0x7F, 0x80, 0xF0, 0x0F, 0x00, 0xF7,
  0x80, 0xF0, 0x0F, 0x00, 0xF7, 0x80, 0xF0, 0x0F, 0x00, 0xF3, 0xC0, 0xF0, 0x0F, 0x01, 0xE3, 0xC0,
  0xF0, 0x0F, 0x01, 0xE3, 0xC0, 0xF0, 0x0F, 0x01, 0xE3, 0xE0, 0xF0, 0x0F, 0x03, 0xC1, 0xE0, 0xF0,
  0x0F, 0x03, 0xC1, 0xE1, 0xF0, 0x0F, 0x03, 0xC1, 0xF3, 0xE0, 0x0F, 0x07, 0xFF, 0xFF, 0xC0, 0x0F,
  0x07, 0xFF, 0xFF, 0x80, 0x0F, 0x07, 0xFF, 0xFF, 0x00, 0x0F, 0x0F, 0xFF, 0xFE, 0x00, 0x0F, 0x0F,
  0x00, 0x78, 0x00, 0x0F, 0x0F, 0x00, 0x78, 0x00, 0x0F, 0x1F, 0x00, 0x3C, 0x00, 0x0F, 0x1E, 0x00,
  0x3C, 0x00, 0x0F, 0x1E, 0x00, 0x3C, 0x00, 0x0F, 0x00, 0x00, 0x00, 0x00, 0x0F, 0x80, 0x00, 0x00,
  0x00, 0x07, 0xC0, 0x00, 0x00, 0x00, 0x03, 0xFF, 0xFF, 0xFF, 0x00, 0x01, 0xFF, 0xFF, 0xFF, 0x00,
  0x01, 0xFF, 0xFF, 0xFF, 0x00, 0x00, 0xFF, 0xFF, 0xFF, 0x00, 0x00, 0xFF, 0xF0, 0x00, 0x0F, 0xFF,
  0x00, 0x00, 0xFF, 0xF0, 0x00, 0x0F, 0xFE, 0x00, 0x00, 0x3F, 0xC0, 0x00, 0x07, 0xBC, 0x00, 0x00,
  0x7B, 0xC0, 0x00, 0x07, 0x9E, 0x00, 0x00, 0xF1, 0xE0, 0x00, 0x0F, 0x1E, 0x00, 0x00, 0xF0, 0xF0,
  0x00, 0x0F, 0x0F, 0x00, 0x01, 0xE0, 0xF0, 0x00, 0x1E, 0x07, 0x80, 0x01, 0xE0, 0x78, 0x00, 0x3C,
  0x07, 0x80, 0x03, 0xC0, 0x7C, 0x00, 0x3C, 0x03, 0xC0, 0x07, 0xFF, 0xFC, 0x00, 0x7F, 0xFF, 0xE0,
  0x07, 0xFF, 0xFE, 0x00, 0xFF, 0xFF, 0xE0, 0x0F, 0x00, 0x1E, 0x00, 0xF0, 0x00, 0xF0, 0x0F, 0x00,
  0x0F, 0x01, 0xE0, 0x00, 0xF0, 0x1E, 0x00, 0x07, 0x87, 0xF8, 0x03, 0xFE, 0xFF, 0xC0, 0x3F, 0xEF,
  0xFC, 0x03, 0xFE, 0xFF, 0xC0, 0x3F, 0xE0, 0x1F, 0xFF, 0xF8, 0x00, 0xFF, 0xFF, 0xE0, 0x07, 0xFF,
  0xFF, 0x80, 0x07, 0xFF, 0xFE, 0x00, 0x3C, 0x01, 0xF0, 0x01, 0xE0, 0x07, 0xC0, 0x0F, 0x00, 0x1E,
  0x00, 0x78, 0x00, 0xF0, 0x03, 0xC0, 0x07, 0x80, 0x1E, 0x00, 0x3C, 0x00, 0xF0, 0x01, 0xE0, 0x07,
  0x80, 0x1F, 0x00, 0x3C, 0x01, 0xF0, 0x01, 0xFF, 0xFF, 0x00, 0x0F, 0xFF, 0xF8, 0x00, 0x7F, 0xFF,
  0xC0, 0x03, 0xFF, 0xFF, 0x00, 0x1E, 0x00, 0x7C, 0x00, 0xF0, 0x01, 0xF0, 0x07, 0x80, 0x07, 0x80,
  0x3C, 0x00, 0x3C, 0x01, 0xE0, 0x01, 0xE0, 0x0F, 0x00, 0x0F, 0x00, 0x78, 0x00, 0x78, 0x03, 0xC0,
  0x03, 0xC0, 0x1E, 0x00, 0x3E, 0x00, 0xF0, 0x03, 0xE0, 0x07, 0xFF, 0xFF, 0x01, 0xFF, 0xFF, 0xF0,
  0x0F, 0xFF, 0xFF, 0x00, 0x7F, 0xFF, 0xF0, 0x00, 0x01, 0xFF, 0xE0, 0x01, 0xFF, 0xF8, 0x01, 0xFF,
  0xFE, 0x01, 0xFF, 0xFF, 0x81, 0xF8, 0x07, 0xE0, 0xF8, 0x01, 0xF0, 0x78, 0x00, 0x78, 0x3C, 0x00,
  0x3C, 0x1E, 0x00, 0x1E, 0x0F, 0x00, 0x0F, 0x07, 0x80, 0x00, 0x03, 0xC0, 0x00, 0x01, 0xE0, 0x00,
  0x00, 0xF0, 0x00, 0x00, 0x78, 0x00, 0x00, 0x3C, 0x00, 0x00, 0x1E, 0x00, 0x00, 0x0F, 0x00, 0x00,
  0x07, 0x80, 0x00, 0x03, 0xC0, 0x00, 0x01, 0xE0, 0x00, 0x00, 0xF0, 0x00, 0xF0, 0x78, 0x00, 0x78,
  0x3C, 0x00, 0x3C, 0x1E, 0x00, 0x1E, 0x0F, 0x80, 0x1F, 0x07, 0xE0, 0x1F, 0x81, 0xFF, 0xFF, 0x80,
  0x7F, 0xFF, 0x80, 0x1F, 0xFF, 0x80, 0x07, 0xFF, 0x80, 0x1F, 0xFF, 0xFC, 0x00, 0xFF, 0xFF, 0xF0,
  0x07, 0xFF, 0xFF, 0xC0, 0x07, 0xFF, 0xFF, 0x00, 0x3C, 0x00, 0xF8, 0x01, 0xE0, 0x03, 0xE0, 0x0F,
  0x00, 0x0F, 0x00, 0x78, 0x00, 0x78, 0x03, 0xC0, 0x03, 0xC0, 0x1E, 0x00, 0x1E, 0x00, 0xF0, 0x00,
  0xF0, 0x07, 0x80, 0x07, 0x80, 0x3C, 0x00, 0x3C, 0x01, 0xE0, 0x01, 0xE0, 0x0F, 0x00, 0x0F, 0x00,
  0x78, 0x00, 0x78, 0x03, 0xC0, 0x03, 0xC0, 0x1E, 0x00, 0x1E, 0x00, 0xF0, 0x00, 0xF0, 0x07, 0x80,
  0x07, 0x80, 0x3C, 0x00, 0x3C, 0x01, 0xE0, 0x01, 0xE0, 0x0F, 0x00, 0x0F, 0x00, 0x78, 0x00, 0x78,
  0x03, 0xC0, 0x03, 0xC0, 0x1E, 0x00, 0x3E, 0x00, 0xF0, 0x03, 0xF0, 0x07, 0xFF, 0xFF, 0x01, 0xFF,
  0xFF, 0xF0, 0x0F, 0xFF, 0xFF, 0x00, 0x7F, 0xFF, 0xF0, 0x00, 0x1F, 0xFF, 0xFE, 0x03, 0xFF, 0xFF,
  0xC0, 0x7F, 0xFF, 0xF8, 0x07, 0xFF, 0xFF, 0x00, 0x3C, 0x00, 0xE0, 0x07, 0x80, 0x1C, 0x00, 0xF0,
  0x03, 0x80, 0x1E, 0x00, 0x70, 0x03, 0xC0, 0x00, 0x00, 0x78, 0x00, 0x00, 0x0F, 0x00, 0x00, 0x01,
  0xE0, 0x00, 0x00, 0x3C, 0x00, 0x00, 0x07, 0xFF, 0xE0, 0x00, 0xFF, 0xFC, 0x00, 0x1F, 0xFF, 0x80,
  0x03, 0xFF, 0xF0, 0x00, 0x78, 0x00, 0x00, 0x0F, 0x00, 0x00, 0x01, 0xE0, 0x00, 0x00, 0x3C, 0x00,
  0x00, 0x07, 0x80, 0x00, 0x00, 0xF0, 0x00, 0x00, 0x1E, 0x00, 0x70, 0x03, 0xC0, 0x0E, 0x00, 0x78,
  0x01, 0xC0, 0x0F, 0x00, 0x38, 0x07, 0xFF, 0xFF, 0x01, 0xFF, 0xFF, 0xE0, 0x3F, 0xFF, 0xFC, 0x07,
  0xFF, 0xFF, 0x80, 0x1F, 0xFF, 0xFE, 0x0F, 0xFF, 0xFF, 0x07, 0xFF, 0xFF, 0x81, 0xFF, 0xFF, 0xC0,
  0x3C, 0x00, 0xE0, 0x1E, 0x00, 0x70, 0x0F, 0x00, 0x38, 0x07, 0x80, 0x1C, 0x03, 0xC0, 0x00, 0x01,
  0xE0, 0x00, 0x00, 0xF0, 0x00, 0x00, 0x78, 0x00, 0x00, 0x3C, 0x00, 0x00, 0x1F, 0xFF, 0x80, 0x0F,
  0xFF, 0xC0, 0x07, 0xFF, 0xE0, 0x03, 0xFF, 0xF0, 0x01, 0xE0, 0x00, 0x00, 0xF0, 0x00, 0x00, 0x78,
  0x00, 0x00, 0x3C, 0x00, 0x00, 0x1E, 0x00, 0x00, 0x0F, 0x00, 0x00, 0x07, 0x80, 0x00, 0x03, 0xC0,
  0x00, 0x01, 0xE0, 0x00, 0x00, 0xF0, 0x00, 0x01, 0xFF, 0x00, 0x01, 0xFF, 0xC0, 0x00, 0xFF, 0xE0,
  0x00, 0x7F, 0xF0, 0x00, 0x01, 0xFF, 0xE0, 0x00, 0xFF, 0xFC, 0x00, 0x7F, 0xFF, 0x80, 0x3F, 0xFF,
  0xF0, 0x1F, 0x80, 0x3E, 0x07, 0xC0, 0x07, 0x81, 0xE0, 0x00, 0xE0, 0x78, 0x00, 0x38, 0x1E, 0x00,
  0x0E, 0x07, 0x80, 0x03, 0x81, 0xE0, 0x00, 0x00, 0x78, 0x00, 0x00, 0x1E, 0x00, 0x00, 0x07, 0x80,
  0x00, 0x01, 0xE0, 0x00, 0x00, 0x78, 0x0F, 0xF8, 0x1E, 0x03, 0xFE, 0x07, 0x80, 0xFF, 0x81, 0xE0,
  0x3F, 0xE0, 0x78, 0x00, 0x38, 0x1E, 0x00, 0x0E, 0x07, 0x80, 0x03, 0x81, 0xE0, 0x00, 0xE0, 0x78,
  0x00, 0x38, 0x1E, 0x00, 0x0E, 0x07, 0xC0, 0x07, 0x81, 0xF8, 0x03, 0xE0, 0x3F, 0xFF, 0xF0, 0x07,
  0xFF, 0xF8, 0x00, 0xFF, 0xFC, 0x00, 0x1F, 0xFE, 0x00, 0x1F, 0xF8, 0x0F, 0xFC, 0x0F, 0xFC, 0x07,
  0xFE, 0x07, 0xFE, 0x03, 0xFF, 0x01, 0xFF, 0x01, 0xFF, 0x80, 0x3C, 0x00, 0x1E, 0x00, 0x1E, 0x00,
  0x0F, 0x00, 0x0F, 0x00, 0x07, 0x80, 0x07, 0x80, 0x03, 0xC0, 0x03, 0xC0, 0x01, 0xE0, 0x01, 0xE0,
  0x00, 0xF0, 0x00, 0xF0, 0x00, 0x78, 0x00, 0x78, 0x00, 0x3C, 0x00, 0x3C, 0x00, 0x1E, 0x00, 0x1F,
  0xFF, 0xFF, 0x00, 0x0F, 0xFF, 0xFF, 0x80, 0x07, 0xFF, 0xFF, 0xC0, 0x03, 0xFF, 0xFF, 0xE0, 0x01,
  0xE0, 0x00, 0xF0, 0x00, 0xF0, 0x00, 0x78, 0x00, 0x78, 0x00, 0x3C, 0x00, 0x3C, 0x00, 0x1E, 0x00,
  0x1E, 0x00, 0x0F, 0x00, 0x0F, 0x00, 0x07, 0x80, 0x07, 0x80, 0x03, 0xC0, 0x03, 0xC0, 0x01, 0xE0,
  0x01, 0xE0, 0x00, 0xF0, 0x00, 0xF0, 0x00, 0x78, 0x01, 0xFF, 0x01, 0xFF, 0x81, 0xFF, 0x80, 0xFF,
  0xC0, 0xFF, 0xC0, 0x7F, 0xE0, 0x7F, 0xE0, 0x3F, 0xF0, 0x1F, 0xFC, 0x1F, 0xFC, 0x1F, 0xFC, 0x1F,
  0xF8, 0x03, 0xC0, 0x03, 0xC0, 0x03, 0xC0, 0x03, 0xC0, 0x03, 0xC0, 0x03, 0xC0, 0x03, 0xC0, 0x03,
  0xC0, 0x03, 0xC0, 0x03, 0xC0, 0x03, 0xC0, 0x03, 0xC0, 0x03, 0xC0, 0x03, 0xC0, 0x03, 0xC0, 0x03,
  0xC0, 0x03, 0xC0, 0x03, 0xC0, 0x03, 0xC0, 0x03, 0xC0, 0x03, 0xC0, 0x03, 0xC0, 0x03, 0xC0, 0x1F,
  0xF8, 0x1F, 0xFC, 0x1F, 0xFC, 0x1F, 0xFC, 0x00, 0x1F, 0xF0, 0x00, 0x3F, 0xE0, 0x00, 0x7F, 0xC0,
  0x00, 0xFF, 0x80, 0x00, 0x3C, 0x00, 0x00, 0x78, 0x00, 0x00, 0xF0, 0x00, 0x01, 0xE0, 0x00, 0x03,
  0xC0, 0x00, 0x07, 0x80, 0x00, 0x0F, 0x00, 0x00, 0x1E, 0x00, 0x00, 0x3C, 0x00, 0x00, 0x78, 0x00,
  0x00, 0xF0, 0x00, 0x01, 0xE0, 0x00, 0x03, 0xC0, 0x00, 0x07, 0x80, 0x00, 0x0F, 0x03, 0x80, 0x1E,
  0x07, 0x00, 0x3C, 0x0E, 0x00, 0x78, 0x1C, 0x00, 0xF0, 0x38, 0x01, 0xE0, 0x70, 0x03, 0xC0, 0xF0,
  0x0F, 0x81, 0xF0, 0x3F, 0x01, 0xFF, 0xFC, 0x01, 0xFF, 0xF0, 0x01, 0xFF, 0xC0, 0x01, 0xFF, 0x00,
  0x00, 0x1F, 0xF8, 0x3F, 0xE1, 0xFF, 0x83, 0xFE, 0x1F, 0xF8, 0x3F, 0xE0, 0xFF, 0x83, 0xFE, 0x03,
  0xC0, 0x0F, 0x00, 0x3C, 0x01, 0xF0, 0x03, 0xC0, 0x3E, 0x00, 0x3C, 0x03, 0xC0, 0x03, 0xC0, 0x7C,
  0x00, 0x3C, 0x0F, 0x80, 0x03, 0xC0, 0xF0, 0x00, 0x3C, 0x1F, 0x00, 0x03, 0xC3, 0xE0, 0x00, 0x3F,
  0xFC, 0x00, 0x03, 0xFF, 0xC0, 0x00, 0x3F, 0xFC, 0x00, 0x03, 0xFF, 0xC0, 0x00, 0x3C, 0x3E, 0x00,
  0x03, 0xC1, 0xE0, 0x00, 0x3C, 0x1F, 0x00, 0x03, 0xC0, 0xF8, 0x00, 0x3C, 0x07, 0x80, 0x03, 0xC0,
  0x7C, 0x00, 0x3C, 0x03, 0xE0, 0x03, 0xC0, 0x1E, 0x00, 0x3C, 0x01, 0xF0, 0x03, 0xC0, 0x0F, 0x80,
  0xFF, 0x81, 0xFE, 0x1F, 0xF8, 0x3F, 0xE1, 0xFF, 0x83, 0xFE, 0x1F, 0xF8, 0x3F, 0xE0, 0x1F, 0xFC,
  0x00, 0x3F, 0xF8, 0x00, 0x7F, 0xF0, 0x00, 0x7F, 0xC0, 0x00, 0x3C, 0x00, 0x00, 0x78, 0x00, 0x00,
  0xF0, 0x00, 0x01, 0xE0, 0x00, 0x03, 0xC0, 0x00, 0x07, 0x80, 0x00, 0x0F, 0x00, 0x00, 0x1E, 0x00,
  0x00, 0x3C, 0x00, 0x00, 0x78, 0x00, 0x00, 0xF0, 0x00, 0x01, 0xE0, 0x00, 0x03, 0xC0, 0x00, 0x07,
  0x80, 0x00, 0x0F, 0x00, 0x00, 0x1E, 0x00, 0x00, 0x3C, 0x00, 0x00, 0x78, 0x00, 0x00, 0xF0, 0x00,
  0x01, 0xE0, 0x0F, 0x03, 0xC0, 0x1E, 0x07, 0x80, 0x3C, 0x0F, 0x00, 0x78, 0x7F, 0xFF, 0xF1, 0xFF,
  0xFF, 0xE3, 0xFF, 0xFF, 0xC7, 0xFF, 0xFF, 0x80, 0x1F, 0xF0, 0x00, 0x1F, 0xF8, 0x1F, 0xF8, 0x00,
  0x1F, 0xF8, 0x1F, 0xF8, 0x00, 0x1F, 0xF8, 0x0F, 0xF8, 0x00, 0x3F, 0xF0, 0x03, 0xFC, 0x00, 0x3F,
  0xC0, 0x03, 0xFC, 0x00, 0x3F, 0xC0, 0x03, 0xFC, 0x00, 0x7F, 0xC0, 0x03, 0xFE, 0x00, 0x7F, 0xC0,
  0x03, 0xDE, 0x00, 0x7F, 0xC0, 0x03, 0xDE, 0x00, 0xF7, 0xC0, 0x03, 0xCF, 0x00, 0xF7, 0xC0, 0x03,
  0xCF, 0x00, 0xF7, 0xC0, 0x03, 0xCF, 0x01, 0xE7, 0xC0, 0x03, 0xC7, 0x81, 0xE7, 0xC0, 0x03, 0xC7,
  0x81, 0xE7, 0xC0, 0x03, 0xC3, 0x83, 0xC7, 0xC0, 0x03, 0xC3, 0xC3, 0xC7, 0xC0, 0x03, 0xC3, 0xC3,
  0x87, 0xC0, 0x03, 0xC1, 0xC7, 0x87, 0xC0, 0x03, 0xC1, 0xE7, 0x87, 0xC0, 0x03, 0xC1, 0xE7, 0x07,
  0xC0, 0x03, 0xC0, 0xFF, 0x07, 0xC0, 0x03, 0xC0, 0xFF, 0x07, 0xC0, 0x03, 0xC0, 0xFE, 0x07, 0xC0,
  0x03, 0xC0, 0x7E, 0x07, 0xC0, 0x03, 0xC0, 0x7E, 0x07, 0xC0, 0x03, 0xC0, 0x3C, 0x07, 0xC0, 0x0F,
  0xF8, 0x38, 0x1F, 0xF0, 0x1F, 0xF8, 0x00, 0x3F, 0xF8, 0x1F, 0xF8, 0x00, 0x3F, 0xF8, 0x1F, 0xF8,
  0x00, 0x3F, 0xF8, 0x1F, 0xF0, 0x07, 0xFE, 0x07, 0xFE, 0x01, 0xFF, 0x81, 0xFF, 0x80, 0x7F, 0xE0,
  0x3F, 0xF0, 0x0F, 0xF8, 0x03, 0xFC, 0x00, 0xF0, 0x00, 0xFF, 0x80, 0x3C, 0x00, 0x3D, 0xE0, 0x0F,
  0x00, 0x0F, 0x7C, 0x03, 0xC0, 0x03, 0xCF, 0x00, 0xF0, 0x00, 0xF3, 0xE0, 0x3C, 0x00, 0x3C, 0x78,
  0x0F, 0x00, 0x0F, 0x1F, 0x03, 0xC0, 0x03, 0xC3, 0xC0, 0xF0, 0x00, 0xF0, 0xF8, 0x3C, 0x00, 0x3C,
  0x1E, 0x0F, 0x00, 0x0F, 0x07, 0xC3, 0xC0, 0x03, 0xC1, 0xF0, 0xF0, 0x00, 0xF0, 0x3C, 0x3C, 0x00,
  0x3C, 0x0F, 0x8F, 0x00, 0x0F, 0x01, 0xE3, 0xC0, 0x03, 0xC0, 0x7C, 0xF0, 0x00, 0xF0, 0x0F, 0x3C,
  0x00, 0x3C, 0x03, 0xEF, 0x00, 0x0F, 0x00, 0x7B, 0xC0, 0x03, 0xC0, 0x1F, 0xF0, 0x00, 0xF0, 0x03,
  0xFC, 0x00, 0x3C, 0x00, 0xFF, 0x00, 0x3F, 0xE0, 0x1F, 0xC0, 0x1F, 0xF8, 0x07, 0xF0, 0x07, 0xFE,
  0x00, 0xFC, 0x01, 0xFF, 0x80, 0x3F, 0x00, 0x01, 0xFF, 0xF0, 0x00, 0x7F, 0xFF, 0x00, 0x1F, 0xFF,
  0xF0, 0x07, 0xFF, 0xFF, 0x00, 0xF8, 0x01, 0xF0, 0x3E, 0x00, 0x1E, 0x07, 0x80, 0x03, 0xC0, 0xF0,
  0x00, 0x78, 0x1E, 0x00, 0x0F, 0x03, 0xC0, 0x01, 0xE0, 0x78, 0x00, 0x3C, 0x0F, 0x00, 0x07, 0x81,
  0xE0, 0x00, 0xF0, 0x3C, 0x00, 0x1E, 0x07, 0x80, 0x03, 0xC0, 0xF0, 0x00, 0x78, 0x1E, 0x00, 0x0F,
  0x03, 0xC0, 0x01, 0xE0, 0x78, 0x00, 0x3C, 0x0F, 0x00, 0x07, 0x81, 0xE0, 0x00, 0xF0, 0x3C, 0x00,
  0x1E, 0x07, 0x80, 0x03, 0xC0, 0xF0, 0x00, 0x78, 0x1E, 0x00, 0x0F, 0x03, 0xE0, 0x01, 0xE0, 0x7E,
  0x00, 0x7C, 0x07, 0xFF, 0xFF, 0x00, 0x7F, 0xFF, 0xC0, 0x07, 0xFF, 0xF0, 0x00, 0x7F, 0xFC, 0x00,
  0x1F, 0xFF, 0xF8, 0x07, 0xFF, 0xFF, 0x01, 0xFF, 0xFF, 0xE0, 0x0F, 0xFF, 0xFC, 0x03, 0xC0, 0x1F,
  0x00, 0xF0, 0x03, 0xE0, 0x3C, 0x00, 0x78, 0x0F, 0x00, 0x1E, 0x03, 0xC0, 0x07, 0x80, 0xF0, 0x01,
  0xE0, 0x3C, 0x00, 0x78, 0x0F, 0x00, 0x1E, 0x03, 0xC0, 0x07, 0x80, 0xF0, 0x03, 0xE0, 0x3C, 0x01,
  0xF0, 0x0F, 0xFF, 0xF8, 0x03, 0xFF, 0xFC, 0x00, 0xFF, 0xFE, 0x00, 0x3F, 0xFF, 0x00, 0x0F, 0x00,
  0x00, 0x03, 0xC0, 0x00, 0x00, 0xF0, 0x00, 0x00, 0x3C, 0x00, 0x00, 0x0F, 0x00, 0x00, 0x03, 0xC0,
  0x00, 0x00, 0xF0, 0x00, 0x00, 0x3C, 0x00, 0x00, 0x3F, 0xE0, 0x00, 0x1F, 0xFC, 0x00, 0x07, 0xFF,
  0x00, 0x01, 0xFF, 0xC0, 0x00, 0x01, 0xFF, 0xF0, 0x00, 0x7F, 0xFF, 0x00, 0x1F, 0xFF, 0xF0, 0x07,
  0xFF, 0xFF, 0x01, 0xF8, 0x01, 0xF0, 0x3E, 0x00, 0x1E, 0x07, 0x80, 0x03, 0xC0, 0xF0, 0x00, 0x78,
  0x1E, 0x00, 0x0F, 0x03, 0xC0, 0x01, 0xE0, 0x78, 0x00, 0x3C, 0x0F, 0x00, 0x07, 0x81, 0xE0, 0x00,
  0xF0, 0x3C, 0x00, 0x1E, 0x07, 0x80, 0x03, 0xC0, 0xF0, 0x00, 0x78, 0x1E, 0x00, 0x0F, 0x03, 0xC0,
  0x01, 0xE0, 0x78, 0x00, 0x3C, 0x0F, 0x00, 0x07, 0x81, 0xE0, 0x00, 0xF0, 0x3C, 0x1C, 0x1E, 0x07,
  0x83, 0x83, 0xC0, 0xF0, 0x70, 0x78, 0x1E, 0x0E, 0x0F, 0x03, 0xE1, 0xC1, 0xE0, 0x7E, 0x38, 0x7C,
  0x07, 0xFF, 0xFF, 0x00, 0x7F, 0xFF, 0xC0, 0x07, 0xFF, 0xF0, 0x00, 0x7F, 0xFC, 0x00, 0x00, 0x70,
  0x00, 0x00, 0x0E, 0x00, 0x00, 0x01, 0xC0, 0x00, 0x00, 0x38, 0x00, 0x00, 0x1F, 0xFF, 0xF8, 0x00,
  0xFF, 0xFF, 0xE0, 0x07, 0xFF, 0xFF, 0x80, 0x07, 0xFF, 0xFE, 0x00, 0x3C, 0x01, 0xF0, 0x01, 0xE0,
  0x07, 0xC0, 0x0F, 0x00, 0x1E, 0x00, 0x78, 0x00, 0xF0, 0x03, 0xC0, 0x07, 0x80, 0x1E, 0x00, 0x3C,
  0x00, 0xF0, 0x01, 0xE0, 0x07, 0x80, 0x0F, 0x00, 0x3C, 0x00, 0xF8, 0x01, 0xE0, 0x0F, 0xC0, 0x0F,
  0xFF, 0xFC, 0x00, 0x7F, 0xFF, 0xC0, 0x03, 0xFF, 0xFC, 0x00, 0x1F, 0xFF, 0xC0, 0x00, 0xF0, 0x3E,
  0x00, 0x07, 0x80, 0xF0, 0x00, 0x3C, 0x07, 0x80, 0x01, 0xE0, 0x1E, 0x00, 0x0F, 0x00, 0xF0, 0x00,
  0x78, 0x03, 0xC0, 0x03, 0xC0, 0x1E, 0x00, 0x1E, 0x00, 0x78, 0x00, 0xF0, 0x03, 0xC0, 0x1F, 0xF0,
  0x3F, 0xC1, 0xFF, 0x81, 0xFE, 0x0F, 0xFC, 0x0F, 0xF0, 0x7F, 0xE0, 0x7F, 0x80, 0x01, 0xFF, 0xC0,
  0x01, 0xFF, 0xF0, 0x01, 0xFF, 0xFC, 0x01, 0xFF, 0xFF, 0x01, 0xF8, 0x07, 0xC0, 0xF8, 0x01, 0xE0,
  0x78, 0x00, 0xF0, 0x3C, 0x00, 0x78, 0x1E, 0x00, 0x3C, 0x0F, 0x00, 0x1E, 0x07, 0x80, 0x00, 0x03,
  0xE0, 0x00, 0x01, 0xF0, 0x00, 0x00, 0x7F, 0xFE, 0x00, 0x1F, 0xFF, 0x80, 0x07, 0xFF, 0xE0, 0x01,
  0xFF, 0xF8, 0x00, 0x00, 0x3E, 0x00, 0x00, 0x0F, 0x00, 0x00, 0x07, 0x80, 0x00, 0x03, 0xC0, 0xE0,
  0x01, 0xE0, 0x78, 0x00, 0xF0, 0x3C, 0x00, 0x78, 0x1E, 0x00, 0x3C, 0x0F, 0x00, 0x1E, 0x07, 0xC0,
  0x1F, 0x01, 0xFF, 0xFF, 0x00, 0x7F, 0xFF, 0x00, 0x1F, 0xFF, 0x00, 0x07, 0xFF, 0x00, 0x7F, 0xFF,
  0xFF, 0x7F, 0xFF, 0xFF, 0x7F, 0xFF, 0xFF, 0x7F, 0xFF, 0xFF, 0x70, 0x3C, 0x0F, 0x70, 0x3C, 0x0F,
  0x70, 0x3C, 0x0F, 0x70, 0x3C, 0x0F, 0x00, 0x3C, 0x00, 0x00, 0x3C, 0x00, 0x00, 0x3C, 0x00, 0x00,
  0x3C, 0x00, 0x00, 0x3C, 0x00, 0x00, 0x3C, 0x00, 0x00, 0x3C, 0x00, 0x00, 0x3C, 0x00, 0x00, 0x3C,
  0x00, 0x00, 0x3C, 0x00, 0x00, 0x3C, 0x00, 0x00, 0x3C, 0x00, 0x00, 0x3C, 0x00, 0x00, 0x3C, 0x00,
  0x00, 0x3C, 0x00, 0x00, 0x3C, 0x00, 0x00, 0x3C, 0x00, 0x00, 0x3C, 0x00, 0x00, 0x3C, 0x00, 0x03,
  0xFF, 0xC0, 0x03, 0xFF, 0xC0, 0x03, 0xFF, 0xC0, 0x03, 0xFF, 0xC0, 0x1F, 0xF0, 0x1F, 0xF0, 0x3F,
  0xE0, 0x3F, 0xE0, 0x7F, 0xC0, 0x7F, 0xC0, 0xFF, 0x80, 0xFF, 0x80, 0x78, 0x00, 0x3C, 0x00, 0xF0,
  0x00, 0x78, 0x01, 0xE0, 0x00, 0xF0, 0x03, 0xC0, 0x01, 0xE0, 0x07, 0x80, 0x03, 0xC0, 0x0F, 0x00,
  0x07, 0x80, 0x1E, 0x00, 0x0F, 0x00, 0x3C, 0x00, 0x1E, 0x00, 0x78, 0x00, 0x3C, 0x00, 0xF0, 0x00,
  0x78, 0x01, 0xE0, 0x00, 0xF0, 0x03, 0xC0, 0x01, 0xE0, 0x07, 0x80, 0x03, 0xC0, 0x0F, 0x00, 0x07,
  0x80, 0x1E, 0x00, 0x0F, 0x00, 0x3C, 0x00, 0x1E, 0x00, 0x78, 0x00, 0x3C, 0x00, 0xF0, 0x00, 0x78,
  0x01, 0xE0, 0x00, 0xF0, 0x03, 0xC0, 0x01, 0xE0, 0x07, 0x80, 0x03, 0xC0, 0x0F, 0x80, 0x0F, 0x80,
  0x1F, 0x80, 0x3F, 0x00, 0x1F, 0xFF, 0xFC, 0x00, 0x1F, 0xFF, 0xF0, 0x00, 0x1F, 0xFF, 0xC0, 0x00,
  0x1F, 0xFF, 0x00, 0x00, 0x7F, 0xC0, 0x1F, 0xF3, 0xFE, 0x00, 0xFF, 0x9F, 0xF0, 0x07, 0xFC, 0xFF,
  0x80, 0x3F, 0xE1, 0xE0, 0x00, 0x3C, 0x0F, 0x80, 0x03, 0xC0, 0x3C, 0x00, 0x1E, 0x01, 0xE0, 0x00,
  0xF0, 0x0F, 0x80, 0x0F, 0x00, 0x3C, 0x00, 0x78, 0x01, 0xE0, 0x03, 0xC0, 0x0F, 0x00, 0x3C, 0x00,
  0x3C, 0x01, 0xE0, 0x01, 0xE0, 0x0F, 0x00, 0x0F, 0x00, 0xF8, 0x00, 0x3C, 0x07, 0x80, 0x01, 0xE0,
  0x3C, 0x00, 0x0F, 0x03, 0xE0, 0x00, 0x3C, 0x1E, 0x00, 0x01, 0xE0, 0xF0, 0x00, 0x0F, 0x0F, 0x80,
  0x00, 0x3C, 0x78, 0x00, 0x01, 0xE3, 0xC0, 0x00, 0x0F, 0x3E, 0x00, 0x00, 0x3D, 0xE0, 0x00, 0x01,
  0xEF, 0x00, 0x00, 0x0F, 0xF8, 0x00, 0x00, 0x3F, 0x80, 0x00, 0x01, 0xFC, 0x00, 0x00, 0x0F, 0xE0,
  0x00, 0x00, 0x7E, 0x00, 0x00, 0x7F, 0xC0, 0x7F, 0xC0, 0x7F, 0xCF, 0xF8, 0x0F, 0xF8, 0x0F, 0xF9,
  0xFF, 0x01, 0xFF, 0x01, 0xFF, 0x3F, 0xE0, 0x3F, 0xE0, 0x3F, 0xE1, 0xE0, 0x03, 0xF8, 0x00, 0xF0,
  0x3C, 0x00, 0x7F, 0x00, 0x1E, 0x07, 0xC0, 0x0F, 0xE0, 0x03, 0xC0, 0x78, 0x01, 0xFC, 0x00, 0xF0,
  0x0F, 0x00, 0x7B, 0xC0, 0x1E, 0x01, 0xE0, 0x0F, 0x78, 0x03, 0xC0, 0x3E, 0x01, 0xEF, 0x00, 0xF8,
  0x03, 0xC0, 0x3C, 0xE0, 0x1E, 0x00, 0x78, 0x0F, 0x1E, 0x03, 0xC0, 0x0F, 0x01, 0xE3, 0xC0, 0x78,
  0x00, 0xF0, 0x3C, 0x78, 0x1F, 0x00, 0x1E, 0x07, 0x07, 0x83, 0xC0, 0x03, 0xC1, 0xE0, 0xF0, 0x78,
  0x00, 0x78, 0x3C, 0x1E, 0x0F, 0x00, 0x07, 0x87, 0x83, 0xC3, 0xC0, 0x00, 0xF1, 0xE0, 0x3C, 0x78,
  0x00, 0x1E, 0x3C, 0x07, 0x8F, 0x00, 0x03, 0xE7, 0x80, 0xF1, 0xE0, 0x00, 0x3C, 0xF0, 0x1E, 0x78,
  0x00, 0x07, 0xBC, 0x01, 0xEF, 0x00, 0x00, 0xF7, 0x80, 0x3D, 0xE0, 0x00, 0x1F, 0xF0, 0x07, 0xFC,
  0x00, 0x01, 0xFE, 0x00, 0x7F, 0x00, 0x00, 0x3F, 0x80, 0x0F, 0xE0, 0x00, 0x07, 0xF0, 0x01, 0xFC,
  0x00, 0x00, 0x7E, 0x00, 0x3F, 0x80, 0x00, 0x0F, 0xC0, 0x03, 0xE0, 0x00, 0x3F, 0xE0, 0x7F, 0xC7,
  0xFC, 0x0F, 0xF8, 0xFF, 0x81, 0xFF, 0x1F, 0xE0, 0x3F, 0xC0, 0xF8, 0x03, 0xE0, 0x0F, 0x80, 0x78,
  0x00, 0xF0, 0x1F, 0x00, 0x1F, 0x07, 0xC0, 0x01, 0xE0, 0xF0, 0x00, 0x1E, 0x3E, 0x00, 0x03, 0xE7,
  0x80, 0x00, 0x3F, 0xE0, 0x00, 0x03, 0xFC, 0x00, 0x00, 0x7F, 0x00, 0x00, 0x07, 0xE0, 0x00, 0x00,
  0xF8, 0x00, 0x00, 0x3F, 0x80, 0x00, 0x07, 0xF0, 0x00, 0x01, 0xFF, 0x00, 0x00, 0x7D, 0xF0, 0x00,
  0x0F, 0x1E, 0x00, 0x03, 0xE3, 0xE0, 0x00, 0xF8, 0x3E, 0x00, 0x1E, 0x03, 0xC0, 0x07, 0xC0, 0x7C,
  0x01, 0xF0, 0x07, 0xC0, 0x3C, 0x00, 0x78, 0x3F, 0xE0, 0x3F, 0xE7, 0xFC, 0x07, 0xFC, 0xFF, 0x80,
  0xFF, 0x9F, 0xF0, 0x1F, 0xF0, 0x7F, 0xC0, 0xFF, 0x9F, 0xF0, 0x3F, 0xE7, 0xFC, 0x0F, 0xF9, 0xFF,
  0x03, 0xFE, 0x1E, 0x00, 0x3C, 0x03, 0xC0, 0x0F, 0x00, 0xF0, 0x07, 0x80, 0x1E, 0x01, 0xE0, 0x07,
  0x80, 0xF0, 0x01, 0xE0, 0x3C, 0x00, 0x3C, 0x0F, 0x00, 0x0F, 0x07, 0x80, 0x01, 0xE1, 0xE0, 0x00,
  0x78, 0xF0, 0x00, 0x0F, 0x3C, 0x00, 0x03, 0xDE, 0x00, 0x00, 0x7F, 0x80, 0x00, 0x1F, 0xC0, 0x00,
  0x07, 0xF0, 0x00, 0x00, 0xFC, 0x00, 0x00, 0x3E, 0x00, 0x00, 0x07, 0x80, 0x00, 0x01, 0xE0, 0x00,
  0x00, 0x78, 0x00, 0x00, 0x1E, 0x00, 0x00, 0x07, 0x80, 0x00, 0x01, 0xE0, 0x00, 0x07, 0xFF, 0x00,
  0x01, 0xFF, 0xE0, 0x00, 0x7F, 0xF8, 0x00, 0x1F, 0xFE, 0x00, 0x1F, 0xFF, 0xFE, 0x0F, 0xFF, 0xFF,
  0x07, 0xFF, 0xFF, 0x83, 0xFF, 0xFF, 0xC1, 0xE0, 0x03, 0xC0, 0xF0, 0x03, 0xE0, 0x78, 0x03, 0xE0,
  0x3C, 0x01, 0xE0, 0x00, 0x01, 0xF0, 0x00, 0x01, 0xF0, 0x00, 0x00, 0xF0, 0x00, 0x00, 0xF8, 0x00,
  0x00, 0xF8, 0x00, 0x00, 0x78, 0x00, 0x00, 0x78, 0x00, 0x00, 0x7C, 0x00, 0x00, 0x3C, 0x00, 0x00,
  0x3C, 0x00, 0x00, 0x3E, 0x00, 0x00, 0x1E, 0x00, 0x00, 0x1E, 0x00, 0x00, 0x1F, 0x00, 0x00, 0x0F,
  0x00, 0x00, 0x0F, 0x00, 0x3C, 0x0F, 0x80, 0x1E, 0x0F, 0x80, 0x0F, 0x07, 0x80, 0x07, 0x87, 0xFF,
  0xFF, 0xC3, 0xFF, 0xFF, 0xE1, 0xFF, 0xFF, 0xF0, 0xFF, 0xFF, 0xF8, 0x07, 0xF8, 0x0F, 0xF8, 0x1F,
  0xF0, 0x3F, 0x80, 0x78, 0x00, 0xF0, 0x01, 0xE0, 0x03, 0xC0, 0x07, 0x80, 0x0F, 0x00, 0x1E, 0x00,
  0x3C, 0x00, 0x78, 0x00, 0xF0, 0x01, 0xE0, 0x03, 0xC0, 0x07, 0x80, 0x0F, 0x00, 0x1E, 0x00, 0x3C,
  0x00, 0x78, 0x00, 0xF0, 0x01, 0xE0, 0x03, 0xC0, 0x07, 0x80, 0x0F, 0x00, 0x1E, 0x00, 0x3C, 0x00,
  0x78, 0x00, 0xF0, 0x01, 0xE0, 0x03, 0xC0, 0x07, 0x80, 0x0F, 0x00, 0x1E, 0x00, 0x3C, 0x00, 0x78,
  0x00, 0xFF, 0x01, 0xFF, 0x03, 0xFE, 0xF0, 0x00, 0x38, 0x00, 0x1C, 0x00, 0x0F, 0x00, 0x03, 0x80,
  0x01, 0xC0, 0x00, 0xF0, 0x00, 0x38, 0x00, 0x1C, 0x00, 0x0F, 0x00, 0x03, 0x80, 0x01, 0xC0, 0x00,
  0xF0, 0x00, 0x38, 0x00, 0x1C, 0x00, 0x0F, 0x00, 0x03, 0x80, 0x01, 0xC0, 0x00, 0xF0, 0x00, 0x38,
  0x00, 0x1C, 0x00, 0x0F, 0x00, 0x03, 0x80, 0x01, 0xC0, 0x00, 0xF0, 0x00, 0x38, 0x00, 0x1C, 0x00,
  0x0F, 0x00, 0x03, 0x80, 0x01, 0xE0, 0x00, 0xF0, 0x00, 0x38, 0x00, 0x1E, 0x00, 0x0F, 0x00, 0x03,
  0x80, 0x01, 0xE0, 0x00, 0xF0, 0x00, 0x38, 0x3F, 0xC0, 0xFF, 0x81, 0xFF, 0x00, 0xFE, 0x00, 0x3C,
  0x00, 0x78, 0x00, 0xF0, 0x01, 0xE0, 0x03, 0xC0, 0x07, 0x80, 0x0F, 0x00, 0x1E, 0x00, 0x3C, 0x00,
  0x78, 0x00, 0xF0, 0x01, 0xE0, 0x03, 0xC0, 0x07, 0x80, 0x0F, 0x00, 0x1E, 0x00, 0x3C, 0x00, 0x78,
  0x00, 0xF0, 0x01, 0xE0, 0x03, 0xC0, 0x07, 0x80, 0x0F, 0x00, 0x1E, 0x00, 0x3C, 0x00, 0x78, 0x00,
  0xF0, 0x01, 0xE0, 0x03, 0xC0, 0x07, 0x80, 0x0F, 0x00, 0x1E, 0x00, 0x3C, 0x0F, 0xF8, 0x1F, 0xF0,
  0x3F, 0xE0, 0x00, 0x0E, 0x00, 0x00, 0x03, 0xE0, 0x00, 0x00, 0x7E, 0x00, 0x00, 0x1F, 0xC0, 0x00,
  0x03, 0xBC, 0x00, 0x00, 0xF3, 0x80, 0x00, 0x3C, 0x78, 0x00, 0x07, 0x87, 0x00, 0x01, 0xE0, 0xF0,
  0x00, 0x38, 0x0E, 0x00, 0x0F, 0x01, 0xE0, 0x00, 0x00, 0x00, 0x00, 0x00, 0x00, 0x00, 0x00, 0x00,
  0x00, 0x00, 0x00, 0x00, 0x00, 0x00, 0x00, 0x00, 0x00, 0x00, 0x00, 0x00, 0x00, 0x00, 0x00, 0x00,
  0x00, 0x00, 0x00, 0x00, 0x00, 0x00, 0x00, 0x00, 0x00, 0x00, 0x00, 0x00, 0x00, 0x00, 0x00, 0x00,
  0x00, 0x00, 0x00, 0x00, 0x00, 0x00, 0x00, 0x00, 0x00, 0x00, 0x00, 0x00, 0x00, 0x00, 0x00, 0x00,
  0x00, 0x00, 0x00, 0x00, 0x00, 0x00, 0x00, 0x00, 0x00, 0x00, 0x00, 0x00, 0x00, 0x00, 0x3F, 0xFF,
  0xFF, 0x0F, 0xFF, 0xFF, 0xC3, 0xFF, 0xFF, 0xF0, 0xFF, 0xFF, 0xFC, 0x01, 0x00, 0x00, 0xF0, 0x00,
  0x3F, 0x80, 0x0F, 0xF8, 0x01, 0xFE, 0x00, 0x00, 0x00, 0x00, 0x00, 0x00, 0x00, 0x00, 0x00, 0x00,
  0x00, 0x00, 0x00, 0x00, 0x00, 0x00, 0x00, 0x00, 0x00, 0x00, 0x00, 0x00, 0x00, 0x00, 0x00, 0x00,
  0x00, 0x00, 0x00, 0x00, 0x00, 0x00, 0x00, 0x00, 0x00, 0x00, 0x00, 0x00, 0x00, 0x00, 0x00, 0x00,
  0x00, 0x00, 0x00, 0x00, 0x00, 0x00, 0x00, 0x00, 0x00, 0x00, 0x00, 0x00, 0x00, 0x00, 0x00, 0x00,
  0x00, 0x00, 0x00, 0x00, 0x00, 0x00, 0x00, 0x00, 0x00, 0x00, 0x00, 0xFF, 0xF0, 0x00, 0x0F, 0xFF,
  0x00, 0x00, 0xFF, 0xF0, 0x00, 0x0F, 0xFE, 0x00, 0x00, 0x7B, 0xC0, 0x00, 0x07, 0xBC, 0x00, 0x00,
  0x79, 0xE0, 0x00, 0x0F, 0x1E, 0x00, 0x00, 0xF0, 0xE0, 0x00, 0x0F, 0x0F, 0x00, 0x01, 0xE0, 0xF0,
  0x00, 0x1E, 0x07, 0x80, 0x01, 0xE0, 0x78, 0x00, 0x3C, 0x07, 0x80, 0x03, 0xC0, 0x3C, 0x00, 0x3F,
  0xFF, 0xC0, 0x07, 0xFF, 0xFC, 0x00, 0x7F, 0xFF, 0xE0, 0x0F, 0xFF, 0xFE, 0x00, 0xF0, 0x01, 0xE0,
  0x0F, 0x00, 0x0F, 0x01, 0xF0, 0x00, 0xF0, 0x1E, 0x00, 0x0F, 0x07, 0xF8, 0x03, 0xFE, 0xFF, 0xC0,
  0x3F, 0xEF, 0xFC, 0x03, 0xFE, 0xFF, 0xC0, 0x3F, 0xE0, 0x1F, 0xFF, 0xF8, 0x00, 0xFF, 0xFF, 0xE0,
  0x07, 0xFF, 0xFF, 0x80, 0x07, 0xFF, 0xFE, 0x00, 0x3C, 0x01, 0xF0, 0x01, 0xE0, 0x07, 0xC0, 0x0F,
  0x00, 0x1E, 0x00, 0x78, 0x00, 0xF0, 0x03, 0xC0, 0x07, 0x80, 0x1E, 0x00, 0x7C, 0x00, 0xF0, 0x07,
  0xE0, 0x07, 0xFF, 0xFE, 0x00, 0x3F, 0xFF, 0xE0, 0x01, 0xFF, 0xFF, 0x00, 0x0F, 0xFF, 0xFC, 0x00,
  0x78, 0x03, 0xF0, 0x03, 0xC0, 0x0F, 0x80, 0x1E, 0x00, 0x3E, 0x00, 0xF0, 0x00, 0xF0, 0x07, 0x80,
  0x07, 0x80, 0x3C, 0x00, 0x3C, 0x01, 0xE0, 0x03, 0xE0, 0x0F, 0x00, 0x3E, 0x00, 0x7F, 0xFF, 0xF0,
  0x1F, 0xFF, 0xFF, 0x00, 0xFF, 0xFF, 0xF0, 0x07, 0xFF, 0xFF, 0x00, 0x01, 0xFF, 0xE0, 0x01, 0xFF,
  0xF8, 0x01, 0xFF, 0xFE, 0x01, 0xFF, 0xFF, 0x81, 0xF8, 0x07, 0xE0, 0xF8, 0x01, 0xF0, 0x78, 0x00,
  0x78, 0x3C, 0x00, 0x3C, 0x1E, 0x00, 0x1E, 0x0F, 0x00, 0x0F, 0x07, 0x80, 0x00, 0x03, 0xC0, 0x00,
  0x01, 0xE0, 0x00, 0x00, 0xF0, 0x00, 0x00, 0x78, 0x00, 0x00, 0x3C, 0x00, 0x00, 0x1E, 0x00, 0x00,
  0x0F, 0x00, 0x0F, 0x07, 0x80, 0x07, 0x83, 0xC0, 0x03, 0xC1, 0xE0, 0x01, 0xE0, 0xF8, 0x01, 0xF0,
  0x7E, 0x01, 0xF8, 0x1F, 0xFF, 0xF8, 0x07, 0xFF, 0xF8, 0x01, 0xFF, 0xF8, 0x00, 0x7F, 0xF8, 0x00,
  0x1F, 0xFF, 0xFC, 0x00, 0xFF, 0xFF, 0xF0, 0x07, 0xFF, 0xFF, 0xC0, 0x07, 0xFF, 0xFF, 0x00, 0x3C,
  0x00, 0xF8, 0x01, 0xE0, 0x03, 0xE0, 0x0F, 0x00, 0x0F, 0x00, 0x78, 0x00, 0x78, 0x03, 0xC0, 0x03,
  0xC0, 0x1E, 0x00, 0x1E, 0x00, 0xF0, 0x00, 0xF0, 0x07, 0x80, 0x07, 0x80, 0x3C, 0x00, 0x3C, 0x01,
  0xE0, 0x01, 0xE0, 0x0F, 0x00, 0x0F, 0x00, 0x78, 0x00, 0x78, 0x03, 0xC0, 0x03, 0xC0, 0x1E, 0x00,
  0x1E, 0x00, 0xF0, 0x00, 0xF0, 0x07, 0x80, 0x07, 0x80, 0x3C, 0x00, 0x3C, 0x01, 0xE0, 0x03, 0xE0,
  0x0F, 0x00, 0x3F, 0x00, 0x7F, 0xFF, 0xF0, 0x1F, 0xFF, 0xFF, 0x00, 0xFF, 0xFF, 0xF0, 0x07, 0xFF,
  0xFF, 0x00, 0x1F, 0xFF, 0xFE, 0x03, 0xFF, 0xFF, 0xC0, 0x7F, 0xFF, 0xF8, 0x07, 0xFF, 0xFF, 0x00,
  0x3C, 0x00, 0xE0, 0x07, 0x80, 0x1C, 0x00, 0xF0, 0x03, 0x80, 0x1E, 0x00, 0x70, 0x03, 0xC0, 0x00,
  0x00, 0x78, 0x00, 0x00, 0x0F, 0x00, 0x00, 0x01, 0xFF, 0xF8, 0x00, 0x3F, 0xFF, 0x00, 0x07, 0xFF,
  0xE0, 0x00, 0xFF, 0xFC, 0x00, 0x1E, 0x00, 0x00, 0x03, 0xC0, 0x00, 0x00, 0x78, 0x00, 0x00, 0x0F,
  0x00, 0x00, 0x01, 0xE0, 0x07, 0x00, 0x3C, 0x00, 0xE0, 0x07, 0x80, 0x1C, 0x00, 0xF0, 0x03, 0x80,
  0x7F, 0xFF, 0xF0, 0x1F, 0xFF, 0xFE, 0x03, 0xFF, 0xFF, 0xC0, 0x7F, 0xFF, 0xF8, 0x00, 0x1F, 0xFF,
  0xFE, 0x0F, 0xFF, 0xFF, 0x07, 0xFF, 0xFF, 0x81, 0xFF, 0xFF, 0xC0, 0x3C, 0x00, 0xE0, 0x1E, 0x00,
  0x70, 0x0F, 0x00, 0x38, 0x07, 0x80, 0x1C, 0x03, 0xC0, 0x00, 0x01, 0xE0, 0x00, 0x00, 0xF0, 0x00,
  0x00, 0x7F, 0xFE, 0x00, 0x3F, 0xFF, 0x00, 0x1F, 0xFF, 0x80, 0x0F, 0xFF, 0xC0, 0x07, 0x80, 0x00,
  0x03, 0xC0, 0x00, 0x01, 0xE0, 0x00, 0x00, 0xF0, 0x00, 0x00, 0x78, 0x00, 0x00, 0x3C, 0x00, 0x00,
  0x1E, 0x00, 0x00, 0x0F, 0x00, 0x00, 0x1F, 0xF0, 0x00, 0x1F, 0xFC, 0x00, 0x0F, 0xFE, 0x00, 0x07,
  0xFF, 0x00, 0x00, 0x01, 0xFF, 0xE0, 0x00, 0xFF, 0xFC, 0x00, 0x7F, 0xFF, 0x80, 0x3F, 0xFF, 0xF0,
  0x1F, 0x80, 0x3E, 0x07, 0xC0, 0x07, 0x81, 0xE0, 0x00, 0xE0, 0x78, 0x00, 0x38, 0x1E, 0x00, 0x0E,
  0x07, 0x80, 0x03, 0x81, 0xE0, 0x00, 0x00, 0x78, 0x00, 0x00, 0x1E, 0x00, 0x00, 0x07, 0x80, 0xFF,
  0x81, 0xE0, 0x3F, 0xE0, 0x78, 0x0F, 0xF8, 0x1E, 0x03, 0xFE, 0x07, 0x80, 0x03, 0x81, 0xE0, 0x00,
  0xE0, 0x78, 0x00, 0x38, 0x1E, 0x00, 0x0E, 0x07, 0xC0, 0x07, 0x81, 0xF8, 0x03, 0xE0, 0x3F, 0xFF,
  0xF0, 0x07, 0xFF, 0xF8, 0x00, 0xFF, 0xFC, 0x00, 0x1F, 0xFE, 0x00, 0x1F, 0xF8, 0x0F, 0xFC, 0x0F,
  0xFC, 0x07, 0xFE, 0x07, 0xFE, 0x03, 0xFF, 0x01, 0xFF, 0x01, 0xFF, 0x80, 0x3C, 0x00, 0x1E, 0x00,
  0x1E, 0x00, 0x0F, 0x00, 0x0F, 0x00, 0x07, 0x80, 0x07, 0x80, 0x03, 0xC0, 0x03, 0xC0, 0x01, 0xE0,
  0x01, 0xE0, 0x00, 0xF0, 0x00, 0xF0, 0x00, 0x78, 0x00, 0x7F, 0xFF, 0xFC, 0x00, 0x3F, 0xFF, 0xFE,
  0x00, 0x1F, 0xFF, 0xFF, 0x00, 0x0F, 0xFF, 0xFF, 0x80, 0x07, 0x80, 0x03, 0xC0, 0x03, 0xC0, 0x01,
  0xE0, 0x01, 0xE0, 0x00, 0xF0, 0x00, 0xF0, 0x00, 0x78, 0x00, 0x78, 0x00, 0x3C, 0x00, 0x3C, 0x00,
  0x1E, 0x00, 0x1E, 0x00, 0x0F, 0x00, 0x0F, 0x00, 0x07, 0x80, 0x1F, 0xF0, 0x1F, 0xF8, 0x1F, 0xF8,
  0x0F, 0xFC, 0x0F, 0xFC, 0x07, 0xFE, 0x07, 0xFE, 0x03, 0xFF, 0x00, 0x1F, 0xFC, 0x1F, 0xFC, 0x1F,
  0xFC, 0x1F, 0xF8, 0x03, 0xC0, 0x03, 0xC0, 0x03, 0xC0, 0x03, 0xC0, 0x03, 0xC0, 0x03, 0xC0, 0x03,
  0xC0, 0x03, 0xC0, 0x03, 0xC0, 0x03, 0xC0, 0x03, 0xC0, 0x03, 0xC0, 0x03, 0xC0, 0x03, 0xC0, 0x03,
  0xC0, 0x03, 0xC0, 0x03, 0xC0, 0x03, 0xC0, 0x03, 0xC0, 0x1F, 0xF8, 0x1F, 0xFC, 0x1F, 0xFC, 0x1F,
  0xFC, 0x00, 0x1F, 0xF0, 0x00, 0x3F, 0xE0, 0x00, 0x7F, 0xC0, 0x00, 0xFF, 0x80, 0x00, 0x3C, 0x00,
  0x00, 0x78, 0x00, 0x00, 0xF0, 0x00, 0x01, 0xE0, 0x00, 0x03, 0xC0, 0x00, 0x07, 0x80, 0x00, 0x0F,
  0x00, 0x00, 0x1E, 0x00, 0x00, 0x3C, 0x00, 0x00, 0x78, 0x00, 0x00, 0xF0, 0x38, 0x01, 0xE0, 0x70,
  0x03, 0xC0, 0xE0, 0x07, 0x81, 0xC0, 0x0F, 0x03, 0x80, 0x1E, 0x07, 0x00, 0x3C, 0x0F, 0x00, 0xF8,
  0x1F, 0x03, 0xF0, 0x1F, 0xFF, 0xC0, 0x1F, 0xFF, 0x00, 0x1F, 0xFC, 0x00, 0x1F, 0xF0, 0x00, 0x1F,
  0xF8, 0x3F, 0xE1, 0xFF, 0x83, 0xFE, 0x1F, 0xF8, 0x3F, 0xE0, 0xFF, 0x83, 0xFE, 0x03, 0xC0, 0x1F,
  0x00, 0x3C, 0x03, 0xE0, 0x03, 0xC0, 0x3C, 0x00, 0x3C, 0x07, 0xC0, 0x03, 0xC0, 0xF8, 0x00, 0x3C,
  0x1F, 0x00, 0x03, 0xC3, 0xE0, 0x00, 0x3F, 0xFC, 0x00, 0x03, 0xFF, 0xC0, 0x00, 0x3F, 0xFC, 0x00,
  0x03, 0xFF, 0xC0, 0x00, 0x3C, 0x1E, 0x00, 0x03, 0xC1, 0xF0, 0x00, 0x3C, 0x0F, 0x80, 0x03, 0xC0,
  0x78, 0x00, 0x3C, 0x07, 0xC0, 0x03, 0xC0, 0x3E, 0x00, 0x3C, 0x01, 0xF0, 0x03, 0xC0, 0x0F, 0x00,
  0xFF, 0x81, 0xFE, 0x1F, 0xF8, 0x3F, 0xE1, 0xFF, 0x83, 0xFE, 0x1F, 0xF8, 0x3F, 0xE0, 0x1F, 0xFC,
  0x00, 0x3F, 0xF8, 0x00, 0x7F, 0xF0, 0x00, 0x7F, 0xC0, 0x00, 0x3C, 0x00, 0x00, 0x78, 0x00, 0x00,
  0xF0, 0x00, 0x01, 0xE0, 0x00, 0x03, 0xC0, 0x00, 0x07, 0x80, 0x00, 0x0F, 0x00, 0x00, 0x1E, 0x00,
  0x00, 0x3C, 0x00, 0x00, 0x78, 0x00, 0x00, 0xF0, 0x00, 0x01, 0xE0, 0x00, 0x03, 0xC0, 0x00, 0x07,
  0x80, 0x00, 0x0F, 0x00, 0x00, 0x1E, 0x00, 0xF0, 0x3C, 0x01, 0xE0, 0x78, 0x03, 0xC0, 0xF0, 0x07,
  0x87, 0xFF, 0xFF, 0x1F, 0xFF, 0xFE, 0x3F, 0xFF, 0xFC, 0x7F, 0xFF, 0xF8, 0x1F, 0xF0, 0x00, 0x1F,
  0xF8, 0x1F, 0xF8, 0x00, 0x1F, 0xF8, 0x1F, 0xF8, 0x00, 0x1F, 0xF8, 0x0F, 0xF8, 0x00, 0x3F, 0xF0,
  0x03, 0xFC, 0x00, 0x3F, 0xC0, 0x03, 0xFC, 0x00, 0x7F, 0xC0, 0x03, 0xFE, 0x00, 0x7F, 0xC0, 0x03,
  0xDE, 0x00, 0x7F, 0xC0, 0x03, 0xCF, 0x00, 0xF7, 0xC0, 0x03, 0xCF, 0x00, 0xF7, 0xC0, 0x03, 0xCF,
  0x01, 0xE7, 0xC0, 0x03, 0xC7, 0x81, 0xE7, 0xC0, 0x03, 0xC7, 0x81, 0xE7, 0xC0, 0x03, 0xC3, 0xC3,
  0xC7, 0xC0, 0x03, 0xC3, 0xC3, 0xC7, 0xC0, 0x03, 0xC1, 0xC7, 0x87, 0xC0, 0x03, 0xC1, 0xE7, 0x87,
  0xC0, 0x03, 0xC1, 0xE7, 0x07, 0xC0, 0x03, 0xC0, 0xFF, 0x07, 0xC0, 0x03, 0xC0, 0xFF, 0x07, 0xC0,
  0x03, 0xC0, 0x7E, 0x07, 0xC0, 0x03, 0xC0, 0x7E, 0x07, 0xC0, 0x03, 0xC0, 0x7C, 0x07, 0xC0, 0x0F,
  0xF8, 0x38, 0x1F, 0xF0, 0x1F, 0xF8, 0x00, 0x3F, 0xF8, 0x1F, 0xF8, 0x00, 0x3F, 0xF8, 0x1F, 0xF8,
  0x00, 0x3F, 0xF8, 0x1F, 0xF0, 0x07, 0xFE, 0x07, 0xFE, 0x01, 0xFF, 0x81, 0xFF, 0xC0, 0x7F, 0xE0,
  0x3F, 0xF0, 0x0F, 0xF8, 0x03, 0xFE, 0x00, 0xF0, 0x00, 0xFF, 0x80, 0x3C, 0x00, 0x3D, 0xF0, 0x0F,
  0x00, 0x0F, 0x3C, 0x03, 0xC0, 0x03, 0xCF, 0x80, 0xF0, 0x00, 0xF1, 0xE0, 0x3C, 0x00, 0x3C, 0x7C,
  0x0F, 0x00, 0x0F, 0x0F, 0x03, 0xC0, 0x03, 0xC3, 0xE0, 0xF0, 0x00, 0xF0, 0x7C, 0x3C, 0x00, 0x3C,
  0x1F, 0x0F, 0x00, 0x0F, 0x03, 0xE3, 0xC0, 0x03, 0xC0, 0x78, 0xF0, 0x00, 0xF0, 0x1F, 0x3C, 0x00,
  0x3C, 0x03, 0xCF, 0x00, 0x0F, 0x00, 0xFB, 0xC0, 0x03, 0xC0, 0x1E, 0xF0, 0x00, 0xF0, 0x07, 0xFC,
  0x00, 0x3C, 0x00, 0xFF, 0x00, 0x3F, 0xE0, 0x3F, 0xC0, 0x1F, 0xF8, 0x07, 0xF0, 0x07, 0xFE, 0x01,
  0xFC, 0x01, 0xFF, 0x80, 0x3F, 0x00, 0x01, 0xFF, 0xF0, 0x00, 0x7F, 0xFF, 0x00, 0x1F, 0xFF, 0xF0,
  0x07, 0xFF, 0xFF, 0x00, 0xF8, 0x01, 0xF0, 0x3E, 0x00, 0x3E, 0x07, 0x80, 0x03, 0xC0, 0xF0, 0x00,
  0x78, 0x1E, 0x00, 0x0F, 0x03, 0xC0, 0x01, 0xE0, 0x78, 0x00, 0x3C, 0x0F, 0x00, 0x07, 0x81, 0xE0,
  0x00, 0xF0, 0x3C, 0x00, 0x1E, 0x07, 0x80, 0x03, 0xC0, 0xF0, 0x00, 0x78, 0x1E, 0x00, 0x0F, 0x03,
  0xC0, 0x01, 0xE0, 0x78, 0x00, 0x3C, 0x0F, 0x00, 0x07, 0x81, 0xE0, 0x00, 0xF0, 0x3E, 0x00, 0x1E,
  0x07, 0xE0, 0x07, 0xC0, 0x7F, 0xFF, 0xF0, 0x07, 0xFF, 0xFC, 0x00, 0x7F, 0xFF, 0x00, 0x07, 0xFF,
  0xC0, 0x00, 0x1F, 0xFF, 0xF8, 0x07, 0xFF, 0xFF, 0x01, 0xFF, 0xFF, 0xE0, 0x0F, 0xFF, 0xFC, 0x03,
  0xC0, 0x1F, 0x00, 0xF0, 0x03, 0xE0, 0x3C, 0x00, 0x78, 0x0F, 0x00, 0x1E, 0x03, 0xC0, 0x07, 0x80,
  0xF0, 0x01, 0xE0, 0x3C, 0x00, 0x78, 0x0F, 0x00, 0x1E, 0x03, 0xC0, 0x0F, 0x80, 0xF0, 0x07, 0xE0,
  0x3F, 0xFF, 0xF0, 0x0F, 0xFF, 0xF8, 0x03, 0xFF, 0xFC, 0x00, 0xFF, 0xFE, 0x00, 0x3C, 0x00, 0x00,
  0x0F, 0x00, 0x00, 0x03, 0xC0, 0x00, 0x00, 0xF0, 0x00, 0x00, 0x3C, 0x00, 0x00, 0x3F, 0xE0, 0x00,
  0x1F, 0xFC, 0x00, 0x07, 0xFF, 0x00, 0x01, 0xFF, 0xC0, 0x00, 0x01, 0xFF, 0xF0, 0x00, 0x7F, 0xFF,
  0x00, 0x1F, 0xFF, 0xF0, 0x07, 0xFF, 0xFF, 0x01, 0xF8, 0x01, 0xF0, 0x3E, 0x00, 0x1E, 0x07, 0x80,
  0x03, 0xC0, 0xF0, 0x00, 0x78, 0x1E, 0x00, 0x0F, 0x03, 0xC0, 0x01, 0xE0, 0x78, 0x00, 0x3C, 0x0F,
  0x00, 0x07, 0x81, 0xE0, 0x00, 0xF0, 0x3C, 0x00, 0x1E, 0x07, 0x80, 0x03, 0xC0, 0xF0, 0x00, 0x78,
  0x1E, 0x00, 0x0F, 0x03, 0xC0, 0x01, 0xE0, 0x78, 0x38, 0x3C, 0x0F, 0x07, 0x07, 0x81, 0xE0, 0xE0,
  0xF0, 0x3E, 0x1C, 0x1E, 0x07, 0xE3, 0x87, 0xC0, 0x7F, 0xFF, 0xF0, 0x07, 0xFF, 0xFC, 0x00, 0x7F,
  0xFF, 0x00, 0x07, 0xFF, 0xC0, 0x00, 0x07, 0x00, 0x00, 0x00, 0xE0, 0x00, 0x00, 0x1C, 0x00, 0x00,
  0x03, 0x80, 0x00, 0x1F, 0xFF, 0xF8, 0x00, 0xFF, 0xFF, 0xE0, 0x07, 0xFF, 0xFF, 0x80, 0x07, 0xFF,
  0xFE, 0x00, 0x3C, 0x01, 0xF0, 0x01, 0xE0, 0x07, 0xC0, 0x0F, 0x00, 0x1E, 0x00, 0x78, 0x00, 0xF0,
  0x03, 0xC0, 0x07, 0x80, 0x1E, 0x00, 0x3C, 0x00, 0xF0, 0x01, 0xE0, 0x07, 0x80, 0x0F, 0x00, 0x3C,
  0x00, 0xF8, 0x01, 0xE0, 0x0F, 0x80, 0x0F, 0xFF, 0xF8, 0x00, 0x7F, 0xFF, 0x80, 0x03, 0xFF, 0xF8,
  0x00, 0x1F, 0xFF, 0xC0, 0x00, 0xF0, 0x1E, 0x00, 0x07, 0x80, 0xF8, 0x00, 0x3C, 0x03, 0xC0, 0x01,
  0xE0, 0x0F, 0x00, 0x0F, 0x00, 0x7C, 0x01, 0xFF, 0x03, 0xF8, 0x1F, 0xF8, 0x1F, 0xE0, 0xFF, 0xC0,
  0xFF, 0x07, 0xFE, 0x07, 0xF8, 0x01, 0xFF, 0xC0, 0x01, 0xFF, 0xF0, 0x01, 0xFF, 0xFC, 0x01, 0xFF,
  0xFF, 0x01, 0xF8, 0x07, 0xC0, 0xF8, 0x01, 0xE0, 0x78, 0x00, 0xF0, 0x3C, 0x00, 0x78, 0x1E, 0x00,
  0x3C, 0x0F, 0x00, 0x1E, 0x07, 0xC0, 0x00, 0x01, 0xF0, 0x00, 0x00, 0x7F, 0xFE, 0x00, 0x1F, 0xFF,
  0x80, 0x0F, 0xFF, 0xE0, 0x01, 0xFF, 0xF8, 0x00, 0x00, 0x7C, 0x0E, 0x00, 0x1E, 0x07, 0x80, 0x0F,
  0x03, 0xC0, 0x07, 0x81, 0xE0, 0x03, 0xC0, 0xF0, 0x01, 0xE0, 0x7C, 0x01, 0xF0, 0x1F, 0xFF, 0xF0,
  0x07, 0xFF, 0xF0, 0x01, 0xFF, 0xF0, 0x00, 0x7F, 0xF8, 0x00, 0x7F, 0xFF, 0xFE, 0x7F, 0xFF, 0xFE,
  0x7F, 0xFF, 0xFE, 0x7F, 0xFF, 0xFE, 0x78, 0x3C, 0x0E, 0x78, 0x3C, 0x0E, 0x78, 0x3C, 0x0E, 0x78,
  0x3C, 0x0E, 0x00, 0x3C, 0x00, 0x00, 0x3C, 0x00, 0x00, 0x3C, 0x00, 0x00, 0x3C, 0x00, 0x00, 0x3C,
  0x00, 0x00, 0x3C, 0x00, 0x00, 0x3C, 0x00, 0x00, 0x3C, 0x00, 0x00, 0x3C, 0x00, 0x00, 0x3C, 0x00,
  0x00, 0x3C, 0x00, 0x00, 0x3C, 0x00, 0x00, 0x3C, 0x00, 0x00, 0x3C, 0x00, 0x00, 0x3C, 0x00, 0x03,
  0xFF, 0xC0, 0x03, 0xFF, 0xC0, 0x03, 0xFF, 0xC0, 0x03, 0xFF, 0xC0, 0x1F, 0xF0, 0x1F, 0xF0, 0x3F,
  0xE0, 0x3F, 0xE0, 0x7F, 0xC0, 0x7F, 0xC0, 0xFF, 0x80, 0xFF, 0x80, 0x78, 0x00, 0x3C, 0x00, 0xF0,
  0x00, 0x78, 0x01, 0xE0, 0x00, 0xF0, 0x03, 0xC0, 0x01, 0xE0, 0x07, 0x80, 0x03, 0xC0, 0x0F, 0x00,
  0x07, 0x80, 0x1E, 0x00, 0x0F, 0x00, 0x3C, 0x00, 0x1E, 0x00, 0x78, 0x00, 0x3C, 0x00, 0xF0, 0x00,
  0x78, 0x01, 0xE0, 0x00, 0xF0, 0x03, 0xC0, 0x01, 0xE0, 0x07, 0x80, 0x03, 0xC0, 0x0F, 0x00, 0x07,
  0x80, 0x1E, 0x00, 0x0F, 0x00, 0x3C, 0x00, 0x1E, 0x00, 0x78, 0x00, 0x3C, 0x00, 0xF8, 0x00, 0xF8,
  0x01, 0xF8, 0x03, 0xF0, 0x01, 0xFF, 0xFF, 0xC0, 0x01, 0xFF, 0xFF, 0x00, 0x01, 0xFF, 0xFC, 0x00,
  0x01, 0xFF, 0xF0, 0x00, 0x7F, 0xC0, 0x1F, 0xF3, 0xFE, 0x00, 0xFF, 0x9F, 0xF0, 0x07, 0xFC, 0xFF,
  0x80, 0x3F, 0xE1, 0xE0, 0x00, 0x78, 0x07, 0x80, 0x03, 0xC0, 0x3C, 0x00, 0x1E, 0x01, 0xF0, 0x01,
  0xE0, 0x07, 0x80, 0x0F, 0x00, 0x3C, 0x00, 0x78, 0x00, 0xF0, 0x07, 0x80, 0x07, 0x80, 0x3C, 0x00,
  0x3C, 0x03, 0xE0, 0x00, 0xF0, 0x1E, 0x00, 0x07, 0x80, 0xF0, 0x00, 0x3E, 0x0F, 0x00, 0x00, 0xF0,
  0x78, 0x00, 0x07, 0x83, 0xC0, 0x00, 0x1E, 0x3C, 0x00, 0x00, 0xF1, 0xE0, 0x00, 0x07, 0x9F, 0x00,
  0x00, 0x1E, 0xF0, 0x00, 0x00, 0xF7, 0x80, 0x00, 0x07, 0xFC, 0x00, 0x00, 0x1F, 0xC0, 0x00, 0x00,
  0xFE, 0x00, 0x00, 0x07, 0xE0, 0x00, 0x7F, 0xC0, 0x7F, 0xC0, 0x7F, 0xCF, 0xF8, 0x0F, 0xF8, 0x0F,
  0xF9, 0xFF, 0x01, 0xFF, 0x01, 0xFF, 0x3F, 0xE0, 0x3F, 0xE0, 0x3F, 0xE1, 0xE0, 0x03, 0xF8, 0x00,
  0xF0, 0x3E, 0x00, 0x7F, 0x00, 0x1E, 0x03, 0xC0, 0x0F, 0xE0, 0x07, 0x80, 0x78, 0x03, 0xDE, 0x00,
  0xF0, 0x0F, 0x00, 0x7B, 0xC0, 0x1E, 0x00, 0xF0, 0x0F, 0x78, 0x07, 0x80, 0x1E, 0x03, 0xC7, 0x80,
  0xF0, 0x03, 0xC0, 0x78, 0xF0, 0x1E, 0x00, 0x3C, 0x0F, 0x1E, 0x07, 0xC0, 0x07, 0x81, 0xE1, 0xE0,
  0xF0, 0x00, 0xF0, 0x78, 0x3C, 0x1E, 0x00, 0x1F, 0x0F, 0x07, 0x83, 0xC0, 0x01, 0xE1, 0xE0, 0x70,
  0xF0, 0x00, 0x3C, 0x78, 0x0F, 0x1E, 0x00, 0x07, 0x8F, 0x01, 0xE3, 0xC0, 0x00, 0x79, 0xE0, 0x3C,
  0xF0, 0x00, 0x0F, 0x78, 0x03, 0xDE, 0x00, 0x01, 0xEF, 0x00, 0x7B, 0xC0, 0x00, 0x1F, 0xE0, 0x0F,
  0xF8, 0x00, 0x03, 0xF8, 0x00, 0xFE, 0x00, 0x00, 0x7F, 0x00, 0x1F, 0xC0, 0x00, 0x0F, 0xE0, 0x03,
  0xF8, 0x00, 0x00, 0xFC, 0x00, 0x3E, 0x00, 0x00, 0x3F, 0xE0, 0x7F, 0xC7, 0xFC, 0x0F, 0xF8, 0xFF,
  0x81, 0xFF, 0x1F, 0xE0, 0x3F, 0xE0, 0x78, 0x03, 0xE0, 0x0F, 0x80, 0x78, 0x00, 0xF8, 0x1F, 0x00,
  0x0F, 0x07, 0xC0, 0x00, 0xF1, 0xF0, 0x00, 0x1F, 0x3C, 0x00, 0x01, 0xFF, 0x80, 0x00, 0x1F, 0xE0,
  0x00, 0x01, 0xF8, 0x00, 0x00, 0x3E, 0x00, 0x00, 0x0F, 0xE0, 0x00, 0x01, 0xFE, 0x00, 0x00, 0x7F,
  0xC0, 0x00, 0x1F, 0x3C, 0x00, 0x07, 0xC7, 0xC0, 0x00, 0xF0, 0x7C, 0x00, 0x3C, 0x07, 0x80, 0x0F,
  0x80, 0x78, 0x03, 0xE0, 0x0F, 0x83, 0xFE, 0x03, 0xFE, 0x7F, 0xC0, 0x7F, 0xCF, 0xF8, 0x0F, 0xF9,
  0xFF, 0x01, 0xFF, 0x00, 0x7F, 0xC0, 0xFF, 0x9F, 0xF0, 0x3F, 0xE7, 0xFC, 0x0F, 0xF9, 0xFF, 0x03,
  0xFE, 0x0F, 0x00, 0x3C, 0x03, 0xC0, 0x1E, 0x00, 0x78, 0x07, 0x80, 0x1E, 0x03, 0xC0, 0x03, 0xC0,
  0xF0, 0x00, 0xF0, 0x78, 0x00, 0x1E, 0x1E, 0x00, 0x07, 0x8F, 0x00, 0x00, 0xF3, 0xC0, 0x00, 0x3D,
  0xE0, 0x00, 0x07, 0xF8, 0x00, 0x01, 0xFC, 0x00, 0x00, 0x3F, 0x00, 0x00, 0x0F, 0x80, 0x00, 0x01,
  0xE0, 0x00, 0x00, 0x78, 0x00, 0x00, 0x1E, 0x00, 0x00, 0x07, 0x80, 0x00, 0x01, 0xE0, 0x00, 0x07,
  0xFF, 0x00, 0x01, 0xFF, 0xE0, 0x00, 0x7F, 0xF8, 0x00, 0x1F, 0xFE, 0x00, 0x1F, 0xFF, 0xFE, 0x0F,
  0xFF, 0xFF, 0x07, 0xFF, 0xFF, 0x83, 0xFF, 0xFF, 0xC1, 0xE0, 0x03, 0xC0, 0xF0, 0x03, 0xC0, 0x78,
  0x03, 0xC0, 0x3C, 0x03, 0xE0, 0x00, 0x03, 0xE0, 0x00, 0x03, 0xE0, 0x00, 0x01, 0xE0, 0x00, 0x01,
  0xE0, 0x00, 0x01, 0xF0, 0x00, 0x01, 0xF0, 0x00, 0x01, 0xF0, 0x00, 0x00, 0xF0, 0x00, 0x00, 0xF0,
  0x00, 0x00, 0xF8, 0x00, 0x00, 0xF8, 0x00, 0x00, 0xF8, 0x03, 0xC0, 0x78, 0x01, 0xE0, 0x78, 0x00,
  0xF0, 0x7C, 0x00, 0x78, 0x7F, 0xFF, 0xFC, 0x3F, 0xFF, 0xFE, 0x1F, 0xFF, 0xFF, 0x0F, 0xFF, 0xFF,
  0x80, 0x00, 0x78, 0x01, 0xF0, 0x07, 0xE0, 0x1F, 0xC0, 0x7C, 0x01, 0xF0, 0x03, 0xC0, 0x07, 0xC0,
  0x07, 0x80, 0x0F, 0x00, 0x1E, 0x00, 0x3C, 0x00, 0x78, 0x00, 0xF0, 0x01, 0xE0, 0x03, 0xC0, 0x07,
  0x80, 0x1F, 0x00, 0x7C, 0x00, 0xF0, 0x01, 0xE0, 0x03, 0xE0, 0x03, 0xE0, 0x03, 0xC0, 0x07, 0x80,
  0x0F, 0x00, 0x1E, 0x00, 0x3C, 0x00, 0x78, 0x00, 0xF0, 0x01, 0xE0, 0x03, 0xC0, 0x07, 0x80, 0x1E,
  0x00, 0x3E, 0x00, 0x7E, 0x00, 0x7F, 0x80, 0x7F, 0x00, 0x7E, 0x00, 0x7C, 0x07, 0x00, 0x38, 0x01,
  0xC0, 0x0E, 0x00, 0x70, 0x03, 0x80, 0x1C, 0x00, 0xE0, 0x07, 0x00, 0x38, 0x01, 0xC0, 0x0E, 0x00,
  0x70, 0x03, 0x80, 0x1C, 0x00, 0xE0, 0x07, 0x00, 0x38, 0x01, 0xC0, 0x0E, 0x00, 0x70, 0x03, 0x80,
  0x1C, 0x00, 0xE0, 0x07, 0x00, 0x38, 0x01, 0xC0, 0x0E, 0x00, 0x70, 0x03, 0x80, 0x1C, 0x00, 0xE0,
  0x07, 0x00, 0x38, 0x01, 0xC0, 0x0E, 0x00, 0x70, 0x03, 0x80, 0x3C, 0x00, 0xFC, 0x01, 0xFC, 0x03,
  0xFC, 0x00, 0x7C, 0x00, 0x78, 0x00, 0xF0, 0x01, 0xE0, 0x03, 0xC0, 0x07, 0x80, 0x0F, 0x00, 0x1E,
  0x00, 0x3C, 0x00, 0x78, 0x00, 0xF0, 0x01, 0xE0, 0x03, 0xC0, 0x07, 0xC0, 0x07, 0xC0, 0x07, 0x80,
  0x0F, 0x00, 0x3E, 0x00, 0xF8, 0x01, 0xE0, 0x03, 0xC0, 0x07, 0x80, 0x0F, 0x00, 0x1E, 0x00, 0x3C,
  0x00, 0x78, 0x00, 0xF0, 0x01, 0xE0, 0x03, 0xC0, 0x07, 0x80, 0x0F, 0x00, 0x3E, 0x03, 0xF8, 0x0F,
  0xF0, 0x1F, 0xC0, 0x3F, 0x00, 0x00, 0x00, 0x00, 0x00, 0x3F, 0x01, 0x00, 0x1F, 0xF0, 0x38, 0x03,
  0xFF, 0x8F, 0x80, 0xFF, 0xFF, 0xE0, 0x1E, 0x3F, 0xF8, 0x03, 0xC1, 0xFF, 0x00, 0x10, 0x0F, 0x80,
  0x00, 0x00, 0x00, 0x00, 0x00, 0x00, 0x00, 0x00, 0x00, 0x00, 0x00, 0x00, 0x00, 0x00, 0x00, 0x00,
  0x00, 0x00, 0x00, 0x00, 0x00, 0x00, 0x00, 0x00, 0x00, 0x00, 0x00, 0x00, 0x00, 0x00, 0x00, 0x00,
  0x00, 0x00, 0x00, 0x00, 0x00, 0x00, 0x00, 0x00, 0x00, 0x00, 0x00, 0x00, 0x01, 0xFF, 0xFF, 0xC0,
  0x3F, 0xFF, 0xF8, 0x07, 0xFF, 0xFF, 0x00, 0xF0, 0x01, 0xE0, 0x1E, 0x00, 0x3C, 0x03, 0xC0, 0x07,
  0x80, 0x78, 0x00, 0xF0, 0x0F, 0x00, 0x1E, 0x01, 0xE0, 0x03, 0xC0, 0x3C, 0x00, 0x78, 0x07, 0x80,
  0x0F, 0x00, 0xF0, 0x01, 0xE0, 0x1E, 0x00, 0x3C, 0x03, 0xC0, 0x07, 0x80, 0x78, 0x00, 0xF0, 0x0F,
  0x00, 0x1E, 0x01, 0xE0, 0x03, 0xC0, 0x3C, 0x00, 0x78, 0x07, 0x80, 0x0F, 0x00, 0xF0, 0x01, 0xE0,
  0x1E, 0x00, 0x3C, 0x03, 0xC0, 0x07, 0x80, 0x78, 0x00, 0xF0, 0x0F, 0x00, 0x1E, 0x01, 0xE0, 0x03,
  0xC0, 0x3C, 0x00, 0x78, 0x07, 0x80, 0x0F, 0x00, 0xF8, 0x01, 0xE0, 0x1F, 0xFF, 0xFC, 0x03, 0xFF,
  0xFF, 0x80, 0x7F, 0xFF, 0xF0, 0x00, 0x00, 0x00, 0x01, 0xFF, 0xFF, 0xC0, 0x3F, 0xFF, 0xF8, 0x07,
  0xFF, 0xFF, 0x00, 0xF0, 0x01, 0xE0, 0x1E, 0x00, 0x3C, 0x03, 0xC0, 0x07, 0x80, 0x78, 0x00, 0xF0,
  0x0F, 0x00, 0x1E, 0x01, 0xE0, 0x03, 0xC0, 0x3C, 0x00, 0x78, 0x07, 0x80, 0x0F, 0x00, 0xF0, 0x01,
  0xE0, 0x1E, 0x00, 0x3C, 0x03, 0xC0, 0x07, 0x80, 0x78, 0x00, 0xF0, 0x0F, 0x00, 0x1E, 0x01, 0xE0,
  0x03, 0xC0, 0x3C, 0x00, 0x78, 0x07, 0x80, 0x0F, 0x00, 0xF0, 0x01, 0xE0, 0x1E, 0x00, 0x3C, 0x03,
  0xC0, 0x07, 0x80, 0x78, 0x00, 0xF0, 0x0F, 0x00, 0x1E, 0x01, 0xE0, 0x03, 0xC0, 0x3C, 0x00, 0x78,
  0x07, 0x80, 0x0F, 0x00, 0xF8, 0x01, 0xE0, 0x1F, 0xFF, 0xFC, 0x03, 0xFF, 0xFF, 0x80, 0x7F, 0xFF,
  0xF0, 0x00, 0x00, 0x00, 0x01, 0xFF, 0xFF, 0xC0, 0x3F, 0xFF, 0xF8, 0x07, 0xFF, 0xFF, 0x00, 0xF0,
  0x01, 0xE0, 0x1E, 0x00, 0x3C, 0x03, 0xC0, 0x07, 0x80, 0x78, 0x00, 0xF0, 0x0F, 0x00, 0x1E, 0x01,
  0xE0, 0x03, 0xC0, 0x3C, 0x00, 0x78, 0x07, 0x80, 0x0F, 0x00, 0xF0, 0x01, 0xE0, 0x1E, 0x00, 0x3C,
  0x03, 0xC0, 0x07, 0x80, 0x78, 0x00, 0xF0, 0x0F, 0x00, 0x1E, 0x01, 0xE0, 0x03, 0xC0, 0x3C, 0x00,
  0x78, 0x07, 0x80, 0x0F, 0x00, 0xF0, 0x01, 0xE0, 0x1E, 0x00, 0x3C, 0x03, 0xC0, 0x07, 0x80, 0x78,
  0x00, 0xF0, 0x0F, 0x00, 0x1E, 0x01, 0xE0, 0x03, 0xC0, 0x3C, 0x00, 0x78, 0x07, 0x80, 0x0F, 0x00,
  0xF8, 0x01, 0xE0, 0x1F, 0xFF, 0xFC, 0x03, 0xFF, 0xFF, 0x80, 0x7F, 0xFF, 0xF0, 0x00, 0x00, 0x00,
  0x01, 0xFF, 0xFF, 0xC0, 0x3F, 0xFF, 0xF8, 0x07, 0xFF, 0xFF, 0x00, 0xF0, 0x01, 0xE0, 0x1E, 0x00,
  0x3C, 0x03, 0xC0, 0x07, 0x80, 0x78, 0x00, 0xF0, 0x0F, 0x00, 0x1E, 0x01, 0xE0, 0x03, 0xC0, 0x3C,
  0x00, 0x78, 0x07, 0x80, 0x0F, 0x00, 0xF0, 0x01, 0xE0, 0x1E, 0x00, 0x3C, 0x03, 0xC0, 0x07, 0x80,
  0x78, 0x00, 0xF0, 0x0F, 0x00, 0x1E, 0x01, 0xE0, 0x03, 0xC0, 0x3C, 0x00, 0x78, 0x07, 0x80, 0x0F,
  0x00, 0xF0, 0x01, 0xE0, 0x1E, 0x00, 0x3C, 0x03, 0xC0, 0x07, 0x80, 0x78, 0x00, 0xF0, 0x0F, 0x00,
  0x1E, 0x01, 0xE0, 0x03, 0xC0, 0x3C, 0x00, 0x78, 0x07, 0x80, 0x0F, 0x00, 0xF8, 0x01, 0xE0, 0x1F,
  0xFF, 0xFC, 0x03, 0xFF, 0xFF, 0x80, 0x7F, 0xFF, 0xF0, 0x00, 0x00, 0x00, 0x01, 0xFF, 0xFF, 0xC0,
  0x3F, 0xFF, 0xF8, 0x07, 0xFF, 0xFF, 0x00, 0xF0, 0x01, 0xE0, 0x1E, 0x00, 0x3C, 0x03, 0xC0, 0x07,
  0x80, 0x78, 0x00, 0xF0, 0x0F, 0x00, 0x1E, 0x01, 0xE0, 0x03, 0xC0, 0x3C, 0x00, 0x78, 0x07, 0x80,
  0x0F, 0x00, 0xF0, 0x01, 0xE0, 0x1E, 0x00, 0x3C, 0x03, 0xC0, 0x07, 0x80, 0x78, 0x00, 0xF0, 0x0F,
  0x00, 0x1E, 0x01, 0xE0, 0x03, 0xC0, 0x3C, 0x00, 0x78, 0x07, 0x80, 0x0F, 0x00, 0xF0, 0x01, 0xE0,
  0x1E, 0x00, 0x3C, 0x03, 0xC0, 0x07, 0x80, 0x78, 0x00, 0xF0, 0x0F, 0x00, 0x1E, 0x01, 0xE0, 0x03,
  0xC0, 0x3C, 0x00, 0x78, 0x07, 0x80, 0x0F, 0x00, 0xF8, 0x01, 0xE0, 0x1F, 0xFF, 0xFC, 0x03, 0xFF,
  0xFF, 0x80, 0x7F, 0xFF, 0xF0, 0x00, 0x00, 0x00, 0x01, 0xFF, 0xFF, 0xC0, 0x3F, 0xFF, 0xF8, 0x07,
  0xFF, 0xFF, 0x00, 0xF0, 0x01, 0xE0, 0x1E, 0x00, 0x3C, 0x03, 0xC0, 0x07, 0x80, 0x78, 0x00, 0xF0,
  0x0F, 0x00, 0x1E, 0x01, 0xE0, 0x03, 0xC0, 0x3C, 0x00, 0x78, 0x07, 0x80, 0x0F, 0x00, 0xF0, 0x01,
  0xE0, 0x1E, 0x00, 0x3C, 0x03, 0xC0, 0x07, 0x80, 0x78, 0x00, 0xF0, 0x0F, 0x00, 0x1E, 0x01, 0xE0,
  0x03, 0xC0, 0x3C, 0x00, 0x78, 0x07, 0x80, 0x0F, 0x00, 0xF0, 0x01, 0xE0, 0x1E, 0x00, 0x3C, 0x03,
  0xC0, 0x07, 0x80, 0x78, 0x00, 0xF0, 0x0F, 0x00, 0x1E, 0x01, 0xE0, 0x03, 0xC0, 0x3C, 0x00, 0x78,
  0x07, 0x80, 0x0F, 0x00, 0xF8, 0x01, 0xE0, 0x1F, 0xFF, 0xFC, 0x03, 0xFF, 0xFF, 0x80, 0x7F, 0xFF,
  0xF0, 0x00, 0x00, 0x00, 0x01, 0xFF, 0xFF, 0xC0, 0x3F, 0xFF, 0xF8, 0x07, 0xFF, 0xFF, 0x00, 0xF0,
  0x01, 0xE0, 0x1E, 0x00, 0x3C, 0x03, 0xC0, 0x07, 0x80, 0x78, 0x00, 0xF0, 0x0F, 0x00, 0x1E, 0x01,
  0xE0, 0x03, 0xC0, 0x3C, 0x00, 0x78, 0x07, 0x80, 0x0F, 0x00, 0xF0, 0x01, 0xE0, 0x1E, 0x00, 0x3C,
  0x03, 0xC0, 0x07, 0x80, 0x78, 0x00, 0xF0, 0x0F, 0x00, 0x1E, 0x01, 0xE0, 0x03, 0xC0, 0x3C, 0x00,
  0x78, 0x07, 0x80, 0x0F, 0x00, 0xF0, 0x01, 0xE0, 0x1E, 0x00, 0x3C, 0x03, 0xC0, 0x07, 0x80, 0x78,
  0x00, 0xF0, 0x0F, 0x00, 0x1E, 0x01, 0xE0, 0x03, 0xC0, 0x3C, 0x00, 0x78, 0x07, 0x80, 0x0F, 0x00,
  0xF8, 0x01, 0xE0, 0x1F, 0xFF, 0xFC, 0x03, 0xFF, 0xFF, 0x80, 0x7F, 0xFF, 0xF0, 0x00, 0x00, 0x00,
  0x01, 0xFF, 0xFF, 0xC0, 0x3F, 0xFF, 0xF8, 0x07, 0xFF, 0xFF, 0x00, 0xF0, 0x01, 0xE0, 0x1E, 0x00,
  0x3C, 0x03, 0xC0, 0x07, 0x80, 0x78, 0x00, 0xF0, 0x0F, 0x00, 0x1E, 0x01, 0xE0, 0x03, 0xC0, 0x3C,
  0x00, 0x78, 0x07, 0x80, 0x0F, 0x00, 0xF0, 0x01, 0xE0, 0x1E, 0x00, 0x3C, 0x03, 0xC0, 0x07, 0x80,
  0x78, 0x00, 0xF0, 0x0F, 0x00, 0x1E, 0x01, 0xE0, 0x03, 0xC0, 0x3C, 0x00, 0x78, 0x07, 0x80, 0x0F,
  0x00, 0xF0, 0x01, 0xE0, 0x1E, 0x00, 0x3C, 0x03, 0xC0, 0x07, 0x80, 0x78, 0x00, 0xF0, 0x0F, 0x00,
  0x1E, 0x01, 0xE0, 0x03, 0xC0, 0x3C, 0x00, 0x78, 0x07, 0x80, 0x0F, 0x00, 0xF8, 0x01, 0xE0, 0x1F,
  0xFF, 0xFC, 0x03, 0xFF, 0xFF, 0x80, 0x7F, 0xFF, 0xF0, 0x00, 0x00, 0x00, 0x01, 0xFF, 0xFF, 0xC0,
  0x3F, 0xFF, 0xF8, 0x07, 0xFF, 0xFF, 0x00, 0xF0, 0x01, 0xE0, 0x1E, 0x00, 0x3C, 0x03, 0xC0, 0x07,
  0x80, 0x78, 0x00, 0xF0, 0x0F, 0x00, 0x1E, 0x01, 0xE0, 0x03, 0xC0, 0x3C, 0x00, 0x78, 0x07, 0x80,
  0x0F, 0x00, 0xF0, 0x01, 0xE0, 0x1E, 0x00, 0x3C, 0x03, 0xC0, 0x07, 0x80, 0x78, 0x00, 0xF0, 0x0F,
  0x00, 0x1E, 0x01, 0xE0, 0x03, 0xC0, 0x3C, 0x00, 0x78, 0x07, 0x80, 0x0F, 0x00, 0xF0, 0x01, 0xE0,
  0x1E, 0x00, 0x3C, 0x03, 0xC0, 0x07, 0x80, 0x78, 0x00, 0xF0, 0x0F, 0x00, 0x1E, 0x01, 0xE0, 0x03,
  0xC0, 0x3C, 0x00, 0x78, 0x07, 0x80, 0x0F, 0x00, 0xF8, 0x01, 0xE0, 0x1F, 0xFF, 0xFC, 0x03, 0xFF,
  0xFF, 0x80, 0x7F, 0xFF, 0xF0, 0x00, 0x00, 0x00, 0x01, 0xFF, 0xFF, 0xC0, 0x3F, 0xFF, 0xF8, 0x07,
  0xFF, 0xFF, 0x00, 0xF0, 0x01, 0xE0, 0x1E, 0x00, 0x3C, 0x03, 0xC0, 0x07, 0x80, 0x78, 0x00, 0xF0,
  0x0F, 0x00, 0x1E, 0x01, 0xE0, 0x03, 0xC0, 0x3C, 0x00, 0x78, 0x07, 0x80, 0x0F, 0x00, 0xF0, 0x01,
  0xE0, 0x1E, 0x00, 0x3C, 0x03, 0xC0, 0x07, 0x80, 0x78, 0x00, 0xF0, 0x0F, 0x00, 0x1E, 0x01, 0xE0,
  0x03, 0xC0, 0x3C, 0x00, 0x78, 0x07, 0x80, 0x0F, 0x00, 0xF0, 0x01, 0xE0, 0x1E, 0x00, 0x3C, 0x03,
  0xC0, 0x07, 0x80, 0x78, 0x00, 0xF0, 0x0F, 0x00, 0x1E, 0x01, 0xE0, 0x03, 0xC0, 0x3C, 0x00, 0x78,
  0x07, 0x80, 0x0F, 0x00, 0xF8, 0x01, 0xE0, 0x1F, 0xFF, 0xFC, 0x03, 0xFF, 0xFF, 0x80, 0x7F, 0xFF,
  0xF0, 0x00, 0x00, 0x00, 0x01, 0xFF, 0xFF, 0xC0, 0x3F, 0xFF, 0xF8, 0x07, 0xFF, 0xFF, 0x00, 0xF0,
  0x01, 0xE0, 0x1E, 0x00, 0x3C, 0x03, 0xC0, 0x07, 0x80, 0x78, 0x00, 0xF0, 0x0F, 0x00, 0x1E, 0x01,
  0xE0, 0x03, 0xC0, 0x3C, 0x00, 0x78, 0x07, 0x80, 0x0F, 0x00, 0xF0, 0x01, 0xE0, 0x1E, 0x00, 0x3C,
  0x03, 0xC0, 0x07, 0x80, 0x78, 0x00, 0xF0, 0x0F, 0x00, 0x1E, 0x01, 0xE0, 0x03, 0xC0, 0x3C, 0x00,
  0x78, 0x07, 0x80, 0x0F, 0x00, 0xF0, 0x01, 0xE0, 0x1E, 0x00, 0x3C, 0x03, 0xC0, 0x07, 0x80, 0x78,
  0x00, 0xF0, 0x0F, 0x00, 0x1E, 0x01, 0xE0, 0x03, 0xC0, 0x3C, 0x00, 0x78, 0x07, 0x80, 0x0F, 0x00,
  0xF8, 0x01, 0xE0, 0x1F, 0xFF, 0xFC, 0x03, 0xFF, 0xFF, 0x80, 0x7F, 0xFF, 0xF0, 0x00, 0x00, 0x00,
  0x01, 0xFF, 0xFF, 0xC0, 0x3F, 0xFF, 0xF8, 0x07, 0xFF, 0xFF, 0x00, 0xF0, 0x01, 0xE0, 0x1E, 0x00,
  0x3C, 0x03, 0xC0, 0x07, 0x80, 0x78, 0x00, 0xF0, 0x0F, 0x00, 0x1E, 0x01, 0xE0, 0x03, 0xC0, 0x3C,
  0x00, 0x78, 0x07, 0x80, 0x0F, 0x00, 0xF0, 0x01, 0xE0, 0x1E, 0x00, 0x3C, 0x03, 0xC0, 0x07, 0x80,
  0x78, 0x00, 0xF0, 0x0F, 0x00, 0x1E, 0x01, 0xE0, 0x03, 0xC0, 0x3C, 0x00, 0x78, 0x07, 0x80, 0x0F,
  0x00, 0xF0, 0x01, 0xE0, 0x1E, 0x00, 0x3C, 0x03, 0xC0, 0x07, 0x80, 0x78, 0x00, 0xF0, 0x0F, 0x00,
  0x1E, 0x01, 0xE0, 0x03, 0xC0, 0x3C, 0x00, 0x78, 0x07, 0x80, 0x0F, 0x00, 0xF8, 0x01, 0xE0, 0x1F,
  0xFF, 0xFC, 0x03, 0xFF, 0xFF, 0x80, 0x7F, 0xFF, 0xF0, 0x00, 0x00, 0x00, 0x01, 0xFF, 0xFF, 0xC0,
  0x3F, 0xFF, 0xF8, 0x07, 0xFF, 0xFF, 0x00, 0xF0, 0x01, 0xE0, 0x1E, 0x00, 0x3C, 0x03, 0xC0, 0x07,
  0x80, 0x78, 0x00, 0xF0, 0x0F, 0x00, 0x1E, 0x01, 0xE0, 0x03, 0xC0, 0x3C, 0x00, 0x78, 0x07, 0x80,
  0x0F, 0x00, 0xF0, 0x01, 0xE0, 0x1E, 0x00, 0x3C, 0x03, 0xC0, 0x07, 0x80, 0x78, 0x00, 0xF0, 0x0F,
  0x00, 0x1E, 0x01, 0xE0, 0x03, 0xC0, 0x3C, 0x00, 0x78, 0x07, 0x80, 0x0F, 0x00, 0xF0, 0x01, 0xE0,
  0x1E, 0x00, 0x3C, 0x03, 0xC0, 0x07, 0x80, 0x78, 0x00, 0xF0, 0x0F, 0x00, 0x1E, 0x01, 0xE0, 0x03,
  0xC0, 0x3C, 0x00, 0x78, 0x07, 0x80, 0x0F, 0x00, 0xF8, 0x01, 0xE0, 0x1F, 0xFF, 0xFC, 0x03, 0xFF,
  0xFF, 0x80, 0x7F, 0xFF, 0xF0, 0x00, 0x00, 0x00, 0x01, 0xFF, 0xFF, 0xC0, 0x3F, 0xFF, 0xF8, 0x07,
  0xFF, 0xFF, 0x00, 0xF0, 0x01, 0xE0, 0x1E, 0x00, 0x3C, 0x03, 0xC0, 0x07, 0x80, 0x78, 0x00, 0xF0,
  0x0F, 0x00, 0x1E, 0x01, 0xE0, 0x03, 0xC0, 0x3C, 0x00, 0x78, 0x07, 0x80, 0x0F, 0x00, 0xF0, 0x01,
  0xE0, 0x1E, 0x00, 0x3C, 0x03, 0xC0, 0x07, 0x80, 0x78, 0x00, 0xF0, 0x0F, 0x00, 0x1E, 0x01, 0xE0,
  0x03, 0xC0, 0x3C, 0x00, 0x78, 0x07, 0x80, 0x0F, 0x00, 0xF0, 0x01, 0xE0, 0x1E, 0x00, 0x3C, 0x03,
  0xC0, 0x07, 0x80, 0x78, 0x00, 0xF0, 0x0F, 0x00, 0x1E, 0x01, 0xE0, 0x03, 0xC0, 0x3C, 0x00, 0x78,
  0x07, 0x80, 0x0F, 0x00, 0xF8, 0x01, 0xE0, 0x1F, 0xFF, 0xFC, 0x03, 0xFF, 0xFF, 0x80, 0x7F, 0xFF,
  0xF0, 0x00, 0x00, 0x00, 0x01, 0xFF, 0xFF, 0xC0, 0x3F, 0xFF, 0xF8, 0x07, 0xFF, 0xFF, 0x00, 0xF0,
  0x01, 0xE0, 0x1E, 0x00, 0x3C, 0x03, 0xC0, 0x07, 0x80, 0x78, 0x00, 0xF0, 0x0F, 0x00, 0x1E, 0x01,
  0xE0, 0x03, 0xC0, 0x3C, 0x00, 0x78, 0x07, 0x80, 0x0F, 0x00, 0xF0, 0x01, 0xE0, 0x1E, 0x00, 0x3C,
  0x03, 0xC0, 0x07, 0x80, 0x78, 0x00, 0xF0, 0x0F, 0x00, 0x1E, 0x01, 0xE0, 0x03, 0xC0, 0x3C, 0x00,
  0x78, 0x07, 0x80, 0x0F, 0x00, 0xF0, 0x01, 0xE0, 0x1E, 0x00, 0x3C, 0x03, 0xC0, 0x07, 0x80, 0x78,
  0x00, 0xF0, 0x0F, 0x00, 0x1E, 0x01, 0xE0, 0x03, 0xC0, 0x3C, 0x00, 0x78, 0x07, 0x80, 0x0F, 0x00,
  0xF8, 0x01, 0xE0, 0x1F, 0xFF, 0xFC, 0x03, 0xFF, 0xFF, 0x80, 0x7F, 0xFF, 0xF0, 0x00, 0x00, 0x00,
  0x01, 0xFF, 0xFF, 0xC0, 0x3F, 0xFF, 0xF8, 0x07, 0xFF, 0xFF, 0x00, 0xF0, 0x01, 0xE0, 0x1E, 0x00,
  0x3C, 0x03, 0xC0, 0x07, 0x80, 0x78, 0x00, 0xF0, 0x0F, 0x00, 0x1E, 0x01, 0xE0, 0x03, 0xC0, 0x3C,
  0x00, 0x78, 0x07, 0x80, 0x0F, 0x00, 0xF0, 0x01, 0xE0, 0x1E, 0x00, 0x3C, 0x03, 0xC0, 0x07, 0x80,
  0x78, 0x00, 0xF0, 0x0F, 0x00, 0x1E, 0x01, 0xE0, 0x03, 0xC0, 0x3C, 0x00, 0x78, 0x07, 0x80, 0x0F,
  0x00, 0xF0, 0x01, 0xE0, 0x1E, 0x00, 0x3C, 0x03, 0xC0, 0x07, 0x80, 0x78, 0x00, 0xF0, 0x0F, 0x00,
  0x1E, 0x01, 0xE0, 0x03, 0xC0, 0x3C, 0x00, 0x78, 0x07, 0x80, 0x0F, 0x00, 0xF8, 0x01, 0xE0, 0x1F,
  0xFF, 0xFC, 0x03, 0xFF, 0xFF, 0x80, 0x7F, 0xFF, 0xF0, 0x00, 0x00, 0x00, 0x01, 0xFF, 0xFF, 0xC0,
  0x3F, 0xFF, 0xF8, 0x07, 0xFF, 0xFF, 0x00, 0xF0, 0x01, 0xE0, 0x1E, 0x00, 0x3C, 0x03, 0xC0, 0x07,
  0x80, 0x78, 0x00, 0xF0, 0x0F, 0x00, 0x1E, 0x01, 0xE0, 0x03, 0xC0, 0x3C, 0x00, 0x78, 0x07, 0x80,
  0x0F, 0x00, 0xF0, 0x01, 0xE0, 0x1E, 0x00, 0x3C, 0x03, 0xC0, 0x07, 0x80, 0x78, 0x00, 0xF0, 0x0F,
  0x00, 0x1E, 0x01, 0xE0, 0x03, 0xC0, 0x3C, 0x00, 0x78, 0x07, 0x80, 0x0F, 0x00, 0xF0, 0x01, 0xE0,
  0x1E, 0x00, 0x3C, 0x03, 0xC0, 0x07, 0x80, 0x78, 0x00, 0xF0, 0x0F, 0x00, 0x1E, 0x01, 0xE0, 0x03,
  0xC0, 0x3C, 0x00, 0x78, 0x07, 0x80, 0x0F, 0x00, 0xF8, 0x01, 0xE0, 0x1F, 0xFF, 0xFC, 0x03, 0xFF,
  0xFF, 0x80, 0x7F, 0xFF, 0xF0, 0x00, 0x00, 0x00, 0x01, 0xFF, 0xFF, 0xC0, 0x3F, 0xFF, 0xF8, 0x07,
  0xFF, 0xFF, 0x00, 0xF0, 0x01, 0xE0, 0x1E, 0x00, 0x3C, 0x03, 0xC0, 0x07, 0x80, 0x78, 0x00, 0xF0,
  0x0F, 0x00, 0x1E, 0x01, 0xE0, 0x03, 0xC0, 0x3C, 0x00, 0x78, 0x07, 0x80, 0x0F, 0x00, 0xF0, 0x01,
  0xE0, 0x1E, 0x00, 0x3C, 0x03, 0xC0, 0x07, 0x80, 0x78, 0x00, 0xF0, 0x0F, 0x00, 0x1E, 0x01, 0xE0,
  0x03, 0xC0, 0x3C, 0x00, 0x78, 0x07, 0x80, 0x0F, 0x00, 0xF0, 0x01, 0xE0, 0x1E, 0x00, 0x3C, 0x03,
  0xC0, 0x07, 0x80, 0x78, 0x00, 0xF0, 0x0F, 0x00, 0x1E, 0x01, 0xE0, 0x03, 0xC0, 0x3C, 0x00, 0x78,
  0x07, 0x80, 0x0F, 0x00, 0xF8, 0x01, 0xE0, 0x1F, 0xFF, 0xFC, 0x03, 0xFF, 0xFF, 0x80, 0x7F, 0xFF,
  0xF0, 0x00, 0x00, 0x00, 0x01, 0xFF, 0xFF, 0xC0, 0x3F, 0xFF, 0xF8, 0x07, 0xFF, 0xFF, 0x00, 0xF0,
  0x01, 0xE0, 0x1E, 0x00, 0x3C, 0x03, 0xC0, 0x07, 0x80, 0x78, 0x00, 0xF0, 0x0F, 0x00, 0x1E, 0x01,
  0xE0, 0x03, 0xC0, 0x3C, 0x00, 0x78, 0x07, 0x80, 0x0F, 0x00, 0xF0, 0x01, 0xE0, 0x1E, 0x00, 0x3C,
  0x03, 0xC0, 0x07, 0x80, 0x78, 0x00, 0xF0, 0x0F, 0x00, 0x1E, 0x01, 0xE0, 0x03, 0xC0, 0x3C, 0x00,
  0x78, 0x07, 0x80, 0x0F, 0x00, 0xF0, 0x01, 0xE0, 0x1E, 0x00, 0x3C, 0x03, 0xC0, 0x07, 0x80, 0x78,
  0x00, 0xF0, 0x0F, 0x00, 0x1E, 0x01, 0xE0, 0x03, 0xC0, 0x3C, 0x00, 0x78, 0x07, 0x80, 0x0F, 0x00,
  0xF8, 0x01, 0xE0, 0x1F, 0xFF, 0xFC, 0x03, 0xFF, 0xFF, 0x80, 0x7F, 0xFF, 0xF0, 0x00, 0x00, 0x00,
  0x01, 0xFF, 0xFF, 0xC0, 0x3F, 0xFF, 0xF8, 0x07, 0xFF, 0xFF, 0x00, 0xF0, 0x01, 0xE0, 0x1E, 0x00,
  0x3C, 0x03, 0xC0, 0x07, 0x80, 0x78, 0x00, 0xF0, 0x0F, 0x00, 0x1E, 0x01, 0xE0, 0x03, 0xC0, 0x3C,
  0x00, 0x78, 0x07, 0x80, 0x0F, 0x00, 0xF0, 0x01, 0xE0, 0x1E, 0x00, 0x3C, 0x03, 0xC0, 0x07, 0x80,
  0x78, 0x00, 0xF0, 0x0F, 0x00, 0x1E, 0x01, 0xE0, 0x03, 0xC0, 0x3C, 0x00, 0x78, 0x07, 0x80, 0x0F,
  0x00, 0xF0, 0x01, 0xE0, 0x1E, 0x00, 0x3C, 0x03, 0xC0, 0x07, 0x80, 0x78, 0x00, 0xF0, 0x0F, 0x00,
  0x1E, 0x01, 0xE0, 0x03, 0xC0, 0x3C, 0x00, 0x78, 0x07, 0x80, 0x0F, 0x00, 0xF8, 0x01, 0xE0, 0x1F,
  0xFF, 0xFC, 0x03, 0xFF, 0xFF, 0x80, 0x7F, 0xFF, 0xF0, 0x00, 0x00, 0x00, 0x01, 0xFF, 0xFF, 0xC0,
  0x3F, 0xFF, 0xF8, 0x07, 0xFF, 0xFF, 0x00, 0xF0, 0x01, 0xE0, 0x1E, 0x00, 0x3C, 0x03, 0xC0, 0x07,
  0x80, 0x78, 0x00, 0xF0, 0x0F, 0x00, 0x1E, 0x01, 0xE0, 0x03, 0xC0, 0x3C, 0x00, 0x78, 0x07, 0x80,
  0x0F, 0x00, 0xF0, 0x01, 0xE0, 0x1E, 0x00, 0x3C, 0x03, 0xC0, 0x07, 0x80, 0x78, 0x00, 0xF0, 0x0F,
  0x00, 0x1E, 0x01, 0xE0, 0x03, 0xC0, 0x3C, 0x00, 0x78, 0x07, 0x80, 0x0F, 0x00, 0xF0, 0x01, 0xE0,
  0x1E, 0x00, 0x3C, 0x03, 0xC0, 0x07, 0x80, 0x78, 0x00, 0xF0, 0x0F, 0x00, 0x1E, 0x01, 0xE0, 0x03,
  0xC0, 0x3C, 0x00, 0x78, 0x07, 0x80, 0x0F, 0x00, 0xF8, 0x01, 0xE0, 0x1F, 0xFF, 0xFC, 0x03, 0xFF,
  0xFF, 0x80, 0x7F, 0xFF, 0xF0, 0x00, 0x00, 0x00, 0x01, 0xFF, 0xFF, 0xC0, 0x3F, 0xFF, 0xF8, 0x07,
  0xFF, 0xFF, 0x00, 0xF0, 0x01, 0xE0, 0x1E, 0x00, 0x3C, 0x03, 0xC0, 0x07, 0x80, 0x78, 0x00, 0xF0,
  0x0F, 0x00, 0x1E, 0x01, 0xE0, 0x03, 0xC0, 0x3C, 0x00, 0x78, 0x07, 0x80, 0x0F, 0x00, 0xF0, 0x01,
  0xE0, 0x1E, 0x00, 0x3C, 0x03, 0xC0, 0x07, 0x80, 0x78, 0x00, 0xF0, 0x0F, 0x00, 0x1E, 0x01, 0xE0,
  0x03, 0xC0, 0x3C, 0x00, 0x78, 0x07, 0x80, 0x0F, 0x00, 0xF0, 0x01, 0xE0, 0x1E, 0x00, 0x3C, 0x03,
  0xC0, 0x07, 0x80, 0x78, 0x00, 0xF0, 0x0F, 0x00, 0x1E, 0x01, 0xE0, 0x03, 0xC0, 0x3C, 0x00, 0x78,
  0x07, 0x80, 0x0F, 0x00, 0xF8, 0x01, 0xE0, 0x1F, 0xFF, 0xFC, 0x03, 0xFF, 0xFF, 0x80, 0x7F, 0xFF,
  0xF0, 0x00, 0x00, 0x00, 0x01, 0xFF, 0xFF, 0xC0, 0x3F, 0xFF, 0xF8, 0x07, 0xFF, 0xFF, 0x00, 0xF0,
  0x01, 0xE0, 0x1E, 0x00, 0x3C, 0x03, 0xC0, 0x07, 0x80, 0x78, 0x00, 0xF0, 0x0F, 0x00, 0x1E, 0x01,
  0xE0, 0x03, 0xC0, 0x3C, 0x00, 0x78, 0x07, 0x80, 0x0F, 0x00, 0xF0, 0x01, 0xE0, 0x1E, 0x00, 0x3C,
  0x03, 0xC0, 0x07, 0x80, 0x78, 0x00, 0xF0, 0x0F, 0x00, 0x1E, 0x01, 0xE0, 0x03, 0xC0, 0x3C, 0x00,
  0x78, 0x07, 0x80, 0x0F, 0x00, 0xF0, 0x01, 0xE0, 0x1E, 0x00, 0x3C, 0x03, 0xC0, 0x07, 0x80, 0x78,
  0x00, 0xF0, 0x0F, 0x00, 0x1E, 0x01, 0xE0, 0x03, 0xC0, 0x3C, 0x00, 0x78, 0x07, 0x80, 0x0F, 0x00,
  0xF8, 0x01, 0xE0, 0x1F, 0xFF, 0xFC, 0x03, 0xFF, 0xFF, 0x80, 0x7F, 0xFF, 0xF0, 0x00, 0x00, 0x00,
  0x01, 0xFF, 0xFF, 0xC0, 0x3F, 0xFF, 0xF8, 0x07, 0xFF, 0xFF, 0x00, 0xF0, 0x01, 0xE0, 0x1E, 0x00,
  0x3C, 0x03, 0xC0, 0x07, 0x80, 0x78, 0x00, 0xF0, 0x0F, 0x00, 0x1E, 0x01, 0xE0, 0x03, 0xC0, 0x3C,
  0x00, 0x78, 0x07, 0x80, 0x0F, 0x00, 0xF0, 0x01, 0xE0, 0x1E, 0x00, 0x3C, 0x03, 0xC0, 0x07, 0x80,
  0x78, 0x00, 0xF0, 0x0F, 0x00, 0x1E, 0x01, 0xE0, 0x03, 0xC0, 0x3C, 0x00, 0x78, 0x07, 0x80, 0x0F,
  0x00, 0xF0, 0x01, 0xE0, 0x1E, 0x00, 0x3C, 0x03, 0xC0, 0x07, 0x80, 0x78, 0x00, 0xF0, 0x0F, 0x00,
  0x1E, 0x01, 0xE0, 0x03, 0xC0, 0x3C, 0x00, 0x78, 0x07, 0x80, 0x0F, 0x00, 0xF8, 0x01, 0xE0, 0x1F,
  0xFF, 0xFC, 0x03, 0xFF, 0xFF, 0x80, 0x7F, 0xFF, 0xF0, 0x00, 0x00, 0x00, 0x01, 0xFF, 0xFF, 0xC0,
  0x3F, 0xFF, 0xF8, 0x07, 0xFF, 0xFF, 0x00, 0xF0, 0x01, 0xE0, 0x1E, 0x00, 0x3C, 0x03, 0xC0, 0x07,
  0x80, 0x78, 0x00, 0xF0, 0x0F, 0x00, 0x1E, 0x01, 0xE0, 0x03, 0xC0, 0x3C, 0x00, 0x78, 0x07, 0x80,
  0x0F, 0x00, 0xF0, 0x01, 0xE0, 0x1E, 0x00, 0x3C, 0x03, 0xC0, 0x07, 0x80, 0x78, 0x00, 0xF0, 0x0F,
  0x00, 0x1E, 0x01, 0xE0, 0x03, 0xC0, 0x3C, 0x00, 0x78, 0x07, 0x80, 0x0F, 0x00, 0xF0, 0x01, 0xE0,
  0x1E, 0x00, 0x3C, 0x03, 0xC0, 0x07, 0x80, 0x78, 0x00, 0xF0, 0x0F, 0x00, 0x1E, 0x01, 0xE0, 0x03,
  0xC0, 0x3C, 0x00, 0x78, 0x07, 0x80, 0x0F, 0x00, 0xF8, 0x01, 0xE0, 0x1F, 0xFF, 0xFC, 0x03, 0xFF,
  0xFF, 0x80, 0x7F, 0xFF, 0xF0, 0x00, 0x00, 0x00, 0x01, 0xFF, 0xFF, 0xC0, 0x3F, 0xFF, 0xF8, 0x07,
  0xFF, 0xFF, 0x00, 0xF0, 0x01, 0xE0, 0x1E, 0x00, 0x3C, 0x03, 0xC0, 0x07, 0x80, 0x78, 0x00, 0xF0,
  0x0F, 0x00, 0x1E, 0x01, 0xE0, 0x03, 0xC0, 0x3C, 0x00, 0x78, 0x07, 0x80, 0x0F, 0x00, 0xF0, 0x01,
  0xE0, 0x1E, 0x00, 0x3C, 0x03, 0xC0, 0x07, 0x80, 0x78, 0x00, 0xF0, 0x0F, 0x00, 0x1E, 0x01, 0xE0,
  0x03, 0xC0, 0x3C, 0x00, 0x78, 0x07, 0x80, 0x0F, 0x00, 0xF0, 0x01, 0xE0, 0x1E, 0x00, 0x3C, 0x03,
  0xC0, 0x07, 0x80, 0x78, 0x00, 0xF0, 0x0F, 0x00, 0x1E, 0x01, 0xE0, 0x03, 0xC0, 0x3C, 0x00, 0x78,
  0x07, 0x80, 0x0F, 0x00, 0xF8, 0x01, 0xE0, 0x1F, 0xFF, 0xFC, 0x03, 0xFF, 0xFF, 0x80, 0x7F, 0xFF,
  0xF0, 0x00, 0x00, 0x00, 0x01, 0xFF, 0xFF, 0xC0, 0x3F, 0xFF, 0xF8, 0x07, 0xFF, 0xFF, 0x00, 0xF0,
  0x01, 0xE0, 0x1E, 0x00, 0x3C, 0x03, 0xC0, 0x07, 0x80, 0x78, 0x00, 0xF0, 0x0F, 0x00, 0x1E, 0x01,
  0xE0, 0x03, 0xC0, 0x3C, 0x00, 0x78, 0x07, 0x80, 0x0F, 0x00, 0xF0, 0x01, 0xE0, 0x1E, 0x00, 0x3C,
  0x03, 0xC0, 0x07, 0x80, 0x78, 0x00, 0xF0, 0x0F, 0x00, 0x1E, 0x01, 0xE0, 0x03, 0xC0, 0x3C, 0x00,
  0x78, 0x07, 0x80, 0x0F, 0x00, 0xF0, 0x01, 0xE0, 0x1E, 0x00, 0x3C, 0x03, 0xC0, 0x07, 0x80, 0x78,
  0x00, 0xF0, 0x0F, 0x00, 0x1E, 0x01, 0xE0, 0x03, 0xC0, 0x3C, 0x00, 0x78, 0x07, 0x80, 0x0F, 0x00,
  0xF8, 0x01, 0xE0, 0x1F, 0xFF, 0xFC, 0x03, 0xFF, 0xFF, 0x80, 0x7F, 0xFF, 0xF0, 0x00, 0x00, 0x00,
  0x01, 0xFF, 0xFF, 0xC0, 0x3F, 0xFF, 0xF8, 0x07, 0xFF, 0xFF, 0x00, 0xF0, 0x01, 0xE0, 0x1E, 0x00,
  0x3C, 0x03, 0xC0, 0x07, 0x80, 0x78, 0x00, 0xF0, 0x0F, 0x00, 0x1E, 0x01, 0xE0, 0x03, 0xC0, 0x3C,
  0x00, 0x78, 0x07, 0x80, 0x0F, 0x00, 0xF0, 0x01, 0xE0, 0x1E, 0x00, 0x3C, 0x03, 0xC0, 0x07, 0x80,
  0x78, 0x00, 0xF0, 0x0F, 0x00, 0x1E, 0x01, 0xE0, 0x03, 0xC0, 0x3C, 0x00, 0x78, 0x07, 0x80, 0x0F,
  0x00, 0xF0, 0x01, 0xE0, 0x1E, 0x00, 0x3C, 0x03, 0xC0, 0x07, 0x80, 0x78, 0x00, 0xF0, 0x0F, 0x00,
  0x1E, 0x01, 0xE0, 0x03, 0xC0, 0x3C, 0x00, 0x78, 0x07, 0x80, 0x0F, 0x00, 0xF8, 0x01, 0xE0, 0x1F,
  0xFF, 0xFC, 0x03, 0xFF, 0xFF, 0x80, 0x7F, 0xFF, 0xF0, 0x00, 0x00, 0x00, 0x01, 0xFF, 0xFF, 0xC0,
  0x3F, 0xFF, 0xF8, 0x07, 0xFF, 0xFF, 0x00, 0xF0, 0x01, 0xE0, 0x1E, 0x00, 0x3C, 0x03, 0xC0, 0x07,
  0x80, 0x78, 0x00, 0xF0, 0x0F, 0x00, 0x1E, 0x01, 0xE0, 0x03, 0xC0, 0x3C, 0x00, 0x78, 0x07, 0x80,
  0x0F, 0x00, 0xF0, 0x01, 0xE0, 0x1E, 0x00, 0x3C, 0x03, 0xC0, 0x07, 0x80, 0x78, 0x00, 0xF0, 0x0F,
  0x00, 0x1E, 0x01, 0xE0, 0x03, 0xC0, 0x3C, 0x00, 0x78, 0x07, 0x80, 0x0F, 0x00, 0xF0, 0x01, 0xE0,
  0x1E, 0x00, 0x3C, 0x03, 0xC0, 0x07, 0x80, 0x78, 0x00, 0xF0, 0x0F, 0x00, 0x1E, 0x01, 0xE0, 0x03,
  0xC0, 0x3C, 0x00, 0x78, 0x07, 0x80, 0x0F, 0x00, 0xF8, 0x01, 0xE0, 0x1F, 0xFF, 0xFC, 0x03, 0xFF,
  0xFF, 0x80, 0x7F, 0xFF, 0xF0, 0x00, 0x00, 0x00, 0x01, 0xFF, 0xFF, 0xC0, 0x3F, 0xFF, 0xF8, 0x07,
  0xFF, 0xFF, 0x00, 0xF0, 0x01, 0xE0, 0x1E, 0x00, 0x3C, 0x03, 0xC0, 0x07, 0x80, 0x78, 0x00, 0xF0,
  0x0F, 0x00, 0x1E, 0x01, 0xE0, 0x03, 0xC0, 0x3C, 0x00, 0x78, 0x07, 0x80, 0x0F, 0x00, 0xF0, 0x01,
  0xE0, 0x1E, 0x00, 0x3C, 0x03, 0xC0, 0x07, 0x80, 0x78, 0x00, 0xF0, 0x0F, 0x00, 0x1E, 0x01, 0xE0,
  0x03, 0xC0, 0x3C, 0x00, 0x78, 0x07, 0x80, 0x0F, 0x00, 0xF0, 0x01, 0xE0, 0x1E, 0x00, 0x3C, 0x03,
  0xC0, 0x07, 0x80, 0x78, 0x00, 0xF0, 0x0F, 0x00, 0x1E, 0x01, 0xE0, 0x03, 0xC0, 0x3C, 0x00, 0x78,
  0x07, 0x80, 0x0F, 0x00, 0xF8, 0x01, 0xE0, 0x1F, 0xFF, 0xFC, 0x03, 0xFF, 0xFF, 0x80, 0x7F, 0xFF,
  0xF0, 0x00, 0x00, 0x00, 0x01, 0xFF, 0xFF, 0xC0, 0x3F, 0xFF, 0xF8, 0x07, 0xFF, 0xFF, 0x00, 0xF0,
  0x01, 0xE0, 0x1E, 0x00, 0x3C, 0x03, 0xC0, 0x07, 0x80, 0x78, 0x00, 0xF0, 0x0F, 0x00, 0x1E, 0x01,
  0xE0, 0x03, 0xC0, 0x3C, 0x00, 0x78, 0x07, 0x80, 0x0F, 0x00, 0xF0, 0x01, 0xE0, 0x1E, 0x00, 0x3C,
  0x03, 0xC0, 0x07, 0x80, 0x78, 0x00, 0xF0, 0x0F, 0x00, 0x1E, 0x01, 0xE0, 0x03, 0xC0, 0x3C, 0x00,
  0x78, 0x07, 0x80, 0x0F, 0x00, 0xF0, 0x01, 0xE0, 0x1E, 0x00, 0x3C, 0x03, 0xC0, 0x07, 0x80, 0x78,
  0x00, 0xF0, 0x0F, 0x00, 0x1E, 0x01, 0xE0, 0x03, 0xC0, 0x3C, 0x00, 0x78, 0x07, 0x80, 0x0F, 0x00,
  0xF8, 0x01, 0xE0, 0x1F, 0xFF, 0xFC, 0x03, 0xFF, 0xFF, 0x80, 0x7F, 0xFF, 0xF0, 0x00, 0x00, 0x00,
  0x01, 0xFF, 0xFF, 0xC0, 0x3F, 0xFF, 0xF8, 0x07, 0xFF, 0xFF, 0x00, 0xF0, 0x01, 0xE0, 0x1E, 0x00,
  0x3C, 0x03, 0xC0, 0x07, 0x80, 0x78, 0x00, 0xF0, 0x0F, 0x00, 0x1E, 0x01, 0xE0, 0x03, 0xC0, 0x3C,
  0x00, 0x78, 0x07, 0x80, 0x0F, 0x00, 0xF0, 0x01, 0xE0, 0x1E, 0x00, 0x3C, 0x03, 0xC0, 0x07, 0x80,
  0x78, 0x00, 0xF0, 0x0F, 0x00, 0x1E, 0x01, 0xE0, 0x03, 0xC0, 0x3C, 0x00, 0x78, 0x07, 0x80, 0x0F,
  0x00, 0xF0, 0x01, 0xE0, 0x1E, 0x00, 0x3C, 0x03, 0xC0, 0x07, 0x80, 0x78, 0x00, 0xF0, 0x0F, 0x00,
  0x1E, 0x01, 0xE0, 0x03, 0xC0, 0x3C, 0x00, 0x78, 0x07, 0x80, 0x0F, 0x00, 0xF8, 0x01, 0xE0, 0x1F,
  0xFF, 0xFC, 0x03, 0xFF, 0xFF, 0x80, 0x7F, 0xFF, 0xF0, 0x00, 0x00, 0x00, 0x01, 0xFF, 0xFF, 0xC0,
  0x3F, 0xFF, 0xF8, 0x07, 0xFF, 0xFF, 0x00, 0xF0, 0x01, 0xE0, 0x1E, 0x00, 0x3C, 0x03, 0xC0, 0x07,
  0x80, 0x78, 0x00, 0xF0, 0x0F, 0x00, 0x1E, 0x01, 0xE0, 0x03, 0xC0, 0x3C, 0x00, 0x78, 0x07, 0x80,
  0x0F, 0x00, 0xF0, 0x01, 0xE0, 0x1E, 0x00, 0x3C, 0x03, 0xC0, 0x07, 0x80, 0x78, 0x00, 0xF0, 0x0F,
  0x00, 0x1E, 0x01, 0xE0, 0x03, 0xC0, 0x3C, 0x00, 0x78, 0x07, 0x80, 0x0F, 0x00, 0xF0, 0x01, 0xE0,
  0x1E, 0x00, 0x3C, 0x03, 0xC0, 0x07, 0x80, 0x78, 0x00, 0xF0, 0x0F, 0x00, 0x1E, 0x01, 0xE0, 0x03,
  0xC0, 0x3C, 0x00, 0x78, 0x07, 0x80, 0x0F, 0x00, 0xF8, 0x01, 0xE0, 0x1F, 0xFF, 0xFC, 0x03, 0xFF,
  0xFF, 0x80, 0x7F, 0xFF, 0xF0, 0x00, 0x1F, 0x03, 0xE0, 0x7C, 0x0F, 0x81, 0xF0, 0x00, 0x00, 0x00,
  0x00, 0x00, 0x01, 0x80, 0x38, 0x07, 0x00, 0xE0, 0x1C, 0x03, 0x80, 0x70, 0x0E, 0x03, 0xC0, 0x7C,
  0x0F, 0x81, 0xF0, 0x3E, 0x07, 0xC0, 0xF8, 0x1F, 0x03, 0xE0, 0x7C, 0x0F, 0x81, 0xF0, 0x3E, 0x07,
  0xC0, 0x00, 0x07, 0x00, 0x00, 0x00, 0xE0, 0x00, 0x00, 0x1C, 0x00, 0x00, 0x03, 0x80, 0x00, 0x0F,
  0xFF, 0x80, 0x03, 0xFF, 0xF8, 0x00, 0xFF, 0xFF, 0x80, 0x3F, 0xFF, 0xF8, 0x0F, 0xC7, 0x0F, 0x01,
  0xF0, 0xE0, 0xC0, 0x3C, 0x1C, 0x00, 0x07, 0x83, 0x80, 0x00, 0xF0, 0x70, 0x00, 0x1E, 0x0E, 0x00,
  0x03, 0xC1, 0xC0, 0x00, 0x78, 0x38, 0x00, 0x0F, 0x07, 0x00, 0x01, 0xE0, 0xE0, 0x00, 0x3C, 0x1C,
  0x00, 0x07, 0x83, 0x80, 0x00, 0xF0, 0x70, 0x00, 0x1E, 0x0E, 0x0C, 0x03, 0xE1, 0xC3, 0xC0, 0x3F,
  0xFF, 0xF8, 0x03, 0xFF, 0xFE, 0x00, 0x3F, 0xFF, 0x80, 0x03, 0xFF, 0xE0, 0x00, 0x03, 0x80, 0x00,
  0x00, 0x70, 0x00, 0x00, 0x0E, 0x00, 0x00, 0x01, 0xC0, 0x00, 0x00, 0x3F, 0xF8, 0x00, 0x0F, 0xFF,
  0x80, 0x01, 0xFF, 0xF0, 0x00, 0x7F, 0xFF, 0x00, 0x1F, 0x01, 0xE0, 0x03, 0xC0, 0x18, 0x00, 0x78,
  0x00, 0x00, 0x0F, 0x00, 0x00, 0x01, 0xE0, 0x00, 0x00, 0x3C, 0x00, 0x00, 0x07, 0x80, 0x00, 0x00,
  0xF0, 0x00, 0x00, 0x1E, 0x00, 0x00, 0x03, 0xC0, 0x00, 0x03, 0xFF, 0xFC, 0x00, 0x7F, 0xFF, 0x80,
  0x0F, 0xFF, 0xF0, 0x00, 0x3C, 0x00, 0x00, 0x07, 0x80, 0x00, 0x00, 0xF0, 0x00, 0x00, 0x1E, 0x00,
  0x00, 0x03, 0xC0, 0x00, 0x00, 0x78, 0x00, 0x00, 0x1E, 0x00, 0x78, 0x03, 0xC0, 0x0F, 0x00, 0xF8,
  0x01, 0xE0, 0x1E, 0x00, 0x3C, 0x0F, 0xFF, 0xFF, 0x81, 0xFF, 0xFF, 0xF0, 0x3F, 0xFF, 0xFE, 0x07,
  0xFF, 0xFF, 0xC0, 0x00, 0x00, 0x00, 0x0C, 0x00, 0x00, 0x1B, 0xC0, 0x00, 0x07, 0xBC, 0x00, 0x01,
  0xE3, 0xC0, 0x00, 0x78, 0x3F, 0xFF, 0xFE, 0x03, 0xFF, 0xFF, 0x80, 0x7F, 0xFF, 0xF0, 0x0F, 0xFF,
  0xFC, 0x01, 0xE0, 0x03, 0x80, 0x3C, 0x00, 0x70, 0x07, 0x80, 0x0E, 0x00, 0xF0, 0x01, 0xC0, 0x1E,
  0x00, 0x38, 0x03, 0xC0, 0x07, 0x00, 0x78, 0x00, 0xE0, 0x0F, 0x00, 0x1C, 0x01, 0xE0, 0x03, 0x80,
  0x3C, 0x00, 0x70, 0x07, 0xFF, 0xFE, 0x00, 0xFF, 0xFF, 0xC0, 0x1F, 0xFF, 0xFC, 0x07, 0xFF, 0xFF,
  0xC1, 0xE0, 0x00, 0x3C, 0x78, 0x00, 0x03, 0xDE, 0x00, 0x00, 0x3D, 0x80, 0x00, 0x03, 0x00, 0x00,
  0x00, 0x00, 0x00, 0x00, 0x00, 0x00, 0x00, 0x00, 0x00, 0x00, 0x00, 0x00, 0x3F, 0xE0, 0x7F, 0xC7,
  0xFC, 0x0F, 0xF8, 0xFF, 0x81, 0xFF, 0x1F, 0xF0, 0x3F, 0xC0, 0x70, 0x01, 0xE0, 0x0F, 0x00, 0x78,
  0x01, 0xE0, 0x0F, 0x00, 0x1E, 0x01, 0xC0, 0x03, 0xC0, 0x78, 0x00, 0x3C, 0x0F, 0x00, 0x07, 0x83,
  0xC0, 0x0F, 0xF0, 0x7F, 0x81, 0xFF, 0x1F, 0xF0, 0x3F, 0xE3, 0xFE, 0x00, 0x1E, 0x70, 0x00, 0x03,
  0xDE, 0x00, 0x00, 0x3F, 0xC0, 0x00, 0x07, 0xF0, 0x00, 0x00, 0xFE, 0x00, 0x0F, 0xFF, 0xFF, 0x81,
  0xFF, 0xFF, 0xF0, 0x3F, 0xFF, 0xFE, 0x00, 0x03, 0xC0, 0x00, 0x00, 0x78, 0x00, 0x00, 0x0F, 0x00,
  0x00, 0x01, 0xE0, 0x00, 0x00, 0x3C, 0x00, 0x00, 0x7F, 0xF0, 0x00, 0x0F, 0xFF, 0x00, 0x01, 0xFF,
  0xE0, 0x00, 0x3F, 0xFC, 0x00, 0x07, 0x00, 0x38, 0x01, 0xC0, 0x0E, 0x00, 0x70, 0x03, 0x80, 0x1C,
  0x00, 0xE0, 0x07, 0x00, 0x38, 0x01, 0xC0, 0x0E, 0x00, 0x70, 0x00, 0x00, 0x00, 0x00, 0x00, 0x00,
  0x00, 0x00, 0x00, 0x00, 0x00, 0x00, 0x00, 0x00, 0x00, 0x00, 0x00, 0x00, 0x00, 0x00, 0x38, 0x01,
  0xC0, 0x0E, 0x00, 0x70, 0x03, 0x80, 0x1C, 0x00, 0xE0, 0x07, 0x00, 0x38, 0x01, 0xC0, 0x0E, 0x00,
  0x70, 0x03, 0x80, 0x01, 0xFF, 0xC0, 0x01, 0xFF, 0xF0, 0x01, 0xFF, 0xFC, 0x01, 0xFF, 0xFF, 0x01,
  0xF8, 0x07, 0xC0, 0xF8, 0x01, 0xE0, 0x78, 0x00, 0xF0, 0x3C, 0x00, 0x78, 0x1E, 0x00, 0x3C, 0x0F,
  0x00, 0x1E, 0x07, 0xC0, 0x00, 0x01, 0xF0, 0x00, 0x00, 0x7F, 0xFC, 0x00, 0x3F, 0xFF, 0x00, 0x1F,
  0xFF, 0xC0, 0x1F, 0xFF, 0xF0, 0x0F, 0x00, 0xF8, 0x07, 0x80, 0x3E, 0x03, 0xC0, 0x1F, 0x01, 0xF0,
  0x0F, 0x80, 0x7F, 0xFF, 0x80, 0x1F, 0xFF, 0xC0, 0x07, 0xFF, 0xC0, 0x01, 0xFF, 0xF0, 0x00, 0x00,
  0x7C, 0x00, 0x00, 0x1E, 0x07, 0x80, 0x0F, 0x03, 0xC0, 0x07, 0x81, 0xE0, 0x03, 0xC0, 0xF0, 0x01,
  0xE0, 0x7C, 0x00, 0xF0, 0x3F, 0x00, 0xF8, 0x0F, 0xFF, 0xF8, 0x03, 0xFF, 0xF8, 0x00, 0xFF, 0xF8,
  0x00, 0x3F, 0xF8, 0x00, 0x1E, 0x3C, 0x0F, 0x1E, 0x07, 0x8F, 0x03, 0xC7, 0x80, 0x00, 0x00, 0x00,
  0x00, 0x00, 0x00, 0x00, 0x00, 0x00, 0x00, 0x00, 0x00, 0x00, 0x00, 0x00, 0x00, 0x00, 0x00, 0x00,
  0x00, 0x00, 0x00, 0x00, 0x00, 0x00, 0x00, 0x00, 0x00, 0x00, 0x00, 0x00, 0x00, 0x00, 0x00, 0x00,
  0x00, 0x00, 0x00, 0x00, 0x00, 0x00, 0x00, 0x00, 0x00, 0x00, 0x00, 0x00, 0x00, 0x00, 0x00, 0x00,
  0x00, 0x00, 0x00, 0x00, 0x00, 0x00, 0x00, 0x00, 0x00, 0x00, 0x00, 0x00, 0x00, 0x00, 0x00, 0x00,
  0x00, 0x0F, 0xFF, 0xE0, 0x00, 0xFF, 0xFF, 0x80, 0x0E, 0x00, 0x0F, 0x00, 0xE1, 0xFE, 0x38, 0x06,
  0x1F, 0xF8, 0xC0, 0x31, 0xFF, 0xE6, 0x01, 0x8F, 0x0F, 0x30, 0x0C, 0x70, 0x39, 0x80, 0x63, 0x81,
  0xCC, 0x03, 0x1C, 0x00, 0x60, 0x18, 0xE0, 0x03, 0x00, 0xC7, 0x00, 0x18, 0x06, 0x38, 0x1C, 0xC0,
  0x31, 0xC0, 0xE6, 0x01, 0x8E, 0x0F, 0x30, 0x0C, 0x7F, 0xF9, 0x80, 0x61, 0xFF, 0x8C, 0x03, 0x87,
  0xF8, 0x60, 0x1E, 0x00, 0x07, 0x00, 0x78, 0x00, 0x70, 0x01, 0xFF, 0xFF, 0x00, 0x07, 0xFF, 0xF0,
  0x00, 0x00, 0x00, 0x00, 0x00, 0x00, 0x00, 0x00, 0x00, 0x00, 0x00, 0x00, 0x00, 0x00, 0x00, 0x00,
  0x00, 0x00, 0x00, 0x00, 0x00, 0x00, 0x00, 0x00, 0x00, 0x00, 0x00, 0x00, 0x00, 0x00, 0x00, 0x00,
  0x00, 0x00, 0x00, 0x00, 0x00, 0x00, 0x00, 0x00, 0x00, 0x07, 0xF0, 0x03, 0xF8, 0x01, 0xFC, 0x00,
  0xFC, 0x00, 0x7F, 0x00, 0x3B, 0x80, 0x3D, 0xC0, 0x1C, 0x70, 0x0E, 0x38, 0x0F, 0xFE, 0x07, 0xFF,
  0x03, 0xFF, 0x83, 0xC1, 0xE1, 0xC0, 0x73, 0xF0, 0xFD, 0xF8, 0x7F, 0xFC, 0x3F, 0x80, 0x00, 0x00,
  0x00, 0x00, 0x00, 0x00, 0x00, 0x00, 0x00, 0x00, 0x00, 0x00, 0x00, 0x00, 0x00, 0x00, 0x00, 0x00,
  0x00, 0x00, 0x00, 0x00, 0x00, 0x00, 0x00, 0x00, 0x00, 0x00, 0x00, 0x00, 0x00, 0x00, 0x00, 0x00,
  0x00, 0x00, 0x00, 0x00, 0x00, 0x30, 0x18, 0x07, 0xC3, 0xC0, 0x78, 0x7C, 0x0F, 0x8F, 0x81, 0xF0,
  0xF0, 0x3E, 0x1F, 0x03, 0xE3, 0xE0, 0x7C, 0x3C, 0x07, 0x83, 0xC0, 0x7C, 0x3E, 0x03, 0xE3, 0xE0,
  0x1F, 0x1F, 0x01, 0xF0, 0xF8, 0x0F, 0x87, 0x80, 0x7C, 0x7C, 0x03, 0x83, 0x80, 0x30, 0x10, 0x00,
  0x00, 0x00, 0x00, 0x00, 0x00, 0x00, 0x00, 0x00, 0x00, 0x00, 0x00, 0x00, 0x00, 0x00, 0x00, 0x00,
  0x00, 0x07, 0xFF, 0xFC, 0x00, 0xFF, 0xFF, 0xC0, 0x1F, 0xFF, 0xF8, 0x03, 0xFF, 0xFF, 0x00, 0x00,
  0x01, 0xE0, 0x00, 0x00, 0x3C, 0x00, 0x00, 0x07, 0x80, 0x00, 0x00, 0xF0, 0x00, 0x00, 0x1E, 0x00,
  0x00, 0x03, 0xC0, 0x00, 0x00, 0x00, 0x00, 0x00, 0x00, 0x00, 0x00, 0x00, 0x00, 0x00, 0x00, 0x00,
  0x00, 0x00, 0x00, 0x00, 0x00, 0x00, 0x00, 0x00, 0x00, 0x00, 0x00, 0x00, 0x00, 0x00, 0x00, 0x00,
  0x00, 0x01, 0xFF, 0xFF, 0xC0, 0x3F, 0xFF, 0xF8, 0x07, 0xFF, 0xFF, 0x00, 0xF0, 0x01, 0xE0, 0x1E,
  0x00, 0x3C, 0x03, 0xC0, 0x07, 0x80, 0x78, 0x00, 0xF0, 0x0F, 0x00, 0x1E, 0x01, 0xE0, 0x03, 0xC0,
  0x3C, 0x00, 0x78, 0x07, 0x80, 0x0F, 0x00, 0xF0, 0x01, 0xE0, 0x1E, 0x00, 0x3C, 0x03, 0xC0, 0x07,
  0x80, 0x78, 0x00, 0xF0, 0x0F, 0x00, 0x1E, 0x01, 0xE0, 0x03, 0xC0, 0x3C, 0x00, 0x78, 0x07, 0x80,
  0x0F, 0x00, 0xF0, 0x01, 0xE0, 0x1E, 0x00, 0x3C, 0x03, 0xC0, 0x07, 0x80, 0x78, 0x00, 0xF0, 0x0F,
  0x00, 0x1E, 0x01, 0xE0, 0x03, 0xC0, 0x3C, 0x00, 0x78, 0x07, 0x80, 0x0F, 0x00, 0xF8, 0x01, 0xE0,
  0x1F, 0xFF, 0xFC, 0x03, 0xFF, 0xFF, 0x80, 0x7F, 0xFF, 0xF0, 0x00, 0x00, 0x00, 0x00, 0x0F, 0xFF,
  0xE0, 0x00, 0xFF, 0xFF, 0x80, 0x0E, 0x00, 0x0F, 0x00, 0xE7, 0xFC, 0x38, 0x06, 0x3F, 0xF0, 0xC0,
  0x31, 0xFF, 0xC6, 0x01, 0x8E, 0x0F, 0x30, 0x0C, 0x70, 0x39, 0x80, 0x63, 0x81, 0xCC, 0x03, 0x1C,
  0x0E, 0x60, 0x18, 0xE0, 0xF3, 0x00, 0xC7, 0xFF, 0x18, 0x06, 0x3F, 0xF0, 0xC0, 0x31, 0xFF, 0x86,
  0x01, 0x8E, 0x1E, 0x30, 0x0C, 0x70, 0x79, 0x80, 0x63, 0x83, 0xCC, 0x03, 0x9C, 0x1E, 0x60, 0x1C,
  0x00, 0x07, 0x00, 0x70, 0x00, 0x70, 0x01, 0xFF, 0xFF, 0x00, 0x07, 0xFF, 0xF0, 0x00, 0x00, 0x00,
  0x00, 0x00, 0x00, 0x00, 0x00, 0x00, 0x00, 0x00, 0x00, 0x00, 0x00, 0x00, 0x00, 0x00, 0x00, 0x00,
  0x00, 0x00, 0x00, 0x00, 0x00, 0x00, 0x00, 0x00, 0x00, 0x00, 0x00, 0x00, 0x00, 0x00, 0x00, 0x00,
  0x00, 0x00, 0x00, 0x00, 0x00, 0x00, 0x3F, 0xF0, 0xFF, 0xC3, 0xFF, 0x0F, 0xFC, 0x00, 0x00, 0x00,
  0x00, 0x00, 0x00, 0x00, 0x00, 0x00, 0x00, 0x00, 0x00, 0x00, 0x00, 0x00, 0x00, 0x00, 0x00, 0x00,
  0x00, 0x00, 0x00, 0x00, 0x00, 0x00, 0x00, 0x00, 0x00, 0x00, 0x00, 0x00, 0x00, 0x00, 0x00, 0x00,
  0x00, 0x00, 0x00, 0x00, 0x00, 0x00, 0x00, 0x00, 0x00, 0x00, 0x00, 0x00, 0x00, 0x00, 0x00, 0x00,
  0x00, 0x00, 0x0F, 0xF0, 0x0F, 0xFC, 0x07, 0xFF, 0x07, 0x83, 0xC3, 0x80, 0xE1, 0xC0, 0x70, 0xE0,
  0x38, 0x70, 0x1C, 0x38, 0x0E, 0x1E, 0x0F, 0x0F, 0xFF, 0x83, 0xFF, 0x80, 0xFF, 0x80, 0x00, 0x00,
  0x00, 0x00, 0x00, 0x00, 0x00, 0x00, 0x00, 0x00, 0x00, 0x00, 0x00, 0x00, 0x00, 0x00, 0x00, 0x00,
  0x00, 0x00, 0x00, 0x00, 0x00, 0x00, 0x00, 0x00, 0x00, 0x00, 0x00, 0x00, 0x00, 0x00, 0x00, 0x00,
  0x00, 0x00, 0x00, 0x00, 0x00, 0x00, 0x00, 0x00, 0x00, 0x00, 0x00, 0x00, 0x0E, 0x00, 0x00, 0x01,
  0xC0, 0x00, 0x00, 0x38, 0x00, 0x00, 0x07, 0x00, 0x00, 0x00, 0xE0, 0x00, 0x00, 0x1C, 0x00, 0x01,
  0xFF, 0xFF, 0x00, 0x3F, 0xFF, 0xF0, 0x07, 0xFF, 0xFE, 0x00, 0xFF, 0xFF, 0xC0, 0x00, 0x38, 0x00,
  0x00, 0x07, 0x00, 0x00, 0x00, 0xE0, 0x00, 0x00, 0x1C, 0x00, 0x00, 0x03, 0x80, 0x00, 0x00, 0x70,
  0x00, 0x00, 0x0E, 0x00, 0x00, 0x00, 0x00, 0x00, 0x00, 0x00, 0x00, 0x00, 0x00, 0x00, 0x00, 0x7F,
  0xFF, 0xC0, 0x0F, 0xFF, 0xFC, 0x01, 0xFF, 0xFF, 0x80, 0x3F, 0xFF, 0xF0, 0x0F, 0xE0, 0x1F, 0xF0,
  0x3F, 0xF8, 0x38, 0x3C, 0x38, 0x3C, 0x38, 0x3C, 0x30, 0x3C, 0x00, 0x3C, 0x00, 0x78, 0x00, 0xF0,
  0x01, 0xE0, 0x03, 0xC0, 0x07, 0x80, 0x0F, 0x1C, 0x0F, 0x1C, 0x1E, 0x1C, 0x3F, 0xFC, 0x3F, 0xFC,
  0x3F, 0xFC, 0x00, 0x00, 0x00, 0x00, 0x00, 0x00, 0x00, 0x00, 0x00, 0x00, 0x00, 0x00, 0x00, 0x00,
  0x00, 0x00, 0x00, 0x00, 0x00, 0x00, 0x00, 0x00, 0x00, 0x00, 0x00, 0x00, 0x00, 0x00, 0x0F, 0xE0,
  0x1F, 0xF0, 0x3F, 0xF8, 0x38, 0x3C, 0x38, 0x3C, 0x38, 0x3C, 0x30, 0x3C, 0x00, 0x3C, 0x07, 0xF8,
  0x07, 0xF8, 0x07, 0xF8, 0x00, 0x3C, 0x30, 0x1C, 0x38, 0x1C, 0x38, 0x1C, 0x38, 0x3C, 0x3F, 0xFC,
  0x1F, 0xF8, 0x0F, 0xF0, 0x00, 0x00, 0x00, 0x00, 0x00, 0x00, 0x00, 0x00, 0x00, 0x00, 0x00, 0x00,
  0x00, 0x00, 0x00, 0x00, 0x00, 0x00, 0x00, 0x00, 0x00, 0x00, 0x00, 0x00, 0x00, 0x00, 0x00, 0x00,
  0x00, 0x04, 0x00, 0x0F, 0x00, 0x1F, 0xE0, 0x0F, 0xF8, 0x03, 0xF8, 0x00, 0x00, 0x00, 0x00, 0x00,
  0x00, 0x00, 0x00, 0x00, 0x00, 0x00, 0x00, 0x00, 0x00, 0x00, 0x00, 0x00, 0x00, 0x00, 0x00, 0x00,
  0x00, 0x00, 0x00, 0x00, 0x00, 0x00, 0x00, 0x00, 0x00, 0x00, 0x00, 0x00, 0x00, 0x00, 0x00, 0x00,
  0x00, 0x00, 0x00, 0x00, 0x00, 0x00, 0x00, 0x00, 0x00, 0x00, 0x00, 0x00, 0x00, 0x00, 0x00, 0x00,
  0x00, 0x00, 0x00, 0x00, 0x00, 0x00, 0x00, 0x00, 0x00, 0x00, 0x00, 0x00, 0x00, 0x00, 0x00, 0x07,
  0x80, 0x03, 0xC0, 0x0F, 0x00, 0x07, 0x80, 0x1E, 0x00, 0x0F, 0x00, 0x3C, 0x00, 0x1E, 0x00, 0x78,
  0x00, 0x3C, 0x00, 0xF0, 0x00, 0x78, 0x01, 0xE0, 0x00, 0xF0, 0x03, 0xC0, 0x01, 0xE0, 0x07, 0x80,
  0x03, 0xC0, 0x0F, 0x00, 0x07, 0x80, 0x1E, 0x00, 0x0F, 0x00, 0x3C, 0x00, 0x1E, 0x00, 0x78, 0x00,
  0x3C, 0x00, 0xF0, 0x00, 0x78, 0x01, 0xE0, 0x00, 0xF0, 0x03, 0xC0, 0x01, 0xE0, 0x07, 0x80, 0x03,
  0xC0, 0x0F, 0x00, 0x07, 0x80, 0x1E, 0x00, 0x0F, 0x00, 0x3C, 0x00, 0x1E, 0x00, 0x78, 0x00, 0x3C,
  0x00, 0xF0, 0x00, 0xF8, 0x01, 0xE0, 0x03, 0xF0, 0x03, 0xFF, 0xFF, 0xC0, 0x07, 0xFF, 0xFF, 0x00,
  0x0F, 0xFF, 0xFC, 0x00, 0x1F, 0xFF, 0xF0, 0x00, 0x3C, 0x00, 0x00, 0x00, 0x78, 0x00, 0x00, 0x00,
  0xF0, 0x00, 0x00, 0x01, 0xE0, 0x00, 0x00, 0x03, 0xC0, 0x00, 0x00, 0x07, 0x80, 0x00, 0x00, 0x0F,
  0x00, 0x00, 0x00, 0x07, 0xFF, 0xFE, 0x01, 0xFF, 0xFF, 0x80, 0xFF, 0xFF, 0xE0, 0x7F, 0xFF, 0xC0,
  0x3F, 0x00, 0xF0, 0x0F, 0xC0, 0x3C, 0x03, 0xF0, 0x0F, 0x00, 0xFC, 0x03, 0xC0, 0x3F, 0x00, 0xF0,
  0x0F, 0xC0, 0x3C, 0x03, 0xF0, 0x0F, 0x00, 0xFC, 0x03, 0xC0, 0x3F, 0x00, 0xF0, 0x0F, 0xC0, 0x3C,
  0x03, 0xF0, 0x0F, 0x00, 0x7F, 0xFF, 0xC0, 0x0F, 0xFF, 0xF0, 0x01, 0xFF, 0xFC, 0x00, 0x3F, 0xFF,
  0x00, 0x00, 0x03, 0xC0, 0x00, 0x00, 0xF0, 0x00, 0x00, 0x3C, 0x00, 0x00, 0x0F, 0x00, 0x00, 0x03,
  0xC0, 0x00, 0x00, 0xF0, 0x00, 0x00, 0x3C, 0x00, 0x00, 0x0F, 0x00, 0x00, 0x03, 0xC0, 0x00, 0x00,
  0xF0, 0x00, 0x00, 0x3C, 0x00, 0x00, 0x0F, 0x80, 0x00, 0x03, 0xF0, 0x00, 0x00, 0x7C, 0x00, 0x00,
  0x06, 0x00, 0x00, 0x00, 0x00, 0x3C, 0x3C, 0x3C, 0x3C, 0x3C, 0x00, 0x00, 0x00, 0x00, 0x00, 0x00,
  0x00, 0x00, 0x00, 0x00, 0x00, 0x00, 0x00, 0x3E, 0x3C, 0x3C, 0x38, 0x38, 0x30, 0x03, 0xC0, 0x0F,
  0xC0, 0x1F, 0xC0, 0x1F, 0xC0, 0x19, 0xC0, 0x01, 0xC0, 0x01, 0xC0, 0x01, 0xC0, 0x01, 0xC0, 0x01,
  0xC0, 0x01, 0xC0, 0x01, 0xC0, 0x01, 0xC0, 0x01, 0xC0, 0x01, 0xC0, 0x01, 0xC0, 0x0F, 0xFC, 0x1F,
  0xFC, 0x1F, 0xFC, 0x00, 0x00, 0x00, 0x00, 0x00, 0x00, 0x00, 0x00, 0x00, 0x00, 0x00, 0x00, 0x00,
  0x00, 0x00, 0x00, 0x00, 0x00, 0x00, 0x00, 0x00, 0x00, 0x00, 0x00, 0x00, 0x00, 0x00, 0x00, 0x0F,
  0xF0, 0x1F, 0xF8, 0x3F, 0xFC, 0x3C, 0x1E, 0x38, 0x1E, 0x38, 0x1E, 0x38, 0x1E, 0x38, 0x1E, 0x38,
  0x1E, 0x38, 0x1E, 0x38, 0x1E, 0x38, 0x1E, 0x38, 0x1E, 0x38, 0x1E, 0x3F, 0xFC, 0x1F, 0xF8, 0x0F,
  0xF0, 0x00, 0x00, 0x00, 0x00, 0x00, 0x00, 0x00, 0x00, 0x00, 0x00, 0x00, 0x00, 0x00, 0x00, 0x00,
  0x00, 0x00, 0x00, 0x00, 0x00, 0x00, 0x00, 0x00, 0x00, 0x00, 0x00, 0x00, 0x00, 0x00, 0x00, 0x00,
  0x00, 0x00, 0x00, 0x00, 0x00, 0x01, 0x81, 0xC0, 0x3C, 0x3C, 0x03, 0xE3, 0xE0, 0x1E, 0x1F, 0x01,
  0xF0, 0xF8, 0x0F, 0x8F, 0x80, 0x7C, 0x7C, 0x07, 0xC3, 0xC0, 0x3C, 0x3C, 0x07, 0xC3, 0xC0, 0xF8,
  0x7C, 0x0F, 0x8F, 0x81, 0xF1, 0xF0, 0x3E, 0x1E, 0x03, 0xC3, 0xE0, 0x3C, 0x1C, 0x00, 0x80, 0x80,
  0x00, 0x00, 0x00, 0x00, 0x00, 0x00, 0x00, 0x00, 0x00, 0x00, 0x00, 0x00, 0x00, 0x00, 0x00, 0x00,
  0x00, 0x00, 0x00, 0x00, 0x01, 0xE0, 0x00, 0x07, 0x00, 0x07, 0x00, 0x00, 0x7C, 0x00, 0x1C, 0x00,
  0x07, 0xF0, 0x00, 0xF0, 0x00, 0x3F, 0xC0, 0x03, 0x80, 0x00, 0x77, 0x00, 0x1E, 0x00, 0x00, 0x1C,
  0x00, 0x78, 0x00, 0x00, 0x70, 0x01, 0xC0, 0x00, 0x01, 0xC0, 0x0F, 0x00, 0x00, 0x07, 0x00, 0x38,
  0x00, 0x00, 0x1C, 0x00, 0xE0, 0x00, 0x00, 0x70, 0x07, 0x80, 0x00, 0x01, 0xC0, 0x1C, 0x00, 0x00,
  0x07, 0x00, 0xF0, 0x1E, 0x00, 0x1C, 0x03, 0xC0, 0xF8, 0x00, 0x70, 0x0E, 0x03, 0xE0, 0x01, 0xC0,
  0x78, 0x1F, 0x80, 0x3F, 0xF1, 0xC0, 0x7E, 0x01, 0xFF, 0xC7, 0x03, 0xF8, 0x07, 0xFF, 0x3C, 0x1E,
  0xE0, 0x00, 0x00, 0xE0, 0x73, 0x80, 0x00, 0x07, 0x83, 0xCE, 0x00, 0x00, 0x1E, 0x0E, 0x38, 0x00,
  0x00, 0x70, 0x78, 0xE0, 0x00, 0x03, 0xC3, 0xC3, 0x80, 0x00, 0x0E, 0x0F, 0xFF, 0x80, 0x00, 0x38,
  0x3F, 0xFE, 0x00, 0x01, 0xE0, 0xFF, 0xF8, 0x00, 0x07, 0x00, 0x03, 0x80, 0x00, 0x3C, 0x00, 0x0E,
  0x00, 0x00, 0xF0, 0x00, 0x38, 0x00, 0x03, 0x80, 0x00, 0xE0, 0x00, 0x1E, 0x00, 0x01, 0x80, 0x00,
  0x70, 0x00, 0x00, 0x00, 0x00, 0x00, 0x00, 0x00, 0x00, 0x00, 0x00, 0x07, 0x80, 0x00, 0x3C, 0x00,
  0x1C, 0x00, 0x03, 0xF0, 0x00, 0xF0, 0x00, 0x1F, 0xC0, 0x03, 0xC0, 0x00, 0x7F, 0x00, 0x0E, 0x00,
  0x01, 0x9C, 0x00, 0x78, 0x00, 0x00, 0x70, 0x01, 0xC0, 0x00, 0x01, 0xC0, 0x07, 0x00, 0x00, 0x07,
  0x00, 0x3C, 0x00, 0x00, 0x1C, 0x00, 0xE0, 0x00, 0x00, 0x70, 0x07, 0x80, 0x00, 0x01, 0xC0, 0x1E,
  0x00, 0x00, 0x07, 0x00, 0x70, 0x00, 0x00, 0x1C, 0x03, 0xC7, 0xF0, 0x00, 0x70, 0x0E, 0x3F, 0xE0,
  0x01, 0xC0, 0x39, 0xFF, 0xC0, 0x07, 0x01, 0xE7, 0x87, 0x81, 0xFF, 0xC7, 0x1C, 0x1E, 0x07, 0xFF,
  0x3C, 0x70, 0x78, 0x0F, 0xFC, 0xF1, 0xC1, 0xE0, 0x00, 0x03, 0x80, 0x07, 0x80, 0x00, 0x1E, 0x00,
  0x3C, 0x00, 0x00, 0x70, 0x01, 0xE0, 0x00, 0x01, 0xC0, 0x0F, 0x80, 0x00, 0x0F, 0x00, 0x7C, 0x00,
  0x00, 0x38, 0x01, 0xE0, 0x00, 0x01, 0xE0, 0x0F, 0x18, 0x00, 0x07, 0x80, 0x78, 0xE0, 0x00, 0x1C,
  0x03, 0xC3, 0x80, 0x00, 0xF0, 0x1F, 0xFE, 0x00, 0x03, 0x80, 0x7F, 0xF8, 0x00, 0x1E, 0x01, 0xFF,
  0xE0, 0x00, 0x78, 0x00, 0x00, 0x00, 0x01, 0xC0, 0x00, 0x00, 0x00, 0x00, 0x00, 0x00, 0xF0, 0x00,
  0x1F, 0x80, 0x03, 0x80, 0x00, 0xFF, 0x00, 0x1E, 0x00, 0x07, 0xFE, 0x00, 0x78, 0x00, 0x3C, 0x3C,
  0x01, 0xC0, 0x00, 0xE0, 0x70, 0x0F, 0x00, 0x03, 0x81, 0xC0, 0x38, 0x00, 0x0E, 0x07, 0x00, 0xE0,
  0x00, 0x00, 0x1C, 0x07, 0x80, 0x00, 0x0F, 0xF0, 0x1C, 0x00, 0x00, 0x3F, 0x80, 0xF0, 0x00, 0x00,
  0xFF, 0x03, 0xC0, 0x00, 0x00, 0x1C, 0x0E, 0x00, 0x00, 0x60, 0x70, 0x78, 0x1E, 0x03, 0x81, 0xC1,
  0xC0, 0xF8, 0x0E, 0x07, 0x07, 0x03, 0xE0, 0x3C, 0x1C, 0x3C, 0x1F, 0x80, 0x7F, 0xF0, 0xE0, 0x7E,
  0x01, 0xFF, 0x87, 0x83, 0xF8, 0x03, 0xFC, 0x1E, 0x1E, 0xE0, 0x00, 0x00, 0x70, 0x73, 0x80, 0x00,
  0x03, 0xC3, 0xCE, 0x00, 0x00, 0x0E, 0x0E, 0x38, 0x00, 0x00, 0x38, 0x78, 0xE0, 0x00, 0x01, 0xE3,
  0xC3, 0x80, 0x00, 0x07, 0x0F, 0xFF, 0x80, 0x00, 0x3C, 0x3F, 0xFE, 0x00, 0x00, 0xF0, 0xFF, 0xF8,
  0x00, 0x03, 0x80, 0x03, 0x80, 0x00, 0x1E, 0x00, 0x0E, 0x00, 0x00, 0x70, 0x00, 0x38, 0x00, 0x01,
  0xC0, 0x00, 0xE0, 0x00, 0x0F, 0x00, 0x01, 0x80, 0x00, 0x38, 0x00, 0x00, 0x00, 0x00, 0x3C, 0x00,
  0x00, 0xF0, 0x00, 0x03, 0xC0, 0x00, 0x0F, 0x00, 0x00, 0x3C, 0x00, 0x00, 0x00, 0x00, 0x00, 0x00,
  0x00, 0x00, 0x00, 0x00, 0x00, 0x00, 0x00, 0x40, 0x00, 0x03, 0x80, 0x00, 0x1F, 0x00, 0x00, 0xF8,
  0x00, 0x07, 0xC0, 0x00, 0x3E, 0x00, 0x01, 0xF0, 0x00, 0x0F, 0x80, 0x00, 0x7C, 0x00, 0x03, 0xE0,
  0x00, 0x0F, 0x80, 0x00, 0x3E, 0x00, 0x00, 0xF8, 0x03, 0x83, 0xE0, 0x0E, 0x0F, 0x80, 0x38, 0x3E,
  0x00, 0xE0, 0xF8, 0x07, 0x81, 0xF0, 0x3E, 0x07, 0xFF, 0xF0, 0x0F, 0xFF, 0x80, 0x1F, 0xFC, 0x00,
  0x3F, 0xF0, 0x00, 0x00, 0x00, 0x00, 0x00, 0x03, 0x80, 0x00, 0x00, 0x3E, 0x00, 0x00, 0x07, 0xFC,
  0x00, 0x00, 0x3F, 0xC0, 0x00, 0x00, 0xFC, 0x00, 0x00, 0x00, 0x00, 0x00, 0x00, 0x00, 0x00, 0x00,
  0xFF, 0xF0, 0x00, 0x0F, 0xFF, 0x00, 0x00, 0xFF, 0xF0, 0x00, 0x0F, 0xFE, 0x00, 0x00, 0x3F, 0xC0,
  0x00, 0x07, 0xBC, 0x00, 0x00, 0x7B, 0xC0, 0x00, 0x07, 0x9E, 0x00, 0x00, 0xF1, 0xE0, 0x00, 0x0F,
  0x1E, 0x00, 0x00, 0xF0, 0xF0, 0x00, 0x0F, 0x0F, 0x00, 0x01, 0xE0, 0xF0, 0x00, 0x1E, 0x07, 0x80,
  0x01, 0xE0, 0x78, 0x00, 0x3C, 0x07, 0x80, 0x03, 0xC0, 0x7C, 0x00, 0x3C, 0x03, 0xC0, 0x07, 0xFF,
  0xFC, 0x00, 0x7F, 0xFF, 0xE0, 0x07, 0xFF, 0xFE, 0x00, 0xFF, 0xFF, 0xE0, 0x0F, 0x00, 0x1E, 0x00,
  0xF0, 0x00, 0xF0, 0x0F, 0x00, 0x0F, 0x01, 0xE0, 0x00, 0xF0, 0x1E, 0x00, 0x07, 0x87, 0xF8, 0x03,
  0xFE, 0xFF, 0xC0, 0x3F, 0xEF, 0xFC, 0x03, 0xFE, 0xFF, 0xC0, 0x3F, 0xE0, 0x00, 0x00, 0x00, 0x00,
  0x00, 0x1C, 0x00, 0x00, 0x0F, 0xC0, 0x00, 0x03, 0xFC, 0x00, 0x00, 0x7F, 0xC0, 0x00, 0x03, 0xE0,
  0x00, 0x00, 0x00, 0x00, 0x00, 0x00, 0x00, 0x00, 0x00, 0xFF, 0xF0, 0x00, 0x0F, 0xFF, 0x00, 0x00,
  0xFF, 0xF0, 0x00, 0x0F, 0xFE, 0x00, 0x00, 0x3F, 0xC0, 0x00, 0x07, 0xBC, 0x00, 0x00, 0x7B, 0xC0,
  0x00, 0x07, 0x9E, 0x00, 0x00, 0xF1, 0xE0, 0x00, 0x0F, 0x1E, 0x00, 0x00, 0xF0, 0xF0, 0x00, 0x0F,
  0x0F, 0x00, 0x01, 0xE0, 0xF0, 0x00, 0x1E, 0x07, 0x80, 0x01, 0xE0, 0x78, 0x00, 0x3C, 0x07, 0x80,
  0x03, 0xC0, 0x7C, 0x00, 0x3C, 0x03, 0xC0, 0x07, 0xFF, 0xFC, 0x00, 0x7F, 0xFF, 0xE0, 0x07, 0xFF,
  0xFE, 0x00, 0xFF, 0xFF, 0xE0, 0x0F, 0x00, 0x1E, 0x00, 0xF0, 0x00, 0xF0, 0x0F, 0x00, 0x0F, 0x01,
  0xE0, 0x00, 0xF0, 0x1E, 0x00, 0x07, 0x87, 0xF8, 0x03, 0xFE, 0xFF, 0xC0, 0x3F, 0xEF, 0xFC, 0x03,
  0xFE, 0xFF, 0xC0, 0x3F, 0xE0, 0x00, 0x1F, 0x80, 0x00, 0x03, 0xFC, 0x00, 0x00, 0xFF, 0xE0, 0x00,
  0x0F, 0x9E, 0x00, 0x00, 0x00, 0x00, 0x00, 0x00, 0x00, 0x00, 0x00, 0x00, 0x00, 0x00, 0x0F, 0xFF,
  0x00, 0x00, 0xFF, 0xF0, 0x00, 0x0F, 0xFF, 0x00, 0x00, 0xFF, 0xE0, 0x00, 0x03, 0xFC, 0x00, 0x00,
  0x7B, 0xC0, 0x00, 0x07, 0xBC, 0x00, 0x00, 0x79, 0xE0, 0x00, 0x0F, 0x1E, 0x00, 0x00, 0xF1, 0xE0,
  0x00, 0x0F, 0x0F, 0x00, 0x00, 0xF0, 0xF0, 0x00, 0x1E, 0x0F, 0x00, 0x01, 0xE0, 0x78, 0x00, 0x1E,
  0x07, 0x80, 0x03, 0xC0, 0x78, 0x00, 0x3C, 0x07, 0xC0, 0x03, 0xC0, 0x3C, 0x00, 0x7F, 0xFF, 0xC0,
  0x07, 0xFF, 0xFE, 0x00, 0x7F, 0xFF, 0xE0, 0x0F, 0xFF, 0xFE, 0x00, 0xF0, 0x01, 0xE0, 0x0F, 0x00,
  0x0F, 0x00, 0xF0, 0x00, 0xF0, 0x1E, 0x00, 0x0F, 0x01, 0xE0, 0x00, 0x78, 0x7F, 0x80, 0x3F, 0xEF,
  0xFC, 0x03, 0xFE, 0xFF, 0xC0, 0x3F, 0xEF, 0xFC, 0x03, 0xFE, 0x00, 0x1C, 0xF0, 0x00, 0x03, 0xFF,
  0x00, 0x00, 0x7F, 0xE0, 0x00, 0x07, 0xB8, 0x00, 0x00, 0x00, 0x00, 0x00, 0x00, 0x00, 0x00, 0x00,
  0x00, 0x00, 0x00, 0x0F, 0xFF, 0x00, 0x00, 0xFF, 0xF0, 0x00, 0x0F, 0xFF, 0x00, 0x00, 0xFF, 0xE0,
  0x00, 0x03, 0xFC, 0x00, 0x00, 0x7B, 0xC0, 0x00, 0x07, 0xBC, 0x00, 0x00, 0x79, 0xE0, 0x00, 0x0F,
  0x1E, 0x00, 0x00, 0xF1, 0xE0, 0x00, 0x0F, 0x0F, 0x00, 0x00, 0xF0, 0xF0, 0x00, 0x1E, 0x0F, 0x00,
  0x01, 0xE0, 0x78, 0x00, 0x1E, 0x07, 0x80, 0x03, 0xC0, 0x78, 0x00, 0x3C, 0x07, 0xC0, 0x03, 0xC0,
  0x3C, 0x00, 0x7F, 0xFF, 0xC0, 0x07, 0xFF, 0xFE, 0x00, 0x7F, 0xFF, 0xE0, 0x0F, 0xFF, 0xFE, 0x00,
  0xF0, 0x01, 0xE0, 0x0F, 0x00, 0x0F, 0x00, 0xF0, 0x00, 0xF0, 0x1E, 0x00, 0x0F, 0x01, 0xE0, 0x00,
  0x78, 0x7F, 0x80, 0x3F, 0xEF, 0xFC, 0x03, 0xFE, 0xFF, 0xC0, 0x3F, 0xEF, 0xFC, 0x03, 0xFE, 0x00,
  0xF0, 0xE0, 0x00, 0x0F, 0x1F, 0x00, 0x00, 0xF1, 0xF0, 0x00, 0x0F, 0x1F, 0x00, 0x00, 0x00, 0x00,
  0x00, 0x00, 0x00, 0x00, 0x00, 0x00, 0x00, 0x00, 0x0F, 0xFF, 0x00, 0x00, 0xFF, 0xF0, 0x00, 0x0F,
  0xFF, 0x00, 0x00, 0xFF, 0xE0, 0x00, 0x03, 0xFC, 0x00, 0x00, 0x7B, 0xC0, 0x00, 0x07, 0xBC, 0x00,
  0x00, 0x79, 0xE0, 0x00, 0x0F, 0x1E, 0x00, 0x00, 0xF1, 0xE0, 0x00, 0x0F, 0x0F, 0x00, 0x00, 0xF0,
  0xF0, 0x00, 0x1E, 0x0F, 0x00, 0x01, 0xE0, 0x78, 0x00, 0x1E, 0x07, 0x80, 0x03, 0xC0, 0x78, 0x00,
  0x3C, 0x07, 0xC0, 0x03, 0xC0, 0x3C, 0x00, 0x7F, 0xFF, 0xC0, 0x07, 0xFF, 0xFE, 0x00, 0x7F, 0xFF,
  0xE0, 0x0F, 0xFF, 0xFE, 0x00, 0xF0, 0x01, 0xE0, 0x0F, 0x00, 0x0F, 0x00, 0xF0, 0x00, 0xF0, 0x1E,
  0x00, 0x0F, 0x01, 0xE0, 0x00, 0x78, 0x7F, 0x80, 0x3F, 0xEF, 0xFC, 0x03, 0xFE, 0xFF, 0xC0, 0x3F,
  0xEF, 0xFC, 0x03, 0xFE, 0x00, 0x0F, 0x00, 0x00, 0x01, 0xF8, 0x00, 0x00, 0x31, 0x80, 0x00, 0x03,
  0x18, 0x00, 0x00, 0x31, 0x80, 0x00, 0x01, 0xF8, 0x00, 0x00, 0x0F, 0x00, 0x00, 0x00, 0x00, 0x00,
  0x00, 0x00, 0x00, 0x00, 0x0F, 0xFF, 0x00, 0x00, 0xFF, 0xF0, 0x00, 0x0F, 0xFF, 0x00, 0x00, 0xFF,
  0xE0, 0x00, 0x03, 0xFC, 0x00, 0x00, 0x7B, 0xC0, 0x00, 0x07, 0xBC, 0x00, 0x00, 0x79, 0xE0, 0x00,
  0x0F, 0x1E, 0x00, 0x00, 0xF1, 0xE0, 0x00, 0x0F, 0x0F, 0x00, 0x00, 0xF0, 0xF0, 0x00, 0x1E, 0x0F,
  0x00, 0x01, 0xE0, 0x78, 0x00, 0x1E, 0x07, 0x80, 0x03, 0xC0, 0x78, 0x00, 0x3C, 0x07, 0xC0, 0x03,
  0xC0, 0x3C, 0x00, 0x7F, 0xFF, 0xC0, 0x07, 0xFF, 0xFE, 0x00, 0x7F, 0xFF, 0xE0, 0x0F, 0xFF, 0xFE,
  0x00, 0xF0, 0x01, 0xE0, 0x0F, 0x00, 0x0F, 0x00, 0xF0, 0x00, 0xF0, 0x1E, 0x00, 0x0F, 0x01, 0xE0,
  0x00, 0x78, 0x7F, 0x80, 0x3F, 0xEF, 0xFC, 0x03, 0xFE, 0xFF, 0xC0, 0x3F, 0xEF, 0xFC, 0x03, 0xFE,
  0x00, 0xFF, 0xFF, 0xFF, 0xF8, 0x00, 0xFF, 0xFF, 0xFF, 0xF8, 0x00, 0xFF, 0xFF, 0xFF, 0xF8, 0x00,
  0xFF, 0xFF, 0xFF, 0xF8, 0x00, 0x3C, 0x1E, 0x00, 0x78, 0x00, 0x78, 0x1E, 0x00, 0x78, 0x00, 0x78,
  0x1E, 0x00, 0x78, 0x00, 0x78, 0x1E, 0x00, 0x78, 0x00, 0xF8, 0x1E, 0x00, 0x00, 0x00, 0xF0, 0x1E,
  0x00, 0x00, 0x00, 0xF0, 0x1E, 0x00, 0x00, 0x00, 0xF0, 0x1E, 0x00, 0x00, 0x01, 0xE0, 0x1E, 0x00,
  0x00, 0x01, 0xFF, 0xFF, 0xFF, 0x80, 0x01, 0xFF, 0xFF, 0xFF, 0x80, 0x03, 0xFF, 0xFF, 0xFF, 0x80,
  0x03, 0xFF, 0xFF, 0xFF, 0x80, 0x03, 0xC0, 0x1E, 0x00, 0x00, 0x07, 0x80, 0x1E, 0x00, 0x00, 0x07,
  0x80, 0x1E, 0x00, 0x00, 0x07, 0x80, 0x1E, 0x00, 0x00, 0x0F, 0x80, 0x1E, 0x00, 0x00, 0x0F, 0x00,
  0x1E, 0x00, 0x00, 0x0F, 0x00, 0x1E, 0x00, 0x78, 0x0F, 0x00, 0x1E, 0x00, 0x78, 0x1E, 0x00, 0x1E,
  0x00, 0x78, 0x1E, 0x00, 0x1E, 0x00, 0x78, 0x7F, 0x80, 0x7F, 0xFF, 0xF8, 0xFF, 0xC0, 0xFF, 0xFF,
  0xF8, 0xFF, 0xC0, 0xFF, 0xFF, 0xF8, 0xFF, 0xC0, 0xFF, 0xFF, 0xF8, 0x01, 0xFF, 0xE0, 0x01, 0xFF,
  0xF8, 0x01, 0xFF, 0xFE, 0x01, 0xFF, 0xFF, 0x81, 0xF8, 0x07, 0xE0, 0xF8, 0x01, 0xF0, 0x78, 0x00,
  0x78, 0x3C, 0x00, 0x3C, 0x1E, 0x00, 0x1E, 0x0F, 0x00, 0x0F, 0x07, 0x80, 0x00, 0x03, 0xC0, 0x00,
  0x01, 0xE0, 0x00, 0x00, 0xF0, 0x00, 0x00, 0x78, 0x00, 0x00, 0x3C, 0x00, 0x00, 0x1E, 0x00, 0x00,
  0x0F, 0x00, 0x00, 0x07, 0x80, 0x00, 0x03, 0xC0, 0x00, 0x01, 0xE0, 0x00, 0x00, 0xF0, 0x00, 0xF0,
  0x78, 0x00, 0x78, 0x3C, 0x00, 0x3C, 0x1E, 0x00, 0x1E, 0x0F, 0x80, 0x1F, 0x07, 0xE0, 0x1F, 0x81,
  0xFF, 0xFF, 0x80, 0x7F, 0xFF, 0x80, 0x1F, 0xFF, 0x80, 0x07, 0xFF, 0x80, 0x00, 0x3C, 0x00, 0x00,
  0x1E, 0x00, 0x00, 0x1E, 0x00, 0x00, 0x0F, 0x00, 0x00, 0x07, 0x00, 0x00, 0x03, 0x80, 0x00, 0x00,
  0x00, 0x00, 0x00, 0x0E, 0x00, 0x00, 0x01, 0xF0, 0x00, 0x00, 0x3F, 0xC0, 0x00, 0x07, 0xFC, 0x00,
  0x00, 0x3F, 0x00, 0x00, 0x00, 0x00, 0x00, 0x00, 0x00, 0x00, 0x1F, 0xFF, 0xFE, 0x03, 0xFF, 0xFF,
  0xC0, 0x7F, 0xFF, 0xF8, 0x07, 0xFF, 0xFF, 0x00, 0x3C, 0x00, 0xE0, 0x07, 0x80, 0x1C, 0x00, 0xF0,
  0x03, 0x80, 0x1E, 0x00, 0x70, 0x03, 0xC0, 0x00, 0x00, 0x78, 0x00, 0x00, 0x0F, 0x00, 0x00, 0x01,
  0xE0, 0x00, 0x00, 0x3C, 0x00, 0x00, 0x07, 0xFF, 0xE0, 0x00, 0xFF, 0xFC, 0x00, 0x1F, 0xFF, 0x80,
  0x03, 0xFF, 0xF0, 0x00, 0x78, 0x00, 0x00, 0x0F, 0x00, 0x00, 0x01, 0xE0, 0x00, 0x00, 0x3C, 0x00,
  0x00, 0x07, 0x80, 0x00, 0x00, 0xF0, 0x00, 0x00, 0x1E, 0x00, 0x70, 0x03, 0xC0, 0x0E, 0x00, 0x78,
  0x01, 0xC0, 0x0F, 0x00, 0x38, 0x07, 0xFF, 0xFF, 0x01, 0xFF, 0xFF, 0xE0, 0x3F, 0xFF, 0xFC, 0x07,
  0xFF, 0xFF, 0x80, 0x00, 0x00, 0x00, 0x00, 0x00, 0x70, 0x00, 0x00, 0x3E, 0x00, 0x00, 0x3F, 0xE0,
  0x00, 0x07, 0xF8, 0x00, 0x00, 0xFC, 0x00, 0x00, 0x00, 0x00, 0x00, 0x00, 0x00, 0x00, 0x1F, 0xFF,
  0xFE, 0x03, 0xFF, 0xFF, 0xC0, 0x7F, 0xFF, 0xF8, 0x07, 0xFF, 0xFF, 0x00, 0x3C, 0x00, 0xE0, 0x07,
  0x80, 0x1C, 0x00, 0xF0, 0x03, 0x80, 0x1E, 0x00, 0x70, 0x03, 0xC0, 0x00, 0x00, 0x78, 0x00, 0x00,
  0x0F, 0x00, 0x00, 0x01, 0xE0, 0x00, 0x00, 0x3C, 0x00, 0x00, 0x07, 0xFF, 0xE0, 0x00, 0xFF, 0xFC,
  0x00, 0x1F, 0xFF, 0x80, 0x03, 0xFF, 0xF0, 0x00, 0x78, 0x00, 0x00, 0x0F, 0x00, 0x00, 0x01, 0xE0,
  0x00, 0x00, 0x3C, 0x00, 0x00, 0x07, 0x80, 0x00, 0x00, 0xF0, 0x00, 0x00, 0x1E, 0x00, 0x70, 0x03,
  0xC0, 0x0E, 0x00, 0x78, 0x01, 0xC0, 0x0F, 0x00, 0x38, 0x07, 0xFF, 0xFF, 0x01, 0xFF, 0xFF, 0xE0,
  0x3F, 0xFF, 0xFC, 0x07, 0xFF, 0xFF, 0x80, 0x00, 0x3F, 0x00, 0x00, 0x0F, 0xF0, 0x00, 0x03, 0xFF,
  0x80, 0x00, 0xF9, 0xF0, 0x00, 0x00, 0x00, 0x00, 0x00, 0x00, 0x00, 0x00, 0x00, 0x00, 0x00, 0xFF,
  0xFF, 0xF0, 0x1F, 0xFF, 0xFE, 0x03, 0xFF, 0xFF, 0xC0, 0x3F, 0xFF, 0xF8, 0x01, 0xE0, 0x07, 0x00,
  0x3C, 0x00, 0xE0, 0x07, 0x80, 0x1C, 0x00, 0xF0, 0x03, 0x80, 0x1E, 0x00, 0x00, 0x03, 0xC0, 0x00,
  0x00, 0x78, 0x00, 0x00, 0x0F, 0x00, 0x00, 0x01, 0xE0, 0x00, 0x00, 0x3F, 0xFF, 0x00, 0x07, 0xFF,
  0xE0, 0x00, 0xFF, 0xFC, 0x00, 0x1F, 0xFF, 0x80, 0x03, 0xC0, 0x00, 0x00, 0x78, 0x00, 0x00, 0x0F,
  0x00, 0x00, 0x01, 0xE0, 0x00, 0x00, 0x3C, 0x00, 0x00, 0x07, 0x80, 0x00, 0x00, 0xF0, 0x03, 0x80,
  0x1E, 0x00, 0x70, 0x03, 0xC0, 0x0E, 0x00, 0x78, 0x01, 0xC0, 0x3F, 0xFF, 0xF8, 0x0F, 0xFF, 0xFF,
  0x01, 0xFF, 0xFF, 0xE0, 0x3F, 0xFF, 0xFC, 0x00, 0x00, 0xE1, 0xE0, 0x00, 0x3C, 0x3C, 0x00, 0x07,
  0x87, 0x80, 0x00, 0xF0, 0xF0, 0x00, 0x00, 0x00, 0x00, 0x00, 0x00, 0x00, 0x00, 0x00, 0x00, 0x00,
  0xFF, 0xFF, 0xF0, 0x1F, 0xFF, 0xFE, 0x03, 0xFF, 0xFF, 0xC0, 0x3F, 0xFF, 0xF8, 0x01, 0xE0, 0x07,
  0x00, 0x3C, 0x00, 0xE0, 0x07, 0x80, 0x1C, 0x00, 0xF0, 0x03, 0x80, 0x1E, 0x00, 0x00, 0x03, 0xC0,
  0x00, 0x00, 0x78, 0x00, 0x00, 0x0F, 0x00, 0x00, 0x01, 0xE0, 0x00, 0x00, 0x3F, 0xFF, 0x00, 0x07,
  0xFF, 0xE0, 0x00, 0xFF, 0xFC, 0x00, 0x1F, 0xFF, 0x80, 0x03, 0xC0, 0x00, 0x00, 0x78, 0x00, 0x00,
  0x0F, 0x00, 0x00, 0x01, 0xE0, 0x00, 0x00, 0x3C, 0x00, 0x00, 0x07, 0x80, 0x00, 0x00, 0xF0, 0x03,
  0x80, 0x1E, 0x00, 0x70, 0x03, 0xC0, 0x0E, 0x00, 0x78, 0x01, 0xC0, 0x3F, 0xFF, 0xF8, 0x0F, 0xFF,
  0xFF, 0x01, 0xFF, 0xFF, 0xE0, 0x3F, 0xFF, 0xFC, 0x00, 0x00, 0x00, 0x0E, 0x00, 0x0F, 0xC0, 0x0F,
  0xF0, 0x0F, 0xF8, 0x01, 0xF0, 0x00, 0x00, 0x00, 0x00, 0x1F, 0xFC, 0x1F, 0xFC, 0x1F, 0xFC, 0x1F,
  0xF8, 0x03, 0xC0, 0x03, 0xC0, 0x03, 0xC0, 0x03, 0xC0, 0x03, 0xC0, 0x03, 0xC0, 0x03, 0xC0, 0x03,
  0xC0, 0x03, 0xC0, 0x03, 0xC0, 0x03, 0xC0, 0x03, 0xC0, 0x03, 0xC0, 0x03, 0xC0, 0x03, 0xC0, 0x03,
  0xC0, 0x03, 0xC0, 0x03, 0xC0, 0x03, 0xC0, 0x03, 0xC0, 0x03, 0xC0, 0x03, 0xC0, 0x03, 0xC0, 0x1F,
  0xF8, 0x1F, 0xFC, 0x1F, 0xFC, 0x1F, 0xFC, 0x00, 0x00, 0x00, 0x70, 0x01, 0xF0, 0x0F, 0xF8, 0x0F,
  0xF0, 0x0F, 0xC0, 0x00, 0x00, 0x00, 0x00, 0x1F, 0xFC, 0x1F, 0xFC, 0x1F, 0xFC, 0x1F, 0xF8, 0x03,
  0xC0, 0x03, 0xC0, 0x03, 0xC0, 0x03, 0xC0, 0x03, 0xC0, 0x03, 0xC0, 0x03, 0xC0, 0x03, 0xC0, 0x03,
  0xC0, 0x03, 0xC0, 0x03, 0xC0, 0x03, 0xC0, 0x03, 0xC0, 0x03, 0xC0, 0x03, 0xC0, 0x03, 0xC0, 0x03,
  0xC0, 0x03, 0xC0, 0x03, 0xC0, 0x03, 0xC0, 0x03, 0xC0, 0x03, 0xC0, 0x03, 0xC0, 0x1F, 0xF8, 0x1F,
  0xFC, 0x1F, 0xFC, 0x1F, 0xFC, 0x07, 0xE0, 0x0F, 0xF0, 0x1F, 0xFC, 0x1E, 0x7C, 0x00, 0x00, 0x00,
  0x00, 0x00, 0x00, 0x1F, 0xFC, 0x1F, 0xFC, 0x1F, 0xFC, 0x1F, 0xF8, 0x03, 0xC0, 0x03, 0xC0, 0x03,
  0xC0, 0x03, 0xC0, 0x03, 0xC0, 0x03, 0xC0, 0x03, 0xC0, 0x03, 0xC0, 0x03, 0xC0, 0x03, 0xC0, 0x03,
  0xC0, 0x03, 0xC0, 0x03, 0xC0, 0x03, 0xC0, 0x03, 0xC0, 0x03, 0xC0, 0x03, 0xC0, 0x03, 0xC0, 0x03,
  0xC0, 0x03, 0xC0, 0x03, 0xC0, 0x03, 0xC0, 0x03, 0xC0, 0x1F, 0xF8, 0x1F, 0xFC, 0x1F, 0xFC, 0x1F,
  0xFC, 0x1C, 0x3C, 0x3E, 0x3C, 0x3E, 0x3C, 0x3E, 0x3C, 0x00, 0x00, 0x00, 0x00, 0x00, 0x00, 0x1F,
  0xFC, 0x1F, 0xFC, 0x1F, 0xFC, 0x1F, 0xF8, 0x03, 0xC0, 0x03, 0xC0, 0x03, 0xC0, 0x03, 0xC0, 0x03,
  0xC0, 0x03, 0xC0, 0x03, 0xC0, 0x03, 0xC0, 0x03, 0xC0, 0x03, 0xC0, 0x03, 0xC0, 0x03, 0xC0, 0x03,
  0xC0, 0x03, 0xC0, 0x03, 0xC0, 0x03, 0xC0, 0x03, 0xC0, 0x03, 0xC0, 0x03, 0xC0, 0x03, 0xC0, 0x03,
  0xC0, 0x03, 0xC0, 0x03, 0xC0, 0x1F, 0xF8, 0x1F, 0xFC, 0x1F, 0xFC, 0x1F, 0xFC, 0x1F, 0xFF, 0xFC,
  0x00, 0xFF, 0xFF, 0xF0, 0x07, 0xFF, 0xFF, 0xC0, 0x07, 0xFF, 0xFF, 0x00, 0x3C, 0x00, 0xFC, 0x01,
  0xE0, 0x03, 0xE0, 0x0F, 0x00, 0x0F, 0x00, 0x78, 0x00, 0x78, 0x03, 0xC0, 0x03, 0xC0, 0x1E, 0x00,
  0x1E, 0x00, 0xF0, 0x00, 0xF0, 0x07, 0x80, 0x07, 0x80, 0x3C, 0x00, 0x3C, 0x07, 0xFF, 0x81, 0xE0,
  0x3F, 0xFE, 0x0F, 0x01, 0xFF, 0xF0, 0x78, 0x0F, 0xFF, 0x83, 0xC0, 0x1E, 0x00, 0x1E, 0x00, 0xF0,
  0x00, 0xF0, 0x07, 0x80, 0x07, 0x80, 0x3C, 0x00, 0x3C, 0x01, 0xE0, 0x01, 0xE0, 0x0F, 0x00, 0x0F,
  0x00, 0x78, 0x00, 0x78, 0x03, 0xC0, 0x03, 0xC0, 0x1E, 0x00, 0x3E, 0x00, 0xF0, 0x03, 0xF0, 0x07,
  0xFF, 0xFF, 0x01, 0xFF, 0xFF, 0xF0, 0x0F, 0xFF, 0xFF, 0x00, 0x7F, 0xFF, 0xF0, 0x00, 0x00, 0x03,
  0x9E, 0x00, 0x00, 0x01, 0xFF, 0x80, 0x00, 0x00, 0xFF, 0xC0, 0x00, 0x00, 0x3C, 0xE0, 0x00, 0x00,
  0x00, 0x00, 0x00, 0x00, 0x00, 0x00, 0x00, 0x00, 0x00, 0x00, 0x00, 0x00, 0x7F, 0xC0, 0x1F, 0xF8,
  0x1F, 0xF8, 0x07, 0xFE, 0x07, 0xFE, 0x01, 0xFF, 0x80, 0xFF, 0xC0, 0x3F, 0xE0, 0x0F, 0xF0, 0x03,
  0xC0, 0x03, 0xFE, 0x00, 0xF0, 0x00, 0xF7, 0x80, 0x3C, 0x00, 0x3D, 0xF0, 0x0F, 0x00, 0x0F, 0x3C,
  0x03, 0xC0, 0x03, 0xCF, 0x80, 0xF0, 0x00, 0xF1, 0xE0, 0x3C, 0x00, 0x3C, 0x7C, 0x0F, 0x00, 0x0F,
  0x0F, 0x03, 0xC0, 0x03, 0xC3, 0xE0, 0xF0, 0x00, 0xF0, 0x78, 0x3C, 0x00, 0x3C, 0x1F, 0x0F, 0x00,
  0x0F, 0x07, 0xC3, 0xC0, 0x03, 0xC0, 0xF0, 0xF0, 0x00, 0xF0, 0x3E, 0x3C, 0x00, 0x3C, 0x07, 0x8F,
  0x00, 0x0F, 0x01, 0xF3, 0xC0, 0x03, 0xC0, 0x3C, 0xF0, 0x00, 0xF0, 0x0F, 0xBC, 0x00, 0x3C, 0x01,
  0xEF, 0x00, 0x0F, 0x00, 0x7F, 0xC0, 0x03, 0xC0, 0x0F, 0xF0, 0x00, 0xF0, 0x03, 0xFC, 0x00, 0xFF,
  0x80, 0x7F, 0x00, 0x7F, 0xE0, 0x1F, 0xC0, 0x1F, 0xF8, 0x03, 0xF0, 0x07, 0xFE, 0x00, 0xFC, 0x00,
  0x00, 0x00, 0x00, 0x00, 0x06, 0x00, 0x00, 0x01, 0xF8, 0x00, 0x00, 0x3F, 0xE0, 0x00, 0x07, 0xFC,
  0x00, 0x00, 0x1F, 0x80, 0x00, 0x00, 0x00, 0x00, 0x00, 0x00, 0x00, 0x01, 0xFF, 0xF0, 0x00, 0x7F,
  0xFF, 0x00, 0x1F, 0xFF, 0xF0, 0x07, 0xFF, 0xFF, 0x00, 0xF8, 0x01, 0xF0, 0x3E, 0x00, 0x1E, 0x07,
  0x80, 0x03, 0xC0, 0xF0, 0x00, 0x78, 0x1E, 0x00, 0x0F, 0x03, 0xC0, 0x01, 0xE0, 0x78, 0x00, 0x3C,
  0x0F, 0x00, 0x07, 0x81, 0xE0, 0x00, 0xF0, 0x3C, 0x00, 0x1E, 0x07, 0x80, 0x03, 0xC0, 0xF0, 0x00,
  0x78, 0x1E, 0x00, 0x0F, 0x03, 0xC0, 0x01, 0xE0, 0x78, 0x00, 0x3C, 0x0F, 0x00, 0x07, 0x81, 0xE0,
  0x00, 0xF0, 0x3C, 0x00, 0x1E, 0x07, 0x80, 0x03, 0xC0, 0xF0, 0x00, 0x78, 0x1E, 0x00, 0x0F, 0x03,
  0xE0, 0x01, 0xE0, 0x7E, 0x00, 0x7C, 0x07, 0xFF, 0xFF, 0x00, 0x7F, 0xFF, 0xC0, 0x07, 0xFF, 0xF0,
  0x00, 0x7F, 0xFC, 0x00, 0x00, 0x00, 0x00, 0x00, 0x00, 0x38, 0x00, 0x00, 0x3F, 0x00, 0x00, 0x1F,
  0xE0, 0x00, 0x07, 0xFC, 0x00, 0x00, 0x7C, 0x00, 0x00, 0x00, 0x00, 0x00, 0x00, 0x00, 0x00, 0x01,
  0xFF, 0xF0, 0x00, 0x7F, 0xFF, 0x00, 0x1F, 0xFF, 0xF0, 0x07, 0xFF, 0xFF, 0x00, 0xF8, 0x01, 0xF0,
  0x3E, 0x00, 0x1E, 0x07, 0x80, 0x03, 0xC0, 0xF0, 0x00, 0x78, 0x1E, 0x00, 0x0F, 0x03, 0xC0, 0x01,
  0xE0, 0x78, 0x00, 0x3C, 0x0F, 0x00, 0x07, 0x81, 0xE0, 0x00, 0xF0, 0x3C, 0x00, 0x1E, 0x07, 0x80,
  0x03, 0xC0, 0xF0, 0x00, 0x78, 0x1E, 0x00, 0x0F, 0x03, 0xC0, 0x01, 0xE0, 0x78, 0x00, 0x3C, 0x0F,
  0x00, 0x07, 0x81, 0xE0, 0x00, 0xF0, 0x3C, 0x00, 0x1E, 0x07, 0x80, 0x03, 0xC0, 0xF0, 0x00, 0x78,
  0x1E, 0x00, 0x0F, 0x03, 0xE0, 0x01, 0xE0, 0x7E, 0x00, 0x7C, 0x07, 0xFF, 0xFF, 0x00, 0x7F, 0xFF,
  0xC0, 0x07, 0xFF, 0xF0, 0x00, 0x7F, 0xFC, 0x00, 0x00, 0x1F, 0x00, 0x00, 0x0F, 0xF8, 0x00, 0x03,
  0xFF, 0x80, 0x00, 0x78, 0xF0, 0x00, 0x00, 0x00, 0x00, 0x00, 0x00, 0x00, 0x00, 0x00, 0x00, 0x00,
  0x0F, 0xFF, 0x80, 0x03, 0xFF, 0xF8, 0x00, 0xFF, 0xFF, 0x80, 0x3F, 0xFF, 0xF8, 0x07, 0xC0, 0x0F,
  0x81, 0xF0, 0x00, 0xF0, 0x3C, 0x00, 0x1E, 0x07, 0x80, 0x03, 0xC0, 0xF0, 0x00, 0x78, 0x1E, 0x00,
  0x0F, 0x03, 0xC0, 0x01, 0xE0, 0x78, 0x00, 0x3C, 0x0F, 0x00, 0x07, 0x81, 0xE0, 0x00, 0xF0, 0x3C,
  0x00, 0x1E, 0x07, 0x80, 0x03, 0xC0, 0xF0, 0x00, 0x78, 0x1E, 0x00, 0x0F, 0x03, 0xC0, 0x01, 0xE0,
  0x78, 0x00, 0x3C, 0x0F, 0x00, 0x07, 0x81, 0xE0, 0x00, 0xF0, 0x3C, 0x00, 0x1E, 0x07, 0x80, 0x03,
  0xC0, 0xF0, 0x00, 0x78, 0x1F, 0x00, 0x0F, 0x03, 0xF0, 0x03, 0xE0, 0x3F, 0xFF, 0xF8, 0x03, 0xFF,
  0xFE, 0x00, 0x3F, 0xFF, 0x80, 0x03, 0xFF, 0xE0, 0x00, 0x00, 0x1C, 0xF0, 0x00, 0x07, 0xFE, 0x00,
  0x01, 0xFF, 0x00, 0x00, 0x7D, 0xC0, 0x00, 0x00, 0x00, 0x00, 0x00, 0x00, 0x00, 0x00, 0x00, 0x00,
  0x00, 0x0F, 0xFF, 0x80, 0x03, 0xFF, 0xF8, 0x00, 0xFF, 0xFF, 0x80, 0x3F, 0xFF, 0xF8, 0x07, 0xC0,
  0x0F, 0x81, 0xF0, 0x00, 0xF0, 0x3C, 0x00, 0x1E, 0x07, 0x80, 0x03, 0xC0, 0xF0, 0x00, 0x78, 0x1E,
  0x00, 0x0F, 0x03, 0xC0, 0x01, 0xE0, 0x78, 0x00, 0x3C, 0x0F, 0x00, 0x07, 0x81, 0xE0, 0x00, 0xF0,
  0x3C, 0x00, 0x1E, 0x07, 0x80, 0x03, 0xC0, 0xF0, 0x00, 0x78, 0x1E, 0x00, 0x0F, 0x03, 0xC0, 0x01,
  0xE0, 0x78, 0x00, 0x3C, 0x0F, 0x00, 0x07, 0x81, 0xE0, 0x00, 0xF0, 0x3C, 0x00, 0x1E, 0x07, 0x80,
  0x03, 0xC0, 0xF0, 0x00, 0x78, 0x1F, 0x00, 0x0F, 0x03, 0xF0, 0x03, 0xE0, 0x3F, 0xFF, 0xF8, 0x03,
  0xFF, 0xFE, 0x00, 0x3F, 0xFF, 0x80, 0x03, 0xFF, 0xE0, 0x00, 0x00, 0xF0, 0xE0, 0x00, 0x1E, 0x3C,
  0x00, 0x03, 0xC7, 0x80, 0x00, 0x78, 0xF0, 0x00, 0x00, 0x00, 0x00, 0x00, 0x00, 0x00, 0x00, 0x00,
  0x00, 0x00, 0x0F, 0xFF, 0x80, 0x03, 0xFF, 0xF8, 0x00, 0xFF, 0xFF, 0x80, 0x3F, 0xFF, 0xF8, 0x07,
  0xC0, 0x0F, 0x81, 0xF0, 0x00, 0xF0, 0x3C, 0x00, 0x1E, 0x07, 0x80, 0x03, 0xC0, 0xF0, 0x00, 0x78,
  0x1E, 0x00, 0x0F, 0x03, 0xC0, 0x01, 0xE0, 0x78, 0x00, 0x3C, 0x0F, 0x00, 0x07, 0x81, 0xE0, 0x00,
  0xF0, 0x3C, 0x00, 0x1E, 0x07, 0x80, 0x03, 0xC0, 0xF0, 0x00, 0x78, 0x1E, 0x00, 0x0F, 0x03, 0xC0,
  0x01, 0xE0, 0x78, 0x00, 0x3C, 0x0F, 0x00, 0x07, 0x81, 0xE0, 0x00, 0xF0, 0x3C, 0x00, 0x1E, 0x07,
  0x80, 0x03, 0xC0, 0xF0, 0x00, 0x78, 0x1F, 0x00, 0x0F, 0x03, 0xF0, 0x03, 0xE0, 0x3F, 0xFF, 0xF8,
  0x03, 0xFF, 0xFE, 0x00, 0x3F, 0xFF, 0x80, 0x03, 0xFF, 0xE0, 0x00, 0x00, 0x00, 0x00, 0x00, 0x60,
  0x03, 0x00, 0x1E, 0x00, 0xF0, 0x03, 0xE0, 0x3E, 0x00, 0x3E, 0x0F, 0x80, 0x03, 0xE3, 0xE0, 0x00,
  0x3F, 0xF8, 0x00, 0x03, 0xFE, 0x00, 0x00, 0x3F, 0x80, 0x00, 0x03, 0xE0, 0x00, 0x00, 0xFE, 0x00,
  0x00, 0x3F, 0xE0, 0x00, 0x0F, 0xBE, 0x00, 0x03, 0xE3, 0xE0, 0x00, 0xF8, 0x3E, 0x00, 0x3E, 0x03,
  0xE0, 0x03, 0x80, 0x38, 0x00, 0x20, 0x02, 0x00, 0x00, 0x00, 0x00, 0x00, 0x00, 0x00, 0x00, 0x00,
  0x00, 0x00, 0x00, 0x00, 0x00, 0x00, 0x00, 0x00, 0x00, 0x00, 0x00, 0x00, 0x00, 0x00, 0x00, 0x00,
  0x00, 0x00, 0x00, 0x00, 0x00, 0x00, 0x60, 0x00, 0x00, 0x1C, 0x00, 0x00, 0x03, 0x00, 0x00, 0x00,
  0xE0, 0x03, 0xFF, 0xF8, 0x00, 0xFF, 0xFF, 0x00, 0x3F, 0xFF, 0xE0, 0x0F, 0xFF, 0xFE, 0x01, 0xF0,
  0x07, 0xE0, 0x7C, 0x01, 0xFC, 0x0F, 0x00, 0x3F, 0x81, 0xE0, 0x0E, 0xF0, 0x3C, 0x01, 0xDE, 0x07,
  0x80, 0x73, 0xC0, 0xF0, 0x0E, 0x78, 0x1E, 0x03, 0x8F, 0x03, 0xC0, 0x71, 0xE0, 0x78, 0x1C, 0x3C,
  0x0F, 0x03, 0x87, 0x81, 0xE0, 0xE0, 0xF0, 0x3C, 0x1C, 0x1E, 0x07, 0x87, 0x03, 0xC0, 0xF0, 0xE0,
  0x78, 0x1E, 0x38, 0x0F, 0x03, 0xC7, 0x01, 0xE0, 0x79, 0xC0, 0x3C, 0x0F, 0x38, 0x07, 0x81, 0xEE,
  0x00, 0xF0, 0x3D, 0xC0, 0x1E, 0x07, 0xF0, 0x03, 0xC0, 0xFE, 0x00, 0xF8, 0x0F, 0xFF, 0xFE, 0x00,
  0xFF, 0xFF, 0x80, 0x1F, 0xFF, 0xE0, 0x03, 0xFF, 0xF8, 0x00, 0xE0, 0x00, 0x00, 0x1C, 0x00, 0x00,
  0x07, 0x00, 0x00, 0x00, 0xE0, 0x00, 0x00, 0x00, 0x00, 0x00, 0x00, 0x00, 0x00, 0x00, 0x00, 0x00,
  0x18, 0x00, 0x00, 0x00, 0x7E, 0x00, 0x00, 0x00, 0xFF, 0x00, 0x00, 0x01, 0xFF, 0x00, 0x00, 0x00,
  0x7C, 0x00, 0x00, 0x00, 0x00, 0x00, 0x00, 0x00, 0x00, 0x00, 0x1F, 0xF0, 0x1F, 0xF0, 0x3F, 0xE0,
  0x3F, 0xE0, 0x7F, 0xC0, 0x7F, 0xC0, 0xFF, 0x80, 0xFF, 0x80, 0x78, 0x00, 0x3C, 0x00, 0xF0, 0x00,
  0x78, 0x01, 0xE0, 0x00, 0xF0, 0x03, 0xC0, 0x01, 0xE0, 0x07, 0x80, 0x03, 0xC0, 0x0F, 0x00, 0x07,
  0x80, 0x1E, 0x00, 0x0F, 0x00, 0x3C, 0x00, 0x1E, 0x00, 0x78, 0x00, 0x3C, 0x00, 0xF0, 0x00, 0x78,
  0x01, 0xE0, 0x00, 0xF0, 0x03, 0xC0, 0x01, 0xE0, 0x07, 0x80, 0x03, 0xC0, 0x0F, 0x00, 0x07, 0x80,
  0x1E, 0x00, 0x0F, 0x00, 0x3C, 0x00, 0x1E, 0x00, 0x78, 0x00, 0x3C, 0x00, 0xF0, 0x00, 0x78, 0x01,
  0xE0, 0x00, 0xF0, 0x03, 0xC0, 0x01, 0xE0, 0x07, 0x80, 0x03, 0xC0, 0x0F, 0x80, 0x0F, 0x80, 0x1F,
  0x80, 0x3F, 0x00, 0x1F, 0xFF, 0xFC, 0x00, 0x1F, 0xFF, 0xF0, 0x00, 0x1F, 0xFF, 0xC0, 0x00, 0x1F,
  0xFF, 0x00, 0x00, 0x00, 0x00, 0x00, 0x00, 0x00, 0x00, 0xC0, 0x00, 0x00, 0x0F, 0xC0, 0x00, 0x00,
  0x7F, 0x80, 0x00, 0x01, 0xFF, 0x00, 0x00, 0x01, 0xF0, 0x00, 0x00, 0x00, 0x00, 0x00, 0x00, 0x00,
  0x00, 0x00, 0x1F, 0xF0, 0x1F, 0xF0, 0x3F, 0xE0, 0x3F, 0xE0, 0x7F, 0xC0, 0x7F, 0xC0, 0xFF, 0x80,
  0xFF, 0x80, 0x78, 0x00, 0x3C, 0x00, 0xF0, 0x00, 0x78, 0x01, 0xE0, 0x00, 0xF0, 0x03, 0xC0, 0x01,
  0xE0, 0x07, 0x80, 0x03, 0xC0, 0x0F, 0x00, 0x07, 0x80, 0x1E, 0x00, 0x0F, 0x00, 0x3C, 0x00, 0x1E,
  0x00, 0x78, 0x00, 0x3C, 0x00, 0xF0, 0x00, 0x78, 0x01, 0xE0, 0x00, 0xF0, 0x03, 0xC0, 0x01, 0xE0,
  0x07, 0x80, 0x03, 0xC0, 0x0F, 0x00, 0x07, 0x80, 0x1E, 0x00, 0x0F, 0x00, 0x3C, 0x00, 0x1E, 0x00,
  0x78, 0x00, 0x3C, 0x00, 0xF0, 0x00, 0x78, 0x01, 0xE0, 0x00, 0xF0, 0x03, 0xC0, 0x01, 0xE0, 0x07,
  0x80, 0x03, 0xC0, 0x0F, 0x80, 0x0F, 0x80, 0x1F, 0x80, 0x3F, 0x00, 0x1F, 0xFF, 0xFC, 0x00, 0x1F,
  0xFF, 0xF0, 0x00, 0x1F, 0xFF, 0xC0, 0x00, 0x1F, 0xFF, 0x00, 0x00, 0x00, 0x07, 0xC0, 0x00, 0x00,
  0x3F, 0xE0, 0x00, 0x00, 0xFF, 0xE0, 0x00, 0x01, 0xE3, 0xC0, 0x00, 0x00, 0x00, 0x00, 0x00, 0x00,
  0x00, 0x00, 0x00, 0x00, 0x00, 0x00, 0x0F, 0xF8, 0x0F, 0xF8, 0x1F, 0xF0, 0x1F, 0xF0, 0x3F, 0xE0,
  0x3F, 0xE0, 0x7F, 0xC0, 0x7F, 0xC0, 0x3C, 0x00, 0x1E, 0x00, 0x78, 0x00, 0x3C, 0x00, 0xF0, 0x00,
  0x78, 0x01, 0xE0, 0x00, 0xF0, 0x03, 0xC0, 0x01, 0xE0, 0x07, 0x80, 0x03, 0xC0, 0x0F, 0x00, 0x07,
  0x80, 0x1E, 0x00, 0x0F, 0x00, 0x3C, 0x00, 0x1E, 0x00, 0x78, 0x00, 0x3C, 0x00, 0xF0, 0x00, 0x78,
  0x01, 0xE0, 0x00, 0xF0, 0x03, 0xC0, 0x01, 0xE0, 0x07, 0x80, 0x03, 0xC0, 0x0F, 0x00, 0x07, 0x80,
  0x1E, 0x00, 0x0F, 0x00, 0x3C, 0x00, 0x1E, 0x00, 0x78, 0x00, 0x3C, 0x00, 0xF0, 0x00, 0x78, 0x01,
  0xE0, 0x00, 0xF0, 0x03, 0xC0, 0x01, 0xE0, 0x07, 0xC0, 0x07, 0xC0, 0x0F, 0xC0, 0x1F, 0x80, 0x0F,
  0xFF, 0xFE, 0x00, 0x0F, 0xFF, 0xF8, 0x00, 0x0F, 0xFF, 0xE0, 0x00, 0x0F, 0xFF, 0x80, 0x00, 0x00,
  0x3C, 0x78, 0x00, 0x00, 0x78, 0xF0, 0x00, 0x00, 0xF1, 0xE0, 0x00, 0x01, 0xE3, 0xC0, 0x00, 0x00,
  0x00, 0x00, 0x00, 0x00, 0x00, 0x00, 0x00, 0x00, 0x00, 0x00, 0x0F, 0xF8, 0x0F, 0xF8, 0x1F, 0xF0,
  0x1F, 0xF0, 0x3F, 0xE0, 0x3F, 0xE0, 0x7F, 0xC0, 0x7F, 0xC0, 0x3C, 0x00, 0x1E, 0x00, 0x78, 0x00,
  0x3C, 0x00, 0xF0, 0x00, 0x78, 0x01, 0xE0, 0x00, 0xF0, 0x03, 0xC0, 0x01, 0xE0, 0x07, 0x80, 0x03,
  0xC0, 0x0F, 0x00, 0x07, 0x80, 0x1E, 0x00, 0x0F, 0x00, 0x3C, 0x00, 0x1E, 0x00, 0x78, 0x00, 0x3C,
  0x00, 0xF0, 0x00, 0x78, 0x01, 0xE0, 0x00, 0xF0, 0x03, 0xC0, 0x01, 0xE0, 0x07, 0x80, 0x03, 0xC0,
  0x0F, 0x00, 0x07, 0x80, 0x1E, 0x00, 0x0F, 0x00, 0x3C, 0x00, 0x1E, 0x00, 0x78, 0x00, 0x3C, 0x00,
  0xF0, 0x00, 0x78, 0x01, 0xE0, 0x00, 0xF0, 0x03, 0xC0, 0x01, 0xE0, 0x07, 0xC0, 0x07, 0xC0, 0x0F,
  0xC0, 0x1F, 0x80, 0x0F, 0xFF, 0xFE, 0x00, 0x0F, 0xFF, 0xF8, 0x00, 0x0F, 0xFF, 0xE0, 0x00, 0x0F,
  0xFF, 0x80, 0x00, 0x00, 0x00, 0x00, 0x00, 0x00, 0xE0, 0x00, 0x01, 0xF8, 0x00, 0x01, 0xFE, 0x00,
  0x00, 0xFF, 0x80, 0x00, 0x1F, 0x00, 0x00, 0x00, 0x00, 0x00, 0x00, 0x00, 0x00, 0x7F, 0xC0, 0xFF,
  0x9F, 0xF0, 0x3F, 0xE7, 0xFC, 0x0F, 0xF9, 0xFF, 0x03, 0xFE, 0x1E, 0x00, 0x3C, 0x03, 0xC0, 0x0F,
  0x00, 0xF0, 0x07, 0x80, 0x1E, 0x01, 0xE0, 0x07, 0x80, 0xF0, 0x01, 0xE0, 0x3C, 0x00, 0x3C, 0x0F,
  0x00, 0x0F, 0x07, 0x80, 0x01, 0xE1, 0xE0, 0x00, 0x78, 0xF0, 0x00, 0x0F, 0x3C, 0x00, 0x03, 0xDE,
  0x00, 0x00, 0x7F, 0x80, 0x00, 0x1F, 0xC0, 0x00, 0x07, 0xF0, 0x00, 0x00, 0xFC, 0x00, 0x00, 0x3E,
  0x00, 0x00, 0x07, 0x80, 0x00, 0x01, 0xE0, 0x00, 0x00, 0x78, 0x00, 0x00, 0x1E, 0x00, 0x00, 0x07,
  0x80, 0x00, 0x01, 0xE0, 0x00, 0x07, 0xFF, 0x00, 0x01, 0xFF, 0xE0, 0x00, 0x7F, 0xF8, 0x00, 0x1F,
  0xFE, 0x00, 0x1F, 0xC0, 0x00, 0x07, 0xF0, 0x00, 0x01, 0xFC, 0x00, 0x00, 0x3F, 0x00, 0x00, 0x03,
  0xC0, 0x00, 0x00, 0xF0, 0x00, 0x00, 0x3F, 0xFF, 0x80, 0x0F, 0xFF, 0xF0, 0x03, 0xFF, 0xFE, 0x00,
  0xFF, 0xFF, 0xC0, 0x3C, 0x01, 0xF0, 0x0F, 0x00, 0x3E, 0x03, 0xC0, 0x07, 0x80, 0xF0, 0x01, 0xE0,
  0x3C, 0x00, 0x78, 0x0F, 0x00, 0x1E, 0x03, 0xC0, 0x07, 0x80, 0xF0, 0x01, 0xE0, 0x3C, 0x00, 0x78,
  0x0F, 0x00, 0x3E, 0x03, 0xC0, 0x1F, 0x00, 0xFF, 0xFF, 0x80, 0x3F, 0xFF, 0xC0, 0x0F, 0xFF, 0xE0,
  0x03, 0xFF, 0xF0, 0x00, 0xF0, 0x00, 0x00, 0x3C, 0x00, 0x00, 0x3F, 0x00, 0x00, 0x1F, 0xC0, 0x00,
  0x07, 0xF0, 0x00, 0x01, 0xFC, 0x00, 0x00, 0x00, 0x7F, 0xF0, 0x00, 0x03, 0xFF, 0xE0, 0x00, 0x1F,
  0xFF, 0xC0, 0x00, 0xFF, 0xFF, 0x80, 0x03, 0xE0, 0x1F, 0x00, 0x1F, 0x00, 0x3C, 0x00, 0x78, 0x00,
  0xF0, 0x01, 0xE0, 0x03, 0xC0, 0x07, 0x80, 0x0F, 0x00, 0x1E, 0x00, 0x3C, 0x00, 0x78, 0x01, 0xF0,
  0x01, 0xE0, 0x0F, 0x80, 0x07, 0x80, 0x7C, 0x00, 0x1E, 0x03, 0xE0, 0x00, 0x78, 0x7F, 0xF8, 0x01,
  0xE1, 0xFF, 0xF0, 0x07, 0x87, 0xFF, 0xE0, 0x1E, 0x1F, 0xFF, 0x80, 0x78, 0x00, 0x1E, 0x01, 0xE0,
  0x00, 0x78, 0x07, 0x80, 0x01, 0xE0, 0x1E, 0x00, 0x07, 0x80, 0x78, 0x00, 0x1E, 0x01, 0xE0, 0x00,
  0x78, 0x07, 0x84, 0x01, 0xE0, 0x1E, 0x38, 0x0F, 0x80, 0x79, 0xF0, 0x7E, 0x07, 0xE7, 0xFF, 0xF0,
  0x3F, 0x8F, 0xFF, 0x80, 0xFE, 0x1F, 0xFC, 0x03, 0xF8, 0x3F, 0xE0, 0x00, 0x00, 0x00, 0x00, 0x00,
  0x03, 0x80, 0x00, 0x00, 0x3E, 0x00, 0x00, 0x07, 0xFC, 0x00, 0x00, 0x3F, 0xC0, 0x00, 0x00, 0xFC,
  0x00, 0x00, 0x00, 0x00, 0x00, 0x00, 0x00, 0x00, 0x00, 0xFF, 0xF0, 0x00, 0x0F, 0xFF, 0x00, 0x00,
  0xFF, 0xF0, 0x00, 0x0F, 0xFE, 0x00, 0x00, 0x7B, 0xC0, 0x00, 0x07, 0xBC, 0x00, 0x00, 0x79, 0xE0,
  0x00, 0x0F, 0x1E, 0x00, 0x00, 0xF0, 0xE0, 0x00, 0x0F, 0x0F, 0x00, 0x01, 0xE0, 0xF0, 0x00, 0x1E,
  0x07, 0x80, 0x01, 0xE0, 0x78, 0x00, 0x3C, 0x07, 0x80, 0x03, 0xC0, 0x3C, 0x00, 0x3F, 0xFF, 0xC0,
  0x07, 0xFF, 0xFC, 0x00, 0x7F, 0xFF, 0xE0, 0x0F, 0xFF, 0xFE, 0x00, 0xF0, 0x01, 0xE0, 0x0F, 0x00,
  0x0F, 0x01, 0xF0, 0x00, 0xF0, 0x1E, 0x00, 0x0F, 0x07, 0xF8, 0x03, 0xFE, 0xFF, 0xC0, 0x3F, 0xEF,
  0xFC, 0x03, 0xFE, 0xFF, 0xC0, 0x3F, 0xE0, 0x00, 0x00, 0x00, 0x00, 0x00, 0x0E, 0x00, 0x00, 0x03,
  0xE0, 0x00, 0x01, 0xFF, 0x00, 0x00, 0x3F, 0xE0, 0x00, 0x01, 0xF8, 0x00, 0x00, 0x00, 0x00, 0x00,
  0x00, 0x00, 0x00, 0x00, 0xFF, 0xF0, 0x00, 0x0F, 0xFF, 0x00, 0x00, 0xFF, 0xF0, 0x00, 0x0F, 0xFE,
  0x00, 0x00, 0x7B, 0xC0, 0x00, 0x07, 0xBC, 0x00, 0x00, 0x79, 0xE0, 0x00, 0x0F, 0x1E, 0x00, 0x00,
  0xF0, 0xE0, 0x00, 0x0F, 0x0F, 0x00, 0x01, 0xE0, 0xF0, 0x00, 0x1E, 0x07, 0x80, 0x01, 0xE0, 0x78,
  0x00, 0x3C, 0x07, 0x80, 0x03, 0xC0, 0x3C, 0x00, 0x3F, 0xFF, 0xC0, 0x07, 0xFF, 0xFC, 0x00, 0x7F,
  0xFF, 0xE0, 0x0F, 0xFF, 0xFE, 0x00, 0xF0, 0x01, 0xE0, 0x0F, 0x00, 0x0F, 0x01, 0xF0, 0x00, 0xF0,
  0x1E, 0x00, 0x0F, 0x07, 0xF8, 0x03, 0xFE, 0xFF, 0xC0, 0x3F, 0xEF, 0xFC, 0x03, 0xFE, 0xFF, 0xC0,
  0x3F, 0xE0, 0x00, 0x1F, 0x80, 0x00, 0x03, 0xFC, 0x00, 0x00, 0xFF, 0xE0, 0x00, 0x0F, 0x9E, 0x00,
  0x00, 0x00, 0x00, 0x00, 0x00, 0x00, 0x00, 0x00, 0x00, 0x00, 0x00, 0x0F, 0xFF, 0x00, 0x00, 0xFF,
  0xF0, 0x00, 0x0F, 0xFF, 0x00, 0x00, 0xFF, 0xE0, 0x00, 0x07, 0xBC, 0x00, 0x00, 0x7B, 0xC0, 0x00,
  0x07, 0x9E, 0x00, 0x00, 0xF1, 0xE0, 0x00, 0x0F, 0x0E, 0x00, 0x00, 0xF0, 0xF0, 0x00, 0x1E, 0x0F,
  0x00, 0x01, 0xE0, 0x78, 0x00, 0x1E, 0x07, 0x80, 0x03, 0xC0, 0x78, 0x00, 0x3C, 0x03, 0xC0, 0x03,
  0xFF, 0xFC, 0x00, 0x7F, 0xFF, 0xC0, 0x07, 0xFF, 0xFE, 0x00, 0xFF, 0xFF, 0xE0, 0x0F, 0x00, 0x1E,
  0x00, 0xF0, 0x00, 0xF0, 0x1F, 0x00, 0x0F, 0x01, 0xE0, 0x00, 0xF0, 0x7F, 0x80, 0x3F, 0xEF, 0xFC,
  0x03, 0xFE, 0xFF, 0xC0, 0x3F, 0xEF, 0xFC, 0x03, 0xFE, 0x00, 0x1C, 0xF0, 0x00, 0x03, 0xFF, 0x00,
  0x00, 0x7F, 0xE0, 0x00, 0x07, 0xB8, 0x00, 0x00, 0x00, 0x00, 0x00, 0x00, 0x00, 0x00, 0x00, 0x00,
  0x00, 0x00, 0x0F, 0xFF, 0x00, 0x00, 0xFF, 0xF0, 0x00, 0x0F, 0xFF, 0x00, 0x00, 0xFF, 0xE0, 0x00,
  0x07, 0xBC, 0x00, 0x00, 0x7B, 0xC0, 0x00, 0x07, 0x9E, 0x00, 0x00, 0xF1, 0xE0, 0x00, 0x0F, 0x0E,
  0x00, 0x00, 0xF0, 0xF0, 0x00, 0x1E, 0x0F, 0x00, 0x01, 0xE0, 0x78, 0x00, 0x1E, 0x07, 0x80, 0x03,
  0xC0, 0x78, 0x00, 0x3C, 0x03, 0xC0, 0x03, 0xFF, 0xFC, 0x00, 0x7F, 0xFF, 0xC0, 0x07, 0xFF, 0xFE,
  0x00, 0xFF, 0xFF, 0xE0, 0x0F, 0x00, 0x1E, 0x00, 0xF0, 0x00, 0xF0, 0x1F, 0x00, 0x0F, 0x01, 0xE0,
  0x00, 0xF0, 0x7F, 0x80, 0x3F, 0xEF, 0xFC, 0x03, 0xFE, 0xFF, 0xC0, 0x3F, 0xEF, 0xFC, 0x03, 0xFE,
  0x00, 0xF1, 0xF0, 0x00, 0x0F, 0x1F, 0x00, 0x00, 0xF1, 0xF0, 0x00, 0x0F, 0x1F, 0x00, 0x00, 0x00,
  0x00, 0x00, 0x00, 0x00, 0x00, 0x00, 0x00, 0x00, 0x00, 0x0F, 0xFF, 0x00, 0x00, 0xFF, 0xF0, 0x00,
  0x0F, 0xFF, 0x00, 0x00, 0xFF, 0xE0, 0x00, 0x07, 0xBC, 0x00, 0x00, 0x7B, 0xC0, 0x00, 0x07, 0x9E,
  0x00, 0x00, 0xF1, 0xE0, 0x00, 0x0F, 0x0E, 0x00, 0x00, 0xF0, 0xF0, 0x00, 0x1E, 0x0F, 0x00, 0x01,
  0xE0, 0x78, 0x00, 0x1E, 0x07, 0x80, 0x03, 0xC0, 0x78, 0x00, 0x3C, 0x03, 0xC0, 0x03, 0xFF, 0xFC,
  0x00, 0x7F, 0xFF, 0xC0, 0x07, 0xFF, 0xFE, 0x00, 0xFF, 0xFF, 0xE0, 0x0F, 0x00, 0x1E, 0x00, 0xF0,
  0x00, 0xF0, 0x1F, 0x00, 0x0F, 0x01, 0xE0, 0x00, 0xF0, 0x7F, 0x80, 0x3F, 0xEF, 0xFC, 0x03, 0xFE,
  0xFF, 0xC0, 0x3F, 0xEF, 0xFC, 0x03, 0xFE, 0x00, 0x0F, 0x00, 0x00, 0x01, 0xF8, 0x00, 0x00, 0x31,
  0x80, 0x00, 0x03, 0x18, 0x00, 0x00, 0x31, 0x80, 0x00, 0x01, 0xF8, 0x00, 0x00, 0x0F, 0x00, 0x00,
  0x00, 0x00, 0x00, 0x00, 0x00, 0x00, 0x00, 0x0F, 0xFF, 0x00, 0x00, 0xFF, 0xF0, 0x00, 0x0F, 0xFF,
  0x00, 0x00, 0xFF, 0xE0, 0x00, 0x07, 0xBC, 0x00, 0x00, 0x7B, 0xC0, 0x00, 0x07, 0x9E, 0x00, 0x00,
  0xF1, 0xE0, 0x00, 0x0F, 0x0E, 0x00, 0x00, 0xF0, 0xF0, 0x00, 0x1E, 0x0F, 0x00, 0x01, 0xE0, 0x78,
  0x00, 0x1E, 0x07, 0x80, 0x03, 0xC0, 0x78, 0x00, 0x3C, 0x03, 0xC0, 0x03, 0xFF, 0xFC, 0x00, 0x7F,
  0xFF, 0xC0, 0x07, 0xFF, 0xFE, 0x00, 0xFF, 0xFF, 0xE0, 0x0F, 0x00, 0x1E, 0x00, 0xF0, 0x00, 0xF0,
  0x1F, 0x00, 0x0F, 0x01, 0xE0, 0x00, 0xF0, 0x7F, 0x80, 0x3F, 0xEF, 0xFC, 0x03, 0xFE, 0xFF, 0xC0,
  0x3F, 0xEF, 0xFC, 0x03, 0xFE, 0x00, 0xFF, 0xFF, 0xFF, 0xF8, 0x00, 0xFF, 0xFF, 0xFF, 0xF8, 0x00,
  0xFF, 0xFF, 0xFF, 0xF8, 0x00, 0xFF, 0xFF, 0xFF, 0xF8, 0x00, 0x7C, 0x1E, 0x00, 0x78, 0x00, 0x78,
  0x1E, 0x00, 0x78, 0x00, 0x78, 0x1E, 0x00, 0x78, 0x00, 0xF0, 0x1E, 0x00, 0x78, 0x00, 0xF0, 0x1E,
  0x00, 0x00, 0x00, 0xF0, 0x1E, 0x00, 0x00, 0x01, 0xE0, 0x1E, 0x00, 0x00, 0x01, 0xFF, 0xFF, 0xFF,
  0x80, 0x01, 0xFF, 0xFF, 0xFF, 0x80, 0x03, 0xFF, 0xFF, 0xFF, 0x80, 0x03, 0xFF, 0xFF, 0xFF, 0x80,
  0x03, 0xC0, 0x1E, 0x00, 0x00, 0x07, 0x80, 0x1E, 0x00, 0x00, 0x07, 0x80, 0x1E, 0x00, 0x00, 0x0F,
  0x80, 0x1E, 0x00, 0x00, 0x0F, 0x00, 0x1E, 0x00, 0x78, 0x0F, 0x00, 0x1E, 0x00, 0x78, 0x1F, 0x00,
  0x1E, 0x00, 0x78, 0x1E, 0x00, 0x1E, 0x00, 0x78, 0x7F, 0x80, 0x7F, 0xFF, 0xF8, 0xFF, 0xC0, 0xFF,
  0xFF, 0xF8, 0xFF, 0xC0, 0xFF, 0xFF, 0xF8, 0xFF, 0xC0, 0xFF, 0xFF, 0xF8, 0x01, 0xFF, 0xE0, 0x01,
  0xFF, 0xF8, 0x01, 0xFF, 0xFE, 0x01, 0xFF, 0xFF, 0x81, 0xF8, 0x07, 0xE0, 0xF8, 0x01, 0xF0, 0x78,
  0x00, 0x78, 0x3C, 0x00, 0x3C, 0x1E, 0x00, 0x1E, 0x0F, 0x00, 0x0F, 0x07, 0x80, 0x00, 0x03, 0xC0,
  0x00, 0x01, 0xE0, 0x00, 0x00, 0xF0, 0x00, 0x00, 0x78, 0x00, 0x00, 0x3C, 0x00, 0x00, 0x1E, 0x00,
  0x00, 0x0F, 0x00, 0x0F, 0x07, 0x80, 0x07, 0x83, 0xC0, 0x03, 0xC1, 0xE0, 0x01, 0xE0, 0xF8, 0x01,
  0xF0, 0x7E, 0x01, 0xF8, 0x1F, 0xFF, 0xF8, 0x07, 0xFF, 0xF8, 0x01, 0xFF, 0xF8, 0x00, 0x7F, 0xF8,
  0x00, 0x03, 0xC0, 0x00, 0x01, 0xE0, 0x00, 0x01, 0xE0, 0x00, 0x00, 0xF0, 0x00, 0x00, 0x70, 0x00,
  0x00, 0x38, 0x00, 0x00, 0x00, 0x00, 0x00, 0x00, 0x0E, 0x00, 0x00, 0x01, 0xF0, 0x00, 0x00, 0x3F,
  0xC0, 0x00, 0x07, 0xFC, 0x00, 0x00, 0x3F, 0x00, 0x00, 0x00, 0x00, 0x00, 0x00, 0x00, 0x00, 0x1F,
  0xFF, 0xFE, 0x03, 0xFF, 0xFF, 0xC0, 0x7F, 0xFF, 0xF8, 0x07, 0xFF, 0xFF, 0x00, 0x3C, 0x00, 0xE0,
  0x07, 0x80, 0x1C, 0x00, 0xF0, 0x03, 0x80, 0x1E, 0x00, 0x70, 0x03, 0xC0, 0x00, 0x00, 0x78, 0x00,
  0x00, 0x0F, 0x00, 0x00, 0x01, 0xFF, 0xF8, 0x00, 0x3F, 0xFF, 0x00, 0x07, 0xFF, 0xE0, 0x00, 0xFF,
  0xFC, 0x00, 0x1E, 0x00, 0x00, 0x03, 0xC0, 0x00, 0x00, 0x78, 0x00, 0x00, 0x0F, 0x00, 0x00, 0x01,
  0xE0, 0x07, 0x00, 0x3C, 0x00, 0xE0, 0x07, 0x80, 0x1C, 0x00, 0xF0, 0x03, 0x80, 0x7F, 0xFF, 0xF0,
  0x1F, 0xFF, 0xFE, 0x03, 0xFF, 0xFF, 0xC0, 0x7F, 0xFF, 0xF8, 0x00, 0x00, 0x00, 0x00, 0x00, 0x00,
  0x38, 0x00, 0x00, 0x1F, 0x80, 0x00, 0x1F, 0xF0, 0x00, 0x03, 0xFE, 0x00, 0x00, 0x7E, 0x00, 0x00,
  0x00, 0x00, 0x00, 0x00, 0x00, 0x00, 0x1F, 0xFF, 0xFE, 0x03, 0xFF, 0xFF, 0xC0, 0x7F, 0xFF, 0xF8,
  0x07, 0xFF, 0xFF, 0x00, 0x3C, 0x00, 0xE0, 0x07, 0x80, 0x1C, 0x00, 0xF0, 0x03, 0x80, 0x1E, 0x00,
  0x70, 0x03, 0xC0, 0x00, 0x00, 0x78, 0x00, 0x00, 0x0F, 0x00, 0x00, 0x01, 0xFF, 0xF8, 0x00, 0x3F,
  0xFF, 0x00, 0x07, 0xFF, 0xE0, 0x00, 0xFF, 0xFC, 0x00, 0x1E, 0x00, 0x00, 0x03, 0xC0, 0x00, 0x00,
  0x78, 0x00, 0x00, 0x0F, 0x00, 0x00, 0x01, 0xE0, 0x07, 0x00, 0x3C, 0x00, 0xE0, 0x07, 0x80, 0x1C,
  0x00, 0xF0, 0x03, 0x80, 0x7F, 0xFF, 0xF0, 0x1F, 0xFF, 0xFE, 0x03, 0xFF, 0xFF, 0xC0, 0x7F, 0xFF,
  0xF8, 0x00, 0x00, 0x3F, 0x00, 0x00, 0x0F, 0xF0, 0x00, 0x03, 0xFF, 0x80, 0x00, 0xF9, 0xF0, 0x00,
  0x00, 0x00, 0x00, 0x00, 0x00, 0x00, 0x00, 0x00, 0x00, 0x00, 0xFF, 0xFF, 0xF0, 0x1F, 0xFF, 0xFE,
  0x03, 0xFF, 0xFF, 0xC0, 0x3F, 0xFF, 0xF8, 0x01, 0xE0, 0x07, 0x00, 0x3C, 0x00, 0xE0, 0x07, 0x80,
  0x1C, 0x00, 0xF0, 0x03, 0x80, 0x1E, 0x00, 0x00, 0x03, 0xC0, 0x00, 0x00, 0x78, 0x00, 0x00, 0x0F,
  0xFF, 0xC0, 0x01, 0xFF, 0xF8, 0x00, 0x3F, 0xFF, 0x00, 0x07, 0xFF, 0xE0, 0x00, 0xF0, 0x00, 0x00,
  0x1E, 0x00, 0x00, 0x03, 0xC0, 0x00, 0x00, 0x78, 0x00, 0x00, 0x0F, 0x00, 0x38, 0x01, 0xE0, 0x07,
  0x00, 0x3C, 0x00, 0xE0, 0x07, 0x80, 0x1C, 0x03, 0xFF, 0xFF, 0x80, 0xFF, 0xFF, 0xF0, 0x1F, 0xFF,
  0xFE, 0x03, 0xFF, 0xFF, 0xC0, 0x01, 0xE1, 0xE0, 0x00, 0x3C, 0x3C, 0x00, 0x07, 0x87, 0x80, 0x00,
  0xF0, 0xF0, 0x00, 0x00, 0x00, 0x00, 0x00, 0x00, 0x00, 0x00, 0x00, 0x00, 0x00, 0xFF, 0xFF, 0xF0,
  0x1F, 0xFF, 0xFE, 0x03, 0xFF, 0xFF, 0xC0, 0x3F, 0xFF, 0xF8, 0x01, 0xE0, 0x07, 0x00, 0x3C, 0x00,
  0xE0, 0x07, 0x80, 0x1C, 0x00, 0xF0, 0x03, 0x80, 0x1E, 0x00, 0x00, 0x03, 0xC0, 0x00, 0x00, 0x78,
  0x00, 0x00, 0x0F, 0xFF, 0xC0, 0x01, 0xFF, 0xF8, 0x00, 0x3F, 0xFF, 0x00, 0x07, 0xFF, 0xE0, 0x00,
  0xF0, 0x00, 0x00, 0x1E, 0x00, 0x00, 0x03, 0xC0, 0x00, 0x00, 0x78, 0x00, 0x00, 0x0F, 0x00, 0x38,
  0x01, 0xE0, 0x07, 0x00, 0x3C, 0x00, 0xE0, 0x07, 0x80, 0x1C, 0x03, 0xFF, 0xFF, 0x80, 0xFF, 0xFF,
  0xF0, 0x1F, 0xFF, 0xFE, 0x03, 0xFF, 0xFF, 0xC0, 0x00, 0x00, 0x0E, 0x00, 0x0F, 0xC0, 0x0F, 0xF0,
  0x0F, 0xF8, 0x01, 0xF0, 0x00, 0x00, 0x00, 0x00, 0x1F, 0xFC, 0x1F, 0xFC, 0x1F, 0xFC, 0x1F, 0xF8,
  0x03, 0xC0, 0x03, 0xC0, 0x03, 0xC0, 0x03, 0xC0, 0x03, 0xC0, 0x03, 0xC0, 0x03, 0xC0, 0x03, 0xC0,
  0x03, 0xC0, 0x03, 0xC0, 0x03, 0xC0, 0x03, 0xC0, 0x03, 0xC0, 0x03, 0xC0, 0x03, 0xC0, 0x03, 0xC0,
  0x03, 0xC0, 0x03, 0xC0, 0x03, 0xC0, 0x1F, 0xF8, 0x1F, 0xFC, 0x1F, 0xFC, 0x1F, 0xFC, 0x00, 0x00,
  0x00, 0x70, 0x01, 0xF0, 0x0F, 0xF8, 0x0F, 0xF0, 0x0F, 0xC0, 0x00, 0x00, 0x00, 0x00, 0x1F, 0xFC,
  0x1F, 0xFC, 0x1F, 0xFC, 0x1F, 0xF8, 0x03, 0xC0, 0x03, 0xC0, 0x03, 0xC0, 0x03, 0xC0, 0x03, 0xC0,
  0x03, 0xC0, 0x03, 0xC0, 0x03, 0xC0, 0x03, 0xC0, 0x03, 0xC0, 0x03, 0xC0, 0x03, 0xC0, 0x03, 0xC0,
  0x03, 0xC0, 0x03, 0xC0, 0x03, 0xC0, 0x03, 0xC0, 0x03, 0xC0, 0x03, 0xC0, 0x1F, 0xF8, 0x1F, 0xFC,
  0x1F, 0xFC, 0x1F, 0xFC, 0x07, 0xE0, 0x0F, 0xF0, 0x1F, 0xFC, 0x1E, 0x7C, 0x00, 0x00, 0x00, 0x00,
  0x00, 0x00, 0x1F, 0xFC, 0x1F, 0xFC, 0x1F, 0xFC, 0x1F, 0xF8, 0x03, 0xC0, 0x03, 0xC0, 0x03, 0xC0,
  0x03, 0xC0, 0x03, 0xC0, 0x03, 0xC0, 0x03, 0xC0, 0x03, 0xC0, 0x03, 0xC0, 0x03, 0xC0, 0x03, 0xC0,
  0x03, 0xC0, 0x03, 0xC0, 0x03, 0xC0, 0x03, 0xC0, 0x03, 0xC0, 0x03, 0xC0, 0x03, 0xC0, 0x03, 0xC0,
  0x1F, 0xF8, 0x1F, 0xFC, 0x1F, 0xFC, 0x1F, 0xFC, 0x3E, 0x3C, 0x3E, 0x3C, 0x3E, 0x3C, 0x3E, 0x3C,
  0x00, 0x00, 0x00, 0x00, 0x00, 0x00, 0x1F, 0xFC, 0x1F, 0xFC, 0x1F, 0xFC, 0x1F, 0xF8, 0x03, 0xC0,
  0x03, 0xC0, 0x03, 0xC0, 0x03, 0xC0, 0x03, 0xC0, 0x03, 0xC0, 0x03, 0xC0, 0x03, 0xC0, 0x03, 0xC0,
  0x03, 0xC0, 0x03, 0xC0, 0x03, 0xC0, 0x03, 0xC0, 0x03, 0xC0, 0x03, 0xC0, 0x03, 0xC0, 0x03, 0xC0,
  0x03, 0xC0, 0x03, 0xC0, 0x1F, 0xF8, 0x1F, 0xFC, 0x1F, 0xFC, 0x1F, 0xFC, 0x1F, 0xFF, 0xFC, 0x00,
  0xFF, 0xFF, 0xF0, 0x07, 0xFF, 0xFF, 0xC0, 0x07, 0xFF, 0xFF, 0x00, 0x3C, 0x00, 0xFC, 0x01, 0xE0,
  0x03, 0xE0, 0x0F, 0x00, 0x0F, 0x00, 0x78, 0x00, 0x78, 0x03, 0xC0, 0x03, 0xC0, 0x1E, 0x00, 0x1E,
  0x00, 0xF0, 0x00, 0xF0, 0x1F, 0xFE, 0x07, 0x80, 0xFF, 0xF8, 0x3C, 0x07, 0xFF, 0xC1, 0xE0, 0x3F,
  0xFE, 0x0F, 0x00, 0x78, 0x00, 0x78, 0x03, 0xC0, 0x03, 0xC0, 0x1E, 0x00, 0x1E, 0x00, 0xF0, 0x00,
  0xF0, 0x07, 0x80, 0x07, 0x80, 0x3C, 0x00, 0x3C, 0x01, 0xE0, 0x03, 0xE0, 0x0F, 0x00, 0x3F, 0x00,
  0x7F, 0xFF, 0xF0, 0x1F, 0xFF, 0xFF, 0x00, 0xFF, 0xFF, 0xF0, 0x07, 0xFF, 0xFF, 0x00, 0x00, 0x03,
  0x9E, 0x00, 0x00, 0x01, 0xFF, 0x80, 0x00, 0x00, 0xFF, 0xC0, 0x00, 0x00, 0x3C, 0xE0, 0x00, 0x00,
  0x00, 0x00, 0x00, 0x00, 0x00, 0x00, 0x00, 0x00, 0x00, 0x00, 0x00, 0x00, 0x7F, 0xC0, 0x1F, 0xF8,
  0x1F, 0xF8, 0x07, 0xFE, 0x07, 0xFF, 0x01, 0xFF, 0x80, 0xFF, 0xC0, 0x3F, 0xE0, 0x0F, 0xF8, 0x03,
  0xC0, 0x03, 0xFE, 0x00, 0xF0, 0x00, 0xF7, 0xC0, 0x3C, 0x00, 0x3C, 0xF0, 0x0F, 0x00, 0x0F, 0x3E,
  0x03, 0xC0, 0x03, 0xC7, 0x80, 0xF0, 0x00, 0xF1, 0xF0, 0x3C, 0x00, 0x3C, 0x3C, 0x0F, 0x00, 0x0F,
  0x0F, 0x83, 0xC0, 0x03, 0xC1, 0xF0, 0xF0, 0x00, 0xF0, 0x7C, 0x3C, 0x00, 0x3C, 0x0F, 0x8F, 0x00,
  0x0F, 0x01, 0xE3, 0xC0, 0x03, 0xC0, 0x7C, 0xF0, 0x00, 0xF0, 0x0F, 0x3C, 0x00, 0x3C, 0x03, 0xEF,
  0x00, 0x0F, 0x00, 0x7B, 0xC0, 0x03, 0xC0, 0x1F, 0xF0, 0x00, 0xF0, 0x03, 0xFC, 0x00, 0xFF, 0x80,
  0xFF, 0x00, 0x7F, 0xE0, 0x1F, 0xC0, 0x1F, 0xF8, 0x07, 0xF0, 0x07, 0xFE, 0x00, 0xFC, 0x00, 0x00,
  0x00, 0x00, 0x00, 0x06, 0x00, 0x00, 0x01, 0xF8, 0x00, 0x00, 0x3F, 0xE0, 0x00, 0x07, 0xFC, 0x00,
  0x00, 0x1F, 0x80, 0x00, 0x00, 0x00, 0x00, 0x00, 0x00, 0x00, 0x01, 0xFF, 0xF0, 0x00, 0x7F, 0xFF,
  0x00, 0x1F, 0xFF, 0xF0, 0x07, 0xFF, 0xFF, 0x00, 0xF8, 0x01, 0xF0, 0x3E, 0x00, 0x3E, 0x07, 0x80,
  0x03, 0xC0, 0xF0, 0x00, 0x78, 0x1E, 0x00, 0x0F, 0x03, 0xC0, 0x01, 0xE0, 0x78, 0x00, 0x3C, 0x0F,
  0x00, 0x07, 0x81, 0xE0, 0x00, 0xF0, 0x3C, 0x00, 0x1E, 0x07, 0x80, 0x03, 0xC0, 0xF0, 0x00, 0x78,
  0x1E, 0x00, 0x0F, 0x03, 0xC0, 0x01, 0xE0, 0x78, 0x00, 0x3C, 0x0F, 0x00, 0x07, 0x81, 0xE0, 0x00,
  0xF0, 0x3E, 0x00, 0x1E, 0x07, 0xE0, 0x07, 0xC0, 0x7F, 0xFF, 0xF0, 0x07, 0xFF, 0xFC, 0x00, 0x7F,
  0xFF, 0x00, 0x07, 0xFF, 0xC0, 0x00, 0x00, 0x00, 0x00, 0x00, 0x00, 0x1C, 0x00, 0x00, 0x1F, 0x80,
  0x00, 0x0F, 0xF0, 0x00, 0x03, 0xFE, 0x00, 0x00, 0x3F, 0x00, 0x00, 0x00, 0x00, 0x00, 0x00, 0x00,
  0x00, 0x01, 0xFF, 0xF0, 0x00, 0x7F, 0xFF, 0x00, 0x1F, 0xFF, 0xF0, 0x07, 0xFF, 0xFF, 0x00, 0xF8,
  0x01, 0xF0, 0x3E, 0x00, 0x3E, 0x07, 0x80, 0x03, 0xC0, 0xF0, 0x00, 0x78, 0x1E, 0x00, 0x0F, 0x03,
  0xC0, 0x01, 0xE0, 0x78, 0x00, 0x3C, 0x0F, 0x00, 0x07, 0x81, 0xE0, 0x00, 0xF0, 0x3C, 0x00, 0x1E,
  0x07, 0x80, 0x03, 0xC0, 0xF0, 0x00, 0x78, 0x1E, 0x00, 0x0F, 0x03, 0xC0, 0x01, 0xE0, 0x78, 0x00,
  0x3C, 0x0F, 0x00, 0x07, 0x81, 0xE0, 0x00, 0xF0, 0x3E, 0x00, 0x1E, 0x07, 0xE0, 0x07, 0xC0, 0x7F,
  0xFF, 0xF0, 0x07, 0xFF, 0xFC, 0x00, 0x7F, 0xFF, 0x00, 0x07, 0xFF, 0xC0, 0x00, 0x00, 0x1F, 0x00,
  0x00, 0x0F, 0xF8, 0x00, 0x03, 0xFF, 0x80, 0x00, 0x78, 0xF0, 0x00, 0x00, 0x00, 0x00, 0x00, 0x00,
  0x00, 0x00, 0x00, 0x00, 0x00, 0x0F, 0xFF, 0x80, 0x03, 0xFF, 0xF8, 0x00, 0xFF, 0xFF, 0x80, 0x3F,
  0xFF, 0xF8, 0x07, 0xC0, 0x0F, 0x81, 0xF0, 0x01, 0xF0, 0x3C, 0x00, 0x1E, 0x07, 0x80, 0x03, 0xC0,
  0xF0, 0x00, 0x78, 0x1E, 0x00, 0x0F, 0x03, 0xC0, 0x01, 0xE0, 0x78, 0x00, 0x3C, 0x0F, 0x00, 0x07,
  0x81, 0xE0, 0x00, 0xF0, 0x3C, 0x00, 0x1E, 0x07, 0x80, 0x03, 0xC0, 0xF0, 0x00, 0x78, 0x1E, 0x00,
  0x0F, 0x03, 0xC0, 0x01, 0xE0, 0x78, 0x00, 0x3C, 0x0F, 0x00, 0x07, 0x81, 0xF0, 0x00, 0xF0, 0x3F,
  0x00, 0x3E, 0x03, 0xFF, 0xFF, 0x80, 0x3F, 0xFF, 0xE0, 0x03, 0xFF, 0xF8, 0x00, 0x3F, 0xFE, 0x00,
  0x00, 0x1C, 0xF0, 0x00, 0x07, 0xFE, 0x00, 0x01, 0xFF, 0x00, 0x00, 0x7D, 0xC0, 0x00, 0x00, 0x00,
  0x00, 0x00, 0x00, 0x00, 0x00, 0x00, 0x00, 0x00, 0x0F, 0xFF, 0x80, 0x03, 0xFF, 0xF8, 0x00, 0xFF,
  0xFF, 0x80, 0x3F, 0xFF, 0xF8, 0x07, 0xC0, 0x0F, 0x81, 0xF0, 0x01, 0xF0, 0x3C, 0x00, 0x1E, 0x07,
  0x80, 0x03, 0xC0, 0xF0, 0x00, 0x78, 0x1E, 0x00, 0x0F, 0x03, 0xC0, 0x01, 0xE0, 0x78, 0x00, 0x3C,
  0x0F, 0x00, 0x07, 0x81, 0xE0, 0x00, 0xF0, 0x3C, 0x00, 0x1E, 0x07, 0x80, 0x03, 0xC0, 0xF0, 0x00,
  0x78, 0x1E, 0x00, 0x0F, 0x03, 0xC0, 0x01, 0xE0, 0x78, 0x00, 0x3C, 0x0F, 0x00, 0x07, 0x81, 0xF0,
  0x00, 0xF0, 0x3F, 0x00, 0x3E, 0x03, 0xFF, 0xFF, 0x80, 0x3F, 0xFF, 0xE0, 0x03, 0xFF, 0xF8, 0x00,
  0x3F, 0xFE, 0x00, 0x00, 0xF1, 0xE0, 0x00, 0x1E, 0x3C, 0x00, 0x03, 0xC7, 0x80, 0x00, 0x78, 0xF0,
  0x00, 0x00, 0x00, 0x00, 0x00, 0x00, 0x00, 0x00, 0x00, 0x00, 0x00, 0x0F, 0xFF, 0x80, 0x03, 0xFF,
  0xF8, 0x00, 0xFF, 0xFF, 0x80, 0x3F, 0xFF, 0xF8, 0x07, 0xC0, 0x0F, 0x81, 0xF0, 0x01, 0xF0, 0x3C,
  0x00, 0x1E, 0x07, 0x80, 0x03, 0xC0, 0xF0, 0x00, 0x78, 0x1E, 0x00, 0x0F, 0x03, 0xC0, 0x01, 0xE0,
  0x78, 0x00, 0x3C, 0x0F, 0x00, 0x07, 0x81, 0xE0, 0x00, 0xF0, 0x3C, 0x00, 0x1E, 0x07, 0x80, 0x03,
  0xC0, 0xF0, 0x00, 0x78, 0x1E, 0x00, 0x0F, 0x03, 0xC0, 0x01, 0xE0, 0x78, 0x00, 0x3C, 0x0F, 0x00,
  0x07, 0x81, 0xF0, 0x00, 0xF0, 0x3F, 0x00, 0x3E, 0x03, 0xFF, 0xFF, 0x80, 0x3F, 0xFF, 0xE0, 0x03,
  0xFF, 0xF8, 0x00, 0x3F, 0xFE, 0x00, 0x00, 0x1F, 0x00, 0x00, 0x03, 0xE0, 0x00, 0x00, 0x7C, 0x00,
  0x00, 0x0F, 0x80, 0x00, 0x01, 0xF0, 0x00, 0x00, 0x00, 0x00, 0x00, 0x00, 0x00, 0x00, 0x00, 0x00,
  0x00, 0x00, 0x00, 0x00, 0x00, 0xFF, 0xFF, 0x80, 0x1F, 0xFF, 0xF8, 0x03, 0xFF, 0xFF, 0x00, 0x7F,
  0xFF, 0xE0, 0x00, 0x00, 0x00, 0x00, 0x00, 0x00, 0x00, 0x00, 0x00, 0x00, 0x00, 0x00, 0x00, 0x00,
  0x03, 0xE0, 0x00, 0x00, 0x7C, 0x00, 0x00, 0x0F, 0x80, 0x00, 0x01, 0xF0, 0x00, 0x00, 0x3E, 0x00,
  0x00, 0x00, 0x00, 0x00, 0x00, 0x00, 0x00, 0x00, 0x00, 0x00, 0x00, 0x00, 0x00, 0x00, 0x00, 0x00,
  0x00, 0x00, 0x00, 0x00, 0x00, 0x80, 0x00, 0x00, 0x38, 0x00, 0x00, 0x06, 0x00, 0x00, 0x01, 0xC0,
  0x00, 0x00, 0x70, 0x00, 0x00, 0x0E, 0x00, 0x7F, 0xFF, 0x80, 0x1F, 0xFF, 0xE0, 0x07, 0xFF, 0xFC,
  0x01, 0xFF, 0xFF, 0xC0, 0x3E, 0x00, 0xFC, 0x0F, 0x80, 0x3F, 0x81, 0xE0, 0x07, 0xF0, 0x3C, 0x01,
  0xDE, 0x07, 0x80, 0x73, 0xC0, 0xF0, 0x0E, 0x78, 0x1E, 0x03, 0x8F, 0x03, 0xC0, 0xE1, 0xE0, 0x78,
  0x1C, 0x3C, 0x0F, 0x07, 0x07, 0x81, 0xE0, 0xE0, 0xF0, 0x3C, 0x38, 0x1E, 0x07, 0x8E, 0x03, 0xC0,
  0xF1, 0xC0, 0x78, 0x1E, 0x70, 0x0F, 0x03, 0xCC, 0x01, 0xE0, 0x7B, 0x80, 0x3C, 0x0F, 0xE0, 0x07,
  0x81, 0xFC, 0x01, 0xF0, 0x1F, 0xFF, 0xFC, 0x01, 0xFF, 0xFF, 0x00, 0x3F, 0xFF, 0xC0, 0x0F, 0xFF,
  0xF0, 0x01, 0xC0, 0x00, 0x00, 0x70, 0x00, 0x00, 0x1C, 0x00, 0x00, 0x03, 0x80, 0x00, 0x00, 0xE0,
  0x00, 0x00, 0x00, 0x00, 0x00, 0x00, 0x00, 0x00, 0x00, 0x00, 0x00, 0x18, 0x00, 0x00, 0x00, 0x7E,
  0x00, 0x00, 0x00, 0xFF, 0x00, 0x00, 0x01, 0xFF, 0x00, 0x00, 0x00, 0x7C, 0x00, 0x00, 0x00, 0x00,
  0x00, 0x00, 0x00, 0x00, 0x00, 0x1F, 0xF0, 0x1F, 0xF0, 0x3F, 0xE0, 0x3F, 0xE0, 0x7F, 0xC0, 0x7F,
  0xC0, 0xFF, 0x80, 0xFF, 0x80, 0x78, 0x00, 0x3C, 0x00, 0xF0, 0x00, 0x78, 0x01, 0xE0, 0x00, 0xF0,
  0x03, 0xC0, 0x01, 0xE0, 0x07, 0x80, 0x03, 0xC0, 0x0F, 0x00, 0x07, 0x80, 0x1E, 0x00, 0x0F, 0x00,
  0x3C, 0x00, 0x1E, 0x00, 0x78, 0x00, 0x3C, 0x00, 0xF0, 0x00, 0x78, 0x01, 0xE0, 0x00, 0xF0, 0x03,
  0xC0, 0x01, 0xE0, 0x07, 0x80, 0x03, 0xC0, 0x0F, 0x00, 0x07, 0x80, 0x1E, 0x00, 0x0F, 0x00, 0x3C,
  0x00, 0x1E, 0x00, 0x78, 0x00, 0x3C, 0x00, 0xF8, 0x00, 0xF8, 0x01, 0xF8, 0x03, 0xF0, 0x01, 0xFF,
  0xFF, 0xC0, 0x01, 0xFF, 0xFF, 0x00, 0x01, 0xFF, 0xFC, 0x00, 0x01, 0xFF, 0xF0, 0x00, 0x00, 0x00,
  0x00, 0x00, 0x00, 0x00, 0x70, 0x00, 0x00, 0x07, 0xE0, 0x00, 0x00, 0x3F, 0xC0, 0x00, 0x00, 0xFF,
  0x80, 0x00, 0x00, 0xF8, 0x00, 0x00, 0x00, 0x00, 0x00, 0x00, 0x00, 0x00, 0x00, 0x1F, 0xF0, 0x1F,
  0xF0, 0x3F, 0xE0, 0x3F, 0xE0, 0x7F, 0xC0, 0x7F, 0xC0, 0xFF, 0x80, 0xFF, 0x80, 0x78, 0x00, 0x3C,
  0x00, 0xF0, 0x00, 0x78, 0x01, 0xE0, 0x00, 0xF0, 0x03, 0xC0, 0x01, 0xE0, 0x07, 0x80, 0x03, 0xC0,
  0x0F, 0x00, 0x07, 0x80, 0x1E, 0x00, 0x0F, 0x00, 0x3C, 0x00, 0x1E, 0x00, 0x78, 0x00, 0x3C, 0x00,
  0xF0, 0x00, 0x78, 0x01, 0xE0, 0x00, 0xF0, 0x03, 0xC0, 0x01, 0xE0, 0x07, 0x80, 0x03, 0xC0, 0x0F,
  0x00, 0x07, 0x80, 0x1E, 0x00, 0x0F, 0x00, 0x3C, 0x00, 0x1E, 0x00, 0x78, 0x00, 0x3C, 0x00, 0xF8,
  0x00, 0xF8, 0x01, 0xF8, 0x03, 0xF0, 0x01, 0xFF, 0xFF, 0xC0, 0x01, 0xFF, 0xFF, 0x00, 0x01, 0xFF,
  0xFC, 0x00, 0x01, 0xFF, 0xF0, 0x00, 0x00, 0x07, 0xC0, 0x00, 0x00, 0x3F, 0xE0, 0x00, 0x00, 0xFF,
  0xE0, 0x00, 0x01, 0xE3, 0xC0, 0x00, 0x00, 0x00, 0x00, 0x00, 0x00, 0x00, 0x00, 0x00, 0x00, 0x00,
  0x00, 0x0F, 0xF8, 0x0F, 0xF8, 0x1F, 0xF0, 0x1F, 0xF0, 0x3F, 0xE0, 0x3F, 0xE0, 0x7F, 0xC0, 0x7F,
  0xC0, 0x3C, 0x00, 0x1E, 0x00, 0x78, 0x00, 0x3C, 0x00, 0xF0, 0x00, 0x78, 0x01, 0xE0, 0x00, 0xF0,
  0x03, 0xC0, 0x01, 0xE0, 0x07, 0x80, 0x03, 0xC0, 0x0F, 0x00, 0x07, 0x80, 0x1E, 0x00, 0x0F, 0x00,
  0x3C, 0x00, 0x1E, 0x00, 0x78, 0x00, 0x3C, 0x00, 0xF0, 0x00, 0x78, 0x01, 0xE0, 0x00, 0xF0, 0x03,
  0xC0, 0x01, 0xE0, 0x07, 0x80, 0x03, 0xC0, 0x0F, 0x00, 0x07, 0x80, 0x1E, 0x00, 0x0F, 0x00, 0x3C,
  0x00, 0x1E, 0x00, 0x7C, 0x00, 0x7C, 0x00, 0xFC, 0x01, 0xF8, 0x00, 0xFF, 0xFF, 0xE0, 0x00, 0xFF,
  0xFF, 0x80, 0x00, 0xFF, 0xFE, 0x00, 0x00, 0xFF, 0xF8, 0x00, 0x00, 0x3C, 0x78, 0x00, 0x00, 0x78,
  0xF0, 0x00, 0x00, 0xF1, 0xE0, 0x00, 0x01, 0xE3, 0xC0, 0x00, 0x00, 0x00, 0x00, 0x00, 0x00, 0x00,
  0x00, 0x00, 0x00, 0x00, 0x00, 0x0F, 0xF8, 0x0F, 0xF8, 0x1F, 0xF0, 0x1F, 0xF0, 0x3F, 0xE0, 0x3F,
  0xE0, 0x7F, 0xC0, 0x7F, 0xC0, 0x3C, 0x00, 0x1E, 0x00, 0x78, 0x00, 0x3C, 0x00, 0xF0, 0x00, 0x78,
  0x01, 0xE0, 0x00, 0xF0, 0x03, 0xC0, 0x01, 0xE0, 0x07, 0x80, 0x03, 0xC0, 0x0F, 0x00, 0x07, 0x80,
  0x1E, 0x00, 0x0F, 0x00, 0x3C, 0x00, 0x1E, 0x00, 0x78, 0x00, 0x3C, 0x00, 0xF0, 0x00, 0x78, 0x01,
  0xE0, 0x00, 0xF0, 0x03, 0xC0, 0x01, 0xE0, 0x07, 0x80, 0x03, 0xC0, 0x0F, 0x00, 0x07, 0x80, 0x1E,
  0x00, 0x0F, 0x00, 0x3C, 0x00, 0x1E, 0x00, 0x7C, 0x00, 0x7C, 0x00, 0xFC, 0x01, 0xF8, 0x00, 0xFF,
  0xFF, 0xE0, 0x00, 0xFF, 0xFF, 0x80, 0x00, 0xFF, 0xFE, 0x00, 0x00, 0xFF, 0xF8, 0x00, 0x00, 0x00,
  0x00, 0x00, 0x00, 0x60, 0x00, 0x00, 0xFC, 0x00, 0x00, 0xFF, 0x00, 0x00, 0x7F, 0xC0, 0x00, 0x0F,
  0x80, 0x00, 0x00, 0x00, 0x00, 0x00, 0x00, 0x00, 0x7F, 0xC0, 0xFF, 0x9F, 0xF0, 0x3F, 0xE7, 0xFC,
  0x0F, 0xF9, 0xFF, 0x03, 0xFE, 0x0F, 0x00, 0x3C, 0x03, 0xC0, 0x1E, 0x00, 0x78, 0x07, 0x80, 0x1E,
  0x03, 0xC0, 0x03, 0xC0, 0xF0, 0x00, 0xF0, 0x78, 0x00, 0x1E, 0x1E, 0x00, 0x07, 0x8F, 0x00, 0x00,
  0xF3, 0xC0, 0x00, 0x3D, 0xE0, 0x00, 0x07, 0xF8, 0x00, 0x01, 0xFC, 0x00, 0x00, 0x3F, 0x00, 0x00,
  0x0F, 0x80, 0x00, 0x01, 0xE0, 0x00, 0x00, 0x78, 0x00, 0x00, 0x1E, 0x00, 0x00, 0x07, 0x80, 0x00,
  0x01, 0xE0, 0x00, 0x07, 0xFF, 0x00, 0x01, 0xFF, 0xE0, 0x00, 0x7F, 0xF8, 0x00, 0x1F, 0xFE, 0x00,
  0x1F, 0xC0, 0x00, 0x07, 0xF0, 0x00, 0x01, 0xFC, 0x00, 0x00, 0x3F, 0x00, 0x00, 0x03, 0xC0, 0x00,
  0x00, 0xFF, 0xFE, 0x00, 0x3F, 0xFF, 0xC0, 0x0F, 0xFF, 0xF8, 0x03, 0xFF, 0xFF, 0x00, 0xF0, 0x07,
  0xC0, 0x3C, 0x00, 0xF8, 0x0F, 0x00, 0x1E, 0x03, 0xC0, 0x07, 0x80, 0xF0, 0x01, 0xE0, 0x3C, 0x00,
  0x78, 0x0F, 0x00, 0x1E, 0x03, 0xC0, 0x0F, 0x80, 0xF0, 0x07, 0xC0, 0x3F, 0xFF, 0xF0, 0x0F, 0xFF,
  0xF8, 0x03, 0xFF, 0xFC, 0x00, 0xFF, 0xFE, 0x00, 0x3C, 0x00, 0x00, 0x3F, 0x00, 0x00, 0x1F, 0xC0,
  0x00, 0x07, 0xF0, 0x00, 0x01, 0xFC, 0x00, 0x00, 0x01, 0xE3, 0xE0, 0x00, 0x78, 0xF8, 0x00, 0x1E,
  0x3E, 0x00, 0x07, 0x8F, 0x80, 0x00, 0x00, 0x00, 0x00, 0x00, 0x00, 0x00, 0x00, 0x00, 0x01, 0xFF,
  0x03, 0xFE, 0x7F, 0xC0, 0xFF, 0x9F, 0xF0, 0x3F, 0xE7, 0xFC, 0x0F, 0xF8, 0x3C, 0x00, 0xF0, 0x0F,
  0x00, 0x78, 0x01, 0xE0, 0x1E, 0x00, 0x78, 0x0F, 0x00, 0x0F, 0x03, 0xC0, 0x03, 0xC1, 0xE0, 0x00,
  0x78, 0x78, 0x00, 0x1E, 0x3C, 0x00, 0x03, 0xCF, 0x00, 0x00, 0xF7, 0x80, 0x00, 0x1F, 0xE0, 0x00,
  0x07, 0xF0, 0x00, 0x00, 0xFC, 0x00, 0x00, 0x3E, 0x00, 0x00, 0x07, 0x80, 0x00, 0x01, 0xE0, 0x00,
  0x00, 0x78, 0x00, 0x00, 0x1E, 0x00, 0x00, 0x07, 0x80, 0x00, 0x1F, 0xFC, 0x00, 0x07, 0xFF, 0x80,
  0x01, 0xFF, 0xE0, 0x00, 0x7F, 0xF8, 0x00,
};

static const GFXglyph PROGMEM Graduate42Glyphs[] = {
  {    0,  1,  1, 15,   0,   0}, //  
  {    1, 11, 31, 11,   0, -31}, // !
  {   44, 17, 33, 17,   0, -33}, // "
  {  115, 29, 31, 27,  -1, -31}, // #
  {  228, 27, 40, 27,   0, -36}, // $
  {  363, 39, 35, 39,   0, -33}, // %
  {  534, 28, 31, 28,   0, -31}, // &
  {  643, 10, 33, 10,   0, -33}, // apostrophe
  {  685, 15, 40, 15,   0, -36}, // (
  {  760, 15, 40, 15,   0, -36}, // )
  {  835, 20, 33, 20,   0, -33}, // *
  {  918, 27, 24, 27,   0, -24}, // +
  {  999,  8, 10,  8,   0,  -5}, // ,
  { 1009, 21, 18, 21,   0, -18}, // -
  { 1057,  8,  5,  8,   0,  -5}, // .
  { 1062, 17, 38, 16,   0, -35}, // /
  { 1143, 27, 31, 27,   0, -31}, // 0
  { 1248, 27, 31, 27,   0, -31}, // 1
  { 1353, 27, 31, 27,   0, -31}, // 2
  { 1458, 27, 31, 27,   0, -31}, // 3
  { 1563, 27, 31, 27,   0, -31}, // 4
  { 1668, 27, 31, 27,   0, -31}, // 5
  { 1773, 27, 31, 27,   0, -31}, // 6
  { 1878, 27, 31, 27,   0, -31}, // 7
  { 1983, 27, 31, 27,   0, -31}, // 8
  { 2088, 27, 31, 27,   0, -31}, // 9
  { 2193,  8, 22,  8,   0, -22}, // :
  { 2215,  8, 27,  8,   0, -22}, // ;
  { 2242, 27, 26, 27,   0, -26}, // <
  { 2330, 27, 23, 27,   0, -23}, // =
  { 2408, 27, 26, 27,   0, -26}, // >
  { 2496, 22, 31, 22,   0, -31}, // ?
  { 2582, 40, 36, 40,   0, -31}, // @
  { 2762, 28, 31, 28,   0, -31}, // A
  { 2871, 29, 31, 29,   0, -31}, // B
  { 2984, 25, 31, 25,   0, -31}, // C
  { 3081, 29, 31, 29,   0, -31}, // D
  { 3194, 27, 31, 27,   0, -31}, // E
  { 3299, 25, 31, 25,   0, -31}, // F
  { 3396, 26, 31, 26,   0, -31}, // G
  { 3497, 33, 31, 33,   0, -31}, // H
  { 3625, 16, 31, 16,   0, -31}, // I
  { 3687, 23, 31, 23,   0, -31}, // J
  { 3777, 28, 31, 28,   0, -31}, // K
  { 3886, 23, 31, 23,   0, -31}, // L
  { 3976, 40, 31, 40,   0, -31}, // M
  { 4131, 34, 31, 34,   0, -31}, // N
  { 4263, 27, 31, 27,   0, -31}, // O
  { 4368, 26, 31, 26,   0, -31}, // P
  { 4469, 27, 35, 27,   0, -31}, // Q
  { 4588, 29, 31, 29,   0, -31}, // R
  { 4701, 25, 31, 25,   0, -31}, // S
  { 4798, 24, 31, 24,   0, -31}, // T
  { 4891, 31, 31, 31,   0, -31}, // U
  { 5012, 29, 31, 29,   0, -31}, // V
  { 5125, 43, 31, 43,   0, -31}, // W
  { 5292, 27, 31, 27,   0, -31}, // X
  { 5397, 26, 31, 26,   0, -31}, // Y
  { 5498, 25, 31, 25,   0, -31}, // Z
  { 5595, 15, 40, 15,   0, -36}, // [
  { 5670, 17, 38, 16,   0, -35}, // backslash
  { 5751, 15, 40, 15,   0, -36}, // ]
  { 5826, 27, 32, 27,   0, -32}, // ^
  { 5934, 26,  4, 26,   0,  -1}, // _
  { 5947, 18, 35, 18,   0, -35}, // `
  { 6026, 28, 27, 28,   0, -27}, // a
  { 6121, 29, 27, 29,   0, -27}, // b
  { 6219, 25, 27, 25,   0, -27}, // c
  { 6304, 29, 27, 29,   0, -27}, // d
  { 6402, 27, 27, 27,   0, -27}, // e
  { 6494, 25, 27, 25,   0, -27}, // f
  { 6579, 26, 27, 26,   0, -27}, // g
  { 6667, 33, 27, 33,   0, -27}, // h
  { 6779, 16, 27, 16,   0, -27}, // i
  { 6833, 23, 27, 23,   0, -27}, // j
  { 6911, 28, 27, 28,   0, -27}, // k
  { 7006, 23, 27, 23,   0, -27}, // l
  { 7084, 40, 27, 40,   0, -27}, // m
  { 7219, 34, 27, 34,   0, -27}, // n
  { 7334, 27, 27, 27,   0, -27}, // o
  { 7426, 26, 27, 26,   0, -27}, // p
  { 7514, 27, 31, 27,   0, -27}, // q
  { 7619, 29, 27, 29,   0, -27}, // r
  { 7717, 25, 27, 25,   0, -27}, // s
  { 7802, 24, 27, 24,   0, -27}, // t
  { 7883, 31, 27, 31,   0, -27}, // u
  { 7988, 29, 27, 29,   0, -27}, // v
  { 8086, 43, 27, 43,   0, -27}, // w
  { 8232, 27, 27, 27,   0, -27}, // x
  { 8324, 26, 27, 26,   0, -27}, // y
  { 8412, 25, 27, 25,   0, -27}, // z
  { 8497, 15, 40, 15,   0, -36}, // {
  { 8572, 13, 38, 13,   0, -35}, // |
  { 8634, 15, 40, 15,   0, -36}, // }
  { 8709, 27, 20, 27,   0, -20}, // ~
  { 8777, 27, 32, 27,   0, -32}, // 
  { 8885, 27, 32, 27,   0, -32}, // 
  { 8993, 27, 32, 27,   0, -32}, // 
  { 9101, 27, 32, 27,   0, -32}, // 
  { 9209, 27, 32, 27,   0, -32}, // 
  { 9317, 27, 32, 27,   0, -32}, // 
  { 9425, 27, 32, 27,   0, -32}, // 
  { 9533, 27, 32, 27,   0, -32}, // 
  { 9641, 27, 32, 27,   0, -32}, // 
  { 9749, 27, 32, 27,   0, -32}, // 
  { 9857, 27, 32, 27,   0, -32}, // 
  { 9965, 27, 32, 27,   0, -32}, // 
  {10073, 27, 32, 27,   0, -32}, // 
  {10181, 27, 32, 27,   0, -32}, // 
  {10289, 27, 32, 27,   0, -32}, // 
  {10397, 27, 32, 27,   0, -32}, // 
  {10505, 27, 32, 27,   0, -32}, // 
  {10613, 27, 32, 27,   0, -32}, // 
  {10721, 27, 32, 27,   0, -32}, // 
  {10829, 27, 32, 27,   0, -32}, // 
  {10937, 27, 32, 27,   0, -32}, // 
  {11045, 27, 32, 27,   0, -32}, // 
  {11153, 27, 32, 27,   0, -32}, // 
  {11261, 27, 32, 27,   0, -32}, // 
  {11369, 27, 32, 27,   0, -32}, // 
  {11477, 27, 32, 27,   0, -32}, // 
  {11585, 27, 32, 27,   0, -32}, // 
  {11693, 27, 32, 27,   0, -32}, // 
  {11801, 27, 32, 27,   0, -32}, // 
  {11909, 27, 32, 27,   0, -32}, // 
  {12017, 27, 32, 27,   0, -32}, // 
  {12125, 27, 32, 27,   0, -32}, // 
  {12233, 27, 32, 27,   0, -32}, // 
  {12341,  1,  1, 15,   0,   0}, //  
  {12342, 11, 31, 11,   0, -27}, // ¡
  {12385, 27, 31, 27,   0, -31}, // ¢
  {12490, 27, 31, 27,   0, -31}, // £
  {12595, 27, 31, 27,   0, -31}, // ¤
  {12700, 27, 31, 27,   0, -31}, // ¥
  {12805, 13, 38, 13,   0, -35}, // ¦
  {12867, 25, 36, 25,   0, -31}, // §
  {12980, 17, 34, 17,   0, -34}, // ¨
  {13053, 29, 34, 29,   0, -34}, // ©
  {13177, 17, 34, 17,   0, -34}, // ª
  {13250, 20, 25, 20,   0, -25}, // «
  {13313, 27, 18, 27,   0, -18}, // ¬
  {13374, 27, 32, 27,   0, -32}, // ­
  {13482, 29, 34, 29,   0, -34}, // ®
  {13606, 14, 34, 14,   0, -34}, // ¯
  {13666, 17, 34, 17,   0, -34}, // °
  {13739, 27, 24, 27,   0, -24}, // ±
  {13820, 16, 33, 16,   0, -33}, // ²
  {13886, 16, 33, 16,   0, -33}, // ³
  {13952, 18, 35, 18,   0, -35}, // ´
  {14031, 31, 34, 31,   0, -27}, // µ
  {14163, 26, 35, 26,   0, -31}, // ¶
  {14277,  8, 18,  8,   0, -18}, // ·
  {14295,  8,  6,  8,   0,   0}, // ¸
  {14301, 16, 33, 16,   0, -33}, // ¹
  {14367, 16, 34, 16,   0, -34}, // º
  {14435, 20, 25, 20,   0, -25}, // »
  {14498, 38, 34, 38,   0, -32}, // ¼
  {14660, 38, 35, 38,   0, -33}, // ½
  {14827, 38, 34, 38,   0, -32}, // ¾
  {14989, 22, 31, 22,   0, -27}, // ¿
  {15075, 28, 39, 28,   0, -39}, // À
  {15212, 28, 39, 28,   0, -39}, // Á
  {15349, 28, 38, 28,   0, -38}, // Â
  {15482, 28, 38, 28,   0, -38}, // Ã
  {15615, 28, 38, 28,   0, -38}, // Ä
  {15748, 28, 40, 28,   0, -40}, // Å
  {15888, 40, 31, 40,   0, -31}, // Æ
  {16043, 25, 37, 25,   0, -31}, // Ç
  {16159, 27, 39, 27,   0, -39}, // È
  {16291, 27, 39, 27,   0, -39}, // É
  {16423, 27, 38, 27,   0, -38}, // Ê
  {16552, 27, 38, 27,   0, -38}, // Ë
  {16681, 16, 39, 16,   0, -39}, // Ì
  {16759, 16, 39, 16,   0, -39}, // Í
  {16837, 16, 38, 16,   0, -38}, // Î
  {16913, 16, 38, 16,   0, -38}, // Ï
  {16989, 29, 31, 29,   0, -31}, // Ð
  {17102, 34, 38, 34,   0, -38}, // Ñ
  {17264, 27, 39, 27,   0, -39}, // Ò
  {17396, 27, 39, 27,   0, -39}, // Ó
  {17528, 27, 38, 27,   0, -38}, // Ô
  {17657, 27, 38, 27,   0, -38}, // Õ
  {17786, 27, 38, 27,   0, -38}, // Ö
  {17915, 27, 25, 27,   0, -25}, // ×
  {18000, 27, 41, 27,   0, -36}, // Ø
  {18139, 31, 39, 31,   0, -39}, // Ù
  {18291, 31, 39, 31,   0, -39}, // Ú
  {18443, 31, 38, 31,   0, -38}, // Û
  {18591, 31, 38, 31,   0, -38}, // Ü
  {18739, 26, 39, 26,   0, -39}, // Ý
  {18866, 26, 31, 26,   0, -31}, // Þ
  {18967, 30, 31, 30,   0, -31}, // ß
  {19084, 28, 35, 28,   0, -35}, // à
  {19207, 28, 35, 28,   0, -35}, // á
  {19330, 28, 34, 28,   0, -34}, // â
  {19449, 28, 34, 28,   0, -34}, // ã
  {19568, 28, 34, 28,   0, -34}, // ä
  {19687, 28, 36, 28,   0, -36}, // å
  {19813, 40, 27, 40,   0, -27}, // æ
  {19948, 25, 33, 25,   0, -27}, // ç
  {20052, 27, 35, 27,   0, -35}, // è
  {20171, 27, 35, 27,   0, -35}, // é
  {20290, 27, 34, 27,   0, -34}, // ê
  {20405, 27, 34, 27,   0, -34}, // ë
  {20520, 16, 35, 16,   0, -35}, // ì
  {20590, 16, 35, 16,   0, -35}, // í
  {20660, 16, 34, 16,   0, -34}, // î
  {20728, 16, 34, 16,   0, -34}, // ï
  {20796, 29, 27, 29,   0, -27}, // ð
  {20894, 34, 34, 34,   0, -34}, // ñ
  {21039, 27, 35, 27,   0, -35}, // ò
  {21158, 27, 35, 27,   0, -35}, // ó
  {21277, 27, 34, 27,   0, -34}, // ô
  {21392, 27, 34, 27,   0, -34}, // õ
  {21507, 27, 34, 27,   0, -34}, // ö
  {21622, 27, 27, 27,   0, -27}, // ÷
  {21714, 27, 39, 27,   0, -33}, // ø
  {21846, 31, 35, 31,   0, -35}, // ù
  {21982, 31, 35, 31,   0, -35}, // ú
  {22118, 31, 34, 31,   0, -34}, // û
  {22250, 31, 34, 31,   0, -34}, // ü
  {22382, 26, 35, 26,   0, -35}, // ý
  {22496, 26, 27, 26,   0, -27}, // þ
  {22584, 26, 34, 26,   0, -34}, // ÿ
};

static const GFXfont PROGMEM Graduate42 = {
  (uint8_t *)Graduate42Bitmaps,
  (GFXglyph *)Graduate42Glyphs,
  0x20, 0xFF, 49
};

