#pragma once
#include <Arduino.h>

static constexpr uint16_t BENFICA_IMAGE_KEY = 0xF81F;

static constexpr uint16_t BENFICA_CREST_WIDTH = 96;
static constexpr uint16_t BENFICA_CREST_HEIGHT = 96;
static const uint16_t PROGMEM BENFICA_CREST[] = {
  0xF81F, 0xF81F, 0xF81F, 0xF81F, 0xF81F, 0xF81F, 0xF81F, 0xF81F, 0xF81F, 0xF81F, 0xF81F, 0xF81F, 0xF81F, 0xF81F, 0xF81F, 0xF81F,
  0xF81F, 0xF81F, 0xF81F, 0xF81F, 0xF81F, 0xF81F, 0xF81F, 0xF81F, 0xF81F, 0xF81F, 0xF81F, 0xF81F, 0xF81F, 0xF81F, 0xF81F, 0xF81F,
  0xF81F, 0xF81F, 0xF81F, 0xF81F, 0xF81F, 0xF81F, 0xF81F, 0xF81F, 0xF81F, 0xF81F, 0xF81F, 0xF81F, 0xF81F, 0xF81F, 0xF81F, 0xF81F,
  0xF81F, 0xF81F, 0xF81F, 0xF81F, 0xF81F, 0xF81F, 0xF81F, 0xF81F, 0xF81F, 0xF81F, 0xF81F, 0xF81F, 0xF81F, 0xF81F, 0xF81F, 0xF81F,
  0xF81F, 0xF81F, 0xF81F, 0xF81F, 0xF81F, 0xF81F, 0xF81F, 0xF81F, 0xF81F, 0xF81F, 0xF81F, 0xF81F, 0xF81F, 0xF81F, 0xF81F, 0xF81F,
  0xF81F, 0xF81F, 0xF81F, 0xF81F, 0xF81F, 0xF81F, 0xF81F, 0xF81F, 0xF81F, 0xF81F, 0xF81F, 0xF81F, 0xF81F, 0xF81F, 0xF81F, 0xF81F,
  0xF81F, 0xF81F, 0xF81F, 0xF81F, 0xF81F, 0xF81F, 0xF81F, 0xF81F, 0xF81F, 0xF81F, 0xF81F, 0xF81F, 0xF81F, 0xF81F, 0xF81F, 0xF81F,
  0xF81F, 0xF81F, 0xF81F, 0xF81F, 0xF81F, 0xF81F, 0xF81F, 0xF81F, 0xF81F, 0xF81F, 0xF81F, 0xF81F, 0xF81F, 0xF81F, 0xF81F, 0xF81F,
  0xF81F, 0xF81F, 0xF81F, 0xF81F, 0xF81F, 0xF81F, 0xF81F, 0xF81F, 0xF81F, 0xF81F, 0xF81F, 0xF81F, 0xF81F, 0xF81F, 0xF81F, 0xF81F,
  0xF81F, 0xF81F, 0xF81F, 0xF81F, 0xF81F, 0xF81F, 0xF81F, 0xF81F, 0xF81F, 0xF81F, 0xF81F, 0xF81F, 0xF81F, 0xF81F, 0xF81F, 0xF81F,
  0xF81F, 0xF81F, 0xF81F, 0xF81F, 0xF81F, 0xF81F, 0xF81F, 0xF81F, 0xF81F, 0xF81F, 0xF81F, 0xF81F, 0xF81F, 0xF81F, 0xF81F, 0xF81F,
  0xF81F, 0xF81F, 0xF81F, 0xF81F, 0xF81F, 0xF81F, 0xF81F, 0xF81F, 0xF81F, 0xF81F, 0xF81F, 0xF81F, 0xF81F, 0xF81F, 0xF81F, 0xF81F,
  0xF81F, 0xF81F, 0xF81F, 0xF81F, 0xF81F, 0xF81F, 0xF81F, 0xF81F, 0xF81F, 0xF81F, 0xF81F, 0xF81F, 0xF81F, 0xF81F, 0xF81F, 0xF81F,
  0xF81F, 0xF81F, 0xF81F, 0xF81F, 0xF81F, 0xF81F, 0xF81F, 0xF81F, 0xF81F, 0xF81F, 0xF81F, 0xF81F, 0xF81F, 0xF81F, 0xF81F, 0xF81F,
  0xF81F, 0xF81F, 0xF81F, 0xF81F, 0xF81F, 0xF81F, 0x83EB, 0x8B62, 0x8B64, 0x7BAE, 0x940B, 0x83CB, 0xF81F, 0xF81F, 0xF81F, 0xF81F,
  0xF81F, 0xF81F, 0xF81F, 0xF81F, 0xF81F, 0xF81F, 0xF81F, 0xF81F, 0xF81F, 0xF81F, 0xF81F, 0xF81F, 0xF81F, 0xF81F, 0xF81F, 0xF81F,
  0xF81F, 0xF81F, 0xF81F, 0xF81F, 0xF81F, 0xF81F, 0xF81F, 0xF81F, 0xF81F, 0xF81F, 0xF81F, 0xF81F, 0xF81F, 0xF81F, 0xF81F, 0xF81F,
  0xF81F, 0xF81F, 0xF81F, 0xF81F, 0xF81F, 0xF81F, 0xF81F, 0xF81F, 0xF81F, 0xF81F, 0xF81F, 0xF81F, 0xF81F, 0xF81F, 0xF81F, 0xF81F,
  0xF81F, 0xF81F, 0xF81F, 0xF81F, 0xF81F, 0xF81F, 0xF81F, 0xF81F, 0xF81F, 0xF81F, 0xF81F, 0xF81F, 0xF81F, 0xF81F, 0xF81F, 0xF81F,
  0xF81F, 0xF81F, 0xF81F, 0xF81F, 0xF81F, 0xF81F, 0xF81F, 0xF81F, 0xF81F, 0xF81F, 0xF81F, 0xF81F, 0xF81F, 0xF81F, 0xF81F, 0xF81F,
  0xF81F, 0xF81F, 0xF81F, 0xF81F, 0xF81F, 0x6B4C, 0x72C1, 0x9BE4, 0xDD22, 0xB441, 0xAC01, 0xDD42, 0xBC61, 0x93C7, 0x946F, 0xF81F,
  0xF81F, 0xF81F, 0xF81F, 0xF81F, 0xF81F, 0xF81F, 0xF81F, 0xF81F, 0xF81F, 0xF81F, 0xF81F, 0xF81F, 0xF81F, 0xF81F, 0xF81F, 0xF81F,
  0xF81F, 0xF81F, 0xF81F, 0xF81F, 0xF81F, 0xF81F, 0xF81F, 0xF81F, 0xF81F, 0xF81F, 0xF81F, 0xF81F, 0xF81F, 0xF81F, 0xF81F, 0xF81F,
  0xF81F, 0xF81F, 0xF81F, 0xF81F, 0xF81F, 0xF81F, 0xF81F, 0xF81F, 0xF81F, 0xF81F, 0xF81F, 0xF81F, 0xF81F, 0xF81F, 0xF81F, 0xF81F,
  0xF81F, 0xF81F, 0xF81F, 0xF81F, 0xF81F, 0xF81F, 0xF81F, 0xF81F, 0xF81F, 0xF81F, 0xF81F, 0xF81F, 0xF81F, 0xF81F, 0xF81F, 0xF81F,
  0xF81F, 0xF81F, 0xF81F, 0xF81F, 0xF81F, 0xF81F, 0xF81F, 0xF81F, 0xF81F, 0xF81F, 0xF81F, 0xF81F, 0xF81F, 0xF81F, 0xF81F, 0xF81F,
  0xF81F, 0xF81F, 0xF81F, 0xF81F, 0xF81F, 0x9CD2, 0xF81F, 0xF81F, 0x7BCE, 0xDD02, 0x20C1, 0x3940, 0x9381, 0xDD22, 0xD502, 0x8321,
  0x28E0, 0x842F, 0xF81F, 0xF81F, 0xF81F, 0xF81F, 0xF81F, 0xF81F, 0xF81F, 0xF81F, 0xF81F, 0xF81F, 0xF81F, 0xF81F, 0xF81F, 0xF81F,
  0xF81F, 0xF81F, 0xF81F, 0xF81F, 0xF81F, 0xF81F, 0xF81F, 0xF81F, 0xF81F, 0xF81F, 0xF81F, 0xF81F, 0xF81F, 0xF81F, 0xF81F, 0xF81F,
  0xF81F, 0xF81F, 0xF81F, 0xF81F, 0xF81F, 0xF81F, 0xF81F, 0xF81F, 0xF81F, 0xF81F, 0xF81F, 0xF81F, 0xF81F, 0xF81F, 0xF81F, 0xF81F,
  0xF81F, 0x8C71, 0x9CB0, 0x9470, 0x946F, 0x946F, 0x944F, 0x944F, 0x8C4F, 0x944F, 0x7BCE, 0x944E, 0x8C0D, 0x8C0D, 0x83EC, 0x83EB,
  0x83CB, 0x83CA, 0x83A9, 0x8389, 0x8388, 0x8388, 0x8388, 0x83A9, 0x83A9, 0x83CA, 0x83CB, 0x8C2D, 0x9470, 0xF81F, 0xF81F, 0xF81F,
  0xF81F, 0xF81F, 0xF81F, 0xF81F, 0xF81F, 0xF81F, 0xF81F, 0x4206, 0x8BC8, 0xF5A2, 0xC482, 0xA3A1, 0x9361, 0xA3A1, 0xDD02, 0xDD22,
  0xB442, 0x20E0, 0x840F, 0xF81F, 0xF81F, 0xF81F, 0xF81F, 0xF81F, 0xF81F, 0xF81F, 0xF81F, 0xF81F, 0xF81F, 0xF81F, 0xF81F, 0xF81F,
  0xF81F, 0xF81F, 0xF81F, 0x9470, 0x8C0C, 0x83CA, 0x83A8, 0x8387, 0x8B86, 0x8B66, 0x8B86, 0x8B86, 0x8B66, 0x8366, 0x8366, 0x8366,
  0x8367, 0x8367, 0x8368, 0x8BC8, 0x7B48, 0x5AA8, 0x83A8, 0x8388, 0x8388, 0x8388, 0x8367, 0x8367, 0x8BE8, 0x8346, 0x62EB, 0xF81F,
  0xF81F, 0x738D, 0xB401, 0xFDE2, 0xED62, 0xED42, 0xED62, 0xED62, 0xED62, 0xEDC2, 0xA3C1, 0x8321, 0xFE02, 0xFDA2, 0xFDA2, 0xFDC2,
  0xFDC2, 0xFDE2, 0xFE22, 0xFE42, 0xFE42, 0xFE02, 0xFE02, 0xFE02, 0xFDE2, 0xFDC2, 0xFDC2, 0xF5A2, 0xE542, 0xD4C2, 0xB421, 0x93A2,
  0x8387, 0xF81F, 0xF81F, 0xF81F, 0xF81F, 0xF81F, 0xF81F, 0x8C2F, 0x7B03, 0xE562, 0xFE02, 0xFE02, 0xFE22, 0xFE02, 0xFDE2, 0xFE02,
  0xE522, 0xB422, 0x39C4, 0xF81F, 0xF81F, 0xF81F, 0xF81F, 0xF81F, 0xF81F, 0xF81F, 0xF81F, 0xF81F, 0xF81F, 0xF81F, 0xF81F, 0x83CB,
  0x8B83, 0xAC01, 0xD4E2, 0xED62, 0xFDA2, 0xFDE2, 0xFE02, 0xFE02, 0xFE02, 0xFE22, 0xFE22, 0xFDE2, 0xFE42, 0xFE82, 0xFE82, 0xFE82,
  0xFE62, 0xFE62, 0xFE82, 0xEDA2, 0x8B41, 0xE542, 0xFE82, 0xFE42, 0xFE42, 0xFE62, 0xFE62, 0xFE62, 0xEDA2, 0x7B03, 0xF81F, 0xF81F,
  0xF81F, 0xF81F, 0x9470, 0xA3C2, 0xFDC2, 0xFE42, 0xFE63, 0xFE43, 0xFE43, 0xFE43, 0xFEA3, 0xABE2, 0x9BA2, 0xFDE2, 0xFDE2, 0xFE02,
  0xFDE2, 0xF5A2, 0xDD02, 0xB422, 0x9361, 0xC482, 0xFDE2, 0xFDA2, 0xFE02, 0xFE22, 0xFDE2, 0xFDC2, 0xFE23, 0xFE22, 0xFE02, 0xFE22,
  0xFE02, 0xBC81, 0x7B69, 0xF81F, 0xF81F, 0xF81F, 0xF81F, 0xF81F, 0xF81F, 0x7349, 0xF5C2, 0xF5A2, 0xFDA2, 0xFDA2, 0xFDC2, 0xFDA2,
  0xFDE2, 0xFE22, 0x9382, 0x8388, 0x8C50, 0xF81F, 0xF81F, 0xF81F, 0xF81F, 0xF81F, 0xF81F, 0xF81F, 0xF81F, 0x9CF3, 0x8B62, 0xF5C2,
  0xFE22, 0xFE02, 0xFE02, 0xFDE2, 0xFDE2, 0xFDC2, 0xFDA2, 0xFDC2, 0xFE02, 0xFDC2, 0xF582, 0x9361, 0x8B21, 0x8301, 0xA3A1, 0xABC1,
  0xB402, 0xB422, 0x8341, 0x49C1, 0x72A1, 0xC482, 0xC482, 0xCCA2, 0xC482, 0xBC82, 0x9BA1, 0x8366, 0x8C50, 0xF81F, 0xF81F, 0xF81F,
  0xF81F, 0xF81F, 0xF81F, 0xF81F, 0x8BED, 0x8344, 0x9BA1, 0xB402, 0xABE1, 0xAC01, 0xA3C1, 0xA401, 0x51E0, 0x2900, 0x8B41, 0x9361,
  0x8B21, 0x8301, 0x9BA1, 0x72C1, 0x9341, 0xFE62, 0xFE02, 0xFE02, 0xD502, 0x8B21, 0xD4C2, 0xFE62, 0xD4E2, 0xE522, 0xFDE2, 0xFDC2,
  0xFDC2, 0xFE23, 0xF5C2, 0x72E5, 0xF81F, 0xF81F, 0xF81F, 0xF81F, 0xF81F, 0xF81F, 0x51E2, 0xBC82, 0xFE42, 0xFDA2, 0xFDC2, 0xFDC2,
  0xFDA2, 0xFDA2, 0xFE22, 0xFE42, 0xDD02, 0x6AE7, 0xF81F, 0xF81F, 0xF81F, 0xF81F, 0xF81F, 0xF81F, 0xF81F, 0xA3C1, 0xFE42, 0xFDE2,
  0xFDA2, 0xFDC2, 0xFDC2, 0xFDA2, 0xF5A2, 0xFE02, 0xFDC2, 0x8301, 0xB421, 0xFDE2, 0xFE22, 0xFE22, 0x7AE1, 0xA3C1, 0xCCC2, 0xC481,
  0xBCA1, 0x51E0, 0x9341, 0xF5E2, 0xCCA1, 0xABE1, 0x9BA1, 0x9BA1, 0xB462, 0x8301, 0x8430, 0xF81F, 0xF81F, 0xF81F, 0xF81F, 0xF81F,
  0xF81F, 0xF81F, 0xF81F, 0xF81F, 0xF81F, 0xF81F, 0x5225, 0xB441, 0xC481, 0xBC62, 0xC461, 0xC481, 0xE582, 0xAC21, 0x72C1, 0xC4C1,
  0xF5A2, 0xFE02, 0xFDC2, 0xED82, 0x6A61, 0x6261, 0x8B61, 0x5A20, 0x8B41, 0xCCA1, 0xE562, 0x9361, 0x7AE1, 0xF5A2, 0xE562, 0xED62,
  0xFE02, 0xFDA2, 0xFE02, 0xFDE2, 0x7308, 0xF81F, 0xF81F, 0xF81F, 0xF81F, 0xF81F, 0x7BCF, 0x8301, 0xDD22, 0xFDE2, 0xFDC2, 0xFDE2,
  0xFE02, 0xFDE2, 0xED62, 0xE562, 0xBC42, 0x4228, 0xF81F, 0xF81F, 0xF81F, 0xF81F, 0xF81F, 0xF81F, 0x8323, 0xFE42, 0xFDA2, 0xFDC2,
  0xFDE2, 0xED42, 0xED42, 0xFE62, 0xCCA1, 0x8B41, 0xDD22, 0xED82, 0x9BA1, 0x5A20, 0x72E1, 0x4180, 0x8B21, 0xED82, 0xF5A2, 0xD502,
  0x9381, 0xBC41, 0xFE82, 0xFE22, 0xFE62, 0xFE82, 0xFE42, 0xFE22, 0xC481, 0x8C0C, 0xF81F, 0xF81F, 0xF81F, 0xF81F, 0xF81F, 0xF81F,
  0xF81F, 0xF81F, 0xF81F, 0xF81F, 0xF81F, 0xF81F, 0xF81F, 0x8BEB, 0xA3E2, 0xE542, 0xF5A2, 0xFDA2, 0xFDC2, 0xFDE2, 0xC481, 0x72C1,
  0x51E0, 0x3960, 0x8301, 0x9BA1, 0xA3C1, 0xAC01, 0xD502, 0x9361, 0x9361, 0x8B61, 0x5200, 0xC4A1, 0xFE22, 0xBC61, 0x82E1, 0xEDA2,
  0xD4C2, 0xF5A2, 0xFDC2, 0xFE02, 0xD4E2, 0x7B47, 0xF81F, 0xF81F, 0xF81F, 0xF81F, 0xF81F, 0x8C51, 0xCCA2, 0xF5C2, 0xFDE2, 0xAC01,
  0xC461, 0xDD22, 0x72C1, 0x51E0, 0xFE22, 0xA404, 0xF81F, 0xF81F, 0xF81F, 0xF81F, 0x8C2F, 0x9BA1, 0xFDE2, 0xFDC2, 0xFDC2, 0xF582,
  0xE542, 0xED62, 0x8321, 0xB421, 0xDD22, 0x9BA1, 0x49A0, 0x8B41, 0x8B41, 0x8B21, 0xC481, 0xB401, 0xAC01, 0x9BA1, 0x41A0, 0x4180,
  0x6241, 0xAC01, 0xAC01, 0xB401, 0xABE1, 0x9B81, 0x9BA1, 0x49C1, 0xF81F, 0xF81F, 0xF81F, 0xF81F, 0xF81F, 0xF81F, 0xF81F, 0xF81F,
  0xF81F, 0xF81F, 0xF81F, 0xF81F, 0xF81F, 0xF81F, 0xF81F, 0xF81F, 0xF81F, 0x39C5, 0x8B21, 0x9382, 0x8301, 0x8301, 0x9361, 0x9BA1,
  0xABE1, 0x9BC1, 0x7AE1, 0xB421, 0xED62, 0xFDE2, 0xFE22, 0xFDE2, 0xDD22, 0xCCC2, 0x6A61, 0x6241, 0x5200, 0x6A81, 0xCD02, 0x9BA1,
  0x9BA1, 0xF5C2, 0xED62, 0xFDC2, 0xFDE2, 0xFE22, 0xA3C1, 0x9CF3, 0xF81F, 0xF81F, 0xF81F, 0x6AE7, 0xCCC2, 0x49A1, 0xAC01, 0x49C0,
  0x3140, 0xE542, 0xF582, 0xBC61, 0xFE22, 0x8B21, 0x6B6D, 0xF81F, 0xF81F, 0xF81F, 0xBC41, 0xFE62, 0xFDA2, 0xFDC2, 0xFDA2, 0xFDE2,
  0x9361, 0x9BA1, 0x9BE1, 0x49C0, 0x3980, 0x51E0, 0xDD22, 0xFE02, 0xFDC2, 0xFE42, 0xFE62, 0xFE62, 0xEDA2, 0x8B41, 0xA3C1, 0xFE22,
  0xED62, 0xC461, 0xB421, 0xB421, 0xC482, 0xDD22, 0xAC01, 0x8C4F, 0xF81F, 0xF81F, 0xF81F, 0xF81F, 0xF81F, 0xF81F, 0xF81F, 0xF81F,
  0xF81F, 0xF81F, 0xF81F, 0xF81F, 0xF81F, 0xF81F, 0xF81F, 0xF81F, 0xF81F, 0xF81F, 0x8367, 0xD522, 0xFE22, 0xFE22, 0xFE02, 0xFE02,
  0xFE02, 0xFE22, 0xED62, 0xABE1, 0x8B41, 0x8301, 0x51E0, 0x9361, 0x9381, 0x9B81, 0xB421, 0xDD22, 0xE522, 0xAC21, 0x5200, 0x8301,
  0xBC81, 0x8301, 0xDD22, 0xFE02, 0xF5A2, 0xFDC2, 0xFE63, 0x8B42, 0xF81F, 0xF81F, 0xF81F, 0x6B2B, 0x6241, 0x7AE1, 0x82E1, 0xC481,
  0xC461, 0xFE02, 0xED62, 0xC461, 0xE562, 0xBC62, 0x8C2E, 0xF81F, 0xF81F, 0x7307, 0xFE22, 0xFDA2, 0xFDA2, 0xFE02, 0xCCA1, 0x9361,
  0xCCE2, 0x5A00, 0x72A1, 0xF5E2, 0xFE02, 0xBC41, 0x8301, 0x8B41, 0xBC41, 0xC481, 0xB441, 0x8B41, 0x7AE1, 0xC4A1, 0xFE22, 0xFDC2,
  0xFE02, 0xFE62, 0xFE62, 0xFE42, 0xDD42, 0x93A4, 0x9CD2, 0xF81F, 0xF81F, 0xF81F, 0xF81F, 0xF81F, 0xF81F, 0xF81F, 0xF81F, 0xF81F,
  0xF81F, 0xF81F, 0xF81F, 0xF81F, 0xF81F, 0xF81F, 0xF81F, 0xF81F, 0xF81F, 0xF81F, 0xF81F, 0x9471, 0x8365, 0xBC41, 0xE522, 0xF582,
  0xFDE2, 0xFDE2, 0xFE22, 0xFE62, 0xFE42, 0xFE22, 0x9BA1, 0x72A1, 0xD502, 0xFDC2, 0xFDA2, 0xF582, 0xDD22, 0xC4A1, 0x8301, 0x3140,
  0x7AC1, 0xC4A1, 0xA3C1, 0x9361, 0xFE02, 0xFDE2, 0xFDC2, 0xFE02, 0x7304, 0xF81F, 0xF81F, 0x734A, 0xF5A2, 0xED82, 0xFDE2, 0xFE22,
  0xFDE2, 0xFDC2, 0xDD42, 0x3140, 0xB401, 0xEDC2, 0x6A81, 0x738C, 0x8BEC, 0xC481, 0xFE02, 0xFDA2, 0xFE02, 0xE542, 0xB401, 0xAC21,
  0x51E0, 0x8321, 0x8B41, 0xA3E1, 0xE542, 0xFE02, 0xFE02, 0xDD22, 0x5A20, 0x2900, 0x9BC1, 0xCCA1, 0xFDE2, 0xFDE2, 0xF582, 0xED42,
  0xD4C2, 0xB422, 0xA3E2, 0x5A20, 0x7BEF, 0xF81F, 0xF81F, 0xF81F, 0xF81F, 0xF81F, 0xF81F, 0xF81F, 0xF81F, 0xF81F, 0xF81F, 0xF81F,
  0xF81F, 0xF81F, 0xF81F, 0xF81F, 0xF81F, 0xF81F, 0xF81F, 0xF81F, 0xF81F, 0xF81F, 0xF81F, 0xF81F, 0xF81F, 0x4A69, 0x8301, 0x9BA2,
  0x8B21, 0x8B41, 0x8B41, 0x8B41, 0x8B21, 0x8301, 0x8B41, 0x72A1, 0x5200, 0x5A20, 0x9BA1, 0x9341, 0x9B81, 0xB401, 0xE542, 0xFE22,
  0x6241, 0x49A0, 0xBC81, 0xE522, 0xB421, 0xED42, 0xFE02, 0xFDC2, 0xFDC2, 0x9BA2, 0x6A82, 0x9341, 0xFE62, 0x6261, 0x7AC1, 0xE562,
  0xFE02, 0xFDE2, 0xFE22, 0xED62, 0xF5A2, 0xD4E2, 0x5A41, 0xD502, 0xF5C2, 0xFDE2, 0xFDC2, 0xFDA2, 0xE522, 0xF5A2, 0xBC81, 0x5A20,
  0x51E0, 0xFE62, 0xFE02, 0xB421, 0x8B21, 0x9381, 0x7AE1, 0x6A61, 0xA401, 0xA3C1, 0x9381, 0x8B41, 0x8301, 0x8301, 0x8301, 0x8B41,
  0xA3C1, 0xBC61, 0x9381, 0x7BAC, 0xF81F, 0xF81F, 0xF81F, 0xF81F, 0xF81F, 0xF81F, 0xF81F, 0xF81F, 0xF81F, 0xF81F, 0xF81F, 0xF81F,
  0xF81F, 0xF81F, 0xF81F, 0xF81F, 0xF81F, 0xF81F, 0xF81F, 0xF81F, 0xF81F, 0xF81F, 0xF81F, 0xF81F, 0xF81F, 0xF81F, 0x83CA, 0xB441,
  0xEDA2, 0xF582, 0xED62, 0xED42, 0xED62, 0xFDA2, 0xFE02, 0xFEA2, 0xFE02, 0x6A81, 0x9381, 0xD4E2, 0xED42, 0xDD02, 0xAC01, 0x8321,
  0xA3C1, 0xB441, 0x6A81, 0x72A1, 0xB441, 0xED82, 0xE522, 0xFDC2, 0xFDC2, 0xFE82, 0x9361, 0x7AE1, 0xEDA2, 0x8301, 0xC461, 0xFDE2,
  0xCCA1, 0xC481, 0xD4E2, 0xD4C2, 0xA3A1, 0xD502, 0x8B21, 0x6A61, 0xFE43, 0xFDA2, 0xF5A2, 0xFDE2, 0xA3E1, 0x8B41, 0x8321, 0xABE1,
  0xB441, 0x72A1, 0xBC61, 0xFDE2, 0xFE02, 0xB441, 0x41A0, 0xD4E2, 0xFEA2, 0xFE62, 0xFE42, 0xFE22, 0xFE02, 0xFE02, 0xFE42, 0xFE02,
  0xD4E2, 0x93A5, 0xF81F, 0xF81F, 0xF81F, 0xF81F, 0xF81F, 0xF81F, 0xF81F, 0xF81F, 0xF81F, 0xF81F, 0xF81F, 0xF81F, 0xF81F, 0xF81F,
  0xF81F, 0xF81F, 0xF81F, 0xF81F, 0xF81F, 0xF81F, 0xF81F, 0xF81F, 0xF81F, 0xF81F, 0xF81F, 0xF81F, 0xF81F, 0xF81F, 0xF81F, 0xF81F,
  0x83A9, 0x9BC3, 0xCCA1, 0xE542, 0xE542, 0xCCC2, 0xB401, 0x9361, 0x8321, 0x8301, 0x9BA1, 0x9BA1, 0x41A0, 0x8301, 0xBC61, 0xE522,
  0xD502, 0xAC21, 0xC481, 0x8B21, 0x8B61, 0x72A1, 0xC4A1, 0xF5A2, 0xE522, 0xFE42, 0x9BA1, 0xA3C1, 0xFE02, 0xFDE2, 0xFE02, 0xFDE2,
  0xD4E2, 0x4180, 0x9361, 0xE5C2, 0x4180, 0x9B81, 0xBC61, 0x6240, 0xFDE2, 0xFDE2, 0xFDA2, 0x6A81, 0xAC21, 0x7AC1, 0x49C0, 0xABE1,
  0xFDE2, 0xED82, 0xAC01, 0x51E0, 0x3140, 0xA3E1, 0xABE1, 0x8B21, 0x8B41, 0xA3C1, 0xB421, 0xC482, 0xCCA1, 0xAC01, 0x8B84, 0x83AA,
  0xF81F, 0xF81F, 0xF81F, 0xF81F, 0xF81F, 0xF81F, 0xF81F, 0xF81F, 0xF81F, 0xF81F, 0xF81F, 0xF81F, 0xF81F, 0xF81F, 0xF81F, 0xF81F,
  0xF81F, 0xF81F, 0xF81F, 0xF81F, 0xF81F, 0xF81F, 0xF81F, 0xF81F, 0xF81F, 0xF81F, 0xF81F, 0xF81F, 0xF81F, 0xF81F, 0xF81F, 0xF81F,
  0xF81F, 0xF81F, 0xF81F, 0x8C50, 0x3961, 0x9BA1, 0xC461, 0xDD02, 0xFDA2, 0xFE42, 0xFE22, 0xE562, 0x7281, 0x8B41, 0x6A81, 0x51E0,
  0x8B41, 0x9B81, 0xBC61, 0xFE22, 0xCCA1, 0x7281, 0x9BE1, 0x7AE1, 0x6240, 0xCD02, 0x9361, 0x9381, 0xE582, 0x8301, 0xDD02, 0xFDC2,
  0xFE42, 0xABE1, 0xBC41, 0xFE22, 0xDD02, 0xC481, 0xFE62, 0x8301, 0xBC41, 0xD4E2, 0x7AE1, 0x8B41, 0xC4C2, 0xCCA1, 0xE562, 0xB441,
  0x8B41, 0x72A1, 0x6261, 0xAC01, 0xA3C1, 0x8B41, 0xD4E2, 0xF5A2, 0xED62, 0xD4C2, 0xBC61, 0xA3C1, 0x39A2, 0xF81F, 0xF81F, 0xF81F,
  0xF81F, 0xF81F, 0xF81F, 0xF81F, 0xF81F, 0xF81F, 0xF81F, 0xF81F, 0xF81F, 0xF81F, 0xF81F, 0xF81F, 0xF81F, 0xF81F, 0xF81F, 0xF81F,
  0xF81F, 0xF81F, 0xF81F, 0xF81F, 0xF81F, 0xF81F, 0xF81F, 0xF81F, 0xF81F, 0xF81F, 0xF81F, 0xF81F, 0xF81F, 0xF81F, 0xF81F, 0xF81F,
  0xF81F, 0xF81F, 0xF81F, 0xF81F, 0xF81F, 0x942C, 0x93C6, 0x9BC3, 0x8B41, 0x9341, 0x8B41, 0x8321, 0xAC21, 0xA401, 0x6A81, 0x93A1,
  0x6261, 0x6A81, 0xD522, 0xD4E2, 0xF582, 0xFDE2, 0xD4E2, 0xFDC2, 0xF5A2, 0xC461, 0x20E0, 0x82E1, 0x9BA1, 0x3960, 0xBC61, 0xFDE2,
  0xFDA2, 0xFDE2, 0xFE02, 0xDD02, 0x72A1, 0x7AE1, 0xFDC2, 0x51E0, 0x9341, 0xF5A2, 0xCCA2, 0xFE22, 0xED82, 0xCCC2, 0x8321, 0x72C1,
  0x7B01, 0x7AE1, 0x8301, 0x9381, 0xED82, 0xDD22, 0x9BA1, 0x8B41, 0x8B41, 0xAC03, 0x9BE5, 0x944C, 0xF81F, 0xF81F, 0xF81F, 0xF81F,
  0xF81F, 0xF81F, 0xF81F, 0xF81F, 0xF81F, 0xF81F, 0xF81F, 0xF81F, 0xF81F, 0xF81F, 0xF81F, 0xF81F, 0xF81F, 0xF81F, 0xF81F, 0xF81F,
  0xF81F, 0xF81F, 0xF81F, 0xF81F, 0xF81F, 0xF81F, 0xF81F, 0xF81F, 0xF81F, 0xF81F, 0xF81F, 0xF81F, 0xF81F, 0xF81F, 0xF81F, 0xF81F,
  0xF81F, 0xF81F, 0xF81F, 0xF81F, 0xF81F, 0xF81F, 0xF81F, 0xF81F, 0xF81F, 0x4A06, 0x7AE1, 0x93A2, 0x9361, 0xB421, 0xFDC2, 0xFE62,
  0xE542, 0x9BA1, 0x5A41, 0x6A81, 0xE582, 0xAC01, 0xBC41, 0xEDA2, 0xA3C1, 0x9361, 0x9361, 0xBC41, 0xCCA1, 0xCCA2, 0xFE22, 0xFDC2,
  0xFDE2, 0xFDA2, 0xFDC2, 0xFE42, 0xBC61, 0x6A81, 0xFE62, 0x8321, 0xED82, 0xFE22, 0xED62, 0xBC81, 0xE582, 0x6261, 0x72C1, 0x7AC1,
  0xDD22, 0xFE02, 0xFE62, 0xBC41, 0x8301, 0x9361, 0x9361, 0x6285, 0xF81F, 0xF81F, 0xF81F, 0xF81F, 0xF81F, 0xF81F, 0xF81F, 0xF81F,
  0xF81F, 0xF81F, 0xF81F, 0xF81F, 0xF81F, 0xF81F, 0xF81F, 0xF81F, 0xF81F, 0xF81F, 0xF81F, 0xF81F, 0xF81F, 0xF81F, 0xF81F, 0xF81F,
  0xF81F, 0xF81F, 0xF81F, 0xF81F, 0xF81F, 0xF81F, 0xF81F, 0xF81F, 0xF81F, 0xF81F, 0xF81F, 0xF81F, 0xF81F, 0xF81F, 0xF81F, 0xF81F,
  0xF81F, 0xF81F, 0xF81F, 0xF81F, 0xF81F, 0xF81F, 0xF81F, 0xF81F, 0xF81F, 0xF81F, 0x62E9, 0xC481, 0xFE62, 0xD4C2, 0xFDC2, 0xE522,
  0xFE22, 0xFE22, 0xCCC2, 0x8B21, 0x93A1, 0x9361, 0x9BA1, 0x9361, 0xB442, 0xD542, 0x6A61, 0x8B41, 0xFE22, 0xFDE2, 0xFDE2, 0xCCA1,
  0xDD02, 0xFE22, 0xC481, 0xC461, 0xFE02, 0xDD02, 0xEDC2, 0xAC01, 0x8321, 0xAC01, 0x6A61, 0x72A1, 0x93A1, 0x8301, 0xDD22, 0xFE62,
  0xE522, 0xFDE2, 0xBC62, 0xE562, 0xABE2, 0xFDC2, 0x41C4, 0xF81F, 0xF81F, 0xF81F, 0xF81F, 0xF81F, 0xF81F, 0xF81F, 0xF81F, 0xF81F,
  0xF81F, 0xF81F, 0xF81F, 0xF81F, 0xF81F, 0xF81F, 0xF81F, 0xF81F, 0xF81F, 0xF81F, 0xF81F, 0xF81F, 0xF81F, 0xF81F, 0xF81F, 0xF81F,
  0xF81F, 0xF81F, 0xF81F, 0xF81F, 0xF81F, 0xF81F, 0xF81F, 0xF81F, 0xF81F, 0xF81F, 0xF81F, 0xF81F, 0xF81F, 0xF81F, 0xF81F, 0xF81F,
  0xF81F, 0xF81F, 0xF81F, 0xF81F, 0xF81F, 0xF81F, 0xF81F, 0xF81F, 0xF81F, 0xF81F, 0xF81F, 0x83CB, 0x6262, 0x8B41, 0x8301, 0xCCC1,
  0xA3C1, 0xED42, 0xBC61, 0xF5A2, 0xA3C1, 0xFE42, 0xFDC2, 0xB401, 0xDD22, 0x7AC1, 0xCCC2, 0xFE02, 0xFDA2, 0xFDE2, 0xDD42, 0x6A61,
  0x6240, 0xFE02, 0x4180, 0x72A1, 0xFDE2, 0xBC61, 0x3960, 0xDD02, 0xB421, 0x8B21, 0xFE02, 0xFE63, 0xCCA1, 0xFDC2, 0xBC41, 0xFE02,
  0xA3C1, 0xB421, 0xB401, 0x8B41, 0x72A1, 0x7326, 0xF81F, 0xF81F, 0xF81F, 0xF81F, 0xF81F, 0xF81F, 0xF81F, 0xF81F, 0xF81F, 0xF81F,
  0xF81F, 0xF81F, 0xF81F, 0xF81F, 0xF81F, 0xF81F, 0xF81F, 0xF81F, 0xF81F, 0xF81F, 0xF81F, 0xF81F, 0xF81F, 0xF81F, 0xF81F, 0xF81F,
  0xF81F, 0xF81F, 0xF81F, 0xF81F, 0xF81F, 0xF81F, 0xF81F, 0xF81F, 0xF81F, 0xF81F, 0xF81F, 0xF81F, 0xF81F, 0xF81F, 0xF81F, 0xF81F,
  0xF81F, 0xF81F, 0xF81F, 0xF81F, 0xF81F, 0xF81F, 0xF81F, 0xF81F, 0xF81F, 0xF81F, 0xF81F, 0xF81F, 0xF81F, 0xA4F2, 0x7BCD, 0x8BEB,
  0x6B2B, 0x7B47, 0x5201, 0x8B42, 0x8430, 0x7B47, 0x7B69, 0xF81F, 0x6B6D, 0x8B21, 0xFE02, 0xFDA2, 0xFDC2, 0xFDC2, 0xFDC2, 0xD4E2,
  0x72A1, 0xE522, 0xA3C1, 0xFDC2, 0xFDC2, 0xFDE2, 0x7AC1, 0xE522, 0xFE62, 0x8301, 0x8B41, 0xE582, 0x6A83, 0x8323, 0x7AE1, 0x72E5,
  0x83A9, 0x8C50, 0x8BEC, 0xF81F, 0xF81F, 0xF81F, 0xF81F, 0xF81F, 0xF81F, 0xF81F, 0xF81F, 0xF81F, 0xF81F, 0xF81F, 0xF81F, 0xF81F,
  0xF81F, 0xF81F, 0xF81F, 0xF81F, 0xF81F, 0xF81F, 0xF81F, 0xF81F, 0xF81F, 0xF81F, 0xF81F, 0xF81F, 0xF81F, 0xF81F, 0xF81F, 0xF81F,
  0xF81F, 0xF81F, 0xF81F, 0xF81F, 0xF81F, 0xF81F, 0xF81F, 0xF81F, 0xF81F, 0xF81F, 0xF81F, 0xF81F, 0xF81F, 0xF81F, 0xF81F, 0xF81F,
  0xF81F, 0xF81F, 0xF81F, 0xF81F, 0xF81F, 0xF81F, 0xF81F, 0xF81F, 0xF81F, 0xF81F, 0xF81F, 0xF81F, 0xF81F, 0xF81F, 0xF81F, 0xF81F,
  0xF81F, 0xF81F, 0xF81F, 0xF81F, 0xF81F, 0xF81F, 0xF81F, 0xF81F, 0xF81F, 0x49C1, 0xFDE2, 0xFDC2, 0xFDA2, 0xFDC2, 0xFDC2, 0xFE02,
  0xFE02, 0xFDC2, 0xFE02, 0xFDA2, 0xFDC2, 0xFDA2, 0xFDE2, 0xFDE2, 0xBC81, 0x5A21, 0xF81F, 0x9490, 0xF81F, 0xF81F, 0xF81F, 0xF81F,
  0xF81F, 0xF81F, 0xF81F, 0xF81F, 0xF81F, 0xF81F, 0xF81F, 0xF81F, 0xF81F, 0xF81F, 0xF81F, 0xF81F, 0xF81F, 0xF81F, 0xF81F, 0xF81F,
  0xF81F, 0xF81F, 0xF81F, 0xF81F, 0xF81F, 0xF81F, 0xF81F, 0xF81F, 0xF81F, 0xF81F, 0xF81F, 0xF81F, 0xF81F, 0xF81F, 0xF81F, 0xF81F,
  0xF81F, 0xF81F, 0xF81F, 0xF81F, 0xF81F, 0xF81F, 0xF81F, 0xF81F, 0xF81F, 0xF81F, 0xF81F, 0xF81F, 0xF81F, 0xF81F, 0xF81F, 0xF81F,
  0xF81F, 0xF81F, 0xF81F, 0xF81F, 0xF81F, 0xF81F, 0xF81F, 0xF81F, 0xF81F, 0xF81F, 0xF81F, 0xF81F, 0xF81F, 0xF81F, 0xF81F, 0xF81F,
  0xF81F, 0xF81F, 0xF81F, 0xF81F, 0xF81F, 0xF81F, 0xF81F, 0xF81F, 0xF81F, 0x6AA2, 0xF5C2, 0xFDE2, 0xFDE2, 0xFDA2, 0xFE22, 0xA3C1,
  0xCCA1, 0xFE42, 0x8B41, 0xDD02, 0xFE02, 0xFE22, 0xFDA2, 0xFE62, 0xCC82, 0x738E, 0xF81F, 0xF81F, 0xF81F, 0xF81F, 0xF81F, 0xF81F,
  0xF81F, 0xF81F, 0xF81F, 0xF81F, 0xF81F, 0xF81F, 0xF81F, 0xF81F, 0xF81F, 0xF81F, 0xF81F, 0xF81F, 0xF81F, 0xF81F, 0xF81F, 0xF81F,
  0xF81F, 0xF81F, 0xF81F, 0xF81F, 0xF81F, 0xF81F, 0xF81F, 0xF81F, 0xF81F, 0xF81F, 0xF81F, 0xF81F, 0xF81F, 0xF81F, 0xF81F, 0xF81F,
  0xF81F, 0xF81F, 0xF81F, 0xF81F, 0xF81F, 0xF81F, 0xF81F, 0xF81F, 0xF81F, 0xF81F, 0xF81F, 0xF81F, 0xF81F, 0xF81F, 0xF81F, 0xF81F,
  0xF81F, 0xF81F, 0xF81F, 0xF81F, 0xF81F, 0xF81F, 0xF81F, 0xF81F, 0xF81F, 0xF81F, 0xF81F, 0xF81F, 0xF81F, 0xF81F, 0xF81F, 0xF81F,
  0xF81F, 0xF81F, 0xF81F, 0xF81F, 0xF81F, 0xF81F, 0xF81F, 0xF81F, 0xF81F, 0x632C, 0x82E1, 0xD522, 0xC461, 0xFDE2, 0xED82, 0xD4C2,
  0x9B81, 0xFDC2, 0x8301, 0xFE62, 0xE542, 0x8B41, 0xFDE2, 0xB442, 0x9361, 0xF81F, 0xF81F, 0xF81F, 0xF81F, 0xF81F, 0xF81F, 0xF81F,
  0xF81F, 0xF81F, 0xF81F, 0xF81F, 0xF81F, 0xF81F, 0xF81F, 0xF81F, 0xF81F, 0xF81F, 0xF81F, 0xF81F, 0xF81F, 0xF81F, 0xF81F, 0xF81F,
  0xF81F, 0xF81F, 0xF81F, 0xF81F, 0xF81F, 0xF81F, 0xF81F, 0xF81F, 0xF81F, 0xF81F, 0xF81F, 0xF81F, 0xF81F, 0xF81F, 0xF81F, 0xF81F,
  0xF81F, 0xF81F, 0xF81F, 0xF81F, 0xF81F, 0xF81F, 0xF81F, 0xF81F, 0xF81F, 0xF81F, 0xF81F, 0xF81F, 0xF81F, 0xF81F, 0xF81F, 0xF81F,
  0xF81F, 0xF81F, 0xF81F, 0xF81F, 0xF81F, 0xF81F, 0xF81F, 0xF81F, 0xF81F, 0xF81F, 0xF81F, 0xF81F, 0xF81F, 0xF81F, 0xF81F, 0xF81F,
  0xF81F, 0xF81F, 0xF81F, 0xF81F, 0xF81F, 0xF81F, 0xF81F, 0xF81F, 0xF81F, 0xF81F, 0x41A0, 0x4180, 0x6261, 0x6A61, 0x6261, 0xDD02,
  0x9361, 0xF5A2, 0x7AC1, 0x8321, 0x6A81, 0x6AA1, 0x49E1, 0x7AE1, 0x4208, 0xF81F, 0xF81F, 0xF81F, 0xF81F, 0xF81F, 0xF81F, 0xF81F,
  0xF81F, 0xF81F, 0xF81F, 0xF81F, 0xF81F, 0xF81F, 0xF81F, 0xF81F, 0xF81F, 0xF81F, 0xF81F, 0xF81F, 0xF81F, 0xF81F, 0xF81F, 0xF81F,
  0xF81F, 0xF81F, 0xF81F, 0xF81F, 0xF81F, 0xF81F, 0xF81F, 0xF81F, 0xF81F, 0xF81F, 0xF81F, 0xF81F, 0xF81F, 0xF81F, 0xF81F, 0xF81F,
  0xF81F, 0xF81F, 0xF81F, 0xF81F, 0xF81F, 0xF81F, 0xF81F, 0xF81F, 0xF81F, 0xF81F, 0xF81F, 0xF81F, 0xF81F, 0xF81F, 0xF81F, 0xF81F,
  0xF81F, 0xF81F, 0xF81F, 0xF81F, 0xF81F, 0xF81F, 0xF81F, 0xF81F, 0xF81F, 0xF81F, 0xF81F, 0xF81F, 0xF81F, 0xF81F, 0xF81F, 0xF81F,
  0xF81F, 0xF81F, 0xF81F, 0xF81F, 0xF81F, 0xF81F, 0xF81F, 0xF81F, 0xF81F, 0xF81F, 0x3941, 0x49A0, 0x5A21, 0x8321, 0xC481, 0x4180,
  0xCCA1, 0xFE62, 0x72A1, 0x6A61, 0x6240, 0x6261, 0xA3E1, 0x7AE1, 0xF81F, 0xF81F, 0xF81F, 0xF81F, 0xF81F, 0xF81F, 0xF81F, 0xF81F,
  0xF81F, 0xF81F, 0xF81F, 0xF81F, 0xF81F, 0xF81F, 0xF81F, 0xF81F, 0xF81F, 0xF81F, 0xF81F, 0xF81F, 0xF81F, 0xF81F, 0xF81F, 0xF81F,
  0xF81F, 0xF81F, 0xF81F, 0xF81F, 0xF81F, 0xF81F, 0xF81F, 0xF81F, 0xF81F, 0xF81F, 0xF81F, 0xF81F, 0xF81F, 0xF81F, 0xF81F, 0xF81F,
  0xF81F, 0xF81F, 0xF81F, 0xF81F, 0xF81F, 0xF81F, 0xF81F, 0xF81F, 0xF81F, 0xF81F, 0xF81F, 0xF81F, 0xF81F, 0xF81F, 0xF81F, 0xF81F,
  0xF81F, 0xF81F, 0xF81F, 0xF81F, 0xF81F, 0xF81F, 0xF81F, 0xF81F, 0xF81F, 0xF81F, 0xF81F, 0xF81F, 0xF81F, 0xF81F, 0xF81F, 0xF81F,
  0xF81F, 0xF81F, 0xF81F, 0xF81F, 0xF81F, 0xF81F, 0xF81F, 0xF81F, 0xF81F, 0xF81F, 0xF81F, 0x2902, 0x49A0, 0xF582, 0xFDA2, 0xCC81,
  0xFDE2, 0xFDC2, 0xED62, 0xFE62, 0x9BA1, 0x18A0, 0x5223, 0x6B4D, 0xF81F, 0xF81F, 0xF81F, 0xF81F, 0xF81F, 0xF81F, 0xF81F, 0xF81F,
  0xF81F, 0xF81F, 0xF81F, 0xF81F, 0xF81F, 0xF81F, 0xF81F, 0xF81F, 0xF81F, 0xF81F, 0xF81F, 0xF81F, 0xF81F, 0xF81F, 0xF81F, 0xF81F,
  0xF81F, 0xF81F, 0xF81F, 0xF81F, 0xF81F, 0xF81F, 0xF81F, 0xF81F, 0xF81F, 0xF81F, 0xF81F, 0xF81F, 0xF81F, 0xF81F, 0xF81F, 0xF81F,
  0xF81F, 0xF81F, 0xF81F, 0xF81F, 0xF81F, 0xF81F, 0xF81F, 0xF81F, 0xF81F, 0xF81F, 0xF81F, 0xF81F, 0xF81F, 0xF81F, 0xF81F, 0xF81F,
  0xF81F, 0xF81F, 0xF81F, 0xF81F, 0xF81F, 0xF81F, 0xF81F, 0xF81F, 0xF81F, 0xF81F, 0xF81F, 0xF81F, 0xF81F, 0xF81F, 0xF81F, 0xF81F,
  0xF81F, 0xF81F, 0xF81F, 0xF81F, 0xF81F, 0xF81F, 0xF81F, 0xF81F, 0xF81F, 0xF81F, 0xF81F, 0x6261, 0x5201, 0xE542, 0xFE42, 0xFE42,
  0xFDE2, 0xFE02, 0xFE42, 0xDD22, 0x5A21, 0x9BE1, 0x5A86, 0xF81F, 0xF81F, 0xF81F, 0xF81F, 0xF81F, 0xF81F, 0xF81F, 0xF81F, 0xF81F,
  0xF81F, 0xF81F, 0xF81F, 0xF81F, 0xF81F, 0xF81F, 0xF81F, 0xF81F, 0xF81F, 0xF81F, 0xF81F, 0xF81F, 0xF81F, 0xF81F, 0xF81F, 0xF81F,
  0xF81F, 0xF81F, 0xF81F, 0xF81F, 0xF81F, 0xF81F, 0xF81F, 0xF81F, 0xF81F, 0xF81F, 0xF81F, 0xF81F, 0xF81F, 0xF81F, 0xF81F, 0xF81F,
  0xF81F, 0xF81F, 0xF81F, 0xF81F, 0xF81F, 0xF81F, 0xF81F, 0xF81F, 0xF81F, 0xF81F, 0xF81F, 0xF81F, 0xF81F, 0xF81F, 0xF81F, 0xF81F,
  0xF81F, 0xF81F, 0xF81F, 0xF81F, 0xF81F, 0xF81F, 0xF81F, 0xF81F, 0xF81F, 0xF81F, 0xF81F, 0xF81F, 0xF81F, 0xF81F, 0xF81F, 0xF81F,
  0xF81F, 0xF81F, 0xF81F, 0xF81F, 0xF81F, 0xF81F, 0xF81F, 0xF81F, 0xF81F, 0xF81F, 0x6B06, 0xFE42, 0xD502, 0x4180, 0xAC01, 0xCCA2,
  0xE521, 0xB421, 0x9361, 0x28C0, 0xB401, 0xFEC3, 0xD4E2, 0x83AA, 0xF81F, 0xF81F, 0xF81F, 0xF81F, 0xF81F, 0xF81F, 0xF81F, 0xF81F,
  0xF81F, 0xF81F, 0xF81F, 0xF81F, 0xF81F, 0xF81F, 0xF81F, 0xF81F, 0xF81F, 0xF81F, 0xF81F, 0xF81F, 0xF81F, 0xF81F, 0xF81F, 0xF81F,
  0xF81F, 0xF81F, 0xF81F, 0xF81F, 0xF81F, 0xF81F, 0xF81F, 0xF81F, 0xF81F, 0xF81F, 0xF81F, 0xF81F, 0xF81F, 0xF81F, 0xF81F, 0xF81F,
  0xF81F, 0xF81F, 0xF81F, 0xF81F, 0xF81F, 0xF81F, 0xF81F, 0xF81F, 0xF81F, 0xF81F, 0xF81F, 0xF81F, 0xF81F, 0xF81F, 0xF81F, 0xF81F,
  0xF81F, 0xF81F, 0xF81F, 0xF81F, 0xF81F, 0xF81F, 0xF81F, 0xF81F, 0xF81F, 0xF81F, 0xF81F, 0xF81F, 0xF81F, 0xF81F, 0xF81F, 0xF81F,
  0xF81F, 0xF81F, 0xF81F, 0xF81F, 0xF81F, 0xF81F, 0xF81F, 0x942C, 0x5A85, 0x7AE1, 0xF5A2, 0xE521, 0xC480, 0x6241, 0x1060, 0x1081,
  0x4A26, 0x2125, 0x18A2, 0x5AA7, 0x9382, 0xF581, 0xFDC2, 0xBC61, 0x51E1, 0x62C6, 0xF81F, 0xF81F, 0xF81F, 0xF81F, 0xF81F, 0xF81F,
  0xF81F, 0xF81F, 0xF81F, 0xF81F, 0xF81F, 0xF81F, 0xF81F, 0xF81F, 0xF81F, 0xF81F, 0xF81F, 0xF81F, 0xF81F, 0xF81F, 0xF81F, 0xF81F,
  0xF81F, 0xF81F, 0xF81F, 0xF81F, 0xF81F, 0xF81F, 0xF81F, 0xF81F, 0xF81F, 0xF81F, 0xF81F, 0xF81F, 0xF81F, 0xF81F, 0xF81F, 0xF81F,
  0xF81F, 0xF81F, 0xF81F, 0xF81F, 0xF81F, 0xF81F, 0xF81F, 0xF81F, 0xF81F, 0xF81F, 0xF81F, 0xF81F, 0xF81F, 0xF81F, 0xF81F, 0xF81F,
  0xF81F, 0xF81F, 0xF81F, 0xF81F, 0xF81F, 0xF81F, 0xF81F, 0xF81F, 0xF81F, 0xF81F, 0xF81F, 0xF81F, 0xF81F, 0xF81F, 0xF81F, 0xF81F,
  0xF81F, 0xF81F, 0xF81F, 0xF81F, 0xF81F, 0xF81F, 0x1881, 0x8B42, 0x5A21, 0x9381, 0xABE1, 0x6AC5, 0x6BD1, 0x8CD3, 0x9535, 0x7C51,
  0x9556, 0x8CD4, 0x9D76, 0xB63A, 0x6C13, 0x8323, 0xBC21, 0x9BA1, 0x41A1, 0x5267, 0x18A1, 0x9CF3, 0xF81F, 0xF81F, 0xF81F, 0xF81F,
  0xF81F, 0xF81F, 0xF81F, 0xF81F, 0xF81F, 0xF81F, 0xF81F, 0xF81F, 0xF81F, 0xF81F, 0xF81F, 0xF81F, 0xF81F, 0xF81F, 0xF81F, 0xF81F,
  0xF81F, 0xF81F, 0xF81F, 0xF81F, 0xF81F, 0xF81F, 0xF81F, 0xF81F, 0xF81F, 0xF81F, 0xF81F, 0xF81F, 0xF81F, 0xF81F, 0xF81F, 0xF81F,
  0xF81F, 0xF81F, 0xF81F, 0xF81F, 0xF81F, 0xF81F, 0xF81F, 0xF81F, 0xF81F, 0xF81F, 0xF81F, 0xF81F, 0xF81F, 0xF81F, 0xF81F, 0xF81F,
  0xF81F, 0xF81F, 0xF81F, 0xF81F, 0xF81F, 0xF81F, 0xF81F, 0xF81F, 0xF81F, 0xF81F, 0xF81F, 0xF81F, 0xF81F, 0xF81F, 0xF81F, 0xF81F,
  0xF81F, 0xF81F, 0xF81F, 0xAD55, 0x8451, 0x4A8A, 0x73CF, 0x7433, 0x4181, 0x49A0, 0x4160, 0x7C0F, 0xBE7B, 0xADF8, 0xADF8, 0xB619,
  0xADF8, 0xADF8, 0xADF8, 0xA5B7, 0xB63A, 0x736B, 0x59E0, 0x4A24, 0x51C0, 0x5B4E, 0x8CB3, 0x73CF, 0x7C31, 0x94B2, 0xF81F, 0xF81F,
  0xF81F, 0xF81F, 0xF81F, 0xF81F, 0xF81F, 0xF81F, 0xF81F, 0xF81F, 0xF81F, 0xF81F, 0xF81F, 0xF81F, 0xF81F, 0xF81F, 0xF81F, 0xF81F,
  0xF81F, 0xF81F, 0xF81F, 0xF81F, 0xF81F, 0xF81F, 0xF81F, 0xF81F, 0xF81F, 0xF81F, 0xF81F, 0xF81F, 0xF81F, 0xF81F, 0xF81F, 0xF81F,
  0xF81F, 0xF81F, 0xF81F, 0xF81F, 0xF81F, 0xF81F, 0xF81F, 0xF81F, 0xF81F, 0xF81F, 0xF81F, 0xF81F, 0xF81F, 0xF81F, 0xF81F, 0xF81F,
  0xF81F, 0xF81F, 0xF81F, 0xF81F, 0xF81F, 0xF81F, 0xF81F, 0xF81F, 0xF81F, 0xF81F, 0xF81F, 0xF81F, 0xF81F, 0xF81F, 0xF81F, 0x94F3,
  0x6C0E, 0x63ED, 0x3207, 0x5B0C, 0x9D36, 0xADB8, 0xCEBC, 0x73EF, 0x39A3, 0x4249, 0x3161, 0xA597, 0xB619, 0xAE19, 0xAE19, 0xADF8,
  0xADF8, 0xADF8, 0xAE19, 0xB619, 0xBE5A, 0x9515, 0x3920, 0x73D0, 0x5B0B, 0x39C5, 0xBEBC, 0xAE5A, 0x9DB7, 0x7411, 0x3986, 0x830B,
  0x938D, 0x9C51, 0xF81F, 0xF81F, 0xF81F, 0xF81F, 0xF81F, 0xF81F, 0xF81F, 0xF81F, 0xF81F, 0xF81F, 0xF81F, 0xF81F, 0xF81F, 0xF81F,
  0xF81F, 0xF81F, 0xF81F, 0xF81F, 0xF81F, 0xF81F, 0xF81F, 0xF81F, 0xF81F, 0xF81F, 0xF81F, 0xF81F, 0xF81F, 0xF81F, 0xF81F, 0xF81F,
  0xF81F, 0xF81F, 0xF81F, 0xF81F, 0xF81F, 0xF81F, 0xF81F, 0xF81F, 0xF81F, 0xF81F, 0xF81F, 0xF81F, 0xF81F, 0xF81F, 0xF81F, 0xF81F,
  0xF81F, 0xF81F, 0xF81F, 0xF81F, 0xF81F, 0xF81F, 0xF81F, 0xF81F, 0xF81F, 0xF81F, 0xF81F, 0xF81F, 0x742F, 0x2328, 0x0346, 0x0428,
  0x04C9, 0x04C9, 0x0468, 0x03E7, 0x0306, 0x1AC7, 0x4B6C, 0x3A08, 0x6B4E, 0x8C51, 0x39C6, 0xA597, 0x8CB3, 0x7C51, 0x7410, 0x73CF,
  0x73CF, 0x73CF, 0x73F0, 0x7C31, 0x8492, 0x9535, 0x2964, 0x7C92, 0x9577, 0x428B, 0x730C, 0x71C7, 0x9123, 0xB923, 0xE164, 0xE984,
  0xF984, 0xE164, 0xC143, 0x9185, 0x8B0B, 0xF81F, 0xF81F, 0xF81F, 0xF81F, 0xF81F, 0xF81F, 0xF81F, 0xF81F, 0xF81F, 0xF81F, 0xF81F,
  0xF81F, 0xF81F, 0xF81F, 0xF81F, 0xF81F, 0xF81F, 0xF81F, 0xF81F, 0xF81F, 0xF81F, 0xF81F, 0xF81F, 0xF81F, 0xF81F, 0xF81F, 0xF81F,
  0xF81F, 0xF81F, 0xF81F, 0xF81F, 0xF81F, 0xF81F, 0xF81F, 0xF81F, 0xF81F, 0xF81F, 0xF81F, 0xF81F, 0xF81F, 0xF81F, 0xF81F, 0xF81F,
  0xF81F, 0xF81F, 0xF81F, 0xF81F, 0xF81F, 0xF81F, 0xF81F, 0xF81F, 0xF81F, 0x9CF3, 0x3B6A, 0x0366, 0x0468, 0x04E9, 0x04E9, 0x0448,
  0x0306, 0x0408, 0x04C9, 0x0489, 0x04C9, 0x04C8, 0x0447, 0x03C7, 0x0B27, 0x22E8, 0x11A5, 0x31E7, 0x7BAF, 0xB535, 0xD639, 0xE6DB,
  0xE73C, 0xD73C, 0xCEBA, 0xADD7, 0x8451, 0x5269, 0x30C3, 0x79E7, 0x9144, 0xB943, 0xE102, 0xF143, 0xF9A4, 0xF184, 0xE184, 0xF9A5,
  0xB943, 0xD164, 0xD984, 0xF9A4, 0xF9A4, 0xC943, 0x91C6, 0x940F, 0xF81F, 0xF81F, 0xF81F, 0xF81F, 0xF81F, 0xF81F, 0xF81F, 0xF81F,
  0xF81F, 0xF81F, 0xF81F, 0xF81F, 0xF81F, 0xF81F, 0xF81F, 0xF81F, 0xF81F, 0xF81F, 0xF81F, 0xF81F, 0xF81F, 0xF81F, 0xF81F, 0xF81F,
  0xF81F, 0xF81F, 0xF81F, 0xF81F, 0xF81F, 0xF81F, 0xF81F, 0xF81F, 0xF81F, 0xF81F, 0xF81F, 0xF81F, 0xF81F, 0xF81F, 0xF81F, 0xF81F,
  0xF81F, 0xF81F, 0xF81F, 0xF81F, 0xF81F, 0xF81F, 0xF81F, 0x8491, 0x2328, 0x03E7, 0x04C9, 0x0448, 0x04A9, 0x0468, 0x04C9, 0x0346,
  0x00A1, 0x0224, 0x04E9, 0x01E3, 0x0448, 0x0428, 0x03E7, 0x04C9, 0x04C9, 0x04E9, 0x04A8, 0x0428, 0x03C7, 0x0B67, 0x1B48, 0x2B69,
  0x52E9, 0x91E7, 0x99C6, 0xA185, 0xB964, 0xD164, 0xE964, 0xF143, 0xF984, 0xF9A4, 0xD964, 0xE984, 0x78C2, 0x88E2, 0x78C2, 0xF9A5,
  0x60A2, 0x9903, 0x60A1, 0xF9A5, 0xA923, 0xD164, 0xF9A5, 0xE164, 0x9944, 0x8B4C, 0xF81F, 0xF81F, 0xF81F, 0xF81F, 0xF81F, 0xF81F,
  0xF81F, 0xF81F, 0xF81F, 0xF81F, 0xF81F, 0xF81F, 0xF81F, 0xF81F, 0xF81F, 0xF81F, 0xF81F, 0xF81F, 0xF81F, 0xF81F, 0xF81F, 0xF81F,
  0xF81F, 0xF81F, 0xF81F, 0xF81F, 0xF81F, 0xF81F, 0xF81F, 0xF81F, 0xF81F, 0xF81F, 0xF81F, 0xF81F, 0xF81F, 0xF81F, 0xF81F, 0xF81F,
  0xF81F, 0xF81F, 0xF81F, 0xF81F, 0xF81F, 0x7C50, 0x1B07, 0x0428, 0x04C9, 0x050A, 0x0224, 0x01C3, 0x04A9, 0x0488, 0x04C9, 0x0366,
  0x01E3, 0x04A9, 0x03C7, 0x0142, 0x0509, 0x0285, 0x02C5, 0x0264, 0x0408, 0x02A5, 0x03C7, 0x04C9, 0x0489, 0x04C9, 0x04C9, 0x0509,
  0x5387, 0xF923, 0xF964, 0xF984, 0xF184, 0xE984, 0xE984, 0xF9A4, 0xB123, 0xA103, 0x70A2, 0xD164, 0x5081, 0x3861, 0x3041, 0xF9A4,
  0x78C2, 0x4861, 0x88E2, 0xE984, 0x2840, 0x5081, 0x60A2, 0xF9A5, 0xF9A4, 0xE984, 0xA123, 0x8B0B, 0xF81F, 0xF81F, 0xF81F, 0xF81F,
  0xF81F, 0xF81F, 0xF81F, 0xF81F, 0xF81F, 0xF81F, 0xF81F, 0xF81F, 0xF81F, 0xF81F, 0xF81F, 0xF81F, 0xF81F, 0xF81F, 0xF81F, 0xF81F,
  0xF81F, 0xF81F, 0xF81F, 0xF81F, 0xF81F, 0xF81F, 0xF81F, 0xF81F, 0xF81F, 0xF81F, 0xF81F, 0xF81F, 0xF81F, 0xF81F, 0xF81F, 0xF81F,
  0xF81F, 0xF81F, 0xF81F, 0x8470, 0x1B07, 0x0448, 0x04E9, 0x04C9, 0x0488, 0x04C9, 0x0326, 0x00A1, 0x0387, 0x04C9, 0x04C9, 0x04A9,
  0x04C9, 0x0509, 0x0448, 0x0244, 0x0428, 0x0264, 0x01C3, 0x0224, 0x03C7, 0x00A1, 0x0244, 0x0387, 0x0285, 0x0407, 0x01C3, 0x0326,
  0x3B87, 0xB8E3, 0x9903, 0xC943, 0x5881, 0xA103, 0xF984, 0xF184, 0xC943, 0x5081, 0x5881, 0xB123, 0xA923, 0xB943, 0xB923, 0xF184,
  0xF984, 0xC143, 0xF9A4, 0xB943, 0x68A2, 0x2840, 0x70C2, 0xF9A4, 0xE184, 0xF184, 0xF9A4, 0xF184, 0xA123, 0x8B2C, 0xF81F, 0xF81F,
  0xF81F, 0xF81F, 0xF81F, 0xF81F, 0xF81F, 0xF81F, 0xF81F, 0xF81F, 0xF81F, 0xF81F, 0xF81F, 0xF81F, 0xF81F, 0xF81F, 0xF81F, 0xF81F,
  0xF81F, 0xF81F, 0xF81F, 0xF81F, 0xF81F, 0xF81F, 0xF81F, 0xF81F, 0xF81F, 0xF81F, 0xF81F, 0xF81F, 0xF81F, 0xF81F, 0xF81F, 0xF81F,
  0xF81F, 0x94D2, 0x2308, 0x0428, 0x04E9, 0x04C9, 0x0489, 0x0489, 0x0489, 0x0489, 0x0468, 0x02E5, 0x0448, 0x0488, 0x03C6, 0x0387,
  0x02A4, 0x0306, 0x03E8, 0x0468, 0x0488, 0x0488, 0x0306, 0x0469, 0x0366, 0x0102, 0x03C7, 0x02A5, 0x02E5, 0x0346, 0x00C1, 0x01C3,
  0x2B47, 0x7061, 0x70C2, 0xA903, 0x88E2, 0x4061, 0xE164, 0xE984, 0xF184, 0x9903, 0x9103, 0xF184, 0xF963, 0xE102, 0xE184, 0xA923,
  0x90C2, 0xB123, 0xC123, 0xE922, 0xF984, 0xC944, 0xB943, 0xF184, 0xE984, 0xE984, 0xE984, 0xE984, 0xF9A4, 0xF184, 0x9923, 0x8B8D,
  0xF81F, 0xF81F, 0xF81F, 0xF81F, 0xF81F, 0xF81F, 0xF81F, 0xF81F, 0xF81F, 0xF81F, 0xF81F, 0xF81F, 0xF81F, 0xF81F, 0xF81F, 0xF81F,
  0xF81F, 0xF81F, 0xF81F, 0xF81F, 0xF81F, 0xF81F, 0xF81F, 0xF81F, 0xF81F, 0xF81F, 0xF81F, 0xF81F, 0xF81F, 0xF81F, 0xF81F, 0xF81F,
  0x3329, 0x03E7, 0x04E9, 0x04C9, 0x0469, 0x0489, 0x0489, 0x0489, 0x0489, 0x04A9, 0x04C9, 0x0447, 0x0306, 0x32E9, 0x6BEF, 0x4229,
  0x9472, 0xE6DB, 0x5ACB, 0x3A88, 0x3B8B, 0x0B06, 0x03A6, 0x0407, 0x04A8, 0x0488, 0x04A9, 0x03A7, 0x0448, 0x0346, 0x0163, 0x0244,
  0x4B67, 0x7061, 0x48A1, 0xD964, 0xB123, 0x8903, 0xF9A5, 0xF984, 0xF984, 0xF123, 0xD102, 0xA103, 0x89E7, 0x82EB, 0x3186, 0xBE59,
  0xB618, 0x3A49, 0x638E, 0x72CB, 0x8144, 0xC902, 0xF963, 0xF9A5, 0xE984, 0xE984, 0xE984, 0xE984, 0xE984, 0xF184, 0xF9A4, 0xE984,
  0x9164, 0x9450, 0xF81F, 0xF81F, 0xF81F, 0xF81F, 0xF81F, 0xF81F, 0xF81F, 0xF81F, 0xF81F, 0xF81F, 0xF81F, 0xF81F, 0xF81F, 0xF81F,
  0xF81F, 0xF81F, 0xF81F, 0xF81F, 0xF81F, 0xF81F, 0xF81F, 0xF81F, 0xF81F, 0xF81F, 0xF81F, 0xF81F, 0xF81F, 0xF81F, 0x4BCC, 0x03A7,
  0x04E9, 0x04E9, 0x0489, 0x0489, 0x0489, 0x0489, 0x0488, 0x04A9, 0x04C9, 0x03C6, 0x12C6, 0x532C, 0x9CD4, 0xB5F9, 0x6B8F, 0xBE17,
  0xFFFF, 0x9492, 0x94B2, 0x9C92, 0xFFDF, 0xE6BB, 0xAD75, 0x742F, 0x22A7, 0x1327, 0x0366, 0x03C6, 0x0447, 0x0468, 0x0447, 0x04C8,
  0x5BA7, 0xF923, 0xE943, 0xF143, 0xE943, 0xD8E2, 0xB8E2, 0xA144, 0x7944, 0x830B, 0xA4F3, 0xC679, 0xF7FF, 0xADB7, 0x94B2, 0x8C71,
  0xE6FB, 0xF77D, 0x6B8E, 0x9577, 0x9DD8, 0x6BAF, 0x71A6, 0xB8E2, 0xF163, 0xF9A5, 0xE984, 0xE984, 0xE984, 0xE984, 0xE984, 0xF1A4,
  0xF9A5, 0xE164, 0x9207, 0xF81F, 0xF81F, 0xF81F, 0xF81F, 0xF81F, 0xF81F, 0xF81F, 0xF81F, 0xF81F, 0xF81F, 0xF81F, 0xF81F, 0xF81F,
  0xF81F, 0xF81F, 0xF81F, 0xF81F, 0xF81F, 0xF81F, 0xF81F, 0xF81F, 0xF81F, 0xF81F, 0xF81F, 0xF81F, 0x7BCF, 0x01A3, 0x03A7, 0x0408,
  0x0407, 0x0448, 0x0489, 0x0489, 0x0488, 0x0489, 0x04E9, 0x0427, 0x0AC6, 0x5B4D, 0xA536, 0xBE3A, 0xB639, 0x5B2D, 0xCE58, 0xF7BE,
  0x738E, 0xBDF7, 0xFFFF, 0xB596, 0xA555, 0xFFFF, 0xFFFF, 0xFFFF, 0xA4D3, 0xBD96, 0xC5F7, 0x94D2, 0x4B4B, 0x32E9, 0x3B8A, 0x2348,
  0x3225, 0x9185, 0x9227, 0x8A48, 0x6A07, 0x9450, 0xAD96, 0xC69A, 0x7C30, 0xFFFF, 0xFFFF, 0xFFFF, 0xDEDB, 0x8430, 0xFFFF, 0xE73C,
  0x73AE, 0xC618, 0xF7BE, 0x634D, 0x9D35, 0xBE7B, 0x9DD8, 0x73F0, 0x7185, 0xC0E2, 0xF984, 0xF1A4, 0xE984, 0xE984, 0xE984, 0xE184,
  0xD164, 0xD144, 0xC943, 0x78C2, 0x5269, 0xF81F, 0xF81F, 0xF81F, 0xF81F, 0xF81F, 0xF81F, 0xF81F, 0xF81F, 0xF81F, 0xF81F, 0xF81F,
  0xF81F, 0xF81F, 0xF81F, 0xF81F, 0xF81F, 0xF81F, 0xF81F, 0xF81F, 0xF81F, 0xF81F, 0xF81F, 0xF81F, 0xF81F, 0xF81F, 0xF81F, 0xF81F,
  0x9D13, 0x1AC7, 0x04C9, 0x0469, 0x04C9, 0x04C9, 0x0305, 0x42EA, 0x9CF5, 0xB639, 0xADF8, 0xAE19, 0x5B2D, 0xCE59, 0xEF5D, 0x630C,
  0xE73C, 0xFFFF, 0xFFDF, 0xFFFF, 0x8C51, 0xDEDB, 0xFFFF, 0xFFFF, 0xDEFB, 0x9CF3, 0xFFFF, 0xFFFF, 0xD67A, 0xB576, 0xFFDF, 0xFF9E,
  0x6B4D, 0xCEDB, 0xF7FF, 0xD6FB, 0x9D34, 0xFFFF, 0xFFFF, 0xCE38, 0xB575, 0xFFFF, 0xF7BE, 0xFFDF, 0x8410, 0xEF5D, 0xFFFF, 0xFFFF,
  0xFFFF, 0x7BCF, 0xAD75, 0xFFBE, 0x632D, 0x9D56, 0xB619, 0xB639, 0x9DD8, 0x6B6E, 0x8123, 0xE963, 0xF9A4, 0xE984, 0xF9A4, 0xA903,
  0x8C0F, 0xF81F, 0xF81F, 0xF81F, 0xF81F, 0xF81F, 0xF81F, 0xF81F, 0xF81F, 0xF81F, 0xF81F, 0xF81F, 0xF81F, 0xF81F, 0xF81F, 0xF81F,
  0xF81F, 0xF81F, 0xF81F, 0xF81F, 0xF81F, 0xF81F, 0xF81F, 0xF81F, 0xF81F, 0xF81F, 0xF81F, 0xF81F, 0xF81F, 0xF81F, 0xF81F, 0xF81F,
  0xF81F, 0x2328, 0x04E9, 0x04C9, 0x0428, 0x11E4, 0x632D, 0xBE5A, 0xAE18, 0xA5B7, 0xB639, 0x6B8F, 0xB5B6, 0xFFDF, 0x8410, 0x8410,
  0xC618, 0xFFFF, 0xFFDF, 0xFFFF, 0xEF5D, 0x8410, 0xFFFF, 0xFFFF, 0xFFFF, 0x8C71, 0xE73C, 0xFFDF, 0xE71C, 0x94B2, 0xFFFF, 0xFFFF,
  0x73CE, 0xE71C, 0xFFFF, 0xBDD7, 0xBDB6, 0xFFDF, 0xFFFF, 0x8C51, 0xEF7D, 0xFFFF, 0xFFFF, 0xA514, 0xBDD7, 0xFFFF, 0xFFDF, 0xFFFF,
  0xE73C, 0x8C71, 0x7BCF, 0xCE79, 0xEF7D, 0x5B2C, 0xADD8, 0xADD8, 0xADD8, 0xB65A, 0x84F4, 0x3903, 0xA923, 0xF9A4, 0xF9C5, 0xB123,
  0xF81F, 0xF81F, 0xF81F, 0xF81F, 0xF81F, 0xF81F, 0xF81F, 0xF81F, 0xF81F, 0xF81F, 0xF81F, 0xF81F, 0xF81F, 0xF81F, 0xF81F, 0xF81F,
  0xF81F, 0xF81F, 0xF81F, 0xF81F, 0xF81F, 0xF81F, 0xF81F, 0xF81F, 0xF81F, 0xF81F, 0xF81F, 0xF81F, 0xF81F, 0xF81F, 0xF81F, 0xF81F,
  0xF81F, 0x0B67, 0x050A, 0x0B07, 0x94D2, 0x6B4E, 0xB639, 0xADD8, 0xA5B7, 0xB639, 0x7C72, 0x9492, 0xFFFF, 0x5ACB, 0xC618, 0xFFFF,
  0x9492, 0xC638, 0xFFFF, 0xFFDF, 0xFFFF, 0xB5B6, 0xA534, 0xFFFF, 0xFFFF, 0xC618, 0xAD55, 0xFFFF, 0xFFDF, 0x8C71, 0xFFDF, 0xFFFF,
  0x73AE, 0xE71C, 0xFFFF, 0xA514, 0xD6BA, 0xFFFF, 0xDEDB, 0x9CD3, 0xFFFF, 0xFFFF, 0xD6BA, 0x8C51, 0xFFFF, 0xFFDF, 0xFFFF, 0xEF5D,
  0x8430, 0xEF7D, 0xF7BE, 0x4A69, 0xE71C, 0xD679, 0x636E, 0xB639, 0xA5D7, 0xA5B7, 0xBE5A, 0x7410, 0x9CF3, 0x8A27, 0xE184, 0xE184,
  0xA4F3, 0xF81F, 0xF81F, 0xF81F, 0xF81F, 0xF81F, 0xF81F, 0xF81F, 0xF81F, 0xF81F, 0xF81F, 0xF81F, 0xF81F, 0xF81F, 0xF81F, 0xF81F,
  0xF81F, 0xF81F, 0xF81F, 0xF81F, 0xF81F, 0xF81F, 0xF81F, 0xF81F, 0xF81F, 0xF81F, 0xF81F, 0xF81F, 0xF81F, 0xF81F, 0xF81F, 0xF81F,
  0xF81F, 0x02A5, 0x436A, 0xF81F, 0xF81F, 0x8CB3, 0xB619, 0xA5B7, 0xADF8, 0x9D76, 0x6B6E, 0xFFFF, 0x8C51, 0x52AA, 0xA514, 0x8C51,
  0xB5B6, 0x6B6D, 0xBDF7, 0xFFFF, 0xFFFF, 0xFFFF, 0x8C51, 0xD6BA, 0xFFFF, 0xF7BE, 0x8C51, 0xF7BE, 0xFFFF, 0x94B2, 0xE73C, 0xFFFF,
  0x73AE, 0xE71C, 0xFFFF, 0x9492, 0xEF7D, 0xFFFF, 0x9CD3, 0xD69A, 0xFFFF, 0xFFDF, 0x7BEF, 0xEF7D, 0xFFFF, 0xFFFF, 0xEF5D, 0x6B6D,
  0xAD55, 0x9CD3, 0x9492, 0x8430, 0x4A49, 0xFFFF, 0x9CD3, 0x7C52, 0xB639, 0xADD8, 0xADF8, 0xADF8, 0x8C51, 0xF81F, 0x93CE, 0x9903,
  0x93CF, 0xF81F, 0xF81F, 0xF81F, 0xF81F, 0xF81F, 0xF81F, 0xF81F, 0xF81F, 0xF81F, 0xF81F, 0xF81F, 0xF81F, 0xF81F, 0xF81F, 0xF81F,
  0xF81F, 0xF81F, 0xF81F, 0xF81F, 0xF81F, 0xF81F, 0xF81F, 0xF81F, 0xF81F, 0xF81F, 0xF81F, 0xF81F, 0xF81F, 0xF81F, 0xF81F, 0xF81F,
  0xF81F, 0x8430, 0xF81F, 0xF81F, 0x634D, 0xB639, 0xADD8, 0xADD8, 0xB639, 0x636E, 0xDEFB, 0xCE79, 0x3186, 0xBDD7, 0xFFFF, 0xEF5D,
  0xBDF7, 0x94B2, 0x528A, 0xA514, 0xC638, 0xEF5D, 0xEF7D, 0x8C71, 0xFFFF, 0xFFFF, 0xB596, 0xC638, 0xFFFF, 0xAD55, 0xC638, 0xFFFF,
  0x738E, 0xE73C, 0xFFDF, 0x8C71, 0xFFFF, 0xF79E, 0x9492, 0xFFFF, 0xFFFF, 0xAD55, 0xC618, 0xF7BE, 0xD69A, 0xAD75, 0x630C, 0x7BCF,
  0xB5B6, 0xDEDB, 0xFFFF, 0xF79E, 0x4208, 0x8430, 0xFFFF, 0x6B6D, 0xA597, 0xADF8, 0xA5B7, 0xB63A, 0x73F0, 0xF81F, 0xF81F, 0xF81F,
  0x8C30, 0xF81F, 0xF81F, 0xF81F, 0xF81F, 0xF81F, 0xF81F, 0xF81F, 0xF81F, 0xF81F, 0xF81F, 0xF81F, 0xF81F, 0xF81F, 0xF81F, 0xF81F,
  0xF81F, 0xF81F, 0xF81F, 0xF81F, 0xF81F, 0xF81F, 0xF81F, 0xF81F, 0xF81F, 0xF81F, 0xF81F, 0xF81F, 0xF81F, 0xF81F, 0xF81F, 0xF81F,
  0xF81F, 0xF81F, 0xF81F, 0xF81F, 0x8CB3, 0xB619, 0xA5B7, 0xB619, 0x8CD3, 0x9492, 0xFFFF, 0x8430, 0x94B2, 0xBDD7, 0xFFFF, 0xF7DF,
  0xFFFF, 0xFFFF, 0xFFFF, 0xD679, 0xAD34, 0x8C71, 0x9CD3, 0x630C, 0x8410, 0xCE59, 0xC638, 0x7BEF, 0xFFDF, 0xC638, 0xAD55, 0xFFFF,
  0x738E, 0xF7BE, 0xE71C, 0x9CD3, 0xFFFF, 0xA514, 0x9CF3, 0xD6BA, 0xAD55, 0x528A, 0x9CD3, 0x9492, 0x9D14, 0xBE18, 0xF7BE, 0xFFFF,
  0xFFFF, 0xFFFF, 0xFFDF, 0xEF5D, 0x8C51, 0x9492, 0xCE79, 0xD69A, 0x6BAF, 0xB639, 0xADB7, 0xADF8, 0xADF8, 0x7BEF, 0xF81F, 0xF81F,
  0xF81F, 0xF81F, 0xF81F, 0xF81F, 0xF81F, 0xF81F, 0xF81F, 0xF81F, 0xF81F, 0xF81F, 0xF81F, 0xF81F, 0xF81F, 0xF81F, 0xF81F, 0xF81F,
  0xF81F, 0xF81F, 0xF81F, 0xF81F, 0xF81F, 0xF81F, 0xF81F, 0xF81F, 0xF81F, 0xF81F, 0xF81F, 0xF81F, 0xF81F, 0xF81F, 0xF81F, 0xF81F,
  0xF81F, 0xF81F, 0xF81F, 0x73AF, 0xB619, 0xADD8, 0xADD8, 0xB619, 0x636E, 0xF7BE, 0x9CF3, 0xD69A, 0xBDF7, 0xD69A, 0xF7BE, 0x61E7,
  0x936D, 0xAD96, 0xDF5D, 0xFFFF, 0xFFFF, 0xFFFF, 0xFFDF, 0xEF3C, 0xC618, 0xAD55, 0x9CF3, 0x7BCF, 0x9492, 0x8410, 0x6B6D, 0x94B2,
  0x52AA, 0x8C71, 0x8410, 0x738E, 0x9492, 0x7BCF, 0x94B2, 0xA534, 0xBDD7, 0xE71C, 0xF7BE, 0xFFFF, 0xFFFF, 0xFFFF, 0xFF9D, 0xC5F7,
  0x7C52, 0x2A6C, 0xB596, 0xFFFF, 0x94D3, 0xF7BE, 0x7BCF, 0xFFFF, 0x7BF0, 0x9D56, 0xADF8, 0xA5B7, 0xB63A, 0x6BAF, 0xF81F, 0xF81F,
  0xF81F, 0xF81F, 0xF81F, 0xF81F, 0xF81F, 0xF81F, 0xF81F, 0xF81F, 0xF81F, 0xF81F, 0xF81F, 0xF81F, 0xF81F, 0xF81F, 0xF81F, 0xF81F,
  0xF81F, 0xF81F, 0xF81F, 0xF81F, 0xF81F, 0xF81F, 0xF81F, 0xF81F, 0xF81F, 0xF81F, 0xF81F, 0xF81F, 0xF81F, 0xF81F, 0xF81F, 0xF81F,
  0xF81F, 0xF81F, 0xF81F, 0x73F0, 0xB639, 0xA5B7, 0xB619, 0x8CD4, 0x9CD3, 0xFFDF, 0x8430, 0xFFFF, 0x94B2, 0xEF3C, 0xD6FC, 0x98E2,
  0xE902, 0xB0E2, 0x9165, 0x8AAA, 0x9430, 0xB5D7, 0xDF3C, 0xF7FF, 0xFFFF, 0xFFFF, 0xFFFF, 0xFFFF, 0xFFFF, 0xFFFF, 0xFFFF, 0xF7BE,
  0xFFFF, 0xF7BE, 0xFFFF, 0xFFFF, 0xFFFF, 0xFFFF, 0xFFFF, 0xFFFF, 0xFFFF, 0xFFFF, 0xF77D, 0xCE17, 0x94D3, 0x53B0, 0x230F, 0x0332,
  0x0418, 0x0396, 0x8CB3, 0xFFFF, 0x8431, 0xFFFF, 0xB596, 0xC638, 0xDEDA, 0x6BAF, 0xB639, 0xA5B7, 0xB619, 0x9D56, 0x94D2, 0xF81F,
  0xF81F, 0xF81F, 0xF81F, 0xF81F, 0xF81F, 0xF81F, 0xF81F, 0xF81F, 0xF81F, 0xF81F, 0xF81F, 0xF81F, 0xF81F, 0xF81F, 0xF81F, 0xF81F,
  0xF81F, 0xF81F, 0xF81F, 0xF81F, 0xF81F, 0xF81F, 0xF81F, 0xF81F, 0xF81F, 0xF81F, 0xF81F, 0xF81F, 0xF81F, 0xF81F, 0xF81F, 0xF81F,
  0xF81F, 0xF81F, 0x9492, 0x9D76, 0xB619, 0xA5B7, 0xB639, 0x6B8E, 0xEF5D, 0xA514, 0x94B2, 0xFFFF, 0x94B2, 0xF79E, 0xC659, 0xA8E2,
  0xF9C5, 0xF9A5, 0xF984, 0xE923, 0xD0E2, 0xB0E2, 0x9944, 0x8A07, 0x8ACB, 0x93CF, 0xA4B2, 0xAD75, 0xBE18, 0xCE9A, 0xCEDB, 0xD71C,
  0xD6FB, 0xD6BA, 0xD69A, 0xCE59, 0xC618, 0xB596, 0xA534, 0x94B2, 0x8C92, 0x9CB2, 0x29E8, 0x0312, 0x03B6, 0x0459, 0x04DC, 0x04FC,
  0x0D1D, 0x03F8, 0x7431, 0xFFFF, 0x94B2, 0xFFFF, 0xDEDB, 0x632C, 0xFFFF, 0x73CF, 0xA597, 0xADF8, 0xADD8, 0xB639, 0x73AF, 0xF81F,
  0xF81F, 0xF81F, 0xF81F, 0xF81F, 0xF81F, 0xF81F, 0xF81F, 0xF81F, 0xF81F, 0xF81F, 0xF81F, 0xF81F, 0xF81F, 0xF81F, 0xF81F, 0xF81F,
  0xF81F, 0xF81F, 0xF81F, 0xF81F, 0xF81F, 0xF81F, 0xF81F, 0xF81F, 0xF81F, 0xF81F, 0xF81F, 0xF81F, 0xF81F, 0xF81F, 0xF81F, 0xF81F,
  0xF81F, 0xF81F, 0x73AF, 0xB639, 0xADD8, 0xADF8, 0x9D76, 0x7C10, 0xFFFF, 0x7BEF, 0x9CD3, 0x8C51, 0x6B6D, 0xFFFF, 0xB5D7, 0xB0E2,
  0xF9A5, 0xE984, 0xE984, 0xE9A4, 0xF1A5, 0xF9A4, 0xF984, 0xF143, 0xE922, 0xD8E2, 0xC8E2, 0xB8E2, 0xA8E2, 0xA903, 0xA123, 0x98E2,
  0x9A89, 0xA555, 0xAD55, 0xB596, 0xB5B6, 0xC618, 0xD69A, 0xDF1C, 0xFF9D, 0x7C10, 0x03B6, 0x051D, 0x04FC, 0x04DB, 0x04BB, 0x04BA,
  0x04DB, 0x0418, 0x63D0, 0xFFFF, 0x8C72, 0x7BEF, 0x9CF3, 0x7BEF, 0xDEFB, 0xB5B6, 0x7C52, 0xB639, 0xA5B7, 0xB639, 0x73F0, 0xF81F,
  0xF81F, 0xF81F, 0xF81F, 0xF81F, 0xF81F, 0xF81F, 0xF81F, 0xF81F, 0xF81F, 0xF81F, 0xF81F, 0xF81F, 0xF81F, 0xF81F, 0xF81F, 0xF81F,
  0xF81F, 0xF81F, 0xF81F, 0xF81F, 0xF81F, 0xF81F, 0xF81F, 0xF81F, 0xF81F, 0xF81F, 0xF81F, 0xF81F, 0xF81F, 0xF81F, 0xF81F, 0xF81F,
  0xF81F, 0xF81F, 0x73CF, 0xB639, 0xA5B7, 0xB639, 0x7C52, 0xBDD7, 0xD6BA, 0xA514, 0xFFFF, 0xEF7D, 0x7BCF, 0xFFFF, 0xAD75, 0xB8C1,
  0xF9A5, 0xE984, 0xE984, 0xE984, 0xE984, 0xE984, 0xE984, 0xE984, 0xF1A4, 0xF1A5, 0xF1A5, 0xF9A5, 0xF9A4, 0xF9A4, 0xF9A5, 0xF922,
  0xFBEE, 0xFFFF, 0xFFFF, 0xFFFF, 0xFFFF, 0xFFFF, 0xFFFF, 0xFFFF, 0x6BF1, 0x0357, 0x04FD, 0x049A, 0x04BB, 0x04BB, 0x04BB, 0x04BB,
  0x04BC, 0x043A, 0x5BB0, 0xFFFF, 0x8C92, 0xC618, 0xFFFF, 0xDEDB, 0x9CF3, 0xF79D, 0x6B8F, 0xB619, 0xA5B7, 0xB619, 0x9535, 0xA514,
  0xF81F, 0xF81F, 0xF81F, 0xF81F, 0xF81F, 0xF81F, 0xF81F, 0xF81F, 0xF81F, 0xF81F, 0xF81F, 0xF81F, 0xF81F, 0xF81F, 0xF81F, 0xF81F,
  0xF81F, 0xF81F, 0xF81F, 0xF81F, 0xF81F, 0xF81F, 0xF81F, 0xF81F, 0xF81F, 0xF81F, 0xF81F, 0xF81F, 0xF81F, 0xF81F, 0xF81F, 0xF81F,
  0xF81F, 0xF81F, 0x8CD4, 0xB619, 0xA5B7, 0xB639, 0x6BAF, 0xEF5D, 0xA514, 0xCE79, 0xFFDF, 0xFFFF, 0x9492, 0xFFFF, 0xAD34, 0xB8C1,
  0xF9A5, 0xE984, 0xE984, 0xE984, 0xE984, 0xE984, 0xE984, 0xE984, 0xE984, 0xE984, 0xE984, 0xE984, 0xE984, 0xE984, 0xE9A4, 0xE922,
  0xEBAD, 0xFFDF, 0xFFBE, 0xFFFF, 0xFFDF, 0xFFDF, 0xFFFF, 0x5BB1, 0x1BB1, 0x7D90, 0x24D7, 0x04BC, 0x04BA, 0x04BB, 0x04BB, 0x049B,
  0x9D8C, 0x1C76, 0x434F, 0xFFFF, 0x9CD3, 0xE71C, 0xFFDF, 0xF7BE, 0x8430, 0xFFFF, 0x7BF0, 0xA597, 0xADD8, 0xADF8, 0xADF8, 0x8430,
  0xF81F, 0xF81F, 0xF81F, 0xF81F, 0xF81F, 0xF81F, 0xF81F, 0xF81F, 0xF81F, 0xF81F, 0xF81F, 0xF81F, 0xF81F, 0xF81F, 0xF81F, 0xF81F,
  0xF81F, 0xF81F, 0xF81F, 0xF81F, 0xF81F, 0xF81F, 0xF81F, 0xF81F, 0xF81F, 0xF81F, 0xF81F, 0xF81F, 0xF81F, 0xF81F, 0xF81F, 0xF81F,
  0xF81F, 0x8C71, 0xA597, 0xADF9, 0xADD8, 0xA5D8, 0x73CF, 0xFFFF, 0x8C71, 0xFFFF, 0xFFFF, 0xFFFF, 0x9492, 0xFFFF, 0xAD34, 0xC0C2,
  0xF9A5, 0xE984, 0xE984, 0xE984, 0xE984, 0xE984, 0xE984, 0xE984, 0xE984, 0xE984, 0xE984, 0xE984, 0xE984, 0xF1A4, 0xF9C5, 0xF922,
  0xFBEE, 0xFFFF, 0xFFFF, 0xFFFF, 0xFFFF, 0xFFFF, 0x63D0, 0x33CE, 0xCDE9, 0xAD69, 0xCD87, 0x04BB, 0x049D, 0x04BB, 0x04BB, 0x04BB,
  0x4D14, 0x22AC, 0x6B6E, 0xFFFF, 0x9CD3, 0xE73C, 0xFFFF, 0xFFFF, 0x9CD3, 0xE73C, 0xA514, 0x8CD4, 0xB619, 0xADD7, 0xB639, 0x73CF,
  0xF81F, 0xF81F, 0xF81F, 0xF81F, 0xF81F, 0xF81F, 0xF81F, 0xF81F, 0xF81F, 0xF81F, 0xF81F, 0xF81F, 0xF81F, 0xF81F, 0xF81F, 0xF81F,
  0xF81F, 0xF81F, 0xF81F, 0xF81F, 0xF81F, 0xF81F, 0xF81F, 0xF81F, 0xF81F, 0xF81F, 0xF81F, 0xF81F, 0xF81F, 0xF81F, 0xF81F, 0xF81F,
  0xF81F, 0x7C10, 0xB619, 0xADD8, 0xADF8, 0x9535, 0x8C72, 0xFFBE, 0x5AEB, 0x9CD3, 0xB596, 0xCE79, 0x8430, 0xFFFF, 0xAD55, 0xB8C1,
  0xF9A5, 0xE984, 0xE984, 0xE984, 0xE984, 0xE984, 0xE984, 0xE984, 0xE984, 0xE984, 0xE984, 0xF1A4, 0xF984, 0xE124, 0xC104, 0xA8A2,
  0xAA89, 0xC617, 0xC63A, 0xE77F, 0xFFFF, 0x6BCF, 0x0396, 0xEE05, 0x852E, 0x047F, 0xD5A6, 0xCDA6, 0x852E, 0x049B, 0x04DB, 0x04BB,
  0x0AB0, 0xC5F7, 0x9CF3, 0xFFFF, 0x94B2, 0xBDD7, 0xBDD7, 0xA514, 0x632C, 0xC638, 0xCE38, 0x7C31, 0xB639, 0xA5B7, 0xB63A, 0x73CF,
  0xF81F, 0xF81F, 0xF81F, 0xF81F, 0xF81F, 0xF81F, 0xF81F, 0xF81F, 0xF81F, 0xF81F, 0xF81F, 0xF81F, 0xF81F, 0xF81F, 0xF81F, 0xF81F,
  0xF81F, 0xF81F, 0xF81F, 0xF81F, 0xF81F, 0xF81F, 0xF81F, 0xF81F, 0xF81F, 0xF81F, 0xF81F, 0xF81F, 0xF81F, 0xF81F, 0xF81F, 0xF81F,
  0xF81F, 0x73CF, 0xB639, 0xADD7, 0xB619, 0x84B3, 0xAD75, 0xDEDB, 0x9CF3, 0xE71C, 0xC618, 0xAD55, 0x6B2C, 0xFFFF, 0xB5B6, 0xB0C2,
  0xF9A5, 0xE984, 0xE984, 0xE984, 0xE984, 0xE984, 0xE984, 0xE984, 0xE984, 0xE984, 0xF984, 0xD124, 0x8922, 0x8A81, 0xA3C1, 0xBC81,
  0xC4C1, 0x5A00, 0x72C1, 0xA3E4, 0x426A, 0x03D6, 0x04FD, 0x34D6, 0xDDA5, 0xB589, 0x8D4D, 0x3CF6, 0xD586, 0x5D33, 0x04BD, 0x1AAE,
  0xD658, 0xFFFF, 0x8C71, 0xFFFF, 0x8C51, 0x9492, 0xBDF7, 0xDEFB, 0xC638, 0xA555, 0xE71C, 0x73CF, 0xB639, 0xA5B7, 0xB639, 0x7411,
  0xF81F, 0xF81F, 0xF81F, 0xF81F, 0xF81F, 0xF81F, 0xF81F, 0xF81F, 0xF81F, 0xF81F, 0xF81F, 0xF81F, 0xF81F, 0xF81F, 0xF81F, 0xF81F,
  0xF81F, 0xF81F, 0xF81F, 0xF81F, 0xF81F, 0xF81F, 0xF81F, 0xF81F, 0xF81F, 0xF81F, 0xF81F, 0xF81F, 0xF81F, 0xF81F, 0xF81F, 0xF81F,
  0xF81F, 0x73CF, 0xB65A, 0xADB7, 0xB639, 0x7C52, 0xC638, 0xC638, 0xB5B6, 0xFFFF, 0xFFFF, 0xFFFF, 0x9CD3, 0xF79E, 0xC639, 0xB0E2,
  0xF9A4, 0xE984, 0xE984, 0xE984, 0xE984, 0xE984, 0xE984, 0xE984, 0xF1A4, 0xE964, 0x9102, 0x3920, 0xCD01, 0xFE22, 0xFE02, 0xFE42,
  0x9361, 0xBC82, 0xFE61, 0x72E2, 0x0396, 0x051C, 0x049A, 0x049C, 0x2CD7, 0xFDC1, 0x5D12, 0x045F, 0xBD89, 0x5D32, 0x0A90, 0xD638,
  0xFFFF, 0xE73C, 0x94B2, 0xFFFF, 0x9492, 0xFFDF, 0xFFFF, 0xFFFF, 0xEF5D, 0x94D2, 0xF79E, 0x6BAF, 0xB619, 0xA5B7, 0xB619, 0x8493,
  0xF81F, 0xF81F, 0xF81F, 0xF81F, 0xF81F, 0xF81F, 0xF81F, 0xF81F, 0xF81F, 0xF81F, 0xF81F, 0xF81F, 0xF81F, 0xF81F, 0xF81F, 0xF81F,
  0xF81F, 0xF81F, 0xF81F, 0xF81F, 0xF81F, 0xF81F, 0xF81F, 0xF81F, 0xF81F, 0xF81F, 0xF81F, 0xF81F, 0xF81F, 0xF81F, 0xF81F, 0xF81F,
  0xF81F, 0x73CF, 0xB63A, 0xA5B7, 0xB639, 0x7410, 0xD69A, 0xB5B6, 0xCE59, 0xFFFF, 0xFFFF, 0xFFFF, 0xA514, 0xE71C, 0xD6DB, 0xA103,
  0xF984, 0xE984, 0xE984, 0xE984, 0xE984, 0xE984, 0xE984, 0xF1A4, 0xE124, 0x89C2, 0x7301, 0xBC41, 0xFE22, 0xF582, 0xFE02, 0xB421,
  0xA3C2, 0xFE61, 0x62A3, 0x03B8, 0x051D, 0x049A, 0x04BB, 0x04BA, 0x049C, 0x2CD7, 0xE5A4, 0xC5A8, 0xA56B, 0x0AAF, 0xCE58, 0xFFFF,
  0xFFFF, 0xDEFB, 0x9CF3, 0xFFFF, 0x8C71, 0xFFDF, 0xFFFF, 0xFFFF, 0xF7BE, 0x9492, 0xF7BE, 0x73CF, 0xADF8, 0xADD7, 0xB619, 0x94F4,
  0xF81F, 0xF81F, 0xF81F, 0xF81F, 0xF81F, 0xF81F, 0xF81F, 0xF81F, 0xF81F, 0xF81F, 0xF81F, 0xF81F, 0xF81F, 0xF81F, 0xF81F, 0xF81F,
  0xF81F, 0xF81F, 0xF81F, 0xF81F, 0xF81F, 0xF81F, 0xF81F, 0xF81F, 0xF81F, 0xF81F, 0xF81F, 0xF81F, 0xF81F, 0xF81F, 0xF81F, 0xF81F,
  0xF81F, 0x73F0, 0xB639, 0xA5B7, 0xB639, 0x73F0, 0xDEFB, 0xAD75, 0xBDF7, 0xEF7D, 0xEF5D, 0xEF7D, 0x9CF3, 0xD679, 0xE7BE, 0x9144,
  0xF984, 0xE984, 0xE984, 0xE984, 0xE984, 0xE984, 0xF184, 0xE944, 0x7982, 0xD521, 0x9361, 0xFDC2, 0xFDC2, 0xFDA2, 0xFE02, 0x9381,
  0xF541, 0x6AE3, 0x03B8, 0x04FC, 0x049A, 0x04BB, 0x04BB, 0x04BB, 0x04BA, 0x049C, 0x34F6, 0x9D6B, 0x12AE, 0xCE59, 0xFFFF, 0xFFDF,
  0xFFFF, 0xCE59, 0xAD75, 0xFFFF, 0x8430, 0xEF7D, 0xEF7D, 0xEF7D, 0xEF5D, 0x8C51, 0xFFBE, 0x73CF, 0xADD8, 0xADD8, 0xB619, 0x9515,
  0xF81F, 0xF81F, 0xF81F, 0xF81F, 0xF81F, 0xF81F, 0xF81F, 0xF81F, 0xF81F, 0xF81F, 0xF81F, 0xF81F, 0xF81F, 0xF81F, 0xF81F, 0xF81F,
  0xF81F, 0xF81F, 0xF81F, 0xF81F, 0xF81F, 0xF81F, 0xF81F, 0xF81F, 0xF81F, 0xF81F, 0xF81F, 0xF81F, 0xF81F, 0xF81F, 0xF81F, 0xF81F,
  0xF81F, 0x73F0, 0xB639, 0xA5B7, 0xB639, 0x73F0, 0xE6FB, 0xAD55, 0x73AE, 0x9CF3, 0x94B2, 0x9CF3, 0x738E, 0xBDD6, 0xFFFF, 0x89C6,
  0xF143, 0xE984, 0xE984, 0xE984, 0xE984, 0xE984, 0xF984, 0x8902, 0xD541, 0xC461, 0xB421, 0xFE22, 0xFDA2, 0xFDA2, 0xFE03, 0xA3A0,
  0x5243, 0x03F8, 0x04FC, 0x049A, 0x04BB, 0x04BB, 0x04BB, 0x04BB, 0x04BB, 0x04DB, 0x04BC, 0x0290, 0xD658, 0xFFFF, 0xFFDF, 0xFFFF,
  0xFFFF, 0xB5B6, 0xC638, 0xF7BE, 0x632C, 0x9CD3, 0x94B2, 0x9CD3, 0x9492, 0x738E, 0xFFDF, 0x73CF, 0xADD8, 0xADD8, 0xB619, 0x9535,
  0xA514, 0xF81F, 0xF81F, 0xF81F, 0xF81F, 0xF81F, 0xF81F, 0xF81F, 0xF81F, 0xF81F, 0xF81F, 0xF81F, 0xF81F, 0xF81F, 0xF81F, 0xF81F,
  0xF81F, 0xF81F, 0xF81F, 0xF81F, 0xF81F, 0xF81F, 0xF81F, 0xF81F, 0xF81F, 0xF81F, 0xF81F, 0xF81F, 0xF81F, 0xF81F, 0xF81F, 0xF81F,
  0xF81F, 0x73F0, 0xB639, 0xA5B7, 0xB639, 0x73F0, 0xDEDB, 0xB596, 0xD69A, 0xFFFF, 0xFFFF, 0xFFFF, 0xDEFB, 0x9CF3, 0xFFFF, 0x8ACA,
  0xE922, 0xE9A4, 0xE984, 0xE984, 0xE984, 0xF9A4, 0xC0E3, 0x9361, 0xFE62, 0x8B41, 0xED42, 0xFDE2, 0xFDA2, 0xFDE2, 0xFDE1, 0x5264,
  0x03B8, 0x051C, 0x049A, 0x04BB, 0x04BB, 0x04BB, 0x04BB, 0x04BA, 0x04BB, 0x04BC, 0x12AF, 0xDE78, 0xFFFF, 0xFFFF, 0xFFFF, 0xFFFF,
  0xFFFF, 0x9CF3, 0xE73C, 0xD69A, 0xAD55, 0xFFFF, 0xFFFF, 0xFFFF, 0xFFFF, 0x8C71, 0xF7BE, 0x73CF, 0xADD8, 0xADD8, 0xB619, 0x9515,
  0xF81F, 0xF81F, 0xF81F, 0xF81F, 0xF81F, 0xF81F, 0xF81F, 0xF81F, 0xF81F, 0xF81F, 0xF81F, 0xF81F, 0xF81F, 0xF81F, 0xF81F, 0xF81F,
  0xF81F, 0xF81F, 0xF81F, 0xF81F, 0xF81F, 0xF81F, 0xF81F, 0xF81F, 0xF81F, 0xF81F, 0xF81F, 0xF81F, 0xF81F, 0xF81F, 0xF81F, 0xF81F,
  0xF81F, 0x73CF, 0xB63A, 0xA5B7, 0xB639, 0x7411, 0xD679, 0xBDD7, 0xBDF7, 0xFFDF, 0xFFDF, 0xFFFF, 0xF7BE, 0x9492, 0xFFFF, 0x9410,
  0xD0E2, 0xF1A5, 0xE984, 0xE984, 0xE984, 0xF164, 0x8962, 0xEDA2, 0xFDA2, 0x8B41, 0xFDC2, 0xFDA2, 0xFDE2, 0xFDC1, 0x62C4, 0x03F8,
  0x04FD, 0x049A, 0x04BB, 0x04BB, 0x04BB, 0x04BB, 0x049C, 0x9D6C, 0x5534, 0x128C, 0x7AE4, 0xF7DF, 0xFFFF, 0xFFFF, 0xFFFF, 0xFFFF,
  0xFFFF, 0x8C71, 0xFFFF, 0xB5B6, 0xCE59, 0xFFFF, 0xFFDF, 0xFFDF, 0xEF7D, 0x9492, 0xF7BE, 0x73CF, 0xADF8, 0xADB7, 0xB639, 0x8CF4,
  0xF81F, 0xF81F, 0xF81F, 0xF81F, 0xF81F, 0xF81F, 0xF81F, 0xF81F, 0xF81F, 0xF81F, 0xF81F, 0xF81F, 0xF81F, 0xF81F, 0xF81F, 0xF81F,
  0xF81F, 0xF81F, 0xF81F, 0xF81F, 0xF81F, 0xF81F, 0xF81F, 0xF81F, 0xF81F, 0xF81F, 0xF81F, 0xF81F, 0xF81F, 0xF81F, 0xF81F, 0xF81F,
  0xF81F, 0x73AF, 0xB65A, 0xADB7, 0xB639, 0x7C72, 0xBDF7, 0xCE59, 0xB5B6, 0xFFFF, 0xFFFF, 0xFFFF, 0xE73C, 0x73AE, 0xFFFF, 0xB5D7,
  0xB0C2, 0xF9A5, 0xE984, 0xE984, 0xF1A4, 0xD104, 0x92E1, 0xFE42, 0xED62, 0x9381, 0xFDE2, 0xFDC2, 0xFDC1, 0x5AA5, 0x13F5, 0xD5E7,
  0x1CB8, 0x049C, 0x04BA, 0x04BB, 0x04BB, 0x04BA, 0x04BB, 0x1CFA, 0x1209, 0xDCE0, 0xC460, 0xB5D8, 0xFFFF, 0xFFFF, 0xFFFF, 0xFFFF,
  0xEF7D, 0x8C71, 0xFFFF, 0x8C51, 0xC618, 0xFFDF, 0xFFFF, 0xFFFF, 0xEF7D, 0x9CD3, 0xEF7D, 0x6BAF, 0xB619, 0xA5B7, 0xB619, 0x8472,
  0xF81F, 0xF81F, 0xF81F, 0xF81F, 0xF81F, 0xF81F, 0xF81F, 0xF81F, 0xF81F, 0xF81F, 0xF81F, 0xF81F, 0xF81F, 0xF81F, 0xF81F, 0xF81F,
  0xF81F, 0xF81F, 0xF81F, 0xF81F, 0xF81F, 0xF81F, 0xF81F, 0xF81F, 0xF81F, 0xF81F, 0xF81F, 0xF81F, 0xF81F, 0xF81F, 0xF81F, 0xF81F,
  0xF81F, 0x73CF, 0xB639, 0xADD8, 0xB619, 0x8CD4, 0xA534, 0xE73C, 0x7BEF, 0xB596, 0x9CD3, 0x9492, 0x9CD3, 0x738E, 0xE6FB, 0xE77D,
  0x9144, 0xF984, 0xE984, 0xE984, 0xF9A4, 0xB0E3, 0xB421, 0xFE22, 0xED62, 0x9361, 0xFE03, 0xFDC1, 0x5AC4, 0x03D8, 0x04FD, 0x7D2E,
  0xEDA3, 0x1CD9, 0x049C, 0x04BA, 0x049C, 0x04BB, 0x04BC, 0x1AAC, 0x9B80, 0xA3E2, 0xE520, 0x9C90, 0xFFFF, 0xFFFF, 0xFFFF, 0xFFFF,
  0xCE59, 0xAD55, 0xFFFF, 0x73AE, 0x9CD3, 0x9492, 0x94B2, 0xAD55, 0x9CD3, 0xAD75, 0xDEFB, 0x73F0, 0xB639, 0xA5B7, 0xB639, 0x73F0,
  0xF81F, 0xF81F, 0xF81F, 0xF81F, 0xF81F, 0xF81F, 0xF81F, 0xF81F, 0xF81F, 0xF81F, 0xF81F, 0xF81F, 0xF81F, 0xF81F, 0xF81F, 0xF81F,
  0xF81F, 0xF81F, 0xF81F, 0xF81F, 0xF81F, 0xF81F, 0xF81F, 0xF81F, 0xF81F, 0xF81F, 0xF81F, 0xF81F, 0xF81F, 0xF81F, 0xF81F, 0xF81F,
  0xF81F, 0x8430, 0xADF8, 0xADF8, 0xADF8, 0x9D56, 0x8451, 0xFFDF, 0x632C, 0xC638, 0xE71C, 0xFFDF, 0xFFFF, 0xCE79, 0xA514, 0xFFFF,
  0x8269, 0xE923, 0xE9A4, 0xE984, 0xF984, 0xA123, 0xD501, 0xFDE2, 0xFDC2, 0x8B41, 0xF581, 0x62C4, 0x03D8, 0x04FC, 0x049A, 0x049D,
  0x752F, 0xEDA3, 0x1CD9, 0x049D, 0x8D4D, 0x2CF7, 0x1AAD, 0xD4A0, 0xFE83, 0x9BA2, 0xB400, 0x9C6C, 0xFFFF, 0xFFFF, 0xFFFF, 0xFFFF,
  0x9CF3, 0xDEFB, 0xE71C, 0x9CD3, 0xFFFF, 0xFFFF, 0xEF5D, 0xD69A, 0x73AE, 0xCE79, 0xBDF7, 0x7C52, 0xB639, 0xA5B7, 0xB65A, 0x73CF,
  0xF81F, 0xF81F, 0xF81F, 0xF81F, 0xF81F, 0xF81F, 0xF81F, 0xF81F, 0xF81F, 0xF81F, 0xF81F, 0xF81F, 0xF81F, 0xF81F, 0xF81F, 0xF81F,
  0xF81F, 0xF81F, 0xF81F, 0xF81F, 0xF81F, 0xF81F, 0xF81F, 0xF81F, 0xF81F, 0xF81F, 0xF81F, 0xF81F, 0xF81F, 0xF81F, 0xF81F, 0xF81F,
  0xF81F, 0x94B2, 0x9D76, 0xB619, 0xADD8, 0xADF8, 0x73AF, 0xFFDF, 0x94B2, 0xFFFF, 0xFFFF, 0xFFFF, 0xFFDF, 0xFFDF, 0x9492, 0xFFFF,
  0x9C92, 0xC0C1, 0xF1A5, 0xE984, 0xF9A4, 0x88E2, 0xBCA1, 0xFE02, 0xFE03, 0xBC00, 0x39E4, 0x0419, 0x04FC, 0x049A, 0x04BB, 0x04BA,
  0x049D, 0x7D2F, 0xDD85, 0xA56B, 0xB5AA, 0x120A, 0x9B60, 0xFE62, 0xFDA2, 0xF582, 0x8300, 0x9C2A, 0xFFFF, 0xFFFF, 0xFFFF, 0xFFDF,
  0x8C51, 0xFFFF, 0xB596, 0xCE79, 0xFFFF, 0xFFDF, 0xFFFF, 0xFFFF, 0x9CD3, 0xEF7D, 0x94D3, 0x9515, 0xB619, 0xADD8, 0xB639, 0x73CF,
  0xF81F, 0xF81F, 0xF81F, 0xF81F, 0xF81F, 0xF81F, 0xF81F, 0xF81F, 0xF81F, 0xF81F, 0xF81F, 0xF81F, 0xF81F, 0xF81F, 0xF81F, 0xF81F,
  0xF81F, 0xF81F, 0xF81F, 0xF81F, 0xF81F, 0xF81F, 0xF81F, 0xF81F, 0xF81F, 0xF81F, 0xF81F, 0xF81F, 0xF81F, 0xF81F, 0xF81F, 0xF81F,
  0xF81F, 0xF81F, 0x8492, 0xB639, 0xA5B7, 0xB639, 0x6BCF, 0xE71C, 0xAD75, 0xC618, 0xFFFF, 0xFFFF, 0xFFFF, 0xDEDB, 0x630C, 0xF77D,
  0xD71C, 0x9903, 0xF984, 0xE984, 0xF9A4, 0x9102, 0x5240, 0xF5A2, 0xFDE1, 0x5AA4, 0x03D9, 0x04FC, 0x049A, 0x04BB, 0x04BB, 0x04BB,
  0x04BA, 0x049D, 0x7D4F, 0xAD8A, 0x126C, 0xD4E0, 0x9361, 0xDCE2, 0xFDE2, 0xFE22, 0x9340, 0x734A, 0xFFFF, 0xFFFF, 0xFFFF, 0xD69A,
  0x9CF3, 0xFFFF, 0x6B6D, 0xB5B6, 0xFFDF, 0xFFFF, 0xFFFF, 0xF79E, 0x8430, 0xFFFF, 0x73CF, 0xA5D8, 0xADD8, 0xADF8, 0xADD8, 0x8451,
  0xF81F, 0xF81F, 0xF81F, 0xF81F, 0xF81F, 0xF81F, 0xF81F, 0xF81F, 0xF81F, 0xF81F, 0xF81F, 0xF81F, 0xF81F, 0xF81F, 0xF81F, 0xF81F,
  0xF81F, 0xF81F, 0xF81F, 0xF81F, 0xF81F, 0xF81F, 0xF81F, 0xF81F, 0xF81F, 0xF81F, 0xF81F, 0xF81F, 0xF81F, 0xF81F, 0xF81F, 0xF81F,
  0xF81F, 0xF81F, 0x6BAF, 0xB65A, 0xA5B7, 0xB619, 0x8493, 0xAD55, 0xE71C, 0x94B2, 0xFFDF, 0xBDD7, 0x8C51, 0x9CF3, 0x9CF3, 0xB575,
  0xFFFF, 0x8289, 0xE922, 0xE9A4, 0xF984, 0xB123, 0xA401, 0xA360, 0x5AA4, 0x03F9, 0x04FC, 0x049A, 0x04BB, 0x04BB, 0x04BB, 0x04BB,
  0x04BB, 0x04DB, 0x04BD, 0x126C, 0xD4C0, 0xFE62, 0xD4E2, 0x9341, 0xFE02, 0xFE23, 0xA3A0, 0x632D, 0xFFFF, 0xFFDF, 0xFFFF, 0x9CD3,
  0xDEFB, 0xE73C, 0x8C51, 0xAD55, 0x8410, 0xA534, 0xEF5D, 0xCE59, 0xAD55, 0xE73C, 0x6BAF, 0xB639, 0xA5B7, 0xB639, 0x8CD4, 0xF81F,
  0xF81F, 0xF81F, 0xF81F, 0xF81F, 0xF81F, 0xF81F, 0xF81F, 0xF81F, 0xF81F, 0xF81F, 0xF81F, 0xF81F, 0xF81F, 0xF81F, 0xF81F, 0xF81F,
  0xF81F, 0xF81F, 0xF81F, 0xF81F, 0xF81F, 0xF81F, 0xF81F, 0xF81F, 0xF81F, 0xF81F, 0xF81F, 0xF81F, 0xF81F, 0xF81F, 0xF81F, 0xF81F,
  0xF81F, 0xF81F, 0x73CF, 0xB619, 0xADD8, 0xADD8, 0xA5B7, 0x73AF, 0xFFFF, 0x73AE, 0x8410, 0xAD55, 0xEF5D, 0xFFFF, 0xFFFF, 0x8410,
  0xFFFF, 0xAD75, 0xB0C1, 0xF9A5, 0xF1A4, 0xC104, 0xAB80, 0x4AC6, 0x03BB, 0x04FD, 0x049A, 0x04BB, 0x04BB, 0x04BB, 0x04BB, 0x049C,
  0x04BB, 0x04BC, 0x0A2B, 0xDCC0, 0xFE22, 0xFDA2, 0xFE02, 0x8B21, 0xED42, 0xFE43, 0xBC20, 0x9CF4, 0xFFFF, 0xFFFF, 0xEF7D, 0x8430,
  0xFFFF, 0xA514, 0xCE59, 0xFFFF, 0xF7BE, 0xBDF7, 0x94B2, 0x5AEB, 0xF79E, 0xA514, 0x84B3, 0xB619, 0xA5B7, 0xB63A, 0x73CF, 0xF81F,
  0xF81F, 0xF81F, 0xF81F, 0xF81F, 0xF81F, 0xF81F, 0xF81F, 0xF81F, 0xF81F, 0xF81F, 0xF81F, 0xF81F, 0xF81F, 0xF81F, 0xF81F, 0xF81F,
  0xF81F, 0xF81F, 0xF81F, 0xF81F, 0xF81F, 0xF81F, 0xF81F, 0xF81F, 0xF81F, 0xF81F, 0xF81F, 0xF81F, 0xF81F, 0xF81F, 0xF81F, 0xF81F,
  0xF81F, 0xF81F, 0xA514, 0x9535, 0xB619, 0xA5B7, 0xB639, 0x6BCF, 0xDEDB, 0xBDD7, 0xAD75, 0xFFFF, 0xFFFF, 0xF7BE, 0xFFFF, 0xAD55,
  0xD679, 0xF7DF, 0x81A6, 0xF143, 0xE9A5, 0xF142, 0x1906, 0x54B0, 0xBDC9, 0x4CF3, 0x04BC, 0x04BA, 0x04BB, 0x04BB, 0x049B, 0xA56B,
  0x1CD8, 0x22CC, 0x8AC0, 0xDD22, 0xFDE2, 0xFDA2, 0xFE22, 0xA3C1, 0xC461, 0xFE62, 0x9BA2, 0xD6DC, 0xFFFF, 0xFFFF, 0xAD75, 0xBDF7,
  0xFFDF, 0x8C51, 0xFFFF, 0xFFDF, 0xFFFF, 0xFFFF, 0xEF5D, 0x8430, 0xFFFF, 0x6B8E, 0xADD8, 0xADD8, 0xADD8, 0xB619, 0x73CF, 0xF81F,
  0xF81F, 0xF81F, 0xF81F, 0xF81F, 0xF81F, 0xF81F, 0xF81F, 0xF81F, 0xF81F, 0xF81F, 0xF81F, 0xF81F, 0xF81F, 0xF81F, 0xF81F, 0xF81F,
  0xF81F, 0xF81F, 0xF81F, 0xF81F, 0xF81F, 0xF81F, 0xF81F, 0xF81F, 0xF81F, 0xF81F, 0xF81F, 0xF81F, 0xF81F, 0xF81F, 0xF81F, 0xF81F,
  0xF81F, 0xF81F, 0xF81F, 0x6BAF, 0xB65A, 0xA5B7, 0xADF8, 0x9535, 0x8430, 0xFFFF, 0x7BEF, 0xF7BE, 0xFFFF, 0xFFFF, 0xEF5D, 0x7BEF,
  0x7BEF, 0xFFFF, 0x9492, 0xC0E2, 0xF963, 0x4927, 0x3493, 0xCDC8, 0x4CF4, 0x1CD9, 0x049C, 0x049C, 0x04BB, 0x04BB, 0x04DB, 0x3CF6,
  0x2A88, 0xE520, 0xD502, 0x9B81, 0xFE22, 0xF5A2, 0xFE02, 0xB421, 0xBC42, 0xF5A0, 0x83CC, 0xFFFF, 0xFFFF, 0xF7BE, 0x8410, 0xFFFF,
  0xC618, 0x5ACB, 0xD69A, 0xFFFF, 0xFFFF, 0xFFFF, 0x9492, 0xDEDB, 0xC618, 0x7410, 0xB639, 0xA5B7, 0xB619, 0x94F4, 0xF81F, 0xF81F,
  0xF81F, 0xF81F, 0xF81F, 0xF81F, 0xF81F, 0xF81F, 0xF81F, 0xF81F, 0xF81F, 0xF81F, 0xF81F, 0xF81F, 0xF81F, 0xF81F, 0xF81F, 0xF81F,
  0xF81F, 0xF81F, 0xF81F, 0xF81F, 0xF81F, 0xF81F, 0xF81F, 0xF81F, 0xF81F, 0xF81F, 0xF81F, 0xF81F, 0xF81F, 0xF81F, 0xF81F, 0xF81F,
  0xF81F, 0xF81F, 0xF81F, 0x7BEF, 0xADF8, 0xADF8, 0xADD8, 0xB639, 0x638E, 0xE71C, 0xBDD7, 0xA534, 0xFFFF, 0xB5B6, 0x7BEF, 0xD6BA,
  0x94B2, 0xDEFB, 0xEF9E, 0x8164, 0x5945, 0x043B, 0x6553, 0xC567, 0x1CBA, 0x8D4D, 0xCDA6, 0x8D4D, 0x049B, 0x04DB, 0x04BC, 0x126C,
  0xE520, 0xFE63, 0x7281, 0x8301, 0xFE22, 0xF5A2, 0xFE02, 0xB401, 0xCCA1, 0x9BA2, 0xCE9B, 0xFFFF, 0xFFFF, 0xB596, 0xB5B6, 0xFFFF,
  0x8430, 0xDEFB, 0x9492, 0x94B2, 0xFFDF, 0xE73C, 0x8430, 0xFFFF, 0x6B8E, 0xA5B7, 0xADD8, 0xADD7, 0xB65A, 0x6B8E, 0xF81F, 0xF81F,
  0xF81F, 0xF81F, 0xF81F, 0xF81F, 0xF81F, 0xF81F, 0xF81F, 0xF81F, 0xF81F, 0xF81F, 0xF81F, 0xF81F, 0xF81F, 0xF81F, 0xF81F, 0xF81F,
  0xF81F, 0xF81F, 0xF81F, 0xF81F, 0xF81F, 0xF81F, 0xF81F, 0xF81F, 0xF81F, 0xF81F, 0xF81F, 0xF81F, 0xF81F, 0xF81F, 0xF81F, 0xF81F,
  0xF81F, 0xF81F, 0xF81F, 0xF81F, 0x7C31, 0xB639, 0xA5B7, 0xADF8, 0x9D56, 0x7BEF, 0xFFFF, 0x8410, 0x8430, 0xA514, 0xFFDF, 0xFFFF,
  0xDEDB, 0x8C71, 0xFFFF, 0x9471, 0x0313, 0x053D, 0x049A, 0x9D4C, 0xD5A5, 0x8D4D, 0x3CD7, 0xCD87, 0x6531, 0x049E, 0x228A, 0xD4A0,
  0xCD02, 0x8301, 0xB401, 0x9BA1, 0xFDE2, 0xF5A2, 0xFE02, 0xB422, 0x82E0, 0xAD33, 0xFFFF, 0xFFFF, 0xF7BE, 0x7BEF, 0xFFFF, 0xC618,
  0xA534, 0xFFFF, 0xFFFF, 0xBDD7, 0x9492, 0x6B6D, 0xEF5D, 0xB5B6, 0x7411, 0xB639, 0xADB7, 0xAE19, 0xA597, 0x8C71, 0xF81F, 0xF81F,
  0xF81F, 0xF81F, 0xF81F, 0xF81F, 0xF81F, 0xF81F, 0xF81F, 0xF81F, 0xF81F, 0xF81F, 0xF81F, 0xF81F, 0xF81F, 0xF81F, 0xF81F, 0xF81F,
  0xF81F, 0xF81F, 0xF81F, 0xF81F, 0xF81F, 0xF81F, 0xF81F, 0xF81F, 0xF81F, 0xF81F, 0xF81F, 0xF81F, 0xF81F, 0xF81F, 0xF81F, 0xF81F,
  0xF81F, 0xF81F, 0xF81F, 0xF81F, 0x73AE, 0xB619, 0xADD8, 0xADD7, 0xB639, 0x6BCF, 0xC618, 0xE71C, 0x6B4D, 0xFFFF, 0xFFFF, 0xFFDF,
  0xFFFF, 0x8C51, 0xD69A, 0xFFBE, 0x2AEE, 0x049B, 0x04BB, 0x049C, 0x04BB, 0x04BC, 0x047E, 0xAD6B, 0x6D10, 0x122C, 0x82A0, 0x9BA2,
  0x9BA1, 0xED82, 0xE542, 0x9B81, 0xFE02, 0xFDE3, 0xFE02, 0x4980, 0x8C50, 0xFFFF, 0xFFDF, 0xFFFF, 0x9CF3, 0xC618, 0xFFFF, 0x738E,
  0xFFFF, 0xFFFF, 0xFFDF, 0xFFFF, 0x9CF3, 0x9CF3, 0xFFBE, 0x632D, 0xADF8, 0xADD8, 0xA5B7, 0xB65A, 0x6BAF, 0xF81F, 0xF81F, 0xF81F,
  0xF81F, 0xF81F, 0xF81F, 0xF81F, 0xF81F, 0xF81F, 0xF81F, 0xF81F, 0xF81F, 0xF81F, 0xF81F, 0xF81F, 0xF81F, 0xF81F, 0xF81F, 0xF81F,
  0xF81F, 0xF81F, 0xF81F, 0xF81F, 0xF81F, 0xF81F, 0xF81F, 0xF81F, 0xF81F, 0xF81F, 0xF81F, 0xF81F, 0xF81F, 0xF81F, 0xF81F, 0xF81F,
  0xF81F, 0xF81F, 0xF81F, 0xF81F, 0xF81F, 0x7410, 0xBE5A, 0xA5B7, 0xADD8, 0xADF8, 0x632D, 0xF7BE, 0xB596, 0x9CD3, 0xFFFF, 0xFFFF,
  0xDEFB, 0x73AE, 0x8410, 0xFFFF, 0xBD95, 0x02F1, 0x051D, 0x049A, 0x04BC, 0x954C, 0xCDA6, 0xAD8A, 0x32E9, 0xE520, 0xFE02, 0xFDC2,
  0xFE02, 0xFE63, 0xA3E2, 0xCCA2, 0xFE62, 0xED60, 0x8321, 0x8C93, 0xFFFF, 0xFFDF, 0xFFFF, 0xDEFB, 0x8430, 0xFFFF, 0xBDD7, 0x630C,
  0xBDF7, 0xFFFF, 0xFFFF, 0xD69A, 0x8410, 0xFFFF, 0x7BF0, 0x94F4, 0xB619, 0xADB7, 0xB619, 0x9D76, 0x8C71, 0xF81F, 0xF81F, 0xF81F,
  0xF81F, 0xF81F, 0xF81F, 0xF81F, 0xF81F, 0xF81F, 0xF81F, 0xF81F, 0xF81F, 0xF81F, 0xF81F, 0xF81F, 0xF81F, 0xF81F, 0xF81F, 0xF81F,
  0xF81F, 0xF81F, 0xF81F, 0xF81F, 0xF81F, 0xF81F, 0xF81F, 0xF81F, 0xF81F, 0xF81F, 0xF81F, 0xF81F, 0xF81F, 0xF81F, 0xF81F, 0xF81F,
  0xF81F, 0xF81F, 0xF81F, 0xF81F, 0xF81F, 0x7BF0, 0xADD8, 0xADF8, 0xADD8, 0xB619, 0x9515, 0x73AE, 0xFFFF, 0x8C51, 0xBDF7, 0xEF5D,
  0x73AE, 0xF79E, 0xAD55, 0xB5B7, 0xFFFF, 0x5B6E, 0x03F8, 0x04FC, 0x049B, 0x14D9, 0x2D17, 0x11AA, 0x7A20, 0xC502, 0xE582, 0xF5E2,
  0xFE01, 0xD4C0, 0x7AA0, 0xCCC0, 0x9BA2, 0x83CB, 0xCE7A, 0xFFFF, 0xFFFF, 0xFFFF, 0xFFFF, 0x8410, 0xE71C, 0xEF5D, 0x7BEF, 0xFFFF,
  0x8C71, 0xB5B6, 0xEF7D, 0x738E, 0xFFDF, 0xAD55, 0x73F0, 0xB639, 0xADD7, 0xADD8, 0xB65A, 0x636D, 0xF81F, 0xF81F, 0xF81F, 0xF81F,
  0xF81F, 0xF81F, 0xF81F, 0xF81F, 0xF81F, 0xF81F, 0xF81F, 0xF81F, 0xF81F, 0xF81F, 0xF81F, 0xF81F, 0xF81F, 0xF81F, 0xF81F, 0xF81F,
  0xF81F, 0xF81F, 0xF81F, 0xF81F, 0xF81F, 0xF81F, 0xF81F, 0xF81F, 0xF81F, 0xF81F, 0xF81F, 0xF81F, 0xF81F, 0xF81F, 0xF81F, 0xF81F,
  0xF81F, 0xF81F, 0xF81F, 0xF81F, 0xF81F, 0xF81F, 0x636E, 0xB65A, 0xADD7, 0xADD8, 0xB639, 0x7C52, 0x8C71, 0xFFFF, 0x8410, 0x630C,
  0xF7BE, 0xFFFF, 0xF7BE, 0x7BEF, 0xF79E, 0xEF1B, 0x1A8D, 0x04DC, 0x04BB, 0x04DC, 0x19CB, 0xD902, 0xD944, 0xA0E3, 0x8982, 0x89E1,
  0x92E4, 0x6B09, 0x83CC, 0xA513, 0xCE9B, 0xFFFF, 0xFFFF, 0xFFFF, 0xFFFF, 0xFFFF, 0xAD75, 0xAD75, 0xFFFF, 0x8C71, 0xD6BA, 0xFFFF,
  0xFFFF, 0x9492, 0x52AA, 0xEF7D, 0xCE59, 0x634D, 0xB639, 0xADD8, 0xA5B7, 0xB65A, 0x8472, 0xF81F, 0xF81F, 0xF81F, 0xF81F, 0xF81F,
  0xF81F, 0xF81F, 0xF81F, 0xF81F, 0xF81F, 0xF81F, 0xF81F, 0xF81F, 0xF81F, 0xF81F, 0xF81F, 0xF81F, 0xF81F, 0xF81F, 0xF81F, 0xF81F,
  0xF81F, 0xF81F, 0xF81F, 0xF81F, 0xF81F, 0xF81F, 0xF81F, 0xF81F, 0xF81F, 0xF81F, 0xF81F, 0xF81F, 0xF81F, 0xF81F, 0xF81F, 0xF81F,
  0xF81F, 0xF81F, 0xF81F, 0xF81F, 0xF81F, 0xF81F, 0xF81F, 0x8472, 0xBE5A, 0xA5B7, 0xADD8, 0xB63A, 0x6BD0, 0x9CF3, 0xFFFF, 0x8430,
  0xB5B6, 0xFFFF, 0xFFFF, 0xCE59, 0x73AE, 0xFFFF, 0xB575, 0x02D1, 0x051D, 0x21CA, 0xD901, 0xF9A5, 0xF184, 0xF9A4, 0xF185, 0xE8E2,
  0xEB6E, 0xFFFF, 0xFFFF, 0xFFFF, 0xFFFF, 0xFFFF, 0xFFFF, 0xFFFF, 0xFFFF, 0xDEDB, 0x8410, 0xFFFF, 0xB596, 0x8C51, 0xFFFF, 0xFFFF,
  0xE71C, 0x7BCF, 0xE71C, 0xDEBA, 0x5B2D, 0xADF8, 0xADD8, 0xADD8, 0xADF9, 0xA5B7, 0x7BEF, 0xF81F, 0xF81F, 0xF81F, 0xF81F, 0xF81F,
  0xF81F, 0xF81F, 0xF81F, 0xF81F, 0xF81F, 0xF81F, 0xF81F, 0xF81F, 0xF81F, 0xF81F, 0xF81F, 0xF81F, 0xF81F, 0xF81F, 0xF81F, 0xF81F,
  0xF81F, 0xF81F, 0xF81F, 0xF81F, 0xF81F, 0xF81F, 0xF81F, 0xF81F, 0xF81F, 0xF81F, 0xF81F, 0xF81F, 0xF81F, 0xF81F, 0xF81F, 0xF81F,
  0xF81F, 0xF81F, 0xF81F, 0xF81F, 0xF81F, 0xF81F, 0xF81F, 0x8430, 0x9D76, 0xB619, 0xADD8, 0xADD8, 0xB639, 0x6BAF, 0x9CF3, 0xFFFF,
  0x8C51, 0x9CD3, 0xFFFF, 0xAD55, 0x6B6D, 0xBDF7, 0xFFFF, 0x6C11, 0x2127, 0xE143, 0xF1A5, 0xE984, 0xE984, 0xE984, 0xE9A4, 0xE922,
  0xF3CD, 0xFFFF, 0xFFDF, 0xFFFF, 0xFFFF, 0xFFFF, 0xFFFF, 0xFFFF, 0xF7BE, 0x7BCF, 0xEF5D, 0xE73C, 0x73AE, 0x8C51, 0xFFFF, 0xC638,
  0x738E, 0xEF5D, 0xD69A, 0x5B2D, 0xADD8, 0xADF8, 0xADD8, 0xADD8, 0xB639, 0x636D, 0xF81F, 0xF81F, 0xF81F, 0xF81F, 0xF81F, 0xF81F,
  0xF81F, 0xF81F, 0xF81F, 0xF81F, 0xF81F, 0xF81F, 0xF81F, 0xF81F, 0xF81F, 0xF81F, 0xF81F, 0xF81F, 0xF81F, 0xF81F, 0xF81F, 0xF81F,
  0xF81F, 0xF81F, 0xF81F, 0xF81F, 0xF81F, 0xF81F, 0xF81F, 0xF81F, 0xF81F, 0xF81F, 0xF81F, 0xF81F, 0xF81F, 0xF81F, 0xF81F, 0xF81F,
  0xF81F, 0xF81F, 0xF81F, 0xF81F, 0xF81F, 0xF81F, 0xF81F, 0xF81F, 0x6B8E, 0xADF8, 0xADF8, 0xADD8, 0xADD8, 0xB639, 0x73F0, 0x8C71,
  0xFFFF, 0xB5B6, 0x5AEB, 0x9492, 0xFFFF, 0x7BEF, 0xDEDB, 0xF7DF, 0x7A48, 0xE123, 0xF1A5, 0xE984, 0xE984, 0xE984, 0xE9A4, 0xE922,
  0xF3AD, 0xFFFF, 0xFFFF, 0xFFFF, 0xFFFF, 0xFFFF, 0xFFFF, 0xFFFF, 0x8C51, 0xCE59, 0xFFFF, 0x7BCF, 0xF7BE, 0xD6BA, 0x52AA, 0x9492,
  0xFFFF, 0xBDD7, 0x5B2D, 0xADD8, 0xADF8, 0xADD8, 0xADD7, 0xBE5A, 0x638E, 0xF81F, 0xF81F, 0xF81F, 0xF81F, 0xF81F, 0xF81F, 0xF81F,
  0xF81F, 0xF81F, 0xF81F, 0xF81F, 0xF81F, 0xF81F, 0xF81F, 0xF81F, 0xF81F, 0xF81F, 0xF81F, 0xF81F, 0xF81F, 0xF81F, 0xF81F, 0xF81F,
  0xF81F, 0xF81F, 0xF81F, 0xF81F, 0xF81F, 0xF81F, 0xF81F, 0xF81F, 0xF81F, 0xF81F, 0xF81F, 0xF81F, 0xF81F, 0xF81F, 0xF81F, 0xF81F,
  0xF81F, 0xF81F, 0xF81F, 0xF81F, 0xF81F, 0xF81F, 0xF81F, 0xF81F, 0xF81F, 0x636D, 0xB619, 0xADF8, 0xADD8, 0xADD8, 0xB63A, 0x7C72,
  0x73AE, 0xEF7D, 0xE71C, 0x8410, 0x9CF3, 0xE71C, 0x8C51, 0xFFDF, 0xDF5D, 0x7185, 0xF143, 0xE9A4, 0xE984, 0xE984, 0xE9A4, 0xE922,
  0xF3AD, 0xFFFF, 0xFFFF, 0xFFFF, 0xFFFF, 0xFFFF, 0xFFFF, 0xA514, 0xA534, 0xFFFF, 0xA514, 0xC618, 0xC638, 0x7BCF, 0xBDF7, 0xFFFF,
  0x94B2, 0x638E, 0xAE19, 0xADF8, 0xADD8, 0xADD7, 0xBE5A, 0x6BCF, 0xF81F, 0xF81F, 0xF81F, 0xF81F, 0xF81F, 0xF81F, 0xF81F, 0xF81F,
  0xF81F, 0xF81F, 0xF81F, 0xF81F, 0xF81F, 0xF81F, 0xF81F, 0xF81F, 0xF81F, 0xF81F, 0xF81F, 0xF81F, 0xF81F, 0xF81F, 0xF81F, 0xF81F,
  0xF81F, 0xF81F, 0xF81F, 0xF81F, 0xF81F, 0xF81F, 0xF81F, 0xF81F, 0xF81F, 0xF81F, 0xF81F, 0xF81F, 0xF81F, 0xF81F, 0xF81F, 0xF81F,
  0xF81F, 0xF81F, 0xF81F, 0xF81F, 0xF81F, 0xF81F, 0xF81F, 0xF81F, 0xF81F, 0xF81F, 0x6B6E, 0xB619, 0xADF9, 0xADD7, 0xADD8, 0xB639,
  0x9535, 0x634D, 0xB5B6, 0xFFFF, 0xBDF7, 0x8C51, 0x738E, 0x6B6D, 0xFFFF, 0xC679, 0x8103, 0xF984, 0xE984, 0xE984, 0xE9A4, 0xE922,
  0xF3AD, 0xFFFF, 0xFFFF, 0xFFFF, 0xFFDF, 0xFFFF, 0xBDD7, 0x8C71, 0xFFFF, 0xAD55, 0x5ACB, 0x9492, 0x9CF3, 0xFFDF, 0xDEFB, 0x6B8E,
  0x7C52, 0xB639, 0xADD8, 0xADD8, 0xADD8, 0xBE5A, 0x73D0, 0xF81F, 0xF81F, 0xF81F, 0xF81F, 0xF81F, 0xF81F, 0xF81F, 0xF81F, 0xF81F,
  0xF81F, 0xF81F, 0xF81F, 0xF81F, 0xF81F, 0xF81F, 0xF81F, 0xF81F, 0xF81F, 0xF81F, 0xF81F, 0xF81F, 0xF81F, 0xF81F, 0xF81F, 0xF81F,
  0xF81F, 0xF81F, 0xF81F, 0xF81F, 0xF81F, 0xF81F, 0xF81F, 0xF81F, 0xF81F, 0xF81F, 0xF81F, 0xF81F, 0xF81F, 0xF81F, 0xF81F, 0xF81F,
  0xF81F, 0xF81F, 0xF81F, 0xF81F, 0xF81F, 0xF81F, 0xF81F, 0xF81F, 0xF81F, 0xF81F, 0xF81F, 0x6B8E, 0xADF8, 0xB639, 0xA5B7, 0xADD7,
  0xB619, 0xADF8, 0x73F0, 0x73CF, 0xDEBA, 0xFFFF, 0xCE59, 0x5ACB, 0x9492, 0xFFFF, 0xADB6, 0x90C2, 0xF984, 0xE984, 0xE9A4, 0xE922,
  0xF3AD, 0xFFFF, 0xFFFF, 0xFFFF, 0xFFFF, 0xCE59, 0x8410, 0xFFFF, 0xC638, 0x4A49, 0xAD55, 0xF7BE, 0xF79D, 0x9492, 0x636E, 0x9D76,
  0xB639, 0xADD8, 0xADD8, 0xADF8, 0xB65A, 0x6BAF, 0xF81F, 0xF81F, 0xF81F, 0xF81F, 0xF81F, 0xF81F, 0xF81F, 0xF81F, 0xF81F, 0xF81F,
  0xF81F, 0xF81F, 0xF81F, 0xF81F, 0xF81F, 0xF81F, 0xF81F, 0xF81F, 0xF81F, 0xF81F, 0xF81F, 0xF81F, 0xF81F, 0xF81F, 0xF81F, 0xF81F,
  0xF81F, 0xF81F, 0xF81F, 0xF81F, 0xF81F, 0xF81F, 0xF81F, 0xF81F, 0xF81F, 0xF81F, 0xF81F, 0xF81F, 0xF81F, 0xF81F, 0xF81F, 0xF81F,
  0xF81F, 0xF81F, 0xF81F, 0xF81F, 0xF81F, 0xF81F, 0xF81F, 0xF81F, 0xF81F, 0xF81F, 0xF81F, 0xF81F, 0x73AE, 0x9D56, 0xB639, 0xADD8,
  0xADD8, 0xADD8, 0xB639, 0x9D76, 0x6BAF, 0x7BF0, 0xCE59, 0xFFFF, 0xAD75, 0xAD55, 0xFFFF, 0x9D14, 0x98A1, 0xF9A4, 0xE9A5, 0xE922,
  0xF3AD, 0xFFFF, 0xFFDF, 0xFFFF, 0xD69A, 0x7BCF, 0xFFFF, 0xDEDB, 0x8C51, 0xFFFF, 0xE71C, 0x94B2, 0x636E, 0x8CD3, 0xB639, 0xADF8,
  0xADD7, 0xA5B7, 0xB619, 0xB619, 0x6B8E, 0xF81F, 0xF81F, 0xF81F, 0xF81F, 0xF81F, 0xF81F, 0xF81F, 0xF81F, 0xF81F, 0xF81F, 0xF81F,
  0xF81F, 0xF81F, 0xF81F, 0xF81F, 0xF81F, 0xF81F, 0xF81F, 0xF81F, 0xF81F, 0xF81F, 0xF81F, 0xF81F, 0xF81F, 0xF81F, 0xF81F, 0xF81F,
  0xF81F, 0xF81F, 0xF81F, 0xF81F, 0xF81F, 0xF81F, 0xF81F, 0xF81F, 0xF81F, 0xF81F, 0xF81F, 0xF81F, 0xF81F, 0xF81F, 0xF81F, 0xF81F,
  0xF81F, 0xF81F, 0xF81F, 0xF81F, 0xF81F, 0xF81F, 0xF81F, 0xF81F, 0xF81F, 0xF81F, 0xF81F, 0xF81F, 0xF81F, 0x8451, 0x7C51, 0xB65A,
  0xADF9, 0xA5B7, 0xADB7, 0xADF8, 0xB639, 0x9D56, 0x73F0, 0x6B8E, 0xA534, 0x630C, 0xA534, 0xFFFF, 0x94B2, 0x98A1, 0xF9C5, 0xE922,
  0xF3AD, 0xFFFF, 0xFFFF, 0xD6BA, 0x7BCF, 0xF7BF, 0xDEFB, 0x5AAA, 0xA514, 0x7BF0, 0x6B8E, 0x8CD4, 0xB619, 0xB619, 0xADD8, 0xA5B7,
  0xADD8, 0xB63A, 0x9D56, 0x73AE, 0xF81F, 0xF81F, 0xF81F, 0xF81F, 0xF81F, 0xF81F, 0xF81F, 0xF81F, 0xF81F, 0xF81F, 0xF81F, 0xF81F,
  0xF81F, 0xF81F, 0xF81F, 0xF81F, 0xF81F, 0xF81F, 0xF81F, 0xF81F, 0xF81F, 0xF81F, 0xF81F, 0xF81F, 0xF81F, 0xF81F, 0xF81F, 0xF81F,
  0xF81F, 0xF81F, 0xF81F, 0xF81F, 0xF81F, 0xF81F, 0xF81F, 0xF81F, 0xF81F, 0xF81F, 0xF81F, 0xF81F, 0xF81F, 0xF81F, 0xF81F, 0xF81F,
  0xF81F, 0xF81F, 0xF81F, 0xF81F, 0xF81F, 0xF81F, 0xF81F, 0xF81F, 0xF81F, 0xF81F, 0xF81F, 0xF81F, 0xF81F, 0xF81F, 0xF81F, 0x6BAE,
  0xA597, 0xB639, 0xADF8, 0xA5B7, 0xADB7, 0xADF8, 0xB639, 0xADD8, 0x8CD4, 0x7C31, 0x426A, 0xB595, 0xFFFF, 0x9492, 0xA0C2, 0xF943,
  0xEB8D, 0xFFFF, 0xD6BA, 0x7BCF, 0xF7BE, 0xE71C, 0x52CB, 0x6BAF, 0x8CB3, 0x9D76, 0xB639, 0xB619, 0xADD8, 0xA5B7, 0xADD8, 0xB619,
  0xB619, 0x73F0, 0x8C71, 0xF81F, 0xF81F, 0xF81F, 0xF81F, 0xF81F, 0xF81F, 0xF81F, 0xF81F, 0xF81F, 0xF81F, 0xF81F, 0xF81F, 0xF81F,
  0xF81F, 0xF81F, 0xF81F, 0xF81F, 0xF81F, 0xF81F, 0xF81F, 0xF81F, 0xF81F, 0xF81F, 0xF81F, 0xF81F, 0xF81F, 0xF81F, 0xF81F, 0xF81F,
  0xF81F, 0xF81F, 0xF81F, 0xF81F, 0xF81F, 0xF81F, 0xF81F, 0xF81F, 0xF81F, 0xF81F, 0xF81F, 0xF81F, 0xF81F, 0xF81F, 0xF81F, 0xF81F,
  0xF81F, 0xF81F, 0xF81F, 0xF81F, 0xF81F, 0xF81F, 0xF81F, 0xF81F, 0xF81F, 0xF81F, 0xF81F, 0xF81F, 0xF81F, 0xF81F, 0xF81F, 0xF81F,
  0x8430, 0x73F0, 0xADF8, 0xB639, 0xADF8, 0xA5B7, 0xA5B7, 0xADD8, 0xB619, 0xB639, 0xB639, 0x636E, 0xAD34, 0xFFFF, 0x94D3, 0x9020,
  0xFC2F, 0xCEDB, 0x7BAE, 0xFFDF, 0xDEDB, 0x632C, 0xA597, 0xBE5A, 0xB619, 0xADF8, 0xA5B7, 0xA5B7, 0xADD8, 0xB619, 0xB639, 0x8CB3,
  0x73CF, 0xF81F, 0xF81F, 0xF81F, 0xF81F, 0xF81F, 0xF81F, 0xF81F, 0xF81F, 0xF81F, 0xF81F, 0xF81F, 0xF81F, 0xF81F, 0xF81F, 0xF81F,
  0xF81F, 0xF81F, 0xF81F, 0xF81F, 0xF81F, 0xF81F, 0xF81F, 0xF81F, 0xF81F, 0xF81F, 0xF81F, 0xF81F, 0xF81F, 0xF81F, 0xF81F, 0xF81F,
  0xF81F, 0xF81F, 0xF81F, 0xF81F, 0xF81F, 0xF81F, 0xF81F, 0xF81F, 0xF81F, 0xF81F, 0xF81F, 0xF81F, 0xF81F, 0xF81F, 0xF81F, 0xF81F,
  0xF81F, 0xF81F, 0xF81F, 0xF81F, 0xF81F, 0xF81F, 0xF81F, 0xF81F, 0xF81F, 0xF81F, 0xF81F, 0xF81F, 0xF81F, 0xF81F, 0xF81F, 0xF81F,
  0xF81F, 0xF81F, 0x7C10, 0x7410, 0xADD8, 0xB65A, 0xB639, 0xADF8, 0xADD7, 0xA5B7, 0xADD8, 0xB639, 0x638E, 0x9CD3, 0xFFFF, 0xA4F3,
  0x79E7, 0x8451, 0xFFFF, 0xCE79, 0x5B2C, 0xA597, 0xB619, 0xA5B7, 0xA5B7, 0xADD8, 0xB619, 0xB639, 0xB619, 0x84B3, 0x73CF, 0xF81F,
  0xF81F, 0xF81F, 0xF81F, 0xF81F, 0xF81F, 0xF81F, 0xF81F, 0xF81F, 0xF81F, 0xF81F, 0xF81F, 0xF81F, 0xF81F, 0xF81F, 0xF81F, 0xF81F,
  0xF81F, 0xF81F, 0xF81F, 0xF81F, 0xF81F, 0xF81F, 0xF81F, 0xF81F, 0xF81F, 0xF81F, 0xF81F, 0xF81F, 0xF81F, 0xF81F, 0xF81F, 0xF81F,
  0xF81F, 0xF81F, 0xF81F, 0xF81F, 0xF81F, 0xF81F, 0xF81F, 0xF81F, 0xF81F, 0xF81F, 0xF81F, 0xF81F, 0xF81F, 0xF81F, 0xF81F, 0xF81F,
  0xF81F, 0xF81F, 0xF81F, 0xF81F, 0xF81F, 0xF81F, 0xF81F, 0xF81F, 0xF81F, 0xF81F, 0xF81F, 0xF81F, 0xF81F, 0xF81F, 0xF81F, 0xF81F,
  0xF81F, 0xF81F, 0xF81F, 0xF81F, 0x8451, 0x73CF, 0x8CF4, 0xADF8, 0xB65A, 0xB639, 0xB619, 0xADF8, 0xB639, 0x6BCF, 0x8C30, 0xFFFF,
  0xC679, 0xFFFF, 0xBDD7, 0x5B2D, 0xADD8, 0xB619, 0xADF8, 0xB619, 0xB65A, 0xB639, 0x9D56, 0x73F0, 0x7BEF, 0xF81F, 0xF81F, 0xF81F,
  0xF81F, 0xF81F, 0xF81F, 0xF81F, 0xF81F, 0xF81F, 0xF81F, 0xF81F, 0xF81F, 0xF81F, 0xF81F, 0xF81F, 0xF81F, 0xF81F, 0xF81F, 0xF81F,
  0xF81F, 0xF81F, 0xF81F, 0xF81F, 0xF81F, 0xF81F, 0xF81F, 0xF81F, 0xF81F, 0xF81F, 0xF81F, 0xF81F, 0xF81F, 0xF81F, 0xF81F, 0xF81F,
  0xF81F, 0xF81F, 0xF81F, 0xF81F, 0xF81F, 0xF81F, 0xF81F, 0xF81F, 0xF81F, 0xF81F, 0xF81F, 0xF81F, 0xF81F, 0xF81F, 0xF81F, 0xF81F,
  0xF81F, 0xF81F, 0xF81F, 0xF81F, 0xF81F, 0xF81F, 0xF81F, 0xF81F, 0xF81F, 0xF81F, 0xF81F, 0xF81F, 0xF81F, 0xF81F, 0xF81F, 0xF81F,
  0xF81F, 0xF81F, 0xF81F, 0xF81F, 0xF81F, 0xF81F, 0xF81F, 0x8430, 0x73F0, 0x7C31, 0x9535, 0xA5B7, 0xADF8, 0xBE9B, 0x8493, 0x8410,
  0xFFDF, 0xAD76, 0x6BCF, 0xBE5A, 0xB639, 0xADD8, 0x9D76, 0x8492, 0x73F0, 0x7BF0, 0x9CF3, 0xF81F, 0xF81F, 0xF81F, 0xF81F, 0xF81F,
  0xF81F, 0xF81F, 0xF81F, 0xF81F, 0xF81F, 0xF81F, 0xF81F, 0xF81F, 0xF81F, 0xF81F, 0xF81F, 0xF81F, 0xF81F, 0xF81F, 0xF81F, 0xF81F,
  0xF81F, 0xF81F, 0xF81F, 0xF81F, 0xF81F, 0xF81F, 0xF81F, 0xF81F, 0xF81F, 0xF81F, 0xF81F, 0xF81F, 0xF81F, 0xF81F, 0xF81F, 0xF81F,
  0xF81F, 0xF81F, 0xF81F, 0xF81F, 0xF81F, 0xF81F, 0xF81F, 0xF81F, 0xF81F, 0xF81F, 0xF81F, 0xF81F, 0xF81F, 0xF81F, 0xF81F, 0xF81F,
  0xF81F, 0xF81F, 0xF81F, 0xF81F, 0xF81F, 0xF81F, 0xF81F, 0xF81F, 0xF81F, 0xF81F, 0xF81F, 0xF81F, 0xF81F, 0xF81F, 0xF81F, 0xF81F,
  0xF81F, 0xF81F, 0xF81F, 0xF81F, 0xF81F, 0xF81F, 0xF81F, 0xF81F, 0xF81F, 0xF81F, 0x9CD3, 0x8430, 0x73AF, 0x636E, 0x73F0, 0x4A8A,
  0x2945, 0x39E7, 0x73D0, 0x6B8E, 0x6B8E, 0x7BEF, 0x8C71, 0xF81F, 0xF81F, 0xF81F, 0xF81F, 0xF81F, 0xF81F, 0xF81F, 0xF81F, 0xF81F,
  0xF81F, 0xF81F, 0xF81F, 0xF81F, 0xF81F, 0xF81F, 0xF81F, 0xF81F, 0xF81F, 0xF81F, 0xF81F, 0xF81F, 0xF81F, 0xF81F, 0xF81F, 0xF81F,
  0xF81F, 0xF81F, 0xF81F, 0xF81F, 0xF81F, 0xF81F, 0xF81F, 0xF81F, 0xF81F, 0xF81F, 0xF81F, 0xF81F, 0xF81F, 0xF81F, 0xF81F, 0xF81F,
  0xF81F, 0xF81F, 0xF81F, 0xF81F, 0xF81F, 0xF81F, 0xF81F, 0xF81F, 0xF81F, 0xF81F, 0xF81F, 0xF81F, 0xF81F, 0xF81F, 0xF81F, 0xF81F,
  0xF81F, 0xF81F, 0xF81F, 0xF81F, 0xF81F, 0xF81F, 0xF81F, 0xF81F, 0xF81F, 0xF81F, 0xF81F, 0xF81F, 0xF81F, 0xF81F, 0xF81F, 0xF81F,
  0xF81F, 0xF81F, 0xF81F, 0xF81F, 0xF81F, 0xF81F, 0xF81F, 0xF81F, 0xF81F, 0xF81F, 0xF81F, 0xF81F, 0xF81F, 0xF81F, 0xF81F, 0xF81F,
  0xF81F, 0xF81F, 0xF81F, 0xF81F, 0xF81F, 0xF81F, 0xF81F, 0xF81F, 0xF81F, 0xF81F, 0xF81F, 0xF81F, 0xF81F, 0xF81F, 0xF81F, 0xF81F,
  0xF81F, 0xF81F, 0xF81F, 0xF81F, 0xF81F, 0xF81F, 0xF81F, 0xF81F, 0xF81F, 0xF81F, 0xF81F, 0xF81F, 0xF81F, 0xF81F, 0xF81F, 0xF81F,
  0xF81F, 0xF81F, 0xF81F, 0xF81F, 0xF81F, 0xF81F, 0xF81F, 0xF81F, 0xF81F, 0xF81F, 0xF81F, 0xF81F, 0xF81F, 0xF81F, 0xF81F, 0xF81F,
  0xF81F, 0xF81F, 0xF81F, 0xF81F, 0xF81F, 0xF81F, 0xF81F, 0xF81F, 0xF81F, 0xF81F, 0xF81F, 0xF81F, 0xF81F, 0xF81F, 0xF81F, 0xF81F,
  0xF81F, 0xF81F, 0xF81F, 0xF81F, 0xF81F, 0xF81F, 0xF81F, 0xF81F, 0xF81F, 0xF81F, 0xF81F, 0xF81F, 0xF81F, 0xF81F, 0xF81F, 0xF81F,
  0xF81F, 0xF81F, 0xF81F, 0xF81F, 0xF81F, 0xF81F, 0xF81F, 0xF81F, 0xF81F, 0xF81F, 0xF81F, 0xF81F, 0xF81F, 0xF81F, 0xF81F, 0xF81F,
  0xF81F, 0xF81F, 0xF81F, 0xF81F, 0xF81F, 0xF81F, 0xF81F, 0xF81F, 0xF81F, 0xF81F, 0xF81F, 0xF81F, 0xF81F, 0xF81F, 0xF81F, 0xF81F,
  0xF81F, 0xF81F, 0xF81F, 0xF81F, 0xF81F, 0xF81F, 0xF81F, 0xF81F, 0xF81F, 0xF81F, 0xF81F, 0xF81F, 0xF81F, 0xF81F, 0xF81F, 0xF81F,
  0xF81F, 0xF81F, 0xF81F, 0xF81F, 0xF81F, 0xF81F, 0xF81F, 0xF81F, 0xF81F, 0xF81F, 0xF81F, 0xF81F, 0xF81F, 0xF81F, 0xF81F, 0xF81F,
};

static constexpr uint16_t AGUIA_VITORIA_WIDTH = 190;
static constexpr uint16_t AGUIA_VITORIA_HEIGHT = 132;
static const uint16_t PROGMEM AGUIA_VITORIA[] = {
  0xF81F, 0xF81F, 0xF81F, 0xF81F, 0xF81F, 0xF81F, 0xF81F, 0xF81F, 0xF81F, 0xF81F, 0xF81F, 0xF81F, 0xEF5D, 0xEF5D, 0xEF5D, 0xEF5D,
  0xEF5D, 0xEF5D, 0xEF5D, 0xEF5D, 0xEF5D, 0xEF5D, 0xEF5D, 0xEF5D, 0xEF5D, 0xEF5D, 0xEF5D, 0xEF5D, 0xEF5D, 0xEF5D, 0xEF5D, 0xEF5D,
  0xEF5D, 0xEF5D, 0xEF5D, 0xEF5D, 0xEF5D, 0xEF5D, 0xEF5D, 0xEF5D, 0xEF5D, 0xEF5D, 0xEF5D, 0xEF5D, 0xEF5D, 0xEF5D, 0xEF5D, 0xEF5D,
  0xEF5D, 0xEF5D, 0xEF5D, 0xEF5D, 0xEF5D, 0xEF5D, 0xEF5D, 0xEF5D, 0xEF5D, 0xEF5D, 0xEF5D, 0xEF5D, 0xE75D, 0xE75D, 0xE75D, 0xE75D,
  0xE75D, 0xE75D, 0xE75D, 0xE75D, 0xE75D, 0xE75D, 0xE75D, 0xE75D, 0xE75D, 0xE75D, 0xE75D, 0xE75D, 0xE75D, 0xE75D, 0xE75D, 0xE75D,
  0xE75D, 0xE75D, 0xE75D, 0xE75D, 0xE75D, 0xE75D, 0xE75D, 0xE75D, 0xE73D, 0xE73D, 0xE73D, 0xE75D, 0xE75D, 0xE75D, 0xE75D, 0xE75D,
  0xE75D, 0xE75D, 0xE75D, 0xE75D, 0xE75D, 0xE75D, 0xE75D, 0xE75D, 0xE75D, 0xE75D, 0xE75D, 0xE75D, 0xE75D, 0xE75D, 0xE73D, 0xF75D,
  0xF75D, 0x834D, 0xBC92, 0x830B, 0x3082, 0x49C8, 0x2905, 0x1822, 0x1002, 0x28A4, 0x0800, 0x0000, 0x28A4, 0x2042, 0x2062, 0x4947,
  0x2883, 0x2083, 0x3946, 0x3104, 0x30E4, 0x1842, 0x1862, 0x1042, 0xC5B7, 0xF75D, 0xF75D, 0xDF5D, 0xDF5D, 0xDF5D, 0xE75D, 0xE75D,
  0xE75D, 0xE75D, 0xE75D, 0xE73D, 0xE73D, 0xE73D, 0xE73D, 0xE73D, 0xE73D, 0xDF5D, 0xDF5D, 0xDF5D, 0xDF3D, 0xDF3D, 0xDF3D, 0xDF3D,
  0xDF3D, 0xDF3D, 0xDF3D, 0xDF3D, 0xDF3D, 0xDF3D, 0xDF3D, 0xD73D, 0xD73D, 0xD73D, 0xD73D, 0xD73D, 0xD73D, 0xD73D, 0xD73D, 0xD73D,
  0xD73D, 0xD73D, 0xF81F, 0xF81F, 0xF81F, 0xF81F, 0xF81F, 0xF81F, 0xF81F, 0xF81F, 0xF81F, 0xF81F, 0xF81F, 0xF81F, 0xF81F, 0xF81F,
  0xF81F, 0xF81F, 0xF81F, 0xF81F, 0xF81F, 0xF81F, 0xF81F, 0xEF5D, 0xEF5D, 0xEF5D, 0xEF5D, 0xEF5D, 0xEF5D, 0xEF5D, 0xEF5D, 0xEF5D,
  0xEF5D, 0xEF5D, 0xEF5D, 0xEF5D, 0xEF5D, 0xEF5D, 0xEF5D, 0xEF5D, 0xEF5D, 0xEF5D, 0xEF5D, 0xEF5D, 0xEF5D, 0xEF5D, 0xEF5D, 0xEF5D,
  0xEF5D, 0xEF5D, 0xEF5D, 0xEF5D, 0xEF5D, 0xEF5D, 0xEF5D, 0xEF5D, 0xEF5D, 0xEF5D, 0xEF5D, 0xEF5D, 0xEF5D, 0xEF5D, 0xEF5D, 0xEF5D,
  0xEF5D, 0xEF5D, 0xEF5D, 0xEF5D, 0xEF5D, 0xEF5D, 0xEF5D, 0xEF5D, 0xEF5D, 0xEF5D, 0xE75D, 0xE75D, 0xE75D, 0xE75D, 0xE75D, 0xE75D,
  0xE75D, 0xE75D, 0xE75D, 0xE75D, 0xE75D, 0xE75D, 0xE75D, 0xE75D, 0xE75D, 0xE75D, 0xE75D, 0xE75D, 0xE75D, 0xE75D, 0xE75D, 0xE75D,
  0xE75D, 0xE75D, 0xE75D, 0xE75D, 0xE75D, 0xE75D, 0xE73D, 0xE73D, 0xE73D, 0xE75D, 0xE75D, 0xE75D, 0xE75D, 0xE75D, 0xE75D, 0xE75D,
  0xE75D, 0xE75D, 0xE75D, 0xE75D, 0xE75D, 0xE75D, 0xE75D, 0xE75D, 0xE75D, 0xE75D, 0xE73D, 0xE75D, 0xE75D, 0xF75D, 0xA4B4, 0x7ACA,
  0xABEE, 0x0800, 0x3926, 0x1843, 0x1801, 0x2021, 0x30A3, 0x2063, 0x0800, 0x1022, 0x18A3, 0x1882, 0x1821, 0x2041, 0x28A2, 0x1041,
  0x0800, 0x2022, 0x3926, 0x2083, 0x28A4, 0x2884, 0x40C3, 0x72AB, 0xF75D, 0xF75D, 0xDF5D, 0xDF5D, 0xE73D, 0xE73D, 0xE73D, 0xE73D,
  0xE73D, 0xE73D, 0xE73D, 0xE73D, 0xE73D, 0xE73D, 0xE73D, 0xDF5D, 0xDF5D, 0xDF5D, 0xDF3D, 0xDF3D, 0xDF3D, 0xDF3D, 0xDF3D, 0xDF3D,
  0xDF3D, 0xDF3D, 0xDF3D, 0xDF3D, 0xDF3D, 0xDF3D, 0xDF3D, 0xDF3D, 0xDF3D, 0xDF3D, 0xDF3D, 0xD73D, 0xD73D, 0xD73D, 0xD73D, 0xD73D,
  0xD73D, 0xD73D, 0xD73D, 0xF81F, 0xF81F, 0xF81F, 0xF81F, 0xF81F, 0xF81F, 0xF81F, 0xF81F, 0xF81F, 0xF81F, 0xF81F, 0xF81F, 0xF81F,
  0xF81F, 0xF81F, 0xF81F, 0xEF5D, 0xEF5D, 0xEF5D, 0xEF5D, 0xEF5D, 0xEF5D, 0xEF5D, 0xEF5D, 0xEF5D, 0xEF5D, 0xEF5D, 0xEF5D, 0xEF5D,
  0xEF5D, 0xEF5D, 0xEF5D, 0xEF5D, 0xEF5D, 0xEF5D, 0xEF5D, 0xEF5D, 0xEF5D, 0xEF5D, 0xEF5D, 0xEF5D, 0xEF5D, 0xEF5D, 0xEF5D, 0xEF5D,
  0xEF5D, 0xEF5D, 0xEF5D, 0xEF5D, 0xEF5D, 0xEF5D, 0xEF5D, 0xEF5D, 0xEF5D, 0xEF5D, 0xEF5D, 0xEF5D, 0xEF5D, 0xEF5D, 0xEF5D, 0xEF5D,
  0xEF5D, 0xEF5D, 0xEF5D, 0xEF5D, 0xEF5D, 0xEF5D, 0xEF5D, 0xEF5D, 0xEF5D, 0xEF5D, 0xEF5D, 0xEF3D, 0xEF5D, 0xEF5D, 0xEF5D, 0xEF3D,
  0xEF5D, 0xEF5D, 0xEF5D, 0xEF3D, 0xEF3D, 0xEF3D, 0xEF5D, 0xEF5D, 0xEF5D, 0xEF3D, 0xEF3D, 0xEF3D, 0xEF3D, 0xEF3D, 0xEF3D, 0xEF3D,
  0xEF3D, 0xEF3D, 0xEF3D, 0xEF3D, 0xEF3D, 0xEF3D, 0xEF3D, 0xE75D, 0xE75D, 0xE75D, 0xE75D, 0xE75D, 0xE75D, 0xE75D, 0xE75D, 0xE75D,
  0xE75D, 0xE75D, 0xE75D, 0xE75D, 0xE75D, 0xE75D, 0xE75D, 0xEF3D, 0xEF3D, 0xE75C, 0xF75D, 0xDE7A, 0x72CA, 0x9C10, 0x4126, 0x1000,
  0x2063, 0x1801, 0x2042, 0x1862, 0x1821, 0x1001, 0x1001, 0x1001, 0x0800, 0x1001, 0x1001, 0x1821, 0x1822, 0x1000, 0x0800, 0x0801,
  0x1002, 0x28A4, 0x28A4, 0x4126, 0x4906, 0x2842, 0x4167, 0xBDD8, 0xF75D, 0xF75D, 0xDF5D, 0xE75D, 0xE75D, 0xDF5D, 0xDF5D, 0xDF5D,
  0xE75D, 0xE75D, 0xE73D, 0xDF3D, 0xDF3D, 0xDF3D, 0xDF5D, 0xDF3D, 0xDF3D, 0xDF3D, 0xDF3D, 0xDF3D, 0xDF3D, 0xDF3D, 0xDF3D, 0xDF3D,
  0xDF3D, 0xDF3D, 0xDF3D, 0xDF3D, 0xDF3D, 0xDF3D, 0xD73D, 0xD73D, 0xD73D, 0xD73D, 0xD73D, 0xD73D, 0xD73D, 0xD73D, 0xD73D, 0xD73D,
  0xD73D, 0xD73D, 0xD73D, 0xF81F, 0xF81F, 0xF81F, 0xF81F, 0xF81F, 0xF81F, 0xF81F, 0xF81F, 0xF81F, 0xF81F, 0xF81F, 0xF81F, 0xF81F,
  0xEF5D, 0xEF5D, 0xEF5D, 0xEF5D, 0xEF5D, 0xEF5D, 0xEF5D, 0xEF5D, 0xEF5D, 0xEF5D, 0xEF5D, 0xEF5D, 0xEF5D, 0xEF5D, 0xEF5D, 0xEF5D,
  0xEF5D, 0xEF5D, 0xEF5D, 0xEF5D, 0xEF5D, 0xEF5D, 0xEF5D, 0xEF5D, 0xEF5D, 0xEF5D, 0xEF5D, 0xEF5D, 0xEF5D, 0xEF5D, 0xEF5D, 0xEF5D,
  0xEF5D, 0xEF5D, 0xEF5D, 0xEF5D, 0xEF5D, 0xEF5D, 0xEF5D, 0xEF5D, 0xEF5D, 0xEF5D, 0xEF5D, 0xEF5D, 0xEF5D, 0xEF5D, 0xEF5D, 0xEF5D,
  0xEF5D, 0xEF5D, 0xEF5D, 0xEF5D, 0xEF5D, 0xEF5D, 0xEF5D, 0xEF5D, 0xEF5D, 0xEF5D, 0xEF5D, 0xEF5D, 0xEF5D, 0xEF5D, 0xEF5D, 0xEF5D,
  0xEF5D, 0xEF5D, 0xEF5D, 0xEF5D, 0xEF5D, 0xEF5D, 0xEF5D, 0xEF5D, 0xEF5D, 0xEF3D, 0xEF3D, 0xEF3D, 0xEF3D, 0xEF3D, 0xEF3D, 0xEF3D,
  0xEF3D, 0xEF3D, 0xEF3D, 0xEF3D, 0xEF5D, 0xE75D, 0xE75D, 0xE75D, 0xE75D, 0xE75D, 0xE75D, 0xE75D, 0xE75D, 0xE75D, 0xE75D, 0xE75D,
  0xE75D, 0xE75D, 0xE75D, 0xE75D, 0xE75D, 0xEF5D, 0xEF3D, 0xF75D, 0xF75D, 0x8BEF, 0x6A68, 0x59C8, 0x1822, 0x1801, 0x2022, 0x2083,
  0x1822, 0x20A3, 0x0800, 0x0801, 0x0800, 0x0800, 0x0000, 0x1801, 0x1842, 0x0801, 0x1821, 0x2863, 0x0800, 0x0000, 0x0800, 0x1822,
  0x0800, 0x0000, 0x2842, 0x2022, 0x730D, 0x0000, 0x522A, 0xF75D, 0xF75D, 0xE75D, 0xE75D, 0xDF5D, 0xDF5D, 0xDF5D, 0xE75D, 0xE75D,
  0xDF3D, 0xDF3D, 0xDF3D, 0xDF3D, 0xDF3D, 0xDF3D, 0xDF3D, 0xDF3D, 0xDF3D, 0xDF3D, 0xDF3D, 0xDF3D, 0xDF3D, 0xDF3D, 0xDF3D, 0xDF3D,
  0xDF3D, 0xDF3D, 0xDF3D, 0xDF3D, 0xDF3D, 0xDF3D, 0xDF3D, 0xDF3D, 0xDF3D, 0xDF3D, 0xD73D, 0xD73D, 0xD73D, 0xD73D, 0xD73D, 0xDF3D,
  0xDF3D, 0xDF3D, 0xF81F, 0xF81F, 0xF81F, 0xF81F, 0xF81F, 0xF81F, 0xF81F, 0xF81F, 0xF81F, 0xF81F, 0xF81F, 0xEF5D, 0xEF5D, 0xEF5D,
  0xEF5D, 0xEF5D, 0xEF5D, 0xEF5D, 0xEF5D, 0xEF5D, 0xEF5D, 0xEF5D, 0xEF5D, 0xEF5D, 0xEF5D, 0xEF5D, 0xEF5D, 0xEF5D, 0xEF5D, 0xEF5D,
  0xEF5D, 0xEF5D, 0xEF5D, 0xEF5D, 0xEF5D, 0xEF5D, 0xEF5D, 0xEF5D, 0xEF5D, 0xEF5D, 0xEF5D, 0xEF5D, 0xEF5D, 0xEF5D, 0xEF5D, 0xEF5D,
  0xEF5D, 0xEF5D, 0xEF5D, 0xEF5D, 0xEF5D, 0xEF5D, 0xEF5D, 0xEF5D, 0xEF5D, 0xEF5D, 0xEF5D, 0xEF5D, 0xEF5D, 0xEF5D, 0xEF5D, 0xEF5D,
  0xEF5D, 0xEF5D, 0xEF5D, 0xEF5D, 0xEF5D, 0xEF5D, 0xEF5D, 0xEF5D, 0xEF5D, 0xEF5D, 0xEF5D, 0xEF5D, 0xEF5D, 0xEF5D, 0xEF5D, 0xEF5D,
  0xEF5D, 0xEF5D, 0xEF5D, 0xEF5D, 0xEF5D, 0xEF5D, 0xEF5D, 0xEF5D, 0xEF5D, 0xEF5D, 0xEF3D, 0xEF3D, 0xEF3D, 0xEF3D, 0xEF3D, 0xEF3D,
  0xEF3D, 0xEF3D, 0xEF5D, 0xEF5D, 0xEF5D, 0xEF5D, 0xE75D, 0xE75D, 0xE75D, 0xE75D, 0xE75D, 0xE75D, 0xE75D, 0xE75D, 0xE75D, 0xE75D,
  0xE75D, 0xE75D, 0xE75D, 0xE75D, 0xE75D, 0xF75D, 0xB534, 0x8B8D, 0x5187, 0x3905, 0x1842, 0x20A3, 0x1842, 0x28A4, 0x1822, 0x1021,
  0x1001, 0x0800, 0x0800, 0x0800, 0x0800, 0x1001, 0x0800, 0x1001, 0x0800, 0x1842, 0x0000, 0x0000, 0x0800, 0x1842, 0x0800, 0x1822,
  0x2063, 0x38E5, 0x7B0D, 0x0800, 0x0000, 0x0001, 0xDF1C, 0xF75D, 0xEF5D, 0xE75D, 0xE75D, 0xE75D, 0xE75D, 0xE75D, 0xE73D, 0xE73D,
  0xE73D, 0xE73D, 0xE73D, 0xE73D, 0xE73D, 0xE73D, 0xDF3D, 0xDF5D, 0xDF5D, 0xDF5D, 0xDF5D, 0xDF5D, 0xDF3D, 0xDF3D, 0xDF3D, 0xDF3D,
  0xDF3D, 0xDF3D, 0xDF5D, 0xDF5D, 0xDF5D, 0xDF5D, 0xDF5D, 0xDF3D, 0xDF3D, 0xDF3D, 0xDF3D, 0xDF3D, 0xDF3D, 0xDF3D, 0xDF3D, 0xDF3D,
  0xDF3D, 0xF81F, 0xF81F, 0xF81F, 0xF81F, 0xF81F, 0xF81F, 0xF81F, 0xF81F, 0xF81F, 0xEF5D, 0xEF5D, 0xEF5D, 0xEF5D, 0xEF5D, 0xEF5D,
  0xEF5D, 0xEF5D, 0xEF5D, 0xEF5D, 0xEF5D, 0xEF5D, 0xEF5D, 0xEF5D, 0xEF5D, 0xEF5D, 0xEF5D, 0xEF5D, 0xEF5D, 0xEF5D, 0xEF5D, 0xEF5D,
  0xEF5D, 0xEF5D, 0xEF5D, 0xEF5D, 0xEF5D, 0xEF5D, 0xEF5D, 0xEF5D, 0xEF5D, 0xEF5D, 0xEF5D, 0xEF5D, 0xEF5D, 0xEF5D, 0xEF5D, 0xEF5D,
  0xEF5D, 0xEF5D, 0xEF5D, 0xEF5D, 0xEF5D, 0xEF5D, 0xEF5D, 0xEF5D, 0xEF5D, 0xEF5D, 0xEF5D, 0xEF5D, 0xEF5D, 0xEF5D, 0xEF5D, 0xEF5D,
  0xEF5D, 0xEF5D, 0xEF5D, 0xEF5D, 0xEF5D, 0xEF5D, 0xEF5D, 0xEF5D, 0xEF5D, 0xEF5D, 0xEF5D, 0xEF5D, 0xEF5D, 0xEF5D, 0xEF5D, 0xEF5D,
  0xEF5D, 0xEF5D, 0xEF5D, 0xEF5D, 0xEF5D, 0xEF5D, 0xEF5D, 0xEF5D, 0xEF5D, 0xEF3D, 0xEF3D, 0xEF3D, 0xEF3D, 0xEF3D, 0xEF5D, 0xEF5D,
  0xEF5D, 0xE75D, 0xE75D, 0xE75D, 0xE75D, 0xE75D, 0xEF5D, 0xEF5D, 0xEF5D, 0xEF5D, 0xEF5D, 0xEF5D, 0xE75D, 0xE75D, 0xE75D, 0xE75D,
  0xE75D, 0xE75D, 0xF75D, 0xE6BB, 0x8B6D, 0x7ACA, 0x2002, 0x1001, 0x1842, 0x2062, 0x2063, 0x0000, 0x1001, 0x1001, 0x1842, 0x0800,
  0x0800, 0x0801, 0x0800, 0x0800, 0x0800, 0x0800, 0x0800, 0x0801, 0x0800, 0x0800, 0x0800, 0x2883, 0x1001, 0x1001, 0x1021, 0x2883,
  0x30C4, 0x0000, 0x0000, 0x0000, 0x0000, 0x9472, 0xF75D, 0xF75D, 0xE75D, 0xE73D, 0xE75D, 0xE75D, 0xE75D, 0xE75D, 0xE75D, 0xE75D,
  0xE75D, 0xE75D, 0xE75D, 0xE75D, 0xE75D, 0xE75D, 0xE75D, 0xE75D, 0xE75D, 0xE75D, 0xE75D, 0xE75D, 0xE75D, 0xDF3D, 0xDF3D, 0xDF3D,
  0xDF3D, 0xDF3D, 0xDF3D, 0xDF3D, 0xDF3D, 0xDF3D, 0xDF3D, 0xDF3D, 0xDF3D, 0xDF3D, 0xDF3D, 0xDF3D, 0xDF3D, 0xDF3D, 0xDF3D, 0xDF3D,
  0xF81F, 0xF81F, 0xF81F, 0xF81F, 0xF81F, 0xF81F, 0xF81F, 0xEF5D, 0xEF5D, 0xEF5D, 0xEF5D, 0xEF5D, 0xEF5D, 0xEF5D, 0xEF5D, 0xEF5D,
  0xEF5D, 0xEF5D, 0xEF5D, 0xEF5D, 0xEF5D, 0xEF5D, 0xEF5D, 0xEF5D, 0xEF5D, 0xEF5D, 0xEF5D, 0xEF5D, 0xEF5D, 0xEF5D, 0xEF5D, 0xEF5D,
  0xEF5D, 0xEF5D, 0xEF5D, 0xEF5D, 0xEF5D, 0xEF5D, 0xEF5D, 0xEF5D, 0xEF5D, 0xEF5D, 0xEF5D, 0xEF5D, 0xEF5D, 0xEF5D, 0xEF5D, 0xEF5D,
  0xEF5D, 0xEF5D, 0xEF5D, 0xEF5D, 0xEF5D, 0xEF5D, 0xEF5D, 0xEF5D, 0xEF5D, 0xEF5D, 0xEF5D, 0xEF5D, 0xEF5D, 0xEF5D, 0xEF5D, 0xEF5D,
  0xEF5D, 0xEF5D, 0xEF5D, 0xEF5D, 0xEF5D, 0xEF5D, 0xEF5D, 0xEF5D, 0xEF5D, 0xEF5D, 0xEF5D, 0xEF5D, 0xEF5D, 0xEF5D, 0xEF5D, 0xEF5D,
  0xEF5D, 0xEF5D, 0xEF5D, 0xEF5D, 0xEF5D, 0xEF5D, 0xEF5D, 0xEF5D, 0xEF5D, 0xEF5D, 0xEF5D, 0xEF5D, 0xEF5D, 0xEF5D, 0xEF5D, 0xE75D,
  0xE75D, 0xE75D, 0xE75D, 0xE75D, 0xEF5D, 0xEF5D, 0xEF5D, 0xEF5D, 0xEF5D, 0xEF5D, 0xE75D, 0xE75D, 0xE75D, 0xE75D, 0xE75D, 0xEF5D,
  0xF75D, 0xA451, 0x9B8D, 0x4104, 0x0000, 0x0801, 0x1822, 0x1001, 0x0800, 0x1021, 0x1001, 0x0800, 0x1001, 0x0800, 0x1001, 0x0801,
  0x0800, 0x0800, 0x0800, 0x0800, 0x0800, 0x0801, 0x0800, 0x1001, 0x1863, 0x2043, 0x1001, 0x0800, 0x0000, 0x0800, 0x61EA, 0x51A8,
  0x0000, 0x0002, 0x0000, 0x0000, 0x526B, 0xF75D, 0xF75D, 0xE75D, 0xE73D, 0xE73D, 0xE73D, 0xE73D, 0xE73D, 0xE73D, 0xE73D, 0xE73D,
  0xE73D, 0xE73D, 0xE73D, 0xE75D, 0xE75D, 0xE75D, 0xE75D, 0xE75D, 0xE73D, 0xE73D, 0xE73D, 0xE73D, 0xE73D, 0xE73D, 0xDF3D, 0xDF3D,
  0xDF3D, 0xDF3D, 0xDF3D, 0xDF3D, 0xDF3D, 0xDF3D, 0xDF3D, 0xDF3D, 0xDF3D, 0xDF3D, 0xDF3D, 0xDF3D, 0xDF3D, 0xDF3D, 0xDF3D, 0xF81F,
  0xF81F, 0xF81F, 0xF81F, 0xF81F, 0xF75D, 0xEF5D, 0xEF5D, 0xEF5D, 0xEF5D, 0xEF5D, 0xEF5D, 0xEF5D, 0xEF5D, 0xEF5D, 0xEF5D, 0xEF5D,
  0xEF5D, 0xEF5D, 0xEF5D, 0xEF5D, 0xEF5D, 0xEF5D, 0xEF5D, 0xEF5D, 0xEF5D, 0xEF5D, 0xEF5D, 0xEF5D, 0xEF5D, 0xEF5D, 0xEF5D, 0xEF5D,
  0xEF5D, 0xEF5D, 0xEF5D, 0xEF5D, 0xEF5D, 0xEF5D, 0xEF5D, 0xEF5D, 0xEF5D, 0xEF5D, 0xEF5D, 0xEF5D, 0xEF5D, 0xEF5D, 0xEF5D, 0xEF5D,
  0xEF5D, 0xEF5D, 0xEF5D, 0xEF5D, 0xEF5D, 0xEF5D, 0xEF5D, 0xEF5D, 0xEF5D, 0xEF5D, 0xEF5D, 0xEF5D, 0xEF5D, 0xEF5D, 0xEF5D, 0xEF5D,
  0xEF5D, 0xEF5D, 0xEF5D, 0xEF5D, 0xEF5D, 0xEF5D, 0xEF5D, 0xEF5D, 0xEF5D, 0xEF5D, 0xEF5D, 0xEF5D, 0xEF5D, 0xEF5D, 0xEF5D, 0xEF5D,
  0xEF5D, 0xEF5D, 0xEF5D, 0xEF5D, 0xEF5D, 0xEF5D, 0xEF5D, 0xEF5D, 0xEF5D, 0xEF5D, 0xEF5D, 0xEF5D, 0xEF5D, 0xEF5D, 0xEF5D, 0xEF5D,
  0xEF5D, 0xEF5D, 0xEF5D, 0xEF5D, 0xEF5D, 0xEF5D, 0xEF5D, 0xEF5D, 0xEF5D, 0xEF5D, 0xEF5D, 0xEF5D, 0xE73D, 0xF75D, 0xE6BB, 0x7AEA,
  0x7A6A, 0x2022, 0x0000, 0x0821, 0x1021, 0x20A3, 0x1001, 0x0801, 0x1001, 0x0800, 0x0800, 0x0800, 0x0800, 0x0801, 0x0800, 0x0800,
  0x0000, 0x0000, 0x0800, 0x1022, 0x0800, 0x0800, 0x0800, 0x0000, 0x1801, 0x0800, 0x0000, 0x1801, 0x2863, 0x8B4F, 0x20A4, 0x0000,
  0x0802, 0x0801, 0x0000, 0x4209, 0xF75D, 0xF75D, 0xE75D, 0xE73D, 0xE73D, 0xE73D, 0xE73D, 0xE73D, 0xE73D, 0xE73D, 0xE73D, 0xE73D,
  0xE73D, 0xE75D, 0xE75D, 0xE75D, 0xE75D, 0xE75D, 0xE73D, 0xE73D, 0xE73D, 0xE73D, 0xE73D, 0xE73D, 0xDF3D, 0xDF3D, 0xDF3D, 0xDF3D,
  0xDF3D, 0xDF3D, 0xDF3D, 0xDF3D, 0xDF3D, 0xDF3D, 0xDF3D, 0xDF3D, 0xDF3D, 0xDF3D, 0xDF3D, 0xDF3D, 0xDF3D, 0xDF3D, 0xF81F, 0xF81F,
  0xF81F, 0xF81F, 0xF75D, 0xF75D, 0xF75D, 0xF75D, 0xF75D, 0xF75D, 0xF75D, 0xF75D, 0xF75D, 0xF75D, 0xEF5D, 0xEF5D, 0xEF5D, 0xEF5D,
  0xEF5D, 0xEF5D, 0xEF5D, 0xEF5D, 0xEF5D, 0xEF5D, 0xEF5D, 0xEF5D, 0xEF5D, 0xEF5D, 0xEF5D, 0xEF5D, 0xEF5D, 0xEF5D, 0xEF5D, 0xEF5D,
  0xEF5D, 0xEF5D, 0xEF5D, 0xEF5D, 0xEF5D, 0xEF5D, 0xEF5D, 0xEF5D, 0xEF5D, 0xEF5D, 0xEF5D, 0xEF5D, 0xEF5D, 0xEF5D, 0xEF5D, 0xEF5D,
  0xEF5D, 0xEF5D, 0xEF5D, 0xEF5D, 0xEF5D, 0xEF5D, 0xEF5D, 0xEF5D, 0xEF5D, 0xEF5D, 0xEF5D, 0xEF5D, 0xEF5D, 0xEF5D, 0xEF5D, 0xEF5D,
  0xEF5D, 0xEF5D, 0xEF5D, 0xEF5D, 0xEF5D, 0xEF5D, 0xEF5D, 0xEF5D, 0xEF5D, 0xEF5D, 0xEF5D, 0xEF5D, 0xEF5D, 0xEF5D, 0xEF5D, 0xEF5D,
  0xEF5D, 0xEF5D, 0xEF5D, 0xEF5D, 0xEF5D, 0xEF5D, 0xEF5D, 0xEF5D, 0xEF5D, 0xEF5D, 0xEF5D, 0xEF5D, 0xEF5D, 0xEF5D, 0xEF5D, 0xEF5D,
  0xEF5D, 0xEF5D, 0xEF5D, 0xEF5D, 0xEF5D, 0xEF5D, 0xEF5D, 0xEF5D, 0xEF5D, 0xEF5D, 0xE75D, 0xF75D, 0xAC92, 0x8B2C, 0x51A7, 0x0801,
  0x0822, 0x1021, 0x2083, 0x1842, 0x1822, 0x0801, 0x0801, 0x0800, 0x0800, 0x0000, 0x0800, 0x0800, 0x0000, 0x0800, 0x0800, 0x0800,
  0x0800, 0x1801, 0x1001, 0x0801, 0x0800, 0x0000, 0x0800, 0x0800, 0x0000, 0x1001, 0x0800, 0x30C3, 0x936E, 0x30E3, 0x0000, 0x0000,
  0x0002, 0x0000, 0x8390, 0xF75D, 0xE75D, 0xE73D, 0xE75D, 0xEF5D, 0xEF5D, 0xE75D, 0xE75D, 0xE75D, 0xE75D, 0xE75D, 0xE75D, 0xE75D,
  0xE75D, 0xE75D, 0xE75D, 0xE75D, 0xE75D, 0xE75D, 0xE75D, 0xE75D, 0xE75D, 0xE75D, 0xDF3D, 0xDF3D, 0xDF3D, 0xDF3D, 0xDF3D, 0xDF3D,
  0xDF5D, 0xDF5D, 0xDF5D, 0xDF5D, 0xDF5D, 0xDF5D, 0xDF5D, 0xDF5D, 0xDF3D, 0xDF3D, 0xDF3D, 0xDF3D, 0xF81F, 0xF81F, 0xF81F, 0xF75D,
  0xF75D, 0xF75D, 0xF75D, 0xF75D, 0xF75D, 0xF75D, 0xF75D, 0xF75D, 0xF75D, 0xF75D, 0xF75D, 0xF75D, 0xF75D, 0xF75D, 0xF75D, 0xEF5D,
  0xEF5D, 0xEF5D, 0xEF5D, 0xEF5D, 0xEF5D, 0xF75D, 0xF75D, 0xF75D, 0xF75D, 0xF75D, 0xF75D, 0xEF5D, 0xEF5D, 0xEF5D, 0xEF5D, 0xEF5D,
  0xEF5D, 0xEF5D, 0xEF5D, 0xEF5D, 0xEF5D, 0xEF5D, 0xEF5D, 0xEF5D, 0xEF5D, 0xEF5D, 0xEF5D, 0xEF5D, 0xEF5D, 0xEF5D, 0xEF5D, 0xEF5D,
  0xEF5D, 0xEF5D, 0xEF5D, 0xEF5D, 0xEF5D, 0xEF5D, 0xEF5D, 0xEF5D, 0xEF5D, 0xEF5D, 0xEF5D, 0xEF5D, 0xEF5D, 0xEF5D, 0xEF5D, 0xEF5D,
  0xEF5D, 0xEF5D, 0xEF5D, 0xEF5D, 0xEF5D, 0xEF5D, 0xEF5D, 0xEF5D, 0xEF5D, 0xEF5D, 0xEF5D, 0xEF5D, 0xEF5D, 0xEF5D, 0xEF5D, 0xEF5D,
  0xEF5D, 0xEF5D, 0xEF5D, 0xEF5D, 0xEF5D, 0xEF5D, 0xEF5D, 0xEF5D, 0xEF5D, 0xEF5D, 0xEF5D, 0xEF5D, 0xEF5D, 0xEF5D, 0xEF5D, 0xEF5D,
  0xEF5D, 0xEF5D, 0xEF5D, 0xEF5D, 0xEF5D, 0xEF5D, 0xEF5D, 0xEF3D, 0xF75D, 0xEF3D, 0x832C, 0x51A6, 0x2862, 0x0801, 0x0821, 0x1021,
  0x28E4, 0x1001, 0x0800, 0x1001, 0x0801, 0x0800, 0x0800, 0x0800, 0x0800, 0x0000, 0x0000, 0x0800, 0x0800, 0x0800, 0x0000, 0x1001,
  0x1001, 0x1822, 0x1001, 0x0800, 0x0800, 0x0800, 0x0000, 0x0800, 0x1842, 0x1000, 0x6208, 0x938E, 0x3104, 0x0000, 0x0002, 0x0001,
  0x0000, 0xE71C, 0xF75D, 0xE75D, 0xE75D, 0xEF5D, 0xEF5D, 0xE75D, 0xE75D, 0xE75D, 0xE75D, 0xE75D, 0xE75D, 0xE75D, 0xE75D, 0xE75D,
  0xE75D, 0xE75D, 0xE75D, 0xE75D, 0xE75D, 0xE75D, 0xE75D, 0xE75D, 0xE75D, 0xE75D, 0xDF5D, 0xDF3D, 0xDF3D, 0xDF3D, 0xDF3D, 0xDF3D,
  0xDF3D, 0xDF3D, 0xDF3D, 0xDF3D, 0xDF3D, 0xDF3D, 0xDF3D, 0xDF3D, 0xDF3D, 0xDF3D, 0xDF3D, 0xF81F, 0xF81F, 0xF75D, 0xF75D, 0xF75D,
  0xF75D, 0xF75D, 0xF75D, 0xF75D, 0xF75D, 0xF75D, 0xF75D, 0xF75D, 0xF75D, 0xF75D, 0xF75D, 0xF75D, 0xF75D, 0xF75D, 0xF75D, 0xEF5D,
  0xEF5D, 0xF75D, 0xF75D, 0xF75D, 0xEF1D, 0xDEBB, 0xE6BC, 0xEF1D, 0xF75D, 0xF75D, 0xF75D, 0xF75D, 0xEF5D, 0xEF5D, 0xEF5D, 0xEF5D,
  0xEF5D, 0xEF5D, 0xEF5D, 0xEF5D, 0xEF5D, 0xEF5D, 0xEF5D, 0xEF5D, 0xEF5D, 0xEF5D, 0xEF5D, 0xEF5D, 0xEF5D, 0xEF5D, 0xEF5D, 0xEF5D,
  0xEF5D, 0xEF5D, 0xEF5D, 0xEF5D, 0xEF5D, 0xEF5D, 0xEF5D, 0xEF5D, 0xEF5D, 0xEF5D, 0xEF5D, 0xEF5D, 0xEF5D, 0xEF5D, 0xEF5D, 0xEF5D,
  0xEF5D, 0xEF5D, 0xEF5D, 0xEF5D, 0xEF5D, 0xEF5D, 0xEF5D, 0xEF5D, 0xEF5D, 0xEF5D, 0xEF5D, 0xEF5D, 0xEF5D, 0xEF5D, 0xEF5D, 0xEF5D,
  0xEF5D, 0xEF5D, 0xEF5D, 0xEF5D, 0xEF5D, 0xEF5D, 0xEF5D, 0xEF5D, 0xEF5D, 0xEF5D, 0xEF5D, 0xEF5D, 0xEF5D, 0xEF5D, 0xEF5D, 0xEF5D,
  0xEF5D, 0xEF5D, 0xEF5D, 0xEF5D, 0xEF5D, 0xEF5D, 0xF75D, 0xA4B3, 0x7AEA, 0x4125, 0x0800, 0x0801, 0x1022, 0x1842, 0x0000, 0x1001,
  0x0800, 0x0800, 0x1001, 0x0800, 0x0000, 0x0000, 0x0000, 0x0000, 0x0800, 0x0800, 0x0000, 0x0800, 0x0000, 0x1801, 0x1001, 0x0801,
  0x1001, 0x0801, 0x0000, 0x1001, 0x0800, 0x0000, 0x0800, 0x2042, 0x3083, 0x4145, 0x4126, 0x0000, 0x0001, 0x0801, 0x0000, 0x41E8,
  0xF75D, 0xF75D, 0xEF5D, 0xEF5D, 0xEF5D, 0xE75D, 0xE75D, 0xE75D, 0xE75D, 0xE75D, 0xE75D, 0xE75D, 0xE75D, 0xE75D, 0xE75D, 0xE75D,
  0xEF5D, 0xEF5D, 0xEF5D, 0xE75D, 0xE75D, 0xE75D, 0xE75D, 0xE75D, 0xE75D, 0xE75D, 0xE75D, 0xE73D, 0xDF3D, 0xDF3D, 0xDF3D, 0xDF3D,
  0xDF3D, 0xDF3D, 0xDF3D, 0xDF3D, 0xDF3D, 0xDF3D, 0xDF3D, 0xDF3D, 0xDF3D, 0xF81F, 0xF81F, 0xF75D, 0xF75D, 0xF75D, 0xF75D, 0xF75D,
  0xF75D, 0xF75D, 0xF75D, 0xF75D, 0xF75D, 0xF75D, 0xF75D, 0xF75D, 0xF75D, 0xF75D, 0xF75D, 0xF75D, 0xF75D, 0xF75D, 0xF75D, 0xF75D,
  0xB555, 0x9C31, 0x834D, 0x3105, 0x49C7, 0x5A49, 0x5208, 0x72ED, 0xDE9B, 0xF75D, 0xF75D, 0xF75D, 0xEF5D, 0xF75D, 0xEF5D, 0xEF5D,
  0xEF5D, 0xEF5D, 0xEF5D, 0xEF5D, 0xEF5D, 0xEF5D, 0xEF5D, 0xEF5D, 0xEF5D, 0xEF5D, 0xEF5D, 0xEF5D, 0xEF5D, 0xEF5D, 0xEF5D, 0xEF5D,
  0xEF5D, 0xEF5D, 0xEF5D, 0xEF5D, 0xEF5D, 0xEF5D, 0xEF5D, 0xEF5D, 0xEF5D, 0xEF5D, 0xEF5D, 0xEF5D, 0xEF5D, 0xEF5D, 0xEF5D, 0xEF5D,
  0xEF5D, 0xEF5D, 0xEF5D, 0xEF5D, 0xEF5D, 0xEF5D, 0xEF5D, 0xEF5D, 0xEF5D, 0xEF5D, 0xEF5D, 0xEF5D, 0xEF5D, 0xEF5D, 0xEF5D, 0xEF5D,
  0xEF5D, 0xEF5D, 0xEF5D, 0xEF5D, 0xEF5D, 0xEF5D, 0xEF5D, 0xEF5D, 0xEF5D, 0xEF5D, 0xEF5D, 0xEF5D, 0xEF5D, 0xEF5D, 0xEF5D, 0xEF5D,
  0xEF5D, 0xEF5D, 0xEF5D, 0xF75D, 0xE6BC, 0x93AF, 0x82EA, 0x2083, 0x0800, 0x1801, 0x1001, 0x3105, 0x1842, 0x1001, 0x1001, 0x0800,
  0x0800, 0x0000, 0x0000, 0x0000, 0x0000, 0x0000, 0x0800, 0x0800, 0x0800, 0x0800, 0x0800, 0x1822, 0x0801, 0x0000, 0x0801, 0x0801,
  0x1001, 0x0800, 0x0000, 0x0801, 0x0801, 0x0800, 0x28A4, 0x2841, 0x2863, 0x0000, 0x0000, 0x0000, 0x0000, 0x0000, 0xEEFC, 0xF75D,
  0xEF3D, 0xEF5D, 0xEF5D, 0xE75D, 0xE75D, 0xE75D, 0xE75D, 0xE75D, 0xE75D, 0xE75D, 0xE75D, 0xE75D, 0xE75D, 0xE75D, 0xE75D, 0xE75D,
  0xE75D, 0xE75D, 0xE75D, 0xE75D, 0xE75D, 0xE75D, 0xE75D, 0xE73D, 0xE73D, 0xE75D, 0xE75D, 0xE75D, 0xE75D, 0xE75D, 0xE75D, 0xE75D,
  0xE75D, 0xE75D, 0xE73D, 0xE73D, 0xDF3D, 0xDF3D, 0xDF3D, 0xF81F, 0xF75D, 0xF75D, 0xF75D, 0xF75D, 0xF75D, 0xF75D, 0xF75D, 0xF75D,
  0xF75D, 0xF75D, 0xF75D, 0xF75D, 0xF75D, 0xF75D, 0xF75D, 0xF75D, 0xF75D, 0xF75D, 0xF75D, 0xF75D, 0xEEDB, 0x4965, 0x59A7, 0x9BCF,
  0x936D, 0x6A69, 0x8B4D, 0x7AEB, 0x938E, 0x6A6C, 0x4167, 0x730D, 0xB555, 0xF75D, 0xF75D, 0xF75D, 0xEF5D, 0xEF5D, 0xEF5D, 0xEF5D,
  0xEF5D, 0xEF5D, 0xEF5D, 0xEF5D, 0xEF5D, 0xEF5D, 0xEF5D, 0xEF5D, 0xEF5D, 0xEF5D, 0xEF5D, 0xEF5D, 0xEF5D, 0xEF5D, 0xEF5D, 0xEF5D,
  0xEF5D, 0xEF5D, 0xEF5D, 0xEF5D, 0xEF5D, 0xEF5D, 0xEF5D, 0xEF5D, 0xEF5D, 0xEF5D, 0xEF5D, 0xEF5D, 0xEF5D, 0xEF5D, 0xEF5D, 0xEF5D,
  0xEF5D, 0xEF5D, 0xEF5D, 0xEF5D, 0xEF5D, 0xEF5D, 0xEF5D, 0xEF5D, 0xEF5D, 0xEF5D, 0xEF5D, 0xEF5D, 0xEF5D, 0xEF5D, 0xEF5D, 0xEF5D,
  0xEF5D, 0xEF5D, 0xEF5D, 0xEF5D, 0xEF5D, 0xEF5D, 0xEF5D, 0xEF5D, 0xEF5D, 0xEF5D, 0xEF5D, 0xEF5D, 0xEF5D, 0xEF5D, 0xEF5D, 0xEF5D,
  0xE75D, 0xF75D, 0xA493, 0xAC31, 0x6A06, 0x0801, 0x1023, 0x1842, 0x3125, 0x0800, 0x1022, 0x0801, 0x1001, 0x1001, 0x0800, 0x0000,
  0x0000, 0x0000, 0x1001, 0x0800, 0x0000, 0x0800, 0x0000, 0x1802, 0x1842, 0x1001, 0x1001, 0x0800, 0x0800, 0x1001, 0x1002, 0x0801,
  0x0000, 0x0801, 0x0801, 0x0800, 0x1842, 0x5166, 0x6A09, 0x2022, 0x0001, 0x0001, 0x0821, 0x0000, 0x732E, 0xF75D, 0xEF5D, 0xEF5D,
  0xEF5D, 0xE75D, 0xE75D, 0xE75D, 0xE75D, 0xE75D, 0xE75D, 0xE75D, 0xE75D, 0xE75D, 0xE75D, 0xE75D, 0xE75D, 0xE75D, 0xE75D, 0xE75D,
  0xE75D, 0xE75D, 0xE75D, 0xE75D, 0xE75D, 0xE75D, 0xE75D, 0xE73D, 0xE73D, 0xE73D, 0xE73D, 0xE73D, 0xE73D, 0xE73D, 0xE73D, 0xE73D,
  0xE73D, 0xE73D, 0xE73D, 0xDF3D, 0xDF3D, 0xDF3D, 0xF75D, 0xF75D, 0xF75D, 0xF75D, 0xF75D, 0xF75D, 0xF75D, 0xF75D, 0xF75D, 0xF75D,
  0xF75D, 0xF75D, 0xF75D, 0xF75D, 0xF75D, 0xF75D, 0xF75D, 0xEF5D, 0xF75D, 0xCE17, 0x51A6, 0x59A7, 0x9B8F, 0xB492, 0x5165, 0x7ACB,
  0x6208, 0x5164, 0x8B2D, 0x8B4F, 0x6A6A, 0x624A, 0x28A4, 0x72EE, 0xEF3D, 0xF75D, 0xF75D, 0xF75D, 0xF75D, 0xF75D, 0xF75D, 0xF75D,
  0xF75D, 0xF75D, 0xF75D, 0xF75D, 0xF75D, 0xF75D, 0xF75D, 0xF75D, 0xF75D, 0xF75D, 0xF75D, 0xF75D, 0xF75D, 0xF75D, 0xF75D, 0xF75D,
  0xF75D, 0xF75D, 0xF75D, 0xF75D, 0xF75D, 0xF75D, 0xF75D, 0xF75D, 0xF75D, 0xF75D, 0xF75D, 0xF75D, 0xF75D, 0xF75D, 0xF75D, 0xF75D,
  0xEF5D, 0xEF5D, 0xEF5D, 0xEF5D, 0xEF5D, 0xEF5D, 0xEF5D, 0xEF5D, 0xEF5D, 0xEF5D, 0xEF5D, 0xEF5D, 0xEF5D, 0xEF5D, 0xEF5D, 0xEF5D,
  0xEF5D, 0xEF5D, 0xEF5D, 0xEF5D, 0xEF5D, 0xEF5D, 0xEF5D, 0xEF5D, 0xEF5D, 0xEF5D, 0xEF5D, 0xEF5D, 0xEF5D, 0xEF5D, 0xF75D, 0xEF3D,
  0x938F, 0x7ACB, 0x2861, 0x0000, 0x1842, 0x2082, 0x28A3, 0x0800, 0x1001, 0x1001, 0x0800, 0x0800, 0x0800, 0x0800, 0x0000, 0x0800,
  0x1001, 0x0800, 0x0000, 0x0000, 0x0000, 0x1001, 0x1001, 0x1001, 0x1001, 0x0800, 0x0000, 0x0800, 0x0801, 0x1001, 0x0801, 0x0000,
  0x0800, 0x0800, 0x1001, 0x4146, 0x2842, 0x28C4, 0x28A4, 0x0000, 0x0000, 0x0000, 0x0000, 0xF75D, 0xF75D, 0xEF5D, 0xEF5D, 0xEF5D,
  0xEF5D, 0xEF5D, 0xEF5D, 0xEF5D, 0xEF5D, 0xEF5D, 0xEF5D, 0xEF5D, 0xEF5D, 0xEF5D, 0xEF5D, 0xEF5D, 0xEF5D, 0xEF5D, 0xEF5D, 0xEF5D,
  0xEF5D, 0xEF5D, 0xEF5D, 0xEF5D, 0xEF3D, 0xE75D, 0xE75D, 0xE75D, 0xE75D, 0xE75D, 0xE75D, 0xE73D, 0xE75D, 0xE75D, 0xE73D, 0xE73D,
  0xE73D, 0xE73D, 0xE73D, 0xE73D, 0xF75D, 0xF75D, 0xF75D, 0xF75D, 0xF75D, 0xF75D, 0xF75D, 0xF75D, 0xF75D, 0xF75D, 0xF75D, 0xF75D,
  0xF75D, 0xF75D, 0xF75D, 0xF75D, 0xF75D, 0xF75D, 0xF75D, 0x93CF, 0x59E6, 0x8B8D, 0xCD74, 0x9C10, 0x59C7, 0x5A08, 0x4965, 0x8B4D,
  0x6209, 0x3905, 0x51A7, 0x93D0, 0xA453, 0x4949, 0x0002, 0x9CB3, 0xF75D, 0xF75D, 0xF75D, 0xF75D, 0xF75D, 0xF75D, 0xF75D, 0xF75D,
  0xF75D, 0xF75D, 0xF75D, 0xF75D, 0xF75D, 0xF75D, 0xF75D, 0xF75D, 0xF75D, 0xF75D, 0xF75D, 0xF75D, 0xF75D, 0xF75D, 0xF75D, 0xF75D,
  0xF75D, 0xF75D, 0xF75D, 0xF75D, 0xF75D, 0xF75D, 0xF75D, 0xF75D, 0xF75D, 0xF75D, 0xF75D, 0xF75D, 0xF75D, 0xF75D, 0xEF5D, 0xEF5D,
  0xEF5D, 0xEF5D, 0xEF5D, 0xEF5D, 0xEF5D, 0xEF5D, 0xEF5D, 0xEF5D, 0xEF5D, 0xEF5D, 0xEF5D, 0xEF5D, 0xEF5D, 0xEF5D, 0xEF5D, 0xEF5D,
  0xEF5D, 0xEF5D, 0xEF5D, 0xEF5D, 0xEF5D, 0xEF5D, 0xEF5D, 0xEF5D, 0xEF5D, 0xEF5D, 0xEF5C, 0xEF5D, 0xF75D, 0xAC92, 0x936D, 0x6209,
  0x0801, 0x1001, 0x1842, 0x1001, 0x1821, 0x1821, 0x1001, 0x1001, 0x0800, 0x0800, 0x0000, 0x0000, 0x0000, 0x0800, 0x0800, 0x0800,
  0x0800, 0x0800, 0x0801, 0x1002, 0x1022, 0x0800, 0x0801, 0x0800, 0x0000, 0x0000, 0x0800, 0x0800, 0x1002, 0x0000, 0x0000, 0x0801,
  0x1802, 0x3905, 0x1001, 0x0800, 0x3946, 0x2042, 0x0800, 0x1863, 0x0000, 0x9472, 0xF75D, 0xE75D, 0xEF5D, 0xEF5D, 0xEF5D, 0xEF5D,
  0xEF5D, 0xEF5D, 0xEF5D, 0xEF5D, 0xEF5D, 0xEF5D, 0xEF3D, 0xEF3D, 0xEF3D, 0xEF3D, 0xEF3D, 0xEF3D, 0xEF3D, 0xEF3D, 0xEF3D, 0xEF3D,
  0xEF3D, 0xEF3D, 0xEF3D, 0xEF5D, 0xE75D, 0xE75D, 0xE75D, 0xE75D, 0xE75D, 0xE73D, 0xE73D, 0xE73D, 0xE73D, 0xE73D, 0xE73D, 0xE73D,
  0xE73D, 0xE73D, 0xF75D, 0xF75D, 0xF75D, 0xF75D, 0xF75D, 0xF75D, 0xF75D, 0xF75D, 0xF75D, 0xF75D, 0xF75D, 0xF75D, 0xF75D, 0xF75D,
  0xF75D, 0xF75D, 0xF75D, 0xF75D, 0xE69A, 0xA42F, 0xA40E, 0x936C, 0xA3EE, 0x1800, 0x4104, 0x6249, 0x51A6, 0x4145, 0x4946, 0x3084,
  0x6229, 0x5A29, 0x51E9, 0x4148, 0x51EB, 0x1044, 0x5A6C, 0xF75D, 0xF75D, 0xF75D, 0xF75D, 0xF75D, 0xF75D, 0xF75D, 0xF75D, 0xF75D,
  0xF75D, 0xF75D, 0xF75D, 0xF75D, 0xF75D, 0xF75D, 0xF75D, 0xF75D, 0xF75D, 0xF75D, 0xF75D, 0xF75D, 0xF75D, 0xF75D, 0xF75D, 0xF75D,
  0xF75D, 0xF75D, 0xF75D, 0xF75D, 0xF75D, 0xF75D, 0xF75D, 0xF75D, 0xF75D, 0xF75D, 0xF75D, 0xF75D, 0xEF5D, 0xEF5D, 0xEF5D, 0xEF5D,
  0xEF5D, 0xEF5D, 0xEF5D, 0xEF5D, 0xEF5D, 0xEF5D, 0xEF5D, 0xEF5D, 0xEF5D, 0xEF5D, 0xEF5D, 0xEF5D, 0xEF5D, 0xEF5D, 0xEF5D, 0xEF5D,
  0xEF5D, 0xEF5D, 0xEF5D, 0xEF5D, 0xEF5D, 0xEF5D, 0xEF5D, 0xEF5D, 0xF75D, 0xF75D, 0xCE1A, 0x93AF, 0x82EB, 0x30A4, 0x0800, 0x2062,
  0x28A4, 0x30E5, 0x0000, 0x1001, 0x0800, 0x0800, 0x0800, 0x0000, 0x0000, 0x0000, 0x0000, 0x0000, 0x0000, 0x0000, 0x0000, 0x0801,
  0x0801, 0x0800, 0x0801, 0x0801, 0x0800, 0x0801, 0x0800, 0x0000, 0x0801, 0x0800, 0x1001, 0x0800, 0x0000, 0x0801, 0x1822, 0x28A4,
  0x28A4, 0x1001, 0x1842, 0x49A8, 0x1842, 0x0000, 0x0000, 0x0000, 0xF75D, 0xF75D, 0xEF5D, 0xEF5D, 0xEF5D, 0xEF5D, 0xEF5D, 0xEF5D,
  0xEF5D, 0xEF5D, 0xEF5D, 0xEF5D, 0xEF3D, 0xEF3D, 0xEF3D, 0xEF3D, 0xEF3D, 0xEF3D, 0xEF3D, 0xEF3D, 0xEF3D, 0xEF3D, 0xEF3D, 0xEF3D,
  0xEF3D, 0xEF5D, 0xE75D, 0xE75D, 0xE75D, 0xE75D, 0xE75D, 0xE73D, 0xE73D, 0xE73D, 0xE73D, 0xE73D, 0xE73D, 0xE73D, 0xE73D, 0xE73D,
  0xF75D, 0xF75D, 0xF75D, 0xF75D, 0xF75D, 0xF75D, 0xF75D, 0xF75D, 0xF75D, 0xF75D, 0xF75D, 0xF75D, 0xF75D, 0xF75D, 0xF75D, 0xF75D,
  0xF75D, 0xF75D, 0xDE79, 0x6A68, 0x82EA, 0xC4B1, 0x9BCD, 0x1801, 0x30C4, 0x8B6E, 0x38E5, 0x4146, 0x4166, 0x3905, 0x4146, 0x2042,
  0x3106, 0x3928, 0x49EA, 0x3949, 0x3108, 0x4189, 0xE6DB, 0xF75D, 0xF75D, 0xF75D, 0xF75D, 0xF75D, 0xF75D, 0xF75D, 0xF75D, 0xF75D,
  0xF75D, 0xF75D, 0xF75D, 0xF75D, 0xF75D, 0xF75D, 0xF75D, 0xF75D, 0xF75D, 0xF75D, 0xF75D, 0xF75D, 0xF75D, 0xF75D, 0xF75D, 0xF75D,
  0xF75D, 0xF75D, 0xF75D, 0xF75D, 0xF75D, 0xF75D, 0xF75D, 0xF75D, 0xF75D, 0xF75D, 0xF75D, 0xF75D, 0xF75D, 0xEF5D, 0xEF5D, 0xEF5D,
  0xEF5D, 0xEF5D, 0xEF5D, 0xEF5D, 0xEF5D, 0xEF5D, 0xEF5D, 0xEF5D, 0xEF5D, 0xEF5D, 0xEF5D, 0xEF5D, 0xEF5D, 0xEF5D, 0xEF5D, 0xEF5D,
  0xEF5D, 0xEF5D, 0xEF5D, 0xEF5D, 0xEF5D, 0xEF5D, 0xF75D, 0xF75D, 0x730D, 0x938E, 0x6249, 0x1862, 0x0000, 0x1842, 0x1842, 0x2043,
  0x1821, 0x0801, 0x0801, 0x0800, 0x0000, 0x0000, 0x0000, 0x0800, 0x0800, 0x0000, 0x0000, 0x0000, 0x0000, 0x0800, 0x0800, 0x0800,
  0x0800, 0x0801, 0x0800, 0x0800, 0x0800, 0x0000, 0x0800, 0x0800, 0x0801, 0x0801, 0x0000, 0x0800, 0x1822, 0x2063, 0x1001, 0x1842,
  0x1842, 0x1842, 0x4187, 0xB4F5, 0xACF4, 0x7B6F, 0xDEFC, 0xF75D, 0xEF5D, 0xEF5D, 0xEF5D, 0xEF5D, 0xEF5D, 0xEF5D, 0xEF5D, 0xEF5D,
  0xEF5D, 0xEF5D, 0xEF5D, 0xEF5D, 0xEF5D, 0xEF5D, 0xEF5D, 0xEF5D, 0xEF5D, 0xEF5D, 0xEF3D, 0xEF3D, 0xEF5D, 0xEF5D, 0xEF5D, 0xEF5D,
  0xEF5D, 0xEF5D, 0xEF5D, 0xEF5D, 0xEF5D, 0xE75D, 0xE73D, 0xE73D, 0xE73D, 0xE73D, 0xE73D, 0xE73D, 0xE73D, 0xE73D, 0xF75D, 0xF75D,
  0xF75D, 0xF75D, 0xF75D, 0xF75D, 0xF75D, 0xF75D, 0xF75D, 0xF75D, 0xF75D, 0xF75D, 0xF75D, 0xF75D, 0xF75D, 0xF75D, 0xF75D, 0xF75D,
  0xF75D, 0x4164, 0x7AC9, 0x8B4B, 0x6A48, 0x4188, 0x3105, 0x4166, 0x1001, 0x522A, 0x4167, 0x3905, 0x4186, 0x28E4, 0x1843, 0x3106,
  0x41A9, 0x3107, 0x520B, 0x3948, 0x20A5, 0xD5F9, 0xF75D, 0xF75D, 0xF75D, 0xF75D, 0xF75D, 0xF75D, 0xF75D, 0xF75D, 0xF75D, 0xF75D,
  0xF75D, 0xF75D, 0xF75D, 0xF75D, 0xF75D, 0xF75D, 0xF75D, 0xF75D, 0xF75D, 0xF75D, 0xF75D, 0xF75D, 0xF75D, 0xF75D, 0xF75D, 0xF75D,
  0xF75D, 0xF75D, 0xF75D, 0xF75D, 0xF75D, 0xF75D, 0xF75D, 0xF75D, 0xF75D, 0xF75D, 0xF75D, 0xEF5D, 0xEF5D, 0xEF5D, 0xEF5D, 0xEF5D,
  0xEF5D, 0xEF5D, 0xEF5D, 0xEF5D, 0xEF5D, 0xEF5D, 0xEF5D, 0xEF5D, 0xEF5D, 0xEF5D, 0xEF5D, 0xEF5D, 0xEF5D, 0xEF5D, 0xEF5D, 0xEF5D,
  0xEF5D, 0xEF5D, 0xEF5D, 0xF75D, 0xF75D, 0x9453, 0xAC72, 0x8AEB, 0x5208, 0x1042, 0x2062, 0x1001, 0x30E5, 0x0800, 0x1001, 0x0801,
  0x0800, 0x0800, 0x0000, 0x0000, 0x0000, 0x0000, 0x0000, 0x0800, 0x0800, 0x0000, 0x0800, 0x0800, 0x0800, 0x0800, 0x0000, 0x0800,
  0x0800, 0x0800, 0x1001, 0x0800, 0x0801, 0x0000, 0x0801, 0x0801, 0x0000, 0x0000, 0x1801, 0x2042, 0x1822, 0x0800, 0x2083, 0x1842,
  0x0000, 0x7B2E, 0xF75D, 0xF75D, 0xF75D, 0xEF5D, 0xEF5D, 0xEF5D, 0xEF5D, 0xEF5D, 0xEF5D, 0xEF5D, 0xEF5D, 0xEF5D, 0xEF5D, 0xEF5D,
  0xEF5D, 0xEF5D, 0xEF5D, 0xEF5D, 0xEF5D, 0xEF5D, 0xEF5D, 0xEF5D, 0xEF5D, 0xEF5D, 0xEF5D, 0xEF5D, 0xEF5D, 0xEF5D, 0xEF5D, 0xEF5D,
  0xEF5D, 0xEF5D, 0xEF5D, 0xEF5D, 0xEF3D, 0xEF3D, 0xEF3D, 0xEF3D, 0xEF3D, 0xEF3D, 0xEF3D, 0xEF3D, 0xF75D, 0xF75D, 0xF75D, 0xF75D,
  0xF75D, 0xF75D, 0xF75D, 0xF75D, 0xF75D, 0xF75D, 0xF75D, 0xF75D, 0xF75D, 0xF75D, 0xF75D, 0xF75D, 0xF75D, 0xF75D, 0xF75D, 0x8B8E,
  0x6A68, 0xAC90, 0x59E7, 0x1843, 0x0800, 0x2083, 0x1843, 0x3926, 0x30C4, 0x1821, 0x5208, 0x2082, 0x2063, 0x3128, 0x1803, 0x3106,
  0x3926, 0x3927, 0x30A8, 0x1826, 0xDEDA, 0xF75D, 0xF75D, 0xF75D, 0xF75D, 0xF75D, 0xF75D, 0xF75D, 0xF75D, 0xF75D, 0xF75D, 0xF75D,
  0xF75D, 0xF75D, 0xF75D, 0xF75D, 0xF75D, 0xF75D, 0xF75D, 0xF75D, 0xF75D, 0xF75D, 0xF75D, 0xF75D, 0xF75D, 0xF75D, 0xF75D, 0xF75D,
  0xF75D, 0xF75D, 0xF75D, 0xF75D, 0xF75D, 0xF75D, 0xF75D, 0xF75D, 0xF75D, 0xEF5D, 0xEF5D, 0xEF5D, 0xEF5D, 0xEF5D, 0xEF5D, 0xEF5D,
  0xEF5D, 0xEF5D, 0xEF5D, 0xEF5D, 0xEF5D, 0xEF5D, 0xEF5D, 0xEF5D, 0xEF5D, 0xEF5D, 0xF75D, 0xF75D, 0xEF5D, 0xEF5D, 0xEF5D, 0xF75D,
  0xEF5D, 0xF75D, 0xC618, 0x7B6F, 0xBC73, 0x7A48, 0x30A3, 0x0841, 0x30E5, 0x1001, 0x1842, 0x0800, 0x1801, 0x0800, 0x0000, 0x0000,
  0x0000, 0x0000, 0x0000, 0x0000, 0x0000, 0x0800, 0x0800, 0x0800, 0x0000, 0x0800, 0x0000, 0x0800, 0x0800, 0x0000, 0x0800, 0x0800,
  0x1842, 0x0801, 0x0800, 0x0000, 0x0800, 0x0800, 0x0000, 0x0000, 0x1001, 0x1822, 0x28A4, 0x0800, 0x1000, 0x1842, 0x2062, 0x0000,
  0x6B0D, 0xF75D, 0xEF5D, 0xEF5D, 0xEF5D, 0xEF5D, 0xEF5D, 0xEF5D, 0xEF5D, 0xEF5D, 0xEF5D, 0xEF5D, 0xEF5D, 0xEF5D, 0xEF5D, 0xEF5D,
  0xEF5D, 0xEF5D, 0xEF5D, 0xEF5D, 0xEF5D, 0xEF5D, 0xEF5D, 0xEF5D, 0xEF5D, 0xEF5D, 0xEF5D, 0xEF5D, 0xEF5D, 0xEF5D, 0xEF5D, 0xEF5D,
  0xEF5D, 0xEF3D, 0xEF3D, 0xEF3D, 0xEF3D, 0xEF3D, 0xEF3D, 0xEF5D, 0xEF5D, 0xEF5D, 0xF75D, 0xF75D, 0xF75D, 0xF75D, 0xF75D, 0xF75D,
  0xF75D, 0xF75D, 0xF75D, 0xF75D, 0xF75D, 0xF75D, 0xF75D, 0xF75D, 0xF75D, 0xF75D, 0xF75D, 0xF75D, 0xF75D, 0x730C, 0x5A28, 0x8BAF,
  0x3905, 0x3146, 0x1001, 0x1021, 0x2083, 0x1842, 0x1001, 0x59E9, 0x5A0A, 0x3905, 0x4126, 0x2863, 0x28A4, 0x28C5, 0x28E5, 0x39A9,
  0x398A, 0x1886, 0x3167, 0xF75D, 0xF75D, 0xF75D, 0xF75D, 0xF75D, 0xF75D, 0xF75D, 0xF75D, 0xF75D, 0xF75D, 0xF75D, 0xF75D, 0xF75D,
  0xF75D, 0xF75D, 0xF75D, 0xF75D, 0xF75D, 0xF75D, 0xF75D, 0xF75D, 0xF75D, 0xF75D, 0xF75D, 0xF75D, 0xF75D, 0xF75D, 0xF75D, 0xF75D,
  0xF75D, 0xF75D, 0xF75D, 0xF75D, 0xF75D, 0xF75D, 0xF75D, 0xF75D, 0xF75D, 0xF75D, 0xF75D, 0xF75D, 0xF75D, 0xF75D, 0xF75D, 0xF75D,
  0xF75D, 0xF75D, 0xF75D, 0xF75D, 0xF75D, 0xF75D, 0xF75D, 0xF75D, 0xF75D, 0xF75D, 0xF75D, 0xF75D, 0xF75D, 0xEF5D, 0xF75D, 0xF75D,
  0x7B4E, 0xBCF4, 0x830C, 0x38C3, 0x3125, 0x0800, 0x1801, 0x1821, 0x1821, 0x1001, 0x1822, 0x1001, 0x0000, 0x0000, 0x0000, 0x0000,
  0x0000, 0x0000, 0x0000, 0x0000, 0x0800, 0x0800, 0x0000, 0x0000, 0x0000, 0x0000, 0x0000, 0x0000, 0x0800, 0x1000, 0x2062, 0x0000,
  0x0800, 0x0800, 0x0800, 0x1001, 0x0800, 0x0000, 0x0801, 0x0801, 0x28C4, 0x1001, 0x0800, 0x1000, 0x28A3, 0x1802, 0x0000, 0xF75D,
  0xF75D, 0xEF3D, 0xEF5D, 0xEF5D, 0xEF5D, 0xEF5D, 0xEF5D, 0xEF5D, 0xEF5D, 0xEF5D, 0xEF5D, 0xEF5D, 0xEF5D, 0xEF5D, 0xEF5D, 0xEF5D,
  0xEF5D, 0xEF5D, 0xEF5D, 0xEF5D, 0xEF5D, 0xEF5D, 0xEF5D, 0xEF5D, 0xEF5D, 0xEF5D, 0xEF5D, 0xEF5D, 0xEF5D, 0xEF5D, 0xEF5D, 0xEF5D,
  0xEF5D, 0xEF5D, 0xEF3D, 0xEF3D, 0xEF3D, 0xEF5D, 0xEF5D, 0xEF5D, 0xF75D, 0xF75D, 0xF75D, 0xF75D, 0xF75D, 0xF75D, 0xF75D, 0xF75D,
  0xF75D, 0xF75D, 0xF75D, 0xF75D, 0xF75D, 0xF75D, 0xF75D, 0xF75D, 0xF75D, 0xF75D, 0xF75D, 0x72EB, 0x4145, 0x72CB, 0x1001, 0x28C4,
  0x1021, 0x1862, 0x2083, 0x1062, 0x2063, 0x2863, 0x30C4, 0x49A8, 0x30C4, 0x30C4, 0x1842, 0x1001, 0x28E6, 0x41A9, 0x4A0B, 0x3969,
  0x28E8, 0x3147, 0xEEDC, 0xF75D, 0xF75D, 0xF75D, 0xF75D, 0xF75D, 0xF75D, 0xF75D, 0xF75D, 0xF75D, 0xF75D, 0xF75D, 0xF75D, 0xF75D,
  0xF75D, 0xF75D, 0xF75D, 0xF75D, 0xF75D, 0xF75D, 0xF75D, 0xF75D, 0xF75D, 0xF75D, 0xF75D, 0xF75D, 0xF75D, 0xF75D, 0xF75D, 0xF75D,
  0xF75D, 0xF75D, 0xF75D, 0xF75D, 0xF75D, 0xF75D, 0xF75D, 0xF75D, 0xF75D, 0xF75D, 0xF75D, 0xF75D, 0xF75D, 0xF75D, 0xF75D, 0xF75D,
  0xF75D, 0xF75D, 0xF75D, 0xF75D, 0xF75D, 0xF75D, 0xF75D, 0xF75D, 0xF75D, 0xF75D, 0xF75D, 0xF75D, 0xF75D, 0x9CB3, 0x93CF, 0xC514,
  0x6A68, 0x2041, 0x28C4, 0x3926, 0x30E5, 0x2042, 0x0800, 0x1001, 0x0800, 0x1001, 0x0800, 0x0000, 0x0000, 0x0000, 0x0000, 0x0000,
  0x0000, 0x0800, 0x0800, 0x0800, 0x0800, 0x0000, 0x0000, 0x0000, 0x0000, 0x0000, 0x1000, 0x30A3, 0x0000, 0x0000, 0x1000, 0x1863,
  0x0000, 0x1801, 0x0000, 0x0000, 0x0801, 0x0000, 0x28A4, 0x1842, 0x0800, 0x1001, 0x1001, 0x2064, 0x0000, 0x9CB4, 0xF75D, 0xEF5D,
  0xEF5D, 0xEF5D, 0xEF5D, 0xEF5D, 0xEF5D, 0xEF5D, 0xEF5D, 0xEF5D, 0xEF5D, 0xEF5D, 0xEF5D, 0xEF5D, 0xEF5D, 0xEF5D, 0xEF5D, 0xEF5D,
  0xEF5D, 0xEF5D, 0xEF5D, 0xEF5D, 0xEF5D, 0xEF5D, 0xEF5D, 0xEF5D, 0xEF5D, 0xEF5D, 0xEF5D, 0xEF5D, 0xEF5D, 0xEF5D, 0xEF5D, 0xEF5D,
  0xEF5D, 0xEF5D, 0xEF5D, 0xEF5D, 0xEF5D, 0xEF5D, 0xF75D, 0xF75D, 0xF75D, 0xF75D, 0xF75D, 0xF75D, 0xF75D, 0xF75D, 0xF75D, 0xF75D,
  0xF75D, 0xF75D, 0xF75D, 0xF75D, 0xF75D, 0xF75D, 0xF75D, 0xF75D, 0xF75D, 0x49C7, 0x72CB, 0x59E8, 0x1001, 0x1022, 0x1021, 0x1862,
  0x1863, 0x1863, 0x1863, 0x1001, 0x2063, 0x3105, 0x4187, 0x30E5, 0x2063, 0x28C5, 0x28C5, 0x2084, 0x3127, 0x41CA, 0x41AC, 0x41AB,
  0x3148, 0xBD76, 0xF75D, 0xF75D, 0xF75D, 0xF75D, 0xF75D, 0xF75D, 0xF75D, 0xF75D, 0xF75D, 0xF75D, 0xF75D, 0xF75D, 0xF75D, 0xF75D,
  0xF75D, 0xF75D, 0xF75D, 0xF75D, 0xF75D, 0xF75D, 0xF75D, 0xF75D, 0xF75D, 0xF75D, 0xF75D, 0xF75D, 0xF75D, 0xF75D, 0xF75D, 0xF75D,
  0xF75D, 0xF75D, 0xF75D, 0xF75D, 0xF75D, 0xF75D, 0xF75D, 0xF75D, 0xF75D, 0xF75D, 0xF75D, 0xF75D, 0xF75D, 0xF75D, 0xF75D, 0xF75D,
  0xF75D, 0xF75D, 0xF75D, 0xF75D, 0xF75D, 0xF75D, 0xF75D, 0xF75D, 0xEF5D, 0xF75D, 0xC5F8, 0x6ACC, 0xB4D3, 0x7B0C, 0x38C3, 0x51A7,
  0x28E4, 0x49C8, 0x2062, 0x1821, 0x1001, 0x1001, 0x0800, 0x0800, 0x0800, 0x0000, 0x0000, 0x0000, 0x0000, 0x0000, 0x0000, 0x0800,
  0x0800, 0x0800, 0x0800, 0x0000, 0x0000, 0x0000, 0x0800, 0x0000, 0x1000, 0x51C7, 0x2020, 0x0800, 0x1000, 0x1000, 0x0000, 0x1821,
  0x0000, 0x1001, 0x1822, 0x1000, 0x2083, 0x28A4, 0x0800, 0x1822, 0x1000, 0x1802, 0x1002, 0x20E5, 0xF75D, 0xF75D, 0xEF5D, 0xEF5D,
  0xEF5D, 0xEF5D, 0xEF5D, 0xEF5D, 0xEF5D, 0xEF5D, 0xEF5D, 0xEF5D, 0xEF5D, 0xEF5D, 0xEF5D, 0xEF5D, 0xEF5D, 0xEF5D, 0xEF5D, 0xEF5D,
  0xEF5D, 0xEF5D, 0xEF5D, 0xEF5D, 0xEF5D, 0xEF5D, 0xEF5D, 0xEF5D, 0xEF5D, 0xEF5D, 0xEF5D, 0xEF5D, 0xEF5D, 0xEF5D, 0xEF5D, 0xEF5D,
  0xEF5D, 0xEF5D, 0xEF5D, 0xEF5D, 0xA4F4, 0xF75D, 0xF75D, 0xF75D, 0xF75D, 0xF75D, 0xF75D, 0xF75D, 0xF75D, 0xF75D, 0xF75D, 0xF75D,
  0xF75D, 0xF75D, 0xF75D, 0xF75D, 0xF75D, 0xF75D, 0xF75D, 0x72EB, 0x2882, 0x3905, 0x5A0A, 0x3967, 0x28C4, 0x1022, 0x1842, 0x1862,
  0x0801, 0x1001, 0x1842, 0x0800, 0x3946, 0x30E5, 0x3105, 0x49A8, 0x0801, 0x1023, 0x2064, 0x3107, 0x3109, 0x520D, 0x522D, 0x28C6,
  0x9C52, 0xF75D, 0xF75D, 0xF75D, 0xF75D, 0xF75D, 0xF75D, 0xF75D, 0xF75D, 0xF75D, 0xF75D, 0xF75D, 0xF75D, 0xF75D, 0xF75D, 0xF75D,
  0xF75D, 0xF75D, 0xF75D, 0xF75D, 0xF75D, 0xF75D, 0xF75D, 0xF75D, 0xF75D, 0xF75D, 0xF75D, 0xF75D, 0xF75D, 0xF75D, 0xF75D, 0xF75D,
  0xF75D, 0xF75D, 0xF75D, 0xF75D, 0xF75D, 0xF75D, 0xF75D, 0xF75D, 0xF75D, 0xF75D, 0xF75D, 0xF75D, 0xF75D, 0xF75D, 0xF75D, 0xF75D,
  0xF75D, 0xF75D, 0xF75D, 0xF75D, 0xF75D, 0xF75D, 0xF75D, 0xF75D, 0x7B6E, 0xA472, 0xBCD3, 0x728A, 0x2883, 0x3905, 0x2882, 0x1801,
  0x1001, 0x0800, 0x1001, 0x1001, 0x0800, 0x0800, 0x0800, 0x0000, 0x0000, 0x0000, 0x0000, 0x0800, 0x0801, 0x0800, 0x0800, 0x0800,
  0x0000, 0x0000, 0x0800, 0x0800, 0x1000, 0x1000, 0x38E3, 0x51A6, 0x3904, 0x1800, 0x2082, 0x2062, 0x28A2, 0x30A3, 0x1000, 0x1821,
  0x2042, 0x0800, 0x2062, 0x28A4, 0x0800, 0x1001, 0x1842, 0x1002, 0xF6FD, 0xD67A, 0xF75D, 0xF75D, 0xEF5D, 0xEF5D, 0xEF5D, 0xEF5D,
  0xEF5D, 0xEF5D, 0xEF5D, 0xEF5D, 0xEF5D, 0xEF5D, 0xEF5D, 0xEF5D, 0xEF5D, 0xEF5D, 0xEF5D, 0xEF5D, 0xEF5D, 0xEF5D, 0xEF5D, 0xEF5D,
  0xEF5D, 0xEF5D, 0xEF5D, 0xEF5D, 0xEF5D, 0xEF5D, 0xEF5D, 0xEF5D, 0xEF5D, 0xEF5D, 0xEF5D, 0xEF5D, 0xEF5D, 0xEF5D, 0xEF5D, 0xEF5D,
  0xEF5D, 0xEF5D, 0xCE39, 0x9471, 0xEF3C, 0xF75D, 0xF75D, 0xF75D, 0xF75D, 0xF75D, 0xF75D, 0xF75D, 0xF75D, 0xF75D, 0xF75D, 0xF75D,
  0xF75D, 0xF75D, 0xF75D, 0xF75D, 0xF75D, 0xF75D, 0x6A69, 0x1800, 0x4167, 0x41C8, 0x0800, 0x1862, 0x1022, 0x2082, 0x1022, 0x1001,
  0x1022, 0x1001, 0x1863, 0x3105, 0x49C8, 0x4126, 0x2042, 0x1803, 0x2084, 0x1864, 0x30E6, 0x3928, 0x49CB, 0x418A, 0x28A6, 0xA4D4,
  0xF75D, 0xF75D, 0xF75D, 0xF75D, 0xF75D, 0xF75D, 0xF75D, 0xF75D, 0xF75D, 0xF75D, 0xF75D, 0xF75D, 0xF75D, 0xF75D, 0xF75D, 0xF75D,
  0xF75D, 0xF75D, 0xF75D, 0xF75D, 0xF75D, 0xF75D, 0xF75D, 0xF75D, 0xF75D, 0xF75D, 0xF75D, 0xF75D, 0xF75D, 0xF75D, 0xF75D, 0xF75D,
  0xF75D, 0xF75D, 0xF75D, 0xF75D, 0xF75D, 0xF75D, 0xF75D, 0xF75D, 0xF75D, 0xF75D, 0xF75D, 0xF75D, 0xF75D, 0xF75D, 0xF75D, 0xF75D,
  0xF75D, 0xF75D, 0xF75D, 0xF75D, 0xF75D, 0x9C92, 0x730D, 0xBCF5, 0xB491, 0x59E7, 0x1001, 0x30E5, 0x4145, 0x30A2, 0x1001, 0x1001,
  0x1001, 0x1001, 0x0800, 0x0800, 0x0000, 0x0000, 0x0000, 0x0000, 0x0000, 0x0800, 0x0800, 0x0000, 0x0000, 0x0800, 0x0000, 0x0000,
  0x0800, 0x1000, 0x1000, 0x0800, 0x3903, 0x4103, 0x38E3, 0x1820, 0x1820, 0x30C3, 0x30A2, 0x4144, 0x38E3, 0x1800, 0x2041, 0x4167,
  0x3987, 0x1001, 0x1001, 0x0000, 0x28A3, 0x0000, 0xF75D, 0xF75D, 0xF75D, 0xEF5D, 0xEF5D, 0xEF5D, 0xEF5D, 0xEF5D, 0xEF5D, 0xEF5D,
  0xEF5D, 0xEF5D, 0xEF5D, 0xEF5D, 0xEF5D, 0xEF5D, 0xEF5D, 0xEF5D, 0xEF5D, 0xEF5D, 0xEF5D, 0xEF5D, 0xEF5D, 0xEF5D, 0xEF5D, 0xEF5D,
  0xEF5D, 0xEF5D, 0xEF5D, 0xEF5D, 0xEF5D, 0xEF5D, 0xEF5D, 0xEF5D, 0xEF5D, 0xEF5D, 0xEF5D, 0xEF5D, 0xEF5D, 0xEF5D, 0xEF5D, 0xEF5D,
  0xE6FB, 0xD679, 0x8C10, 0xE6DB, 0xF75D, 0xF75D, 0xF75D, 0xF75D, 0xF75D, 0xF75D, 0xF75D, 0xF75D, 0xF75D, 0xF75D, 0xF75D, 0xF75D,
  0xF75D, 0xF75D, 0xF75D, 0xF75D, 0x4145, 0x49A7, 0x5A09, 0x3946, 0x0800, 0x1863, 0x1842, 0x1021, 0x1022, 0x1021, 0x1022, 0x1022,
  0x0801, 0x20A3, 0x4187, 0x28A3, 0x4187, 0x1802, 0x0801, 0x2084, 0x20A4, 0x2064, 0x414A, 0x5A4D, 0x51CB, 0x2064, 0xBD96, 0xF75D,
  0xF75D, 0xF75D, 0xF75D, 0xF75D, 0xF75D, 0xF75D, 0xF75D, 0xF75D, 0xF75D, 0xF75D, 0xF75D, 0xF75D, 0xF75D, 0xF75D, 0xF75D, 0xF75D,
  0xF75D, 0xF75D, 0xF75D, 0xF75D, 0xF75D, 0xF75D, 0xF75D, 0xF75D, 0xF75D, 0xF75D, 0xF75D, 0xF75D, 0xF75D, 0xF75D, 0xF75D, 0xF75D,
  0xF75D, 0xF75D, 0xF75D, 0xF75D, 0xF75D, 0xF75D, 0xF75D, 0xF75D, 0xF75D, 0xF75D, 0xF75D, 0xF75D, 0xF75D, 0xF75D, 0xF75D, 0xF75D,
  0xF75D, 0xF75D, 0xC5B7, 0x6AEB, 0xC535, 0xC514, 0x6A48, 0x4965, 0x2062, 0x20A3, 0x3083, 0x1000, 0x1001, 0x1001, 0x1001, 0x1001,
  0x0800, 0x0000, 0x0000, 0x0000, 0x0000, 0x0000, 0x0000, 0x0000, 0x0800, 0x0000, 0x0000, 0x0000, 0x0000, 0x0000, 0x0000, 0x0800,
  0x1820, 0x38C3, 0x3081, 0x30A2, 0x4144, 0x2882, 0x0800, 0x1000, 0x1800, 0x30A2, 0x4124, 0x4124, 0x4104, 0x2000, 0x1000, 0x0000,
  0x1801, 0x0800, 0x1801, 0x1801, 0x836F, 0xF75D, 0xF75D, 0xEF5D, 0xEF5D, 0xEF5D, 0xEF5D, 0xEF5D, 0xEF5D, 0xEF5D, 0xEF5D, 0xEF5D,
  0xEF5D, 0xEF5D, 0xEF5D, 0xEF5D, 0xEF5D, 0xEF5D, 0xEF5D, 0xEF5D, 0xEF5D, 0xEF5D, 0xEF5D, 0xEF5D, 0xEF5D, 0xEF5D, 0xEF5D, 0xEF5D,
  0xEF5D, 0xEF5D, 0xEF5D, 0xEF5D, 0xEF5D, 0xEF5D, 0xEF5D, 0xEF5D, 0xEF5D, 0xEF5D, 0xEF5D, 0xEF5D, 0xEF5D, 0xEF5D, 0xE6FA, 0xEF1C,
  0xEF3D, 0x9CF4, 0xBE18, 0xF75D, 0xF75D, 0xF75D, 0xF75D, 0xF75D, 0xF75D, 0xF75D, 0xF75D, 0xF75D, 0xF75D, 0xF75D, 0xF75D, 0xEF5D,
  0xF75D, 0xB535, 0x0000, 0x6AAB, 0x72CC, 0x28C5, 0x1002, 0x1843, 0x1843, 0x1042, 0x0802, 0x1021, 0x1842, 0x1021, 0x1842, 0x1863,
  0x1042, 0x1842, 0x628B, 0x49A7, 0x30E5, 0x2042, 0x1843, 0x1864, 0x1844, 0x28E7, 0x522C, 0x49CD, 0x28A8, 0x9C93, 0xF75D, 0xF75D,
  0xF75D, 0xF75D, 0xF75D, 0xF75D, 0xF75D, 0xF75D, 0xF75D, 0xF75D, 0xF75D, 0xF75D, 0xF75D, 0xF75D, 0xF75D, 0xF75D, 0xF75D, 0xF75D,
  0xF75D, 0xF75D, 0xF75D, 0xF75D, 0xF75D, 0xF75D, 0xF75D, 0xF75D, 0xF75D, 0xF75D, 0xF75D, 0xF75D, 0xF75D, 0xF75D, 0xF75D, 0xF75D,
  0xF75D, 0xF75D, 0xF75D, 0xF75D, 0xF75D, 0xF75D, 0xF75D, 0xF75D, 0xF75D, 0xF75D, 0xF75D, 0xF75D, 0xF75D, 0xF75D, 0xF75D, 0xD63A,
  0x628A, 0xB4D2, 0xBCD2, 0xA410, 0x59E8, 0x1801, 0x30C4, 0x3905, 0x2042, 0x0800, 0x0800, 0x0800, 0x0800, 0x0800, 0x0800, 0x0000,
  0x0000, 0x0000, 0x0000, 0x0000, 0x0000, 0x0000, 0x0000, 0x0800, 0x0000, 0x0000, 0x0000, 0x0000, 0x0000, 0x0800, 0x0800, 0x1000,
  0x0000, 0x2061, 0x4966, 0x4104, 0x2021, 0x1001, 0x2061, 0x2841, 0x4944, 0x5144, 0x9B6B, 0x40A1, 0x38C3, 0x59C7, 0x5165, 0x4104,
  0x38C3, 0x59C8, 0x6229, 0xD619, 0xF75D, 0xF75D, 0xF75D, 0xF75D, 0xF75D, 0xF75D, 0xF75D, 0xF75D, 0xF75D, 0xEF5D, 0xEF5D, 0xEF5D,
  0xEF5D, 0xEF5D, 0xEF5D, 0xEF5D, 0xEF5D, 0xEF5D, 0xEF5D, 0xEF5D, 0xEF5D, 0xEF5D, 0xEF5D, 0xEF5D, 0xEF5D, 0xEF5D, 0xEF5D, 0xEF5D,
  0xEF5D, 0xEF5D, 0xEF5D, 0xEF5D, 0xEF5D, 0xEF5D, 0xEF5D, 0xEF5D, 0xEF5D, 0xEF5D, 0xEF5D, 0xEF5D, 0xE6BA, 0xE6DA, 0xD67A, 0xEF3D,
  0x9472, 0xA515, 0xF75D, 0xF75D, 0xF75D, 0xF75D, 0xF75D, 0xF75D, 0xF75D, 0xF75D, 0xF75D, 0xF75D, 0xF75D, 0xF75D, 0xF75D, 0x72CC,
  0x30A3, 0x72EC, 0x4987, 0x3926, 0x2884, 0x2063, 0x1022, 0x1884, 0x1842, 0x0800, 0x1021, 0x1021, 0x1842, 0x1842, 0x0000, 0x20C4,
  0x3125, 0x4167, 0x49A8, 0x3926, 0x28A4, 0x1002, 0x28A5, 0x3928, 0x4169, 0x5A2D, 0x628F, 0x3968, 0xBDB7, 0xF75D, 0xF75D, 0xF75D,
  0xF75D, 0xF75D, 0xF75D, 0xF75D, 0xF75D, 0xF75D, 0xF75D, 0xF75D, 0xF75D, 0xF75D, 0xF75D, 0xF75D, 0xF75D, 0xF75D, 0xF75D, 0xF75D,
  0xF75D, 0xF75D, 0xF75D, 0xF75D, 0xF75D, 0xF75D, 0xF75D, 0xF75D, 0xF75D, 0xF75D, 0xF75D, 0xF75D, 0xF75D, 0xF75D, 0xF75D, 0xF75D,
  0xF75D, 0xF75D, 0xF75D, 0xF75D, 0xF75D, 0xF75D, 0xF75D, 0xF75D, 0xF75D, 0xF75D, 0xF75D, 0xF75D, 0xF75D, 0x7B8F, 0x9C31, 0xB4B2,
  0xAC71, 0x6229, 0x30C4, 0x2042, 0x28A3, 0x30C4, 0x1821, 0x1821, 0x0800, 0x0800, 0x0800, 0x0800, 0x0800, 0x0000, 0x0000, 0x0000,
  0x0000, 0x0000, 0x0000, 0x0000, 0x0000, 0x0000, 0x0000, 0x0000, 0x0000, 0x0000, 0x0000, 0x0000, 0x0800, 0x0000, 0x1000, 0x1000,
  0x4124, 0x5187, 0x2882, 0x1001, 0x2061, 0x30C3, 0x5186, 0x40C2, 0x8289, 0x59A5, 0x38A2, 0x3061, 0x4124, 0x38E4, 0x4986, 0x6A29,
  0x6A8A, 0x49C8, 0xF75D, 0xF75D, 0xF75D, 0xF75D, 0xF75D, 0xF75D, 0xF75D, 0xF75D, 0xF75D, 0xEF5D, 0xEF5D, 0xEF5D, 0xEF5D, 0xEF5D,
  0xEF5D, 0xEF5D, 0xEF5D, 0xEF5D, 0xEF5D, 0xEF5D, 0xEF5D, 0xEF5D, 0xEF5D, 0xEF5D, 0xEF5D, 0xEF5D, 0xEF5D, 0xEF5D, 0xEF5D, 0xEF5D,
  0xEF5D, 0xEF5D, 0xEF5D, 0xEF5D, 0xEF5D, 0xEF5D, 0xEF5D, 0xEF5D, 0xEF5D, 0xEF5D, 0xDE79, 0xE6DB, 0xDEBA, 0xDEDB, 0xEF5D, 0xB596,
  0xA4F4, 0xF75D, 0xF75D, 0xF75D, 0xF75D, 0xF75D, 0xF75D, 0xF75D, 0xF75D, 0xF75D, 0xF75D, 0xF75D, 0x838E, 0x59E9, 0x4125, 0x5A09,
  0x30E4, 0x4187, 0x3926, 0x28A4, 0x0801, 0x1842, 0x1842, 0x1022, 0x1862, 0x2083, 0x1022, 0x1842, 0x1842, 0x1022, 0x1001, 0x3905,
  0x51E9, 0x30C4, 0x4167, 0x1822, 0x2064, 0x28A5, 0x4989, 0x3949, 0x418B, 0x524E, 0x522D, 0xC619, 0xF75D, 0xF75D, 0xF75D, 0xF75D,
  0xF75D, 0xF75D, 0xF75D, 0xF75D, 0xF75D, 0xF75D, 0xF75D, 0xF75D, 0xF75D, 0xF75D, 0xF75D, 0xF75D, 0xF75D, 0xF75D, 0xF75D, 0xF75D,
  0xF75D, 0xF75D, 0xF75D, 0xF75D, 0xF75D, 0xF75D, 0xF75D, 0xF75D, 0xF75D, 0xF75D, 0xF75D, 0xF75D, 0xF75D, 0xF75D, 0xF75D, 0xF75D,
  0xF75D, 0xF75D, 0xF75D, 0xF75D, 0xF75D, 0xF75D, 0xF75D, 0xF75D, 0xF75D, 0xF75D, 0xBD77, 0x836F, 0xC555, 0xBCD3, 0x93AE, 0x5186,
  0x1000, 0x2883, 0x30E4, 0x0800, 0x1000, 0x1842, 0x0800, 0x0800, 0x0800, 0x0800, 0x0800, 0x0000, 0x0000, 0x0000, 0x0000, 0x0000,
  0x0000, 0x0000, 0x0000, 0x0000, 0x0000, 0x0000, 0x0000, 0x0000, 0x0000, 0x0000, 0x0800, 0x0000, 0x1000, 0x1800, 0x2020, 0x51A7,
  0x28A3, 0x1001, 0x1800, 0x30A2, 0x4965, 0x4103, 0x7228, 0x7228, 0x30A2, 0x2841, 0x38C3, 0x38E4, 0x2862, 0x2862, 0x4945, 0x51E8,
  0x734D, 0xF75D, 0xF75D, 0xF75D, 0xF75D, 0xF75D, 0xF75D, 0xF75D, 0xF75D, 0xF75D, 0xF75D, 0xEF5D, 0xEF5D, 0xEF5D, 0xEF5D, 0xEF5D,
  0xEF5D, 0xEF5D, 0xEF5D, 0xEF5D, 0xEF5D, 0xEF5D, 0xEF5D, 0xEF5D, 0xEF5D, 0xEF5D, 0xEF5D, 0xEF5D, 0xEF5D, 0xEF5D, 0xEF5D, 0xEF5D,
  0xEF5D, 0xEF5D, 0xEF5D, 0xEF5D, 0xEF5D, 0xEF5D, 0xEF5D, 0xEF5D, 0xCE17, 0xDE79, 0xDE9A, 0xEF5C, 0xDEBA, 0xE71C, 0xCDF8, 0x83F0,
  0xF75D, 0xF75D, 0xF75D, 0xF75D, 0xF75D, 0xF75D, 0xF75D, 0xF75D, 0xF75D, 0xC596, 0x3925, 0x72AB, 0x5187, 0x51C7, 0x28A3, 0x4967,
  0x30C4, 0x30E4, 0x1001, 0x1001, 0x1842, 0x1842, 0x1842, 0x1842, 0x1001, 0x1021, 0x1882, 0x1001, 0x1021, 0x3105, 0x30C4, 0x1801,
  0x3946, 0x4187, 0x1802, 0x28A5, 0x3927, 0x30E7, 0x3129, 0x418B, 0x396A, 0x3169, 0x8C53, 0xF75D, 0xF75D, 0xF75D, 0xF75D, 0xF75D,
  0xF75D, 0xF75D, 0xF75D, 0xF75D, 0xF75D, 0xF75D, 0xF75D, 0xF75D, 0xF75D, 0xF75D, 0xF75D, 0xF75D, 0xF75D, 0xF75D, 0xF75D, 0xF75D,
  0xF75D, 0xF75D, 0xF75D, 0xF75D, 0xF75D, 0xF75D, 0xF75D, 0xF75D, 0xF75D, 0xF75D, 0xF75D, 0xF75D, 0xF75D, 0xF75D, 0xF75D, 0xF75D,
  0xF75D, 0xF75D, 0xF75D, 0xF75D, 0xF75D, 0xF75D, 0xF75D, 0xF75D, 0x6ACC, 0x9C31, 0xAC51, 0xBCB2, 0x7AEC, 0x1801, 0x2062, 0x30E4,
  0x1822, 0x1000, 0x0000, 0x0800, 0x0800, 0x0800, 0x0800, 0x1001, 0x0800, 0x0000, 0x0000, 0x0000, 0x0000, 0x0000, 0x0000, 0x0000,
  0x0000, 0x0000, 0x0000, 0x0000, 0x0000, 0x0000, 0x0800, 0x0000, 0x0800, 0x0000, 0x0800, 0x1800, 0x1000, 0x4125, 0x4125, 0x2082,
  0x1821, 0x2021, 0x40E4, 0x5986, 0x69C6, 0x828A, 0x38C3, 0x3061, 0x3082, 0x4104, 0x2882, 0x2882, 0x2041, 0x7ACB, 0x3925, 0xCDF8,
  0xF75D, 0xF75D, 0xF75D, 0xF75D, 0xF75D, 0xF75D, 0xF75D, 0xF75D, 0xF75D, 0xEF5D, 0xEF5D, 0xEF5D, 0xF75D, 0xF75D, 0xF75D, 0xF75D,
  0xF75D, 0xF75D, 0xEF5D, 0xEF5D, 0xEF5D, 0xF75D, 0xF75D, 0xEF5D, 0xEF5D, 0xEF5D, 0xEF5D, 0xEF5D, 0xEF5D, 0xEF5D, 0xEF5D, 0xEF5D,
  0xEF5D, 0xEF5D, 0xEF5D, 0xEF5D, 0xEF5D, 0xF75D, 0xDE79, 0xBD74, 0xDE99, 0xDEBA, 0xE6FB, 0xDEBA, 0xF73D, 0xD65A, 0x9C93, 0xE6BB,
  0xF75D, 0xF75D, 0xF75D, 0xF75D, 0xF75D, 0xF75D, 0xF75D, 0x72EC, 0x59C8, 0x726B, 0x51C7, 0x4986, 0x28A3, 0x4126, 0x2842, 0x28A4,
  0x3105, 0x3946, 0x1862, 0x1022, 0x1022, 0x1021, 0x1022, 0x1862, 0x1022, 0x1842, 0x28A4, 0x2063, 0x2063, 0x6A6B, 0x72AA, 0x624A,
  0x4147, 0x30A5, 0x3907, 0x28A5, 0x28C7, 0x28E8, 0x418B, 0x5A6F, 0x39AD, 0x5AAF, 0xD65A, 0xF75D, 0xF75D, 0xF75D, 0xF75D, 0xF75D,
  0xF75D, 0xF75D, 0xF75D, 0xF75D, 0xF75D, 0xF75D, 0xF75D, 0xF75D, 0xF75D, 0xF75D, 0xF75D, 0xF75D, 0xF75D, 0xF75D, 0xF75D, 0xF75D,
  0xF75D, 0xF75D, 0xF75D, 0xF75D, 0xF75D, 0xF75D, 0xF75D, 0xF75D, 0xF75D, 0xF75D, 0xF75D, 0xF75D, 0xF75D, 0xF75D, 0xF75D, 0xF75D,
  0xF75D, 0xF75D, 0xF75D, 0xF75D, 0xF75D, 0x9472, 0x838E, 0xAC51, 0xA431, 0xC4D3, 0x7ACB, 0x4967, 0x3966, 0x3105, 0x1821, 0x1000,
  0x0000, 0x0800, 0x1000, 0x0800, 0x0800, 0x0800, 0x0800, 0x0000, 0x0000, 0x0000, 0x0000, 0x0000, 0x0000, 0x0000, 0x0000, 0x0000,
  0x0000, 0x0000, 0x0000, 0x1021, 0x0800, 0x0000, 0x0000, 0x0000, 0x0000, 0x1800, 0x1800, 0x1800, 0x51A7, 0x28A3, 0x2062, 0x1801,
  0x3882, 0x61C7, 0x6186, 0x7228, 0x5186, 0x3081, 0x3082, 0x38E4, 0x30A3, 0x30A2, 0x2841, 0x30A3, 0xACB2, 0x3986, 0xF75D, 0xF75D,
  0xF75D, 0xF75D, 0xF75D, 0xF75D, 0xF75D, 0xF75D, 0xF75D, 0xEF5D, 0xEF5D, 0xEF5D, 0xF75D, 0xF75D, 0xEF3D, 0xF75D, 0xF75D, 0xF75D,
  0xEF5D, 0xEF5D, 0xEF5D, 0xEF5D, 0xEF5D, 0xF75D, 0xEF5D, 0xEF5D, 0xEF5D, 0xEF5D, 0xEF5D, 0xEF5D, 0xEF5D, 0xEF5D, 0xEF5D, 0xEF5D,
  0xEF5D, 0xF73D, 0xF73D, 0xF73D, 0xE6DB, 0xF75D, 0xCE38, 0xDE9A, 0xCE39, 0xDEBA, 0xE6FB, 0xE6DC, 0xE6FC, 0x9432, 0xCE19, 0xF75D,
  0xF75D, 0xF75D, 0xF75D, 0xF75D, 0xF75D, 0xA492, 0x59A7, 0x622A, 0x51A8, 0x4126, 0x28C4, 0x28A4, 0x1842, 0x30C4, 0x30C4, 0x38C4,
  0x28A3, 0x0800, 0x0801, 0x0800, 0x2042, 0x2063, 0x0800, 0x1862, 0x1842, 0x0801, 0x1001, 0x30E5, 0x4166, 0x6AAA, 0x7B2C, 0x4987,
  0x4147, 0x4148, 0x41A8, 0x49C9, 0x49CB, 0x416A, 0x522D, 0x5A8F, 0x394A, 0x7B92, 0xF75D, 0xF75D, 0xF75C, 0xF75D, 0xF75D, 0xF75D,
  0xF75D, 0xF75D, 0xF75D, 0xF75D, 0xF75D, 0xF75D, 0xF75D, 0xF75D, 0xF75D, 0xF75D, 0xF75D, 0xF75D, 0xF75D, 0xF75D, 0xF75D, 0xF75D,
  0xF75D, 0xF75D, 0xF75D, 0xF75D, 0xF75D, 0xF75D, 0xF75D, 0xF75D, 0xF75D, 0xF75D, 0xF75D, 0xF75D, 0xF75D, 0xF75D, 0xF75D, 0xF75D,
  0xF75D, 0xF75D, 0xDE9A, 0x732D, 0x9C72, 0xA471, 0xB4B2, 0xA40F, 0x7AEC, 0x6229, 0x3905, 0x4187, 0x0800, 0x1000, 0x0800, 0x0800,
  0x0800, 0x0800, 0x0800, 0x0800, 0x0800, 0x0000, 0x0000, 0x0000, 0x0000, 0x0000, 0x0000, 0x0000, 0x0000, 0x0000, 0x0000, 0x0000,
  0x0800, 0x0800, 0x0000, 0x0000, 0x0000, 0x0000, 0x0000, 0x1000, 0x2862, 0x0000, 0x3925, 0x4126, 0x2863, 0x2021, 0x2041, 0x4945,
  0x5986, 0x5945, 0x5966, 0x3062, 0x2841, 0x3904, 0x30A3, 0x30C3, 0x30A3, 0x0800, 0x93AF, 0x6A8A, 0xA4B3, 0xF75D, 0xF75D, 0xF75D,
  0xF75D, 0xF75D, 0xF75D, 0xF75D, 0xF75D, 0xF75D, 0xF75D, 0xF75D, 0xF75D, 0xE6BB, 0xDEBA, 0xF75D, 0xF75D, 0xF75D, 0xF75D, 0xF75D,
  0xF75D, 0xF75D, 0xF75D, 0xF75D, 0xF75D, 0xF75D, 0xF75D, 0xF75D, 0xF75D, 0xF75D, 0xF75D, 0xF75D, 0xF75D, 0xF75D, 0xF75D, 0xF75D,
  0xF75D, 0xF75D, 0xEF3D, 0xF75D, 0xE6DB, 0xBDB6, 0xD67A, 0xD679, 0xDEBA, 0xE6DB, 0xEF3D, 0xEEFC, 0xA4B4, 0xCE39, 0xF75D, 0xF75D,
  0xEF5D, 0xEF5D, 0xF75D, 0xD659, 0x3904, 0x72CC, 0x59C8, 0x38E5, 0x2083, 0x1884, 0x1043, 0x2083, 0x28A4, 0x30A4, 0x6249, 0x28C3,
  0x0800, 0x2063, 0x28A4, 0x2062, 0x0800, 0x1042, 0x0800, 0x1022, 0x1842, 0x1863, 0x1000, 0x6ACA, 0x838D, 0x8BAE, 0x4147, 0x4967,
  0x4188, 0x49A8, 0x49A9, 0x41A9, 0x49EA, 0x49EB, 0x62AF, 0x39AC, 0x6B10, 0xF75D, 0xF75D, 0xF75D, 0xF75D, 0xF75D, 0xF75D, 0xF75D,
  0xF75D, 0xF75D, 0xF75D, 0xF75D, 0xF75D, 0xF75D, 0xF75D, 0xF75D, 0xF75D, 0xF75D, 0xF75D, 0xF75D, 0xF75D, 0xF75D, 0xF75D, 0xF75D,
  0xF75D, 0xF75D, 0xF75D, 0xF75D, 0xF75D, 0xF75D, 0xF75D, 0xF75D, 0xF75D, 0xF75D, 0xF75D, 0xF75D, 0xF75D, 0xF75D, 0xF75D, 0xF75D,
  0x8BF1, 0xA473, 0xA492, 0x9C51, 0x9C0F, 0x9C0F, 0x59E7, 0x2862, 0x2883, 0x0800, 0x1000, 0x1000, 0x0800, 0x0800, 0x0800, 0x1000,
  0x0800, 0x0800, 0x0800, 0x0000, 0x0000, 0x0000, 0x0000, 0x0000, 0x0000, 0x0000, 0x0000, 0x0000, 0x0000, 0x0800, 0x1001, 0x0800,
  0x0000, 0x0000, 0x0000, 0x0000, 0x0000, 0x1800, 0x2862, 0x0000, 0x0000, 0x51A8, 0x3883, 0x2862, 0x1820, 0x30C3, 0x5987, 0x48E4,
  0x5966, 0x38A3, 0x2842, 0x30C3, 0x20A3, 0x30A3, 0x38C4, 0x3082, 0x1800, 0xA431, 0x38E5, 0xF75D, 0xF75D, 0xF75D, 0xF75D, 0xF75D,
  0xF75C, 0xF75B, 0xF75B, 0xF75A, 0xF759, 0xF718, 0xF738, 0xF6F5, 0xF716, 0xF6D6, 0xF675, 0xF673, 0xF653, 0xF633, 0xF5F2, 0xF5D1,
  0xF5D0, 0xF58F, 0xF590, 0xF570, 0xF590, 0xF590, 0xF590, 0xF5CF, 0xF5F0, 0xF5D0, 0xF611, 0xF612, 0xF653, 0xF693, 0xF6B5, 0xF695,
  0xF75D, 0xDEBA, 0xDE9A, 0xE6DB, 0xB575, 0xD67A, 0xE6FB, 0xDEBA, 0xF75D, 0xDE9A, 0xEF1D, 0xB576, 0xAD75, 0xF75D, 0xF75D, 0xEF5D,
  0xF75D, 0xD65A, 0x51E8, 0x51E8, 0x4187, 0x3905, 0x1863, 0x2083, 0x1863, 0x2063, 0x1842, 0x30E4, 0x49C7, 0x6289, 0x4966, 0x2083,
  0x2063, 0x2062, 0x1021, 0x1022, 0x0800, 0x1042, 0x1842, 0x1001, 0x1801, 0x1821, 0x6A8A, 0xA431, 0x9BF1, 0x51E9, 0x1001, 0x49A8,
  0x49A9, 0x41A9, 0x49CA, 0x41A9, 0x522C, 0x5A8F, 0x522D, 0x524C, 0xDEFC, 0xF75D, 0xF75D, 0xF75D, 0xF75D, 0xF75D, 0xF75D, 0xF75D,
  0xF75D, 0xF75D, 0xF75D, 0xF75D, 0xF75D, 0xF75D, 0xF75D, 0xF75D, 0xF75D, 0xF75D, 0xF75D, 0xF75D, 0xF75D, 0xF75D, 0xF75D, 0xF75D,
  0xF75D, 0xF75D, 0xF75D, 0xF75D, 0xF75D, 0xF75D, 0xF75D, 0xF75D, 0xF75D, 0xF75D, 0xF75D, 0xF75D, 0xF75D, 0xB536, 0x838F, 0x9C72,
  0x9C71, 0xA471, 0xBCD3, 0x93CE, 0x4965, 0x30A3, 0x3104, 0x1001, 0x0800, 0x0800, 0x0800, 0x0800, 0x0800, 0x0800, 0x0800, 0x0800,
  0x0800, 0x0000, 0x0000, 0x0000, 0x0000, 0x0000, 0x0000, 0x0000, 0x0000, 0x0000, 0x0000, 0x0000, 0x0000, 0x0800, 0x0000, 0x0000,
  0x0000, 0x0000, 0x0000, 0x1000, 0x2882, 0x0800, 0x0000, 0x2863, 0x4947, 0x2863, 0x2041, 0x1800, 0x5186, 0x40C3, 0x5145, 0x4104,
  0x3062, 0x2882, 0x2022, 0x2062, 0x38E4, 0x72AA, 0x5165, 0x30C3, 0x6A8B, 0x71C7, 0xF75B, 0xF591, 0xF571, 0xF511, 0xF4D0, 0xF44E,
  0xF42E, 0xF3AC, 0xF32A, 0xF2E8, 0xF309, 0xF2A7, 0xF225, 0xF2C8, 0xF206, 0xF184, 0xF164, 0xF163, 0xF143, 0xF143, 0xF123, 0xF143,
  0xF163, 0xF163, 0xF163, 0xF163, 0xF163, 0xF101, 0xF102, 0xF102, 0xF102, 0xF102, 0xF122, 0xF161, 0xF183, 0xF1A3, 0xE6DB, 0xDEBA,
  0xDEBB, 0xE6DB, 0xEF1C, 0xBDB7, 0xDEBA, 0xF75C, 0xD659, 0xDEBA, 0xDEBB, 0xEF3D, 0xB5B7, 0xA555, 0xF75D, 0xF75D, 0xF75D, 0xF75D,
  0xF75D, 0x2083, 0x3906, 0x3925, 0x1862, 0x1862, 0x2062, 0x1821, 0x28A3, 0x3126, 0x1041, 0x49C5, 0x82CA, 0x1000, 0x1863, 0x1842,
  0x1842, 0x1863, 0x0800, 0x1021, 0x1042, 0x0801, 0x1001, 0x3105, 0x72CC, 0x9C11, 0xAC92, 0x832D, 0x1801, 0x5A2A, 0x3105, 0x49C9,
  0x41A9, 0x4189, 0x49CA, 0x418B, 0x520D, 0x4A0D, 0x3149, 0xD659, 0xF75D, 0xF75D, 0xF75D, 0xF75D, 0xF75D, 0xF75D, 0xF75D, 0xF75D,
  0xF75D, 0xF75D, 0xF75D, 0xF75D, 0xF75D, 0xF75D, 0xF75D, 0xF75D, 0xF75D, 0xF75D, 0xF75D, 0xF75D, 0xF75D, 0xF75D, 0xF75D, 0xF75D,
  0xF75D, 0xF75D, 0xF75D, 0xF75D, 0xF75D, 0xF75D, 0xF75D, 0xF75D, 0xF75D, 0xF75D, 0xF73D, 0x62CC, 0xACF5, 0x9C73, 0xACD4, 0x9BF0,
  0xA451, 0x6A49, 0x4125, 0x1822, 0x2063, 0x28A3, 0x1821, 0x0800, 0x0000, 0x0800, 0x0800, 0x0800, 0x0800, 0x0000, 0x0000, 0x0000,
  0x0000, 0x0000, 0x0000, 0x0000, 0x0000, 0x0000, 0x0000, 0x0000, 0x0000, 0x0000, 0x0000, 0x1000, 0x0800, 0x0000, 0x0000, 0x0000,
  0x0000, 0x1000, 0x2062, 0x0000, 0x0000, 0x0000, 0x4147, 0x38E5, 0x30A3, 0x1800, 0x4104, 0x4125, 0x3082, 0x5166, 0x3062, 0x3083,
  0x2022, 0x2041, 0x38E3, 0xA3CF, 0x9BAD, 0x2000, 0x51C7, 0x50A3, 0xDB8A, 0xF44C, 0xF2A6, 0xF286, 0xF2A7, 0xF245, 0xF245, 0xF224,
  0xF224, 0xF223, 0xF1E4, 0xF1E3, 0xF1A2, 0xF2E8, 0xE943, 0xF1C3, 0xF223, 0xF224, 0xF244, 0xF223, 0xF224, 0xF223, 0xF223, 0xF223,
  0xF203, 0xF203, 0xF203, 0xF203, 0xF223, 0xF203, 0xF1E2, 0xF1C2, 0xF1C2, 0xF1A3, 0xF164, 0xF163, 0xE6DB, 0xE6DB, 0xDEDB, 0xDEBA,
  0xDEDB, 0xF75D, 0xDE99, 0xBDD6, 0xEF1B, 0xCE18, 0xE6BB, 0xDEBB, 0xE73D, 0xCE5A, 0x9CD3, 0xEF5D, 0xF75D, 0xF75D, 0xF75D, 0x2884,
  0x4967, 0x4105, 0x1800, 0x2041, 0x0000, 0x1841, 0x5229, 0x1022, 0x0000, 0x5A07, 0x930A, 0x2000, 0x0803, 0x1022, 0x1022, 0x1883,
  0x1021, 0x0000, 0x1862, 0x1842, 0x2883, 0x28A4, 0x2063, 0x1821, 0x728A, 0x9C30, 0x72EC, 0x6A8B, 0x4187, 0x30E5, 0x30E5, 0x49A9,
  0x41AA, 0x4189, 0x4A0C, 0x5A4D, 0x5A6E, 0x312A, 0xD61B, 0xF75D, 0xF75D, 0xF75D, 0xF75D, 0xF75D, 0xF75D, 0xF75D, 0xF75D, 0xF75D,
  0xF75D, 0xF75D, 0xF75D, 0xF75D, 0xF75D, 0xF75D, 0xF75D, 0xF75D, 0xF75D, 0xF75D, 0xF75D, 0xF75D, 0xF75D, 0xF75D, 0xF75D, 0xF75D,
  0xF75D, 0xF75D, 0xF75D, 0xF75D, 0xF75D, 0xF75D, 0xF75D, 0xF75D, 0x9C93, 0x734E, 0xA473, 0x9C73, 0xAC93, 0x93D0, 0xAC51, 0x59C7,
  0x1841, 0x4187, 0x28C4, 0x2882, 0x2082, 0x1821, 0x0000, 0x0800, 0x1000, 0x0800, 0x0000, 0x0800, 0x0000, 0x0000, 0x0000, 0x0000,
  0x0000, 0x0000, 0x0000, 0x0000, 0x0000, 0x0000, 0x0800, 0x0000, 0x0000, 0x1842, 0x0800, 0x0000, 0x0000, 0x0000, 0x0800, 0x30C3,
  0x2042, 0x0000, 0x0000, 0x0000, 0x1002, 0x51A8, 0x38A4, 0x2863, 0x2021, 0x49A6, 0x30A2, 0x4125, 0x38E4, 0x30A3, 0x2843, 0x2000,
  0x6A28, 0x8B0B, 0x8AEB, 0x5186, 0x0800, 0x62AA, 0x4000, 0xF5D2, 0xF409, 0xF389, 0xF367, 0xF343, 0xF303, 0xF2C3, 0xF2A3, 0xF283,
  0xF281, 0xF2A0, 0xF180, 0xF283, 0xEA43, 0xF180, 0xF221, 0xF201, 0xF201, 0xF201, 0xF222, 0xF222, 0xF201, 0xF201, 0xF221, 0xF201,
  0xF201, 0xF201, 0xF202, 0xF1E1, 0xF1C0, 0xF1A0, 0xF1A0, 0xF180, 0xF180, 0xF1A0, 0xEEFC, 0xE6DB, 0xE6DB, 0xE6DB, 0xF75D, 0xF75D,
  0xEF5B, 0xCE17, 0xD679, 0xEF3C, 0xD659, 0xDEDB, 0xEF5D, 0xE73D, 0xDEDB, 0xA535, 0xDEFC, 0xF75D, 0xEEFD, 0x4967, 0x40E5, 0x9B90,
  0x7ACB, 0x49A6, 0x4145, 0x5A49, 0x1863, 0x0000, 0x0000, 0x7AEA, 0xA34A, 0x3041, 0x0002, 0x1022, 0x1021, 0x1042, 0x1042, 0x1042,
  0x1021, 0x1842, 0x1842, 0x1802, 0x1843, 0x2021, 0x8B8D, 0xB4B1, 0x836D, 0x6A8A, 0x28C4, 0x5A4A, 0x522A, 0x4169, 0x51EA, 0x3948,
  0x4189, 0x520C, 0x6AD0, 0x5A30, 0x49AC, 0xAD36, 0xF75D, 0xF75D, 0xF75D, 0xF75D, 0xF75D, 0xF75D, 0xF75D, 0xF75D, 0xF75D, 0xF75D,
  0xF75D, 0xF75D, 0xF75D, 0xF75D, 0xF75D, 0xF75D, 0xF75D, 0xF75D, 0xF75D, 0xF75D, 0xF75D, 0xF75D, 0xF75D, 0xF75D, 0xF75D, 0xF75D,
  0xF75D, 0xF75D, 0xF75D, 0xF75D, 0xF75D, 0xF75D, 0x62CB, 0x9C74, 0xA4B4, 0xA473, 0xA432, 0x93B0, 0x8B4D, 0x4966, 0x3945, 0x28E4,
  0x2062, 0x0800, 0x1001, 0x2062, 0x0800, 0x0000, 0x1000, 0x0800, 0x0800, 0x0000, 0x0000, 0x0000, 0x0000, 0x0000, 0x0000, 0x0000,
  0x0000, 0x0000, 0x0000, 0x0800, 0x1001, 0x0000, 0x0000, 0x1882, 0x1021, 0x0800, 0x0000, 0x0800, 0x0000, 0x0800, 0x1000, 0x0800,
  0x0000, 0x0800, 0x0000, 0x2884, 0x4947, 0x30A4, 0x1821, 0x38E4, 0x3904, 0x30A3, 0x4925, 0x38A3, 0x3863, 0x2001, 0x830C, 0x82CA,
  0x82A9, 0x59A6, 0x2020, 0x1884, 0x38C4, 0x9AC8, 0xF671, 0xF44A, 0xF44C, 0xF44C, 0xF46E, 0xF48F, 0xF4B1, 0xF4F2, 0xF533, 0xF5B3,
  0xF593, 0xF658, 0xF6B9, 0xF617, 0xF679, 0xF699, 0xF6DA, 0xF6FB, 0xF6FC, 0xF6FC, 0xF6FB, 0xF6FB, 0xF6FB, 0xF6FB, 0xF6FB, 0xF6FB,
  0xF6DB, 0xF679, 0xF678, 0xF617, 0xF5F6, 0xF5D5, 0xF554, 0xECF1, 0xEEFB, 0xDEDA, 0xDEB9, 0xEF1B, 0xF75D, 0xE6DA, 0xD679, 0xE6FC,
  0xCE38, 0xCE18, 0xEF3C, 0xE6DB, 0xDEB9, 0xE6FA, 0xE6DB, 0xEEDC, 0xA4B4, 0xF75D, 0x83D0, 0x7ACB, 0x9B8E, 0x4165, 0x3946, 0x30E3,
  0x7AC9, 0x830A, 0x0800, 0x0000, 0x1863, 0x8B6C, 0xA34A, 0x4944, 0x0001, 0x1002, 0x1822, 0x1843, 0x1842, 0x2082, 0x1042, 0x1022,
  0x1001, 0x1022, 0x20A4, 0x1021, 0x0800, 0x730C, 0xA430, 0x9BCF, 0x49A6, 0x59E9, 0x5A0B, 0x49A9, 0x3947, 0x28E7, 0x20A6, 0x2908,
  0x3129, 0x5A4D, 0x5A8E, 0x520D, 0x62AF, 0xCDF9, 0xF75D, 0xF75D, 0xF75C, 0xF75C, 0xF75D, 0xF75D, 0xF75D, 0xF75D, 0xF75D, 0xF75D,
  0xF75D, 0xF75D, 0xF75D, 0xF75D, 0xF75D, 0xF75D, 0xF75D, 0xF75D, 0xF75D, 0xF75D, 0xF75D, 0xF75D, 0xF75D, 0xF75D, 0xF75D, 0xF75D,
  0xF75D, 0xF75D, 0xF75D, 0xEF3D, 0x8390, 0xC579, 0xACB5, 0x9452, 0xA4B3, 0xAC93, 0x72CC, 0x2042, 0x2063, 0x30E5, 0x0800, 0x0800,
  0x0800, 0x0800, 0x1040, 0x0000, 0x0800, 0x0800, 0x0800, 0x0000, 0x0000, 0x0000, 0x0000, 0x0000, 0x0000, 0x0000, 0x0800, 0x0000,
  0x0000, 0x0000, 0x0800, 0x0000, 0x0000, 0x1881, 0x1020, 0x1041, 0x1840, 0x1000, 0x0000, 0x0800, 0x0800, 0x1041, 0x0800, 0x0800,
  0x0000, 0x0000, 0x3945, 0x4145, 0x28C2, 0x3082, 0x4945, 0x3042, 0x48E5, 0x40E4, 0x30A4, 0x1800, 0x5207, 0x7B4C, 0x728A, 0x69A7,
  0x4104, 0x0800, 0x3967, 0x1843, 0xF75D, 0xF75D, 0xF75D, 0xF75D, 0xF75D, 0xF75D, 0xF75D, 0xF75D, 0xF75D, 0xF75D, 0xF75D, 0xF75D,
  0xF75D, 0xF75D, 0xF75D, 0xF75D, 0xF75D, 0xF75D, 0xF75D, 0xF75D, 0xF75D, 0xF75D, 0xF75D, 0xF75D, 0xF75D, 0xF75D, 0xF75D, 0xF75D,
  0xF75D, 0xF75D, 0xF75D, 0xF75D, 0xF75D, 0xF75D, 0xEF5C, 0xEF1B, 0xF75D, 0xF75D, 0xE6FB, 0xD679, 0xDE9A, 0xDE9A, 0xE6FB, 0xD67A,
  0xCE18, 0xF75D, 0xD678, 0xD658, 0xE6DB, 0xE6FC, 0xEEFC, 0xF75D, 0x4A28, 0x0800, 0x6249, 0x51E8, 0x1841, 0x4985, 0x7247, 0x61E6,
  0x3104, 0x1002, 0x28C4, 0x834B, 0xABEC, 0x61C6, 0x0000, 0x0801, 0x1802, 0x28A4, 0x1842, 0x1821, 0x1042, 0x1022, 0x1022, 0x0801,
  0x1842, 0x1021, 0x18A3, 0x1821, 0x6208, 0xA430, 0x832D, 0x5A09, 0x51EA, 0x4168, 0x3947, 0x4189, 0x3989, 0x3129, 0x18A7, 0x2085,
  0x28C7, 0x28E8, 0x524D, 0x1886, 0x6B0E, 0xF75D, 0xF75D, 0xF75D, 0xF75D, 0xF75D, 0xF75D, 0xF75D, 0xF75D, 0xF75D, 0xF75D, 0xF75D,
  0xF75D, 0xF75D, 0xF75D, 0xF75D, 0xF75D, 0xF75D, 0xF75D, 0xF75D, 0xF75D, 0xF75D, 0xF75D, 0xF75D, 0xF75D, 0xF75D, 0xF75D, 0xF75D,
  0xF75D, 0xB536, 0x93F2, 0x9C13, 0xB4D6, 0xCE19, 0xB515, 0x9C32, 0x3905, 0x0000, 0x30C4, 0x2022, 0x1021, 0x1000, 0x0800, 0x0800,
  0x0800, 0x0800, 0x0800, 0x0000, 0x0800, 0x0000, 0x0000, 0x0000, 0x0000, 0x0000, 0x0000, 0x0000, 0x0000, 0x0000, 0x0800, 0x0800,
  0x1841, 0x0800, 0x0000, 0x2081, 0x1020, 0x1881, 0x1881, 0x1020, 0x0000, 0x1020, 0x0000, 0x0800, 0x1001, 0x0000, 0x0800, 0x0000,
  0x0000, 0x49C7, 0x4145, 0x2882, 0x59C8, 0x38A3, 0x3042, 0x59A7, 0x59C7, 0x40E4, 0x49A5, 0x6289, 0x6A69, 0x69E7, 0x5145, 0x1842,
  0x1002, 0x2083, 0x8BF1, 0xF75D, 0xF75D, 0xF75D, 0xF75D, 0xF75D, 0xF75D, 0xF75D, 0xF75D, 0xF75D, 0xF75D, 0xF75D, 0xF6F8, 0xF75D,
  0xF75D, 0xF75D, 0xF75D, 0xF75D, 0xF75D, 0xF75D, 0xF75D, 0xF75D, 0xF75D, 0xF75D, 0xF75D, 0xF75D, 0xF75D, 0xF75D, 0xF75D, 0xF75D,
  0xF75D, 0xF75D, 0xF75D, 0xF75D, 0xEF3C, 0xEF3C, 0xF75D, 0xEF3D, 0xDE9A, 0xE6DB, 0xE6DB, 0xDEBB, 0xD679, 0xF75D, 0xF75D, 0xBD96,
  0xDEBA, 0xEF1C, 0xCE18, 0xDEBB, 0xF75D, 0xF75D, 0x49C7, 0x0801, 0x0802, 0x51A7, 0xAC91, 0xF75C, 0x9BAC, 0x40E1, 0x30E4, 0x49C9,
  0x1021, 0x940E, 0xB42D, 0x6A27, 0x2023, 0x0800, 0x2863, 0x3905, 0x1862, 0x0801, 0x1883, 0x1001, 0x1002, 0x1021, 0x1862, 0x1862,
  0x28E4, 0x30E4, 0x4945, 0x72CA, 0xD5F7, 0x6ACB, 0x4188, 0x5A2A, 0x520A, 0x51EA, 0x41CA, 0x398A, 0x524D, 0x522C, 0x41AB, 0x418B,
  0x2908, 0x522B, 0x20A6, 0x3169, 0xE6BC, 0xF75D, 0xF75D, 0xF75C, 0xF75D, 0xF75D, 0xF75D, 0xF75D, 0xF75D, 0xF75D, 0xF75D, 0xF75D,
  0xF75D, 0xF75D, 0xF75D, 0xF75D, 0xF75D, 0xF75D, 0xF75D, 0xF75D, 0xF75D, 0xCE39, 0x9453, 0xC5D8, 0xACD5, 0x7B4F, 0x72ED, 0x730D,
  0x72CC, 0x72CD, 0x6A8C, 0x7B4E, 0xA4B3, 0x30C5, 0x0000, 0x3905, 0x2063, 0x0000, 0x1000, 0x1000, 0x0800, 0x0800, 0x2062, 0x0800,
  0x0800, 0x0000, 0x0000, 0x0000, 0x0000, 0x0000, 0x0000, 0x0000, 0x0000, 0x0000, 0x0000, 0x0000, 0x0000, 0x0800, 0x0800, 0x0000,
  0x0800, 0x1840, 0x0800, 0x1881, 0x20A2, 0x20A2, 0x1020, 0x1882, 0x1000, 0x0000, 0x0000, 0x0000, 0x0800, 0x0800, 0x0000, 0x1000,
  0x59E8, 0x51E7, 0x7AEC, 0x4945, 0x38A3, 0x3062, 0x4946, 0x7AAB, 0x4144, 0x4A06, 0x59C7, 0x5165, 0x4924, 0x2083, 0x1001, 0x28A4,
  0x2083, 0xF75D, 0xF75D, 0xF75D, 0xF75D, 0xF75D, 0xF75D, 0xF75D, 0xF75D, 0xF75D, 0xF75D, 0xEE79, 0xF6D8, 0xF75D, 0xF75D, 0xF75D,
  0xF75D, 0xF75D, 0xF75D, 0xF75D, 0xF75D, 0xF75D, 0xF75D, 0xF75D, 0xF75D, 0xF75D, 0xF75D, 0xF75D, 0xF75D, 0xF75D, 0xF75D, 0xF75D,
  0xF75D, 0xF75D, 0xF73C, 0xF75D, 0xEF1C, 0xDEBB, 0xE6DB, 0xE6DB, 0xE6DB, 0xE6DB, 0xF75D, 0xEF3C, 0xDEBB, 0xDEBA, 0xC5F8, 0xEF1C,
  0xEF1C, 0xDE9A, 0xF75D, 0xF75D, 0x1861, 0x0002, 0x2084, 0x4125, 0x8B6C, 0xE637, 0xC4D1, 0x3060, 0x30C3, 0x3105, 0x0000, 0x6A89,
  0xCD12, 0x7247, 0x38C3, 0x1800, 0x38C3, 0x5186, 0x1862, 0x0000, 0x1842, 0x2062, 0x2083, 0x1022, 0x1862, 0x1000, 0x20C3, 0x4166,
  0x30A3, 0x7B0B, 0xDDF7, 0x93CF, 0x7B2D, 0x7B0D, 0x624A, 0x6ACD, 0x49CA, 0x3148, 0x398A, 0x5A8E, 0x522D, 0x41CC, 0x4A2C, 0x20A5,
  0x5AAD, 0x3128, 0x20E7, 0x7B70, 0xF75D, 0xF75D, 0xF75D, 0xF75D, 0xF75D, 0xF75D, 0xF75D, 0xF75D, 0xF75D, 0xF75D, 0xF75D, 0xF75D,
  0xF75D, 0xF75D, 0xF75D, 0xC5B7, 0xF75D, 0xD659, 0x83AF, 0x6ACD, 0x6AAD, 0x9C33, 0x6A8D, 0x8370, 0x93D1, 0x72CC, 0x72AC, 0xA432,
  0x72CC, 0x3105, 0x72CD, 0x30C5, 0x624A, 0xF75D, 0x6A8A, 0x1000, 0x1021, 0x0000, 0x1821, 0x0800, 0x0800, 0x0800, 0x0800, 0x0000,
  0x0000, 0x0000, 0x0000, 0x0000, 0x0000, 0x0000, 0x0000, 0x0000, 0x0000, 0x0000, 0x0000, 0x0800, 0x0800, 0x0000, 0x1020, 0x1040,
  0x1020, 0x1861, 0x20A2, 0x1861, 0x1841, 0x28C3, 0x28A3, 0x1841, 0x0800, 0x0000, 0x0000, 0x1822, 0x1821, 0x0800, 0x1800, 0x4986,
  0x2041, 0x4965, 0x4904, 0x40A3, 0x2000, 0x7249, 0x4985, 0x3123, 0x5185, 0x4965, 0x4144, 0x2063, 0x1842, 0x1000, 0x2083, 0x732E,
  0xF75D, 0xF75D, 0xF75D, 0xF75D, 0xF75D, 0xF75D, 0xF75D, 0xF75D, 0xF75D, 0xC492, 0xEEB8, 0xF75D, 0xF75D, 0xF75D, 0xF75D, 0xF75D,
  0xF75D, 0xF75D, 0xF75D, 0xF75D, 0xF75D, 0xF75D, 0xF75D, 0xF75D, 0xF75D, 0xF75D, 0xF75D, 0xF75D, 0xF75D, 0xF75D, 0xF75D, 0xF75D,
  0xF75D, 0xF75D, 0xDE9B, 0xDE7B, 0xDE9B, 0xDE9B, 0xE6DB, 0xEEFC, 0xF75D, 0xD67A, 0xD69A, 0xDEBB, 0xE6DC, 0xC5D8, 0xDEBA, 0xF75D,
  0xDEDA, 0xF75D, 0x20A2, 0x0801, 0x20A4, 0x4166, 0x6227, 0xBD12, 0xF636, 0x3020, 0x2882, 0x30E4, 0x2022, 0x2043, 0xBC92, 0xABED,
  0x7247, 0x59C5, 0x5123, 0x61C7, 0x0000, 0x1042, 0x1862, 0x1842, 0x1842, 0x1862, 0x1021, 0x0800, 0x1021, 0x28A3, 0x6A29, 0x7AEB,
  0xA450, 0xA471, 0x7B2D, 0x6A8A, 0x72CC, 0x6AAC, 0x626C, 0x5A2B, 0x49EB, 0x41AA, 0x41AB, 0x3109, 0x398A, 0x3107, 0x1064, 0x0002,
  0x0003, 0x1025, 0xBD98, 0xF75D, 0xF75D, 0xF75D, 0xF75D, 0xF75D, 0xF75D, 0xF75D, 0xF75D, 0xF75D, 0xF75D, 0xEF3D, 0xDEBB, 0xE6BC,
  0xD61A, 0x72EE, 0x8370, 0x522B, 0x628D, 0x7B4E, 0x6AAC, 0x49A8, 0x730D, 0xAC73, 0xA453, 0x9BF2, 0xA3F1, 0x9B8F, 0x830D, 0x51C9,
  0x38E6, 0x30A5, 0xE65B, 0xD5F8, 0x4145, 0x1000, 0x0800, 0x0800, 0x0800, 0x0000, 0x0000, 0x0800, 0x0800, 0x0000, 0x0000, 0x0000,
  0x0000, 0x0000, 0x0000, 0x0000, 0x0000, 0x0000, 0x0000, 0x0000, 0x0000, 0x0000, 0x0800, 0x0000, 0x1841, 0x1020, 0x1020, 0x1861,
  0x20A2, 0x1861, 0x1861, 0x28C3, 0x28A3, 0x2083, 0x1001, 0x0000, 0x0821, 0x1021, 0x28C3, 0x28A3, 0x1000, 0x2061, 0x0000, 0x2861,
  0x61C7, 0x5945, 0x5125, 0x61C7, 0x4985, 0x3164, 0x4165, 0x4965, 0x3964, 0x2884, 0x1843, 0x1001, 0x1842, 0x1842, 0xF75D, 0xF75D,
  0xF75D, 0xF75D, 0xF75D, 0xF75D, 0xF75D, 0xF75D, 0xF75D, 0xD452, 0xF6D8, 0xF73C, 0xF75D, 0xF75D, 0xF75D, 0xF75D, 0xF75D, 0xF75D,
  0xF75D, 0xF75D, 0xF75D, 0xF75D, 0xF75D, 0xF75D, 0xF75D, 0xF75D, 0xF75D, 0xF75D, 0xF75D, 0xF75D, 0xF75D, 0xF75D, 0xE6DA, 0xF75D,
  0xEF1C, 0xE6FB, 0xE6DC, 0xE6DB, 0xF75D, 0xF75D, 0xDE9A, 0xD679, 0xDEBA, 0xD659, 0xDEBB, 0xF75D, 0xD659, 0xDEBA, 0xF75D, 0xF75C,
  0x1842, 0x1022, 0x2083, 0x51C7, 0x3905, 0x9C0F, 0xF75A, 0x4901, 0x0800, 0x30E4, 0x30E4, 0x1002, 0x6A69, 0x9B6B, 0xC4B0, 0x5163,
  0x82CA, 0x38E3, 0x1021, 0x1042, 0x1862, 0x1842, 0x1842, 0x1862, 0x1842, 0x0801, 0x0000, 0x5A08, 0x8B6E, 0x1800, 0x72EB, 0x9C50,
  0xD5F7, 0xB4D3, 0x7B0D, 0x7B2E, 0x72EE, 0x41CA, 0x5A8D, 0x396A, 0x20A7, 0x398A, 0x3128, 0x3968, 0x522B, 0x6AEE, 0x3989, 0x3108,
  0x524C, 0x8391, 0xA4D5, 0x7350, 0x83D1, 0x6AEE, 0x7B91, 0x7B91, 0xA4D5, 0x9C54, 0x7B70, 0x524B, 0x520A, 0x51EA, 0x51EB, 0x49AA,
  0x51CA, 0x5189, 0x4128, 0x3905, 0x59E9, 0x49A8, 0x622A, 0xBCD4, 0x834E, 0x51C9, 0x4966, 0x6A69, 0x72AB, 0x59E8, 0x3906, 0x51A9,
  0x5A09, 0x0000, 0x2062, 0x2041, 0x0800, 0x0800, 0x0000, 0x0000, 0x0000, 0x0000, 0x1000, 0x0800, 0x0000, 0x0000, 0x0000, 0x0000,
  0x0000, 0x0000, 0x0800, 0x0000, 0x0000, 0x0000, 0x0000, 0x0000, 0x0800, 0x0000, 0x1841, 0x1021, 0x1020, 0x1861, 0x2082, 0x2061,
  0x1821, 0x28A2, 0x2082, 0x2062, 0x1821, 0x0000, 0x1021, 0x1021, 0x0000, 0x3104, 0x30A3, 0x4966, 0x1800, 0x1800, 0x5165, 0x61C7,
  0x61C7, 0x6187, 0x4945, 0x3944, 0x49C6, 0x3924, 0x3924, 0x3926, 0x1842, 0x2063, 0x0800, 0x1842, 0x7B4E, 0xF75D, 0xF75D, 0xF75D,
  0xF75D, 0xF75D, 0xF75D, 0xF75D, 0xF75D, 0xDC72, 0xF73A, 0xF71B, 0xF75D, 0xF75D, 0xF75D, 0xF75D, 0xF75D, 0xF75D, 0xF75D, 0xF75D,
  0xF75D, 0xF75D, 0xF75D, 0xF75D, 0xF75D, 0xF75D, 0xF75D, 0xF75D, 0xF75D, 0xF75D, 0xF75D, 0xF75D, 0xEEBA, 0xEF1A, 0xF75B, 0xE6D9,
  0xEEFB, 0xF75D, 0xF75D, 0xDE99, 0xE6BA, 0xE6BA, 0xE6B9, 0xE6DB, 0xEF3C, 0xF75D, 0xEF1C, 0xCE18, 0xE71C, 0xE6BB, 0x0000, 0x1843,
  0x2062, 0x628B, 0x3106, 0x72EB, 0xF697, 0xDDD4, 0x2061, 0x20A3, 0x28E4, 0x0000, 0x51E7, 0x4964, 0x38C1, 0x9B8D, 0x59E7, 0x1841,
  0x1001, 0x1042, 0x1822, 0x1840, 0x2062, 0x2884, 0x1042, 0x0002, 0x30C2, 0xA40D, 0x28A2, 0x20A2, 0x4186, 0xDDF7, 0xA40E, 0xB492,
  0xB4B3, 0x838F, 0x72EE, 0x3948, 0x3969, 0x41CB, 0x7350, 0x9475, 0xA4D6, 0xACF7, 0xBD98, 0xBD98, 0xBD77, 0x83B1, 0x93F2, 0x8370,
  0x5209, 0x628A, 0x72ED, 0x8BD0, 0x72CD, 0x72ED, 0x41C9, 0x7B2F, 0x6A8C, 0x728C, 0x7AAD, 0x4147, 0x28E4, 0x626B, 0x72CD, 0x59C9,
  0x72AD, 0x8B6D, 0x8B2E, 0x724D, 0x6A4C, 0x8B4D, 0x834C, 0x730D, 0x6AEC, 0x4167, 0x3126, 0x3946, 0x2884, 0x6A8C, 0x7B2E, 0x1822,
  0x1801, 0x2042, 0x1801, 0x1000, 0x0800, 0x0000, 0x0000, 0x0800, 0x1000, 0x0800, 0x0000, 0x0000, 0x0000, 0x0000, 0x0800, 0x0000,
  0x0800, 0x0000, 0x0000, 0x0000, 0x0000, 0x0000, 0x0800, 0x0000, 0x1021, 0x1022, 0x1021, 0x2062, 0x2883, 0x2061, 0x2061, 0x2082,
  0x2082, 0x2082, 0x1841, 0x0800, 0x1800, 0x1842, 0x0000, 0x2882, 0x5165, 0x61A6, 0x38C3, 0x2841, 0x5186, 0x51A6, 0x59E7, 0x5986,
  0x59A7, 0x2882, 0x3966, 0x51C8, 0x30A4, 0x3905, 0x28C4, 0x1821, 0x1001, 0x1001, 0x2063, 0xF75D, 0xF75D, 0xF75D, 0xF75D, 0xF75D,
  0xF75D, 0xF75D, 0xF75D, 0xD4B1, 0xF75C, 0xF71A, 0xF75D, 0xF75D, 0xF75D, 0xF75D, 0xF75D, 0xF75D, 0xF75D, 0xF75D, 0xF75D, 0xF75D,
  0xF75D, 0xF75D, 0xF75D, 0xF75D, 0xF75D, 0xF75D, 0xF75D, 0xF75D, 0xF75D, 0xF75D, 0xF75C, 0xEEFA, 0xEF1B, 0xEEFB, 0xEF1C, 0xF73C,
  0xEF1B, 0xE6DA, 0xDE79, 0xDE9A, 0xE6BA, 0xEF3C, 0xEF5D, 0xE6DB, 0xDE9A, 0xE6FB, 0xF75D, 0xC576, 0x0000, 0x1802, 0x5A29, 0xA492,
  0x0000, 0x6A69, 0xCD11, 0xF73A, 0xACB1, 0x7B2D, 0x3966, 0x0000, 0x30E4, 0x728A, 0x4904, 0x4104, 0x2000, 0x4104, 0x2883, 0x1001,
  0x1842, 0x1800, 0x20A3, 0x3146, 0x1042, 0x0000, 0x7AAA, 0x82C9, 0x51A5, 0x3903, 0x8B8E, 0xC512, 0x6205, 0x9BEE, 0xD5D7, 0xACB3,
  0x732D, 0x522B, 0x7B90, 0xC5B8, 0xB557, 0x7B70, 0x7B70, 0x6AEE, 0x9C94, 0x6AED, 0x7B4E, 0x8BF1, 0xD61A, 0xB4F6, 0xCD96, 0xA451,
  0xB4B3, 0x8B8F, 0x7B2D, 0xB4D4, 0x6AAC, 0x6A6B, 0x72CC, 0x8B4E, 0x936E, 0x8B2E, 0x51E9, 0x51C8, 0x8B4E, 0x832E, 0x8B4F, 0x8B8F,
  0x6A8C, 0x38C6, 0x5168, 0x832D, 0x9BEF, 0x7ACC, 0x6A8B, 0x3905, 0x3905, 0x2043, 0x2843, 0x3084, 0x3905, 0x38E5, 0x30A3, 0x2862,
  0x1000, 0x1000, 0x1020, 0x0000, 0x0800, 0x1000, 0x0800, 0x0000, 0x0000, 0x0000, 0x0000, 0x0000, 0x0000, 0x0800, 0x0800, 0x0000,
  0x0000, 0x0000, 0x0000, 0x0000, 0x0800, 0x0000, 0x1001, 0x1001, 0x1001, 0x1841, 0x2062, 0x2061, 0x2062, 0x2082, 0x2082, 0x2082,
  0x20A2, 0x0800, 0x1820, 0x30E4, 0x0800, 0x3082, 0x4924, 0x5144, 0x4104, 0x3041, 0x59C7, 0x6A49, 0x61E7, 0x61C7, 0x5165, 0x4104,
  0x1000, 0x51E8, 0x624A, 0x3945, 0x30E4, 0x2083, 0x1842, 0x0801, 0x0801, 0x7B4E, 0xF75D, 0xF75D, 0xF75D, 0xF75D, 0xF75D, 0xF75D,
  0xF75D, 0xD4B1, 0xF75D, 0xF71B, 0xF75D, 0xF75D, 0xF75D, 0xF75D, 0xF75D, 0xF75D, 0xF75D, 0xF75D, 0xF75D, 0xF75D, 0xF75D, 0xF75D,
  0xF75D, 0xF75D, 0xF75D, 0xF75D, 0xF75D, 0xF75D, 0xF75D, 0xF75D, 0xF75D, 0xEF1B, 0xF73C, 0xF75D, 0xF75D, 0xDE9B, 0xDE9A, 0xE6DA,
  0xDE79, 0xD638, 0xEEDB, 0xF75D, 0xD67A, 0xEF3C, 0xDEBA, 0xD67A, 0xF75D, 0xBD55, 0x0000, 0x1001, 0x9410, 0x6AEC, 0x0000, 0x7289,
  0xC4AF, 0xF655, 0xB4B1, 0xBD34, 0x5A08, 0x0000, 0x1842, 0x726A, 0x4945, 0x4127, 0x30A3, 0x38E4, 0x38E4, 0x2001, 0x1000, 0x2083,
  0x2104, 0x2905, 0x1042, 0x0800, 0xB472, 0x3061, 0x834C, 0x8B8C, 0x6227, 0x936C, 0xA40E, 0x51C5, 0xDE38, 0xF75D, 0x5A49, 0xB515,
  0xB515, 0xBD54, 0xBD76, 0x9C52, 0x732E, 0xA454, 0xD5F9, 0xBD56, 0xB515, 0xACD4, 0x7B0E, 0x8370, 0xB4D3, 0xB492, 0x6A49, 0x728A,
  0x726A, 0x72AB, 0x93D0, 0x6229, 0x6229, 0x830C, 0x6A49, 0x59E8, 0x4966, 0x4966, 0x6A8B, 0x59C8, 0x4946, 0x3905, 0x4967, 0x38C5,
  0x51C8, 0x834D, 0x51C7, 0x4105, 0x4146, 0x620A, 0x620A, 0x4947, 0x38E5, 0x38E5, 0x2842, 0x30A3, 0x3904, 0x38E3, 0x2001, 0x0800,
  0x1000, 0x0800, 0x0000, 0x0800, 0x0800, 0x0000, 0x0000, 0x0000, 0x0000, 0x0000, 0x0000, 0x0000, 0x0000, 0x0000, 0x0000, 0x0800,
  0x0000, 0x0000, 0x0000, 0x0000, 0x0800, 0x1022, 0x1001, 0x1841, 0x2082, 0x2061, 0x2061, 0x2082, 0x2082, 0x2082, 0x28A3, 0x1000,
  0x2062, 0x51E7, 0x30C3, 0x2861, 0x3082, 0x4945, 0x51A6, 0x38C3, 0x4104, 0x6228, 0x5186, 0x5986, 0x5166, 0x4125, 0x28A3, 0x0800,
  0x836E, 0x4166, 0x30E4, 0x3946, 0x0800, 0x1001, 0x0801, 0x1842, 0xF75D, 0xF75D, 0xF75D, 0xF75D, 0xF75D, 0xF75D, 0xF75D, 0xD4D2,
  0xF75D, 0xF71B, 0xF73C, 0xF75D, 0xF75D, 0xF75D, 0xF75D, 0xF75D, 0xF75D, 0xF75D, 0xF75D, 0xF75D, 0xF75D, 0xF75D, 0xF75D, 0xF75D,
  0xF75D, 0xF75D, 0xF75D, 0xF75D, 0xF75D, 0xF75D, 0xDE79, 0xF75D, 0xF75D, 0xF75D, 0xEEFC, 0xEEFC, 0xEEFB, 0xEEFB, 0xEF1B, 0xF75D,
  0xF73C, 0xDEBA, 0xD65A, 0xDEBA, 0xDEBA, 0xDE9A, 0xF75D, 0x9C10, 0x0000, 0x0800, 0xB514, 0x3145, 0x0000, 0x7A88, 0xB3EC, 0xEDD3,
  0x8B6B, 0x9BEE, 0x938E, 0x0000, 0x0820, 0x51C7, 0x61A7, 0x28C4, 0x2083, 0x59C7, 0x6229, 0x4966, 0x28A4, 0x3106, 0x3986, 0x20E4,
  0x0000, 0x6249, 0xAC50, 0x0000, 0x51E7, 0x6A68, 0x2840, 0xA42F, 0x93AD, 0xACB2, 0xF75D, 0xDE59, 0x93F0, 0xA473, 0xC597, 0xD5F7,
  0xACF4, 0xBD35, 0xBD76, 0x9C31, 0xBD76, 0xA4B3, 0x7B2E, 0x626B, 0xA452, 0x832E, 0x6208, 0x4965, 0x6228, 0x4966, 0x4105, 0x4105,
  0x59C8, 0x832E, 0x3904, 0x624A, 0x5A07, 0x38C4, 0x5188, 0x4967, 0x3083, 0x30C4, 0x2083, 0x2022, 0x28A4, 0x30A4, 0x51C8, 0x51C8,
  0x4966, 0x4966, 0x4146, 0x3905, 0x4105, 0x4106, 0x5187, 0x5187, 0x38C4, 0x3083, 0x30A2, 0x38E4, 0x3063, 0x1000, 0x0800, 0x0800,
  0x0800, 0x0800, 0x0800, 0x0000, 0x0000, 0x0000, 0x0000, 0x0000, 0x0000, 0x0000, 0x0000, 0x0000, 0x0000, 0x0000, 0x0000, 0x0000,
  0x0000, 0x0000, 0x0800, 0x1822, 0x1001, 0x1821, 0x2082, 0x1841, 0x1841, 0x2082, 0x2082, 0x2082, 0x2082, 0x1861, 0x1841, 0x51C7,
  0x5185, 0x4904, 0x2841, 0x4924, 0x6A49, 0x4965, 0x38A2, 0x6208, 0x5186, 0x4965, 0x5186, 0x4104, 0x38E4, 0x1841, 0x1000, 0x5A29,
  0x0000, 0xA472, 0x1001, 0x0801, 0x0801, 0x0800, 0x732E, 0xF75D, 0xF75D, 0xF75D, 0xF75D, 0xF75D, 0xF75D, 0xDCF3, 0xF75D, 0xF73C,
  0xF71B, 0xF75D, 0xF75D, 0xF75D, 0xF75D, 0xF75D, 0xF75D, 0xF75D, 0xF75D, 0xF75D, 0xF75D, 0xF75D, 0xF75D, 0xF75D, 0xF75D, 0xF75D,
  0xF75D, 0xF75D, 0xF75D, 0xF75D, 0xBD75, 0xF75D, 0xF75D, 0xEEDC, 0xDE7A, 0xE6BB, 0xE6BA, 0xEEFA, 0xF75D, 0xF75D, 0xDE79, 0xDEBA,
  0xDEBA, 0xD67A, 0xD67A, 0xF75D, 0xF75D, 0x6A8B, 0x0000, 0x1823, 0xCDD8, 0x0800, 0x0842, 0x7A68, 0xB3CB, 0xF613, 0x938B, 0x7289,
  0xB451, 0x20A3, 0x18A1, 0x38C3, 0x5146, 0x3926, 0x3146, 0x28A3, 0x3904, 0x2861, 0x2905, 0x18A4, 0x3926, 0x20E4, 0x1001, 0x93CD,
  0x28C1, 0x0000, 0x3965, 0x72EA, 0x2860, 0x834C, 0x72EB, 0xF75D, 0xF73D, 0x732E, 0x93F1, 0xACD4, 0xACD5, 0xA453, 0x72ED, 0xACD4,
  0xA492, 0xACB3, 0xA472, 0x8BAE, 0x72EC, 0x6A8B, 0x7AEC, 0x8B4E, 0x6228, 0x4966, 0x51A7, 0x7AED, 0x7AED, 0x4126, 0x72CD, 0x3905,
  0x4146, 0x624A, 0x49C7, 0x2883, 0x4127, 0x38E5, 0x2064, 0x28C5, 0x28C5, 0x3927, 0x30C4, 0x30C4, 0x49A7, 0x28A3, 0x3925, 0x3925,
  0x2062, 0x2062, 0x2883, 0x2063, 0x2842, 0x4105, 0x4925, 0x4104, 0x38A3, 0x3081, 0x4905, 0x2042, 0x0800, 0x0000, 0x0800, 0x0800,
  0x0800, 0x0000, 0x0000, 0x0000, 0x0000, 0x0000, 0x0000, 0x0000, 0x0000, 0x0000, 0x0000, 0x0000, 0x0000, 0x0000, 0x0000, 0x0000,
  0x0800, 0x1822, 0x1001, 0x1021, 0x2041, 0x1841, 0x1841, 0x1861, 0x2061, 0x2061, 0x2082, 0x1861, 0x1841, 0x5A08, 0x59C5, 0x6185,
  0x3061, 0x4104, 0x6A48, 0x5165, 0x38C3, 0x59A6, 0x6A28, 0x4965, 0x5187, 0x5145, 0x3063, 0x30E4, 0x0800, 0x49A7, 0x1801, 0x7B4E,
  0xA473, 0x0000, 0x1822, 0x0800, 0x1842, 0xF75D, 0xF75D, 0xF75D, 0xF75D, 0xF75D, 0xF75D, 0xDD14, 0xF75D, 0xF75D, 0xF6D9, 0xF75D,
  0xF75D, 0xF75D, 0xF75D, 0xF75D, 0xF75D, 0xF75D, 0xF75D, 0xF75D, 0xF75D, 0xF75D, 0xF75D, 0xF75D, 0xF75D, 0xF75D, 0xF75D, 0xF75D,
  0xF75D, 0xF75D, 0xC513, 0xDE7A, 0xF75D, 0xEEFC, 0xDEDB, 0xDEDC, 0xEEFC, 0xF75D, 0xF75D, 0xE6DB, 0xDEBA, 0xDEBA, 0xD679, 0xE6DB,
  0xEF5C, 0xF75C, 0xF75D, 0x4947, 0x0000, 0x51E8, 0xC5B7, 0x0000, 0x2883, 0x8267, 0xABAB, 0xD572, 0x9BCD, 0x51A5, 0xAC71, 0x6AAA,
  0x628A, 0x6228, 0x38E4, 0x3104, 0x1862, 0x28E4, 0x1000, 0x1001, 0x3926, 0x2084, 0x30E6, 0x28E5, 0x2063, 0xACD3, 0x0000, 0x0000,
  0x3946, 0x72EA, 0x5164, 0x6A69, 0x8BAF, 0xF75D, 0xD618, 0xA4B3, 0xACD4, 0xDE3A, 0xBD56, 0xBD56, 0xB4F4, 0xACD2, 0xC555, 0xC554,
  0x7ACB, 0x7ACC, 0x6A4A, 0x51E8, 0x5A49, 0x9430, 0x5A69, 0xACD3, 0xE6BB, 0xF75D, 0xAD35, 0xDEBB, 0xCDD8, 0x1001, 0x3987, 0xF75D,
  0xB555, 0x0000, 0x2884, 0x49A8, 0x1863, 0x28C4, 0x3926, 0x3926, 0x28C4, 0x2904, 0x28C4, 0x28C4, 0x1842, 0x2063, 0x2083, 0x2042,
  0x1842, 0x1001, 0x1801, 0x1801, 0x38E4, 0x2862, 0x38E4, 0x3082, 0x48E4, 0x38A3, 0x1000, 0x0000, 0x0800, 0x0800, 0x0000, 0x0000,
  0x0000, 0x0000, 0x0000, 0x0000, 0x0000, 0x0000, 0x0000, 0x0800, 0x0000, 0x0000, 0x0000, 0x0000, 0x0000, 0x0000, 0x0800, 0x1821,
  0x1000, 0x1021, 0x1841, 0x1841, 0x1841, 0x1841, 0x2082, 0x2062, 0x2082, 0x2082, 0x1001, 0x51E7, 0x59C6, 0x5185, 0x4104, 0x30A3,
  0x6A49, 0x4965, 0x38E3, 0x38C3, 0x6207, 0x51A6, 0x4945, 0x4925, 0x38A3, 0x2062, 0x2062, 0x1001, 0x3946, 0x1000, 0xF75D, 0x1883,
  0x0000, 0x1002, 0x0000, 0x7B6F, 0xF75D, 0xF75D, 0xF75D, 0xF75D, 0xF75D, 0xDD33, 0xF75D, 0xF75D, 0xF6D8, 0xF75D, 0xF75D, 0xF75D,
  0xF75D, 0xF75D, 0xF75D, 0xF75D, 0xF75D, 0xF75D, 0xF75D, 0xF75D, 0xF75D, 0xF75D, 0xF75D, 0xF75D, 0xF75D, 0xF75D, 0xF75D, 0xF75D,
  0xCCB1, 0xCDD6, 0xF75D, 0xF71D, 0xCE9A, 0xE71C, 0xF75D, 0xF75D, 0xDEBA, 0xDEBA, 0xDEDA, 0xE6DA, 0xEF1B, 0xF75D, 0xEF5D, 0xEEFB,
  0xF75D, 0x2022, 0x0000, 0x9410, 0xACD4, 0x0000, 0x38C4, 0x79A5, 0x92E9, 0xBCB0, 0xAC0E, 0x38E3, 0x8B8E, 0x72EC, 0x59E8, 0xA451,
  0x4165, 0x30A2, 0x2082, 0x2904, 0x3126, 0x1001, 0x3926, 0x30C5, 0x28C4, 0x3926, 0x1822, 0x4187, 0x30E4, 0x3125, 0x0800, 0x5984,
  0x7267, 0x0000, 0xA471, 0xEEBA, 0xB4F3, 0xB4D3, 0xACB2, 0x8B8E, 0x7B0D, 0xA471, 0xB4D2, 0x93AE, 0x93AE, 0x51A6, 0x726A, 0x59E9,
  0x7B2D, 0xEF1C, 0xDEBA, 0xDEDB, 0xF75D, 0xF75D, 0xF75D, 0xEF5D, 0xF75D, 0xF75D, 0xF75D, 0xF71D, 0xF75D, 0xF75D, 0xDEBB, 0xA4B3,
  0x30C4, 0x0000, 0x0000, 0x1801, 0x2083, 0x20A3, 0x20A3, 0x2083, 0x2083, 0x1021, 0x1001, 0x1842, 0x1001, 0x1021, 0x1822, 0x2083,
  0x1822, 0x1001, 0x2042, 0x2062, 0x2021, 0x3082, 0x40A3, 0x40C3, 0x1800, 0x0800, 0x0800, 0x0800, 0x0000, 0x0000, 0x0000, 0x0000,
  0x0000, 0x0000, 0x0800, 0x0800, 0x0800, 0x0000, 0x0800, 0x0800, 0x0000, 0x0000, 0x0000, 0x0000, 0x0800, 0x1821, 0x1000, 0x1021,
  0x1861, 0x1841, 0x1821, 0x1841, 0x2083, 0x2062, 0x2062, 0x2082, 0x0800, 0x4986, 0x59C6, 0x4944, 0x4104, 0x2882, 0x51A6, 0x51C6,
  0x38E3, 0x30A2, 0x51C6, 0x5A07, 0x30A3, 0x4105, 0x4946, 0x2882, 0x2062, 0x1002, 0x28A4, 0x0800, 0xE6BB, 0xE6BC, 0x0000, 0x1022,
  0x0801, 0x1842, 0xF75D, 0xF75D, 0xF75D, 0xF75D, 0xF75D, 0xDD33, 0xF75D, 0xF75D, 0xF6D9, 0xF75D, 0xF75D, 0xF75D, 0xF75D, 0xF75D,
  0xF75D, 0xF75D, 0xF75D, 0xF75D, 0xF75D, 0xF75D, 0xF75D, 0xF75D, 0xF75D, 0xF75D, 0xF75D, 0xF75D, 0xF75D, 0xF75D, 0xBB8D, 0x832C,
  0xF75D, 0xEF1B, 0xEF3B, 0xF73D, 0xF75C, 0xEF3B, 0xDED9, 0xDED9, 0xDED9, 0xDEB9, 0xEEFB, 0xEF3C, 0xD699, 0xEF1C, 0xF73C, 0x0800,
  0x0000, 0xEEFB, 0x5A2A, 0x0000, 0x4125, 0x6144, 0x8268, 0xD553, 0x9B8C, 0x5165, 0x6208, 0x6A8A, 0x49A6, 0x93CF, 0x6249, 0x51C7,
  0x6249, 0x3104, 0x4187, 0x1842, 0x3925, 0x30E5, 0x1822, 0x4167, 0x28C4, 0x2062, 0x1841, 0x0801, 0x628A, 0xBC70, 0x1000, 0x3103,
  0xEE58, 0xC513, 0x830A, 0x9BCE, 0xCD54, 0xA430, 0xB492, 0xA450, 0x938D, 0x8B6D, 0x93AF, 0xBD15, 0xDE39, 0xCDF8, 0xF75D, 0xF75D,
  0xF75D, 0xF75D, 0xF75D, 0xEF1C, 0xDEDB, 0xDE7A, 0xDE7A, 0xE6DB, 0xDEBB, 0xF73D, 0xF75D, 0xF73D, 0xF75D, 0xEF1D, 0x6ACC, 0x8BD0,
  0xDE5A, 0x51E9, 0x0000, 0x2083, 0x1021, 0x1842, 0x1842, 0x0801, 0x0800, 0x2042, 0x28A4, 0x1842, 0x0800, 0x0800, 0x1822, 0x1801,
  0x2021, 0x2042, 0x1800, 0x3082, 0x4904, 0x38A3, 0x1820, 0x0800, 0x0800, 0x0800, 0x0000, 0x0000, 0x0000, 0x0000, 0x0000, 0x0000,
  0x0000, 0x0000, 0x0000, 0x0000, 0x0000, 0x0000, 0x0000, 0x0000, 0x0000, 0x0000, 0x0000, 0x1841, 0x1000, 0x0800, 0x1842, 0x1841,
  0x1000, 0x1841, 0x2082, 0x2062, 0x2062, 0x2082, 0x1021, 0x4165, 0x6228, 0x5145, 0x4104, 0x3082, 0x4965, 0x6208, 0x38C3, 0x3903,
  0x4945, 0x6269, 0x30C3, 0x4925, 0x5187, 0x30C4, 0x1821, 0x1822, 0x1001, 0x0000, 0x6AEC, 0xF75D, 0x3147, 0x0000, 0x1822, 0x0000,
  0x838F, 0xF75D, 0xF75D, 0xF75D, 0xF75D, 0xDD53, 0xF75D, 0xF75D, 0xF6D9, 0xF75D, 0xF75D, 0xF75D, 0xF75D, 0xF75D, 0xF75D, 0xF75D,
  0xF75D, 0xF75D, 0xF75D, 0xF75D, 0xF75D, 0xF75D, 0xF75D, 0xF75D, 0xF75D, 0xF75D, 0xF75D, 0xF75D, 0xE471, 0xC533, 0xDE7A, 0xF75D,
  0xF75C, 0xF75D, 0xDEB9, 0xDEB9, 0xDEB9, 0xDE99, 0xE6FA, 0xF75D, 0xF73C, 0xDEDA, 0xE73B, 0xF75D, 0xC575, 0x0000, 0x1041, 0xF75D,
  0x1802, 0x0000, 0x4125, 0x5904, 0x6185, 0xDDB5, 0x6A07, 0x5165, 0x726A, 0x51C7, 0x38C3, 0x8B8E, 0x59E7, 0x59E8, 0x832D, 0x4125,
  0x51C8, 0x2042, 0x28C4, 0x3125, 0x1862, 0x3925, 0x30E4, 0x28C4, 0x30A4, 0x0000, 0x5208, 0xB3EE, 0x9B6C, 0xE637, 0xDD75, 0x934B,
  0xABEE, 0xBCB1, 0x8B4C, 0xA40E, 0xB491, 0x6268, 0x8BEF, 0xF75D, 0xF75D, 0xF75D, 0xF75D, 0xF75D, 0xF75D, 0xE6FB, 0xD6BA, 0xE71B,
  0xD659, 0xD659, 0xD659, 0xD639, 0xDE9A, 0xD659, 0xDE5A, 0xDE7B, 0xE6BB, 0xDE7A, 0xD619, 0xD65A, 0xF75D, 0xF75D, 0xF75D, 0x8BD0,
  0x0000, 0x0800, 0x2083, 0x0801, 0x1842, 0x1842, 0x0800, 0x1801, 0x28C4, 0x2083, 0x1822, 0x1001, 0x1001, 0x1822, 0x1801, 0x2042,
  0x1800, 0x28A2, 0x4945, 0x38C3, 0x0800, 0x0000, 0x0000, 0x0000, 0x0000, 0x0000, 0x0000, 0x0000, 0x0000, 0x0000, 0x0000, 0x0000,
  0x0000, 0x0000, 0x0000, 0x0000, 0x0000, 0x0000, 0x0000, 0x0000, 0x0000, 0x1841, 0x0800, 0x0800, 0x1842, 0x1861, 0x1001, 0x1821,
  0x1842, 0x2062, 0x1841, 0x2062, 0x1842, 0x28A2, 0x5A07, 0x4924, 0x4104, 0x4104, 0x30A2, 0x6A69, 0x5185, 0x4124, 0x30A2, 0x5A08,
  0x51C7, 0x38A3, 0x4105, 0x3905, 0x1862, 0x1002, 0x1001, 0x0800, 0x1022, 0xF75D, 0xF75D, 0x0000, 0x1002, 0x1001, 0x0800, 0xF75D,
  0xF75D, 0xF75D, 0xF75D, 0xE553, 0xF75D, 0xF75D, 0xF6FA, 0xF73C, 0xF75D, 0xF75D, 0xF75D, 0xF75D, 0xF75D, 0xF75D, 0xF75D, 0xF75D,
  0xF75D, 0xF75D, 0xF75D, 0xF75D, 0xF75D, 0xF75D, 0xF75D, 0xF75D, 0xF75D, 0xF75D, 0x8147, 0xCCF3, 0xD619, 0xF75D, 0xF75D, 0xF6FC,
  0xE6FB, 0xE6FB, 0xE6FB, 0xEF1B, 0xF75D, 0xE6DA, 0xCDF7, 0xCE58, 0xDE99, 0xF75D, 0x9410, 0x0000, 0x734E, 0xF75D, 0x0000, 0x1001,
  0x4125, 0x724A, 0x7AAA, 0xF6FA, 0x4985, 0x38E3, 0x830C, 0x6208, 0x3062, 0x7ACB, 0x51A7, 0x5186, 0x7ACB, 0x5186, 0x6208, 0x3945,
  0x1841, 0x3966, 0x28A2, 0x3104, 0x3925, 0x1842, 0x30C5, 0x0802, 0x0000, 0xC4F1, 0xDD94, 0x9BCD, 0xA3CD, 0xBC70, 0xBC50, 0x7247,
  0x72A9, 0x832B, 0x72C9, 0xEF5D, 0xF75D, 0xF75D, 0xE73C, 0xE6FB, 0xEF3C, 0xE6DB, 0xDE9A, 0xEF1C, 0xE6DB, 0xDE7A, 0xA4B3, 0xC596,
  0xBD76, 0xCDF8, 0xCDD7, 0xCDF8, 0xD61A, 0xCDF9, 0xDE7A, 0xCDF8, 0xD639, 0xDE7A, 0xD619, 0xC5B7, 0xCDF9, 0xA4B4, 0x2905, 0x522A,
  0x0000, 0x1001, 0x1862, 0x28C4, 0x1842, 0x1000, 0x2063, 0x2083, 0x1822, 0x2083, 0x0800, 0x1801, 0x1801, 0x1000, 0x2021, 0x2041,
  0x2841, 0x2882, 0x1020, 0x0000, 0x0000, 0x0000, 0x0000, 0x0000, 0x0000, 0x0000, 0x0000, 0x0000, 0x0000, 0x0800, 0x0000, 0x0000,
  0x0000, 0x0000, 0x0000, 0x0000, 0x0000, 0x0000, 0x0000, 0x1841, 0x0800, 0x0800, 0x1041, 0x1862, 0x1000, 0x1821, 0x1821, 0x2082,
  0x1842, 0x2062, 0x1862, 0x1820, 0x6207, 0x4924, 0x4965, 0x4104, 0x2881, 0x51A6, 0x4965, 0x30C2, 0x30A2, 0x30A2, 0x6228, 0x40E4,
  0x38E4, 0x38E4, 0x28C4, 0x1001, 0x1822, 0x1002, 0x0000, 0x9C51, 0xF75D, 0x4A2B, 0x0000, 0x1802, 0x0000, 0x7B6F, 0xF75D, 0xF75D,
  0xF75D, 0xE553, 0xF75D, 0xF75D, 0xF71A, 0xF71A, 0xF75D, 0xF75D, 0xF75D, 0xF75D, 0xF75D, 0xF75D, 0xF75D, 0xF75D, 0xF75D, 0xF75D,
  0xF75D, 0xF75D, 0xF75D, 0xF75D, 0xF75D, 0xF75D, 0xF75D, 0xF75D, 0x58A5, 0x8A0A, 0xBD57, 0xF75D, 0xDEFC, 0xE67B, 0xE6BB, 0xDEDB,
  0xF73D, 0xF75D, 0xEF3D, 0xDE7A, 0xE6DA, 0xE6DA, 0xE71B, 0xF75D, 0x51C7, 0x0000, 0xEF1C, 0xB514, 0x0000, 0x0801, 0x6229, 0x59C7,
  0x6AAA, 0xEEB9, 0x2881, 0x30E3, 0x728A, 0x6208, 0x2861, 0x6A6A, 0x6A49, 0x38E4, 0x6A29, 0x51A6, 0x4986, 0x6229, 0x1000, 0x3966,
  0x3104, 0x28A3, 0x4166, 0x1842, 0x30C5, 0x28E6, 0x0000, 0xD5D4, 0xE593, 0xB40E, 0xCD11, 0xA3AD, 0x7207, 0x5985, 0x6A68, 0x38C1,
  0xB4F3, 0xF75D, 0xF75D, 0xEEDC, 0xEEDB, 0xF6DB, 0xE6BA, 0xCE39, 0xDE5A, 0xEEDB, 0xDE7A, 0xD618, 0xD5F8, 0xDE5A, 0xDE59, 0xCDD7,
  0xBD55, 0xB555, 0xCDD8, 0xCDF8, 0xD619, 0xD619, 0xD619, 0xD639, 0xD639, 0xD65A, 0xE6BB, 0xBD77, 0xF75D, 0x1842, 0x0000, 0x0000,
  0x0000, 0x1001, 0x1001, 0x0800, 0x1001, 0x1842, 0x1821, 0x1821, 0x1822, 0x2022, 0x1821, 0x1000, 0x1800, 0x2842, 0x2000, 0x2021,
  0x2081, 0x0000, 0x0000, 0x0000, 0x0000, 0x0000, 0x0000, 0x0000, 0x0000, 0x0000, 0x0800, 0x0800, 0x0000, 0x0000, 0x0000, 0x0000,
  0x0000, 0x0000, 0x0000, 0x0000, 0x0000, 0x1000, 0x0800, 0x0800, 0x1021, 0x1862, 0x1001, 0x1821, 0x1821, 0x1842, 0x2062, 0x1842,
  0x1862, 0x1000, 0x6207, 0x5986, 0x38E4, 0x30A2, 0x38C3, 0x4104, 0x6228, 0x2020, 0x38E3, 0x2861, 0x4945, 0x61E8, 0x2842, 0x3904,
  0x3925, 0x1021, 0x1001, 0x1002, 0x0001, 0x0000, 0xF75D, 0xF75D, 0x0000, 0x1002, 0x0801, 0x0000, 0xF75D, 0xF75D, 0xF75D, 0xE533,
  0xF75D, 0xF75D, 0xF73C, 0xF6F9, 0xF75D, 0xF75D, 0xF75D, 0xF75D, 0xF75D, 0xF75D, 0xF75D, 0xF75D, 0xF75D, 0xF75D, 0xF75D, 0xF75D,
  0xF75D, 0xF75D, 0xF75D, 0xF75D, 0xF75D, 0xF75D, 0x6ACC, 0xB2ED, 0xC512, 0xE6FB, 0xF75D, 0xE73C, 0xEF1C, 0xF73C, 0xF75D, 0xF75D,
  0xEEDB, 0xE6BB, 0xEEDB, 0xD6D9, 0xF75D, 0xF75D, 0x0000, 0x0000, 0xF75D, 0x5228, 0x0000, 0x1001, 0x6ACA, 0x2861, 0x4965, 0x8ACC,
  0x40E4, 0x4104, 0x72EB, 0x4186, 0x2881, 0x72AA, 0x7AEB, 0x30A2, 0x59A6, 0x59C7, 0x30C3, 0x62AA, 0x1021, 0x3945, 0x3966, 0x1841,
  0x4166, 0x2063, 0x2064, 0x0000, 0x6289, 0xF75C, 0xA36A, 0xA34B, 0xAC0D, 0x82C9, 0x5165, 0x4105, 0x2821, 0x51A7, 0xF75D, 0xF75D,
  0xEF1C, 0xE6DB, 0xE71C, 0xDEBA, 0xDEBA, 0xDEBB, 0xDEBB, 0xDEBA, 0xBDD7, 0xE6FB, 0xE6DB, 0xE6BC, 0xDE7A, 0xBD76, 0xB514, 0xACD2,
  0xC576, 0xD5F8, 0xC577, 0xDE3A, 0xBD77, 0xC5B8, 0xD619, 0xE6BB, 0xC597, 0xD65A, 0xACF4, 0x62AC, 0xBD77, 0xF73D, 0xA4B4, 0x1842,
  0x1022, 0x0800, 0x0800, 0x0800, 0x1001, 0x1001, 0x1821, 0x28A2, 0x1821, 0x1000, 0x1000, 0x2882, 0x2000, 0x2000, 0x2041, 0x0000,
  0x0800, 0x0000, 0x0000, 0x0000, 0x0000, 0x0000, 0x0000, 0x0000, 0x0000, 0x0000, 0x0000, 0x0000, 0x0000, 0x0000, 0x0000, 0x0000,
  0x0000, 0x0000, 0x0000, 0x0800, 0x1000, 0x0800, 0x0800, 0x1842, 0x1000, 0x1021, 0x1841, 0x1841, 0x2082, 0x1841, 0x1842, 0x1000,
  0x40C4, 0x59A7, 0x38C3, 0x30C2, 0x30C3, 0x2841, 0x72AA, 0x4104, 0x30A3, 0x2882, 0x2000, 0x6A6A, 0x3904, 0x38C3, 0x4124, 0x28A4,
  0x1001, 0x1842, 0x0801, 0x0000, 0x3166, 0xF75D, 0x83F2, 0x0000, 0x1023, 0x0000, 0x6AED, 0xF75D, 0xF75D, 0xED33, 0xF75C, 0xF75D,
  0xF75D, 0xEEB9, 0xF75D, 0xF75D, 0xF75D, 0xF75D, 0xF75D, 0xF75D, 0xF75D, 0xF75D, 0xF73D, 0xE73C, 0xEF5D, 0xF75D, 0xF75D, 0xF75D,
  0xF75D, 0xF75D, 0xF75D, 0xF75D, 0xE73D, 0x79A6, 0xF699, 0xEEFA, 0xE6BB, 0xF6FC, 0xF75C, 0xF75D, 0xF75C, 0xD617, 0xDEB9, 0xE699,
  0xE67A, 0xEF5B, 0xF75D, 0xBD34, 0x0000, 0x6ACC, 0xF75D, 0x0000, 0x0000, 0x1822, 0x7B4D, 0x2061, 0x59C7, 0x4104, 0x40E4, 0x4104,
  0x6AAA, 0x28A3, 0x28A2, 0x51E7, 0x7B0B, 0x30A2, 0x59C7, 0x59C7, 0x2061, 0x5208, 0x2082, 0x2882, 0x51A6, 0x1820, 0x3904, 0x30E4,
  0x0000, 0x5A6A, 0xF75D, 0xDD72, 0x92E9, 0x6185, 0x6A07, 0x61C6, 0x4105, 0x1001, 0x0000, 0xF75D, 0xF75D, 0xE71C, 0xF75D, 0xE6DB,
  0xDEDB, 0xDEDB, 0xE6FC, 0xE6DB, 0xF75D, 0xEF1C, 0xD679, 0xE6FB, 0xE6DC, 0xD639, 0xCE18, 0xCDF7, 0xACF3, 0xB4F3, 0xCD96, 0xC576,
  0xB515, 0xDE3A, 0xCDF9, 0xDE7A, 0xE67A, 0xC597, 0xC5B7, 0xCDD8, 0xCDD8, 0xF71D, 0xEEDC, 0x628B, 0x0000, 0x0000, 0x1862, 0x1001,
  0x1001, 0x0800, 0x1000, 0x1822, 0x1000, 0x2041, 0x2061, 0x2842, 0x1000, 0x2862, 0x3082, 0x2000, 0x2041, 0x0800, 0x0000, 0x0000,
  0x0000, 0x0000, 0x0000, 0x0000, 0x0000, 0x0000, 0x0000, 0x0000, 0x0000, 0x0000, 0x0000, 0x0000, 0x0000, 0x0000, 0x0000, 0x0000,
  0x0000, 0x0800, 0x0800, 0x0800, 0x0800, 0x1821, 0x1000, 0x1020, 0x1041, 0x1041, 0x1882, 0x1021, 0x1822, 0x1822, 0x2842, 0x61E8,
  0x4104, 0x3904, 0x30A3, 0x2000, 0x4986, 0x51C7, 0x2861, 0x2862, 0x2841, 0x38E3, 0x6A49, 0x2862, 0x38E4, 0x30C4, 0x2063, 0x1021,
  0x1021, 0x0801, 0x0000, 0xBDB7, 0xF75D, 0x1844, 0x0000, 0x0801, 0x0000, 0xF75D, 0xF75D, 0xE554, 0xF75C, 0xF75D, 0xF75D, 0xEE98,
  0xF75D, 0xF75D, 0xF75D, 0xF75D, 0xF75D, 0xF75D, 0xF75D, 0xF75D, 0xF75D, 0xF75D, 0xF75D, 0xF75D, 0xF75D, 0xF75D, 0xF75D, 0xF75D,
  0xF75D, 0xF75D, 0x7C11, 0x4822, 0xA269, 0xB512, 0xEF1B, 0xEEBB, 0xF75C, 0xEEFA, 0xEEFA, 0xE6B9, 0xD658, 0xE679, 0xF73D, 0xF75C,
  0xF75D, 0x4165, 0x0000, 0xF71C, 0xF75D, 0x0000, 0x0800, 0x28C4, 0x5A28, 0x2021, 0x4966, 0x30A3, 0x30A3, 0x4124, 0x6229, 0x28C4,
  0x2882, 0x4145, 0x6A69, 0x30A2, 0x59A6, 0x6A29, 0x2041, 0x49C7, 0x3104, 0x1801, 0x51A7, 0x2082, 0x28C3, 0x20A1, 0x1020, 0xF71A,
  0x9B8B, 0xB42C, 0x9B6B, 0x4924, 0x1000, 0x1000, 0x1002, 0x0000, 0x7B6E, 0xF75D, 0xEF5C, 0xEF3C, 0xE6DB, 0xE6DB, 0xDEBA, 0xDEBA,
  0xDE7A, 0xE6BB, 0xE6DB, 0xD659, 0xD659, 0xDE9A, 0xDE7A, 0xD659, 0xCDD7, 0xCDD7, 0xACF3, 0xBD34, 0xD5D7, 0xAC92, 0xC576, 0xDE3A,
  0xD618, 0xD619, 0xC597, 0xD5F8, 0xD5F8, 0xD618, 0xE69A, 0xCDD8, 0x72EC, 0x28E4, 0x838F, 0x4987, 0x0000, 0x1821, 0x1001, 0x1001,
  0x0800, 0x1001, 0x1000, 0x1800, 0x1820, 0x2041, 0x2000, 0x2000, 0x3082, 0x2021, 0x1820, 0x0000, 0x0000, 0x0000, 0x0000, 0x0000,
  0x0000, 0x0000, 0x0000, 0x0000, 0x0000, 0x0000, 0x0000, 0x0000, 0x0000, 0x0000, 0x0000, 0x0000, 0x0000, 0x0000, 0x0000, 0x0800,
  0x0800, 0x0800, 0x0800, 0x1000, 0x1000, 0x1000, 0x1021, 0x1021, 0x1862, 0x1021, 0x1821, 0x1842, 0x1800, 0x59C7, 0x4944, 0x4124,
  0x30C3, 0x30A3, 0x1800, 0x51C7, 0x38E3, 0x30A2, 0x2882, 0x1800, 0x51A6, 0x51C7, 0x2041, 0x30C4, 0x30E4, 0x2083, 0x1001, 0x0801,
  0x0000, 0x0000, 0xF75D, 0xF75D, 0x0000, 0x0802, 0x0000, 0x524A, 0xF75D, 0xE5D7, 0xF75D, 0xF75D, 0xF75D, 0xF6DA, 0xF75D, 0xF75D,
  0xF75D, 0xF75D, 0xF75D, 0xF75D, 0xF75D, 0xF73C, 0xF6DB, 0xF6DB, 0xF71B, 0xF6FC, 0xE659, 0xEE59, 0xF6FB, 0xEF1C, 0xEEFC, 0xEEFC,
  0xD65B, 0xA34F, 0xAA49, 0xD5F5, 0xF75D, 0xF75D, 0xF73C, 0xDE9A, 0xE6BA, 0xE6BA, 0xE69A, 0xEEFB, 0xEEFB, 0xEF3C, 0xEEDA, 0x0000,
  0x2062, 0xF75D, 0x9410, 0x0000, 0x0800, 0x5207, 0x4165, 0x2841, 0x3903, 0x28A2, 0x2882, 0x3904, 0x4166, 0x28C4, 0x2883, 0x4987,
  0x6A49, 0x2021, 0x4945, 0x6A6A, 0x28A2, 0x3965, 0x4166, 0x1001, 0x4187, 0x2905, 0x1041, 0x2061, 0xEE56, 0xB42D, 0x69C4, 0xA3CB,
  0x69E6, 0x2820, 0x3081, 0x5166, 0x0000, 0x0001, 0xF75D, 0xF75D, 0xEF5C, 0xE6FC, 0xDEDB, 0xDEDB, 0xDEBA, 0xDEBB, 0xE6BB, 0xEEDB,
  0xDE59, 0xACF4, 0xBD55, 0xC5D7, 0xBD55, 0xD618, 0xCDB7, 0xD5F7, 0xACB2, 0xAC91, 0xBCF3, 0xAC71, 0xDE18, 0xD5D7, 0xCDF7, 0xC596,
  0xCDD7, 0xD5F8, 0xD5F8, 0xDE39, 0xCDB7, 0xC597, 0xEEBB, 0xF75D, 0xF75D, 0xA473, 0x0000, 0x0800, 0x0800, 0x1001, 0x1001, 0x0800,
  0x1000, 0x1820, 0x1800, 0x1800, 0x2021, 0x2000, 0x2861, 0x2020, 0x0000, 0x0000, 0x0000, 0x0000, 0x0000, 0x0000, 0x0000, 0x0000,
  0x0000, 0x0000, 0x0000, 0x0000, 0x0000, 0x0000, 0x0000, 0x0000, 0x0000, 0x0000, 0x0000, 0x0000, 0x0000, 0x0800, 0x1000, 0x0800,
  0x0800, 0x0800, 0x1000, 0x0800, 0x1021, 0x1021, 0x1841, 0x1841, 0x1001, 0x1842, 0x0800, 0x3904, 0x59A6, 0x30A2, 0x30A3, 0x38E4,
  0x1800, 0x4125, 0x5186, 0x2061, 0x2061, 0x2062, 0x1000, 0x5A28, 0x3904, 0x30A3, 0x2882, 0x28C4, 0x2083, 0x0801, 0x0000, 0x0000,
  0x4A09, 0xF75D, 0x6AAC, 0x0000, 0x0800, 0x0000, 0xDE1A, 0xF6DB, 0xDE59, 0xEEBC, 0xC597, 0xCD54, 0xD619, 0xDE7B, 0xB515, 0xC577,
  0xDE3A, 0xC597, 0x9C10, 0x9C10, 0xBCD3, 0xC4F4, 0x934D, 0xAC11, 0xAC31, 0xBC93, 0x934E, 0xA431, 0xB4B4, 0xB4B3, 0x9CD8, 0x9BD1,
  0x8166, 0xE617, 0xEEFC, 0xF75D, 0xDE9B, 0xE69B, 0xE6BB, 0xEEDC, 0xF75D, 0xF75D, 0xD659, 0xF75D, 0x38E3, 0x0000, 0xF75D, 0xF75D,
  0x30C3, 0x0000, 0x1000, 0x72CB, 0x2862, 0x2821, 0x51C7, 0x1040, 0x1820, 0x4964, 0x30A3, 0x28A4, 0x2063, 0x5187, 0x6229, 0x1800,
  0x40E4, 0x61E8, 0x3925, 0x28C3, 0x4186, 0x1800, 0x30C3, 0x4187, 0x0001, 0x3905, 0xABEE, 0x8288, 0xABED, 0x7AA7, 0x40E2, 0x7249,
  0xBC90, 0xDD94, 0x0000, 0x634D, 0xF75D, 0xEF1B, 0xE6DB, 0xE6DB, 0xDEDB, 0xDEBA, 0xDEBA, 0xE6FB, 0xEEFC, 0xF6FC, 0xE69B, 0xC5D7,
  0xACF4, 0xBD56, 0xB514, 0xCDB6, 0xCDB6, 0xE658, 0xAC91, 0x93CE, 0xAC70, 0xB4B1, 0xCDB6, 0xBD14, 0xC595, 0xC575, 0xD5D7, 0xDDF7,
  0xDE18, 0xD5D7, 0xD5D6, 0xE63A, 0xDE19, 0xACB3, 0xDE19, 0x8B8E, 0x0000, 0x0800, 0x1000, 0x1001, 0x1001, 0x1001, 0x0800, 0x2040,
  0x1800, 0x1000, 0x2041, 0x2021, 0x2020, 0x2881, 0x0000, 0x0000, 0x0000, 0x0000, 0x0000, 0x0000, 0x0000, 0x0000, 0x0000, 0x0000,
  0x0000, 0x0000, 0x0000, 0x0000, 0x0000, 0x0000, 0x0000, 0x0000, 0x0000, 0x0000, 0x0000, 0x0800, 0x1000, 0x0800, 0x0800, 0x0800,
  0x1021, 0x0800, 0x0800, 0x1021, 0x1021, 0x1841, 0x1001, 0x1021, 0x1020, 0x1840, 0x6207, 0x3061, 0x30C3, 0x30A3, 0x2861, 0x2841,
  0x59C7, 0x2061, 0x2082, 0x2061, 0x1820, 0x1820, 0x6269, 0x38E3, 0x5186, 0x3904, 0x1000, 0x0800, 0x0000, 0x0000, 0x0000, 0xBD55,
  0xF75D, 0x0000, 0x0000, 0x0000, 0x2843, 0xF75D, 0xDE59, 0xDE1B, 0xB516, 0xD596, 0xD5FA, 0xD63C, 0xBD97, 0xD67C, 0xCDB9, 0xD5B8,
  0xB5B7, 0xCE7A, 0xEF5D, 0xD67B, 0xAD98, 0xC65B, 0xCE7B, 0xD69C, 0xAD57, 0xC619, 0xC5F9, 0xCE5B, 0xCEBD, 0xE75D, 0x9A4A, 0xCCB3,
  0xE6BB, 0xE75D, 0xE6BB, 0xE6BB, 0xEEDC, 0xF75D, 0xF75D, 0xDE5A, 0xE6DA, 0xEF3B, 0x3944, 0xDE38, 0xF75D, 0xF73B, 0x0000, 0x0000,
  0x2021, 0x6289, 0x1000, 0x0800, 0xA492, 0xBD96, 0x3104, 0x5A29, 0x1800, 0x28A3, 0x2062, 0x4966, 0x51A7, 0x2021, 0x38C3, 0x5186,
  0x51E7, 0x1841, 0x49A7, 0x1821, 0x2861, 0x49A6, 0x1001, 0x28A4, 0x0000, 0x7248, 0x8286, 0x4922, 0x2820, 0x82CA, 0xCCD1, 0x61A5,
  0x0000, 0xCE98, 0xF75D, 0xE6DB, 0xDEDB, 0xDEBB, 0xDEBA, 0xDEBA, 0xDE79, 0xD699, 0xE69A, 0xE67A, 0xDE7A, 0xE67A, 0xA472, 0xB515,
  0xB513, 0xC595, 0xD618, 0xD5D6, 0xA450, 0xA430, 0x93AE, 0x93CD, 0xAC71, 0xC554, 0xCDB6, 0xCD96, 0xD5F7, 0xDE38, 0xCDB6, 0xCDD7,
  0xDE58, 0xE659, 0xCD96, 0xD5B7, 0xD5F8, 0xD619, 0x8BAF, 0x0000, 0x1821, 0x1001, 0x1822, 0x1001, 0x0800, 0x1820, 0x1800, 0x1800,
  0x2021, 0x2041, 0x2040, 0x1820, 0x0800, 0x0000, 0x0000, 0x0000, 0x0000, 0x0000, 0x0000, 0x0000, 0x0000, 0x0000, 0x0000, 0x0000,
  0x0000, 0x0000, 0x0000, 0x0000, 0x0000, 0x0000, 0x0000, 0x0000, 0x0000, 0x0000, 0x0800, 0x0800, 0x0800, 0x0800, 0x1000, 0x1000,
  0x0800, 0x1021, 0x1021, 0x1021, 0x1001, 0x0800, 0x1841, 0x0800, 0x59C7, 0x38C3, 0x28A2, 0x30A2, 0x3904, 0x0800, 0x4124, 0x3945,
  0x1841, 0x1000, 0x28A3, 0x0000, 0x4165, 0xA3F0, 0x30A3, 0x3925, 0xDE7A, 0x0801, 0x0000, 0x0000, 0x0000, 0x0000, 0xF75D, 0xDDFA,
  0x0000, 0x0001, 0x0000, 0xACF4, 0xF75D, 0xE6DC, 0xDE3A, 0xE659, 0xE6BC, 0xF6FD, 0xF557, 0xED56, 0xEF5D, 0xE6FC, 0xF452, 0xD2CB,
  0xB105, 0xF514, 0xED34, 0xF555, 0xF535, 0xF535, 0xECB3, 0xF575, 0xF534, 0xF534, 0x7C32, 0xA5B6, 0x81A7, 0x78E3, 0xEF5B, 0xF75D,
  0xEEFB, 0xEEFB, 0xF75D, 0xF75C, 0xDE79, 0xEEDB, 0xEEFB, 0xF73B, 0xF75D, 0xF75D, 0xF75D, 0x9431, 0x0000, 0x0800, 0x4166, 0x4185,
  0x0800, 0x0800, 0xF75D, 0xF75D, 0x0000, 0x2063, 0x1801, 0x2882, 0x1820, 0x51A6, 0x4966, 0x2041, 0x4924, 0x51A6, 0x59E7, 0x1800,
  0x49C7, 0x1841, 0x1001, 0x4166, 0x1000, 0x28E4, 0x1022, 0x4944, 0x8AC8, 0x51C7, 0x38E3, 0x932B, 0x5984, 0x3061, 0x0000, 0xF75D,
  0xEF1B, 0xDEDB, 0xDF1C, 0xDE9A, 0xDE7A, 0xDE79, 0xDE79, 0xCE17, 0xE69A, 0xD617, 0xD5F8, 0xD618, 0xC576, 0xB4F5, 0xBDD6, 0xB574,
  0xDE59, 0xAC71, 0x936D, 0x934C, 0xA40F, 0x8B2C, 0xACB1, 0xCD95, 0xB4F2, 0xCD95, 0xCDB7, 0xCDB6, 0xC575, 0xDE59, 0xDE58, 0xB4D3,
  0xACB2, 0xD5F7, 0xDE79, 0xF75D, 0xACB3, 0x0000, 0x0800, 0x0800, 0x1821, 0x1841, 0x0800, 0x1000, 0x1000, 0x1800, 0x2020, 0x3062,
  0x30C2, 0x2042, 0x0000, 0x0800, 0x0000, 0x0000, 0x0000, 0x0000, 0x0000, 0x0000, 0x0800, 0x0000, 0x0000, 0x0000, 0x0000, 0x0000,
  0x0000, 0x0000, 0x0000, 0x0000, 0x0000, 0x0000, 0x0000, 0x0000, 0x0800, 0x0800, 0x0800, 0x0800, 0x0800, 0x1021, 0x0800, 0x1000,
  0x1021, 0x1000, 0x1821, 0x1000, 0x1021, 0x1000, 0x30A4, 0x4946, 0x2861, 0x30A2, 0x30A2, 0x1861, 0x1000, 0x4166, 0x1822, 0x1000,
  0x1842, 0x2062, 0x0800, 0x51C7, 0x0000, 0x0000, 0xF75D, 0xF75D, 0x0000, 0x0001, 0x0000, 0x0000, 0x4985, 0xF75D, 0x79A6, 0x0000,
  0x0000, 0x1800, 0xF5F6, 0xF3AD, 0xF349, 0xF329, 0xF309, 0xF288, 0xE8C1, 0xC000, 0xF75D, 0xDD15, 0xB800, 0xE840, 0xE820, 0xD800,
  0xD800, 0xD800, 0xD800, 0xD800, 0xD800, 0xD000, 0xD000, 0xD000, 0x732F, 0x738F, 0x726A, 0x9146, 0xD5D6, 0xF75D, 0xF73C, 0xF75C,
  0xEF1B, 0xEEDB, 0xE6BA, 0xD638, 0xE6DB, 0xF75D, 0xEEFA, 0xE6DA, 0xF75D, 0x30A3, 0x0000, 0x1001, 0x4125, 0x1820, 0x0800, 0x3103,
  0xF75D, 0xACF4, 0x0000, 0x0000, 0x1842, 0x2061, 0x1000, 0x4986, 0x30C3, 0x2021, 0x4104, 0x4965, 0x51E7, 0x1800, 0x41A6, 0x1841,
  0x1000, 0x3925, 0x2082, 0x1841, 0x28E4, 0x30A2, 0x4143, 0x1000, 0x4144, 0x9B4B, 0x71E5, 0x1000, 0x0000, 0xF75D, 0xE6FB, 0xDE59,
  0xDEDB, 0xDE79, 0xDE79, 0xDE79, 0xE6DA, 0xDEB9, 0xDE58, 0xCDD7, 0xCDD7, 0xC597, 0xCDB8, 0xC577, 0xC596, 0xC595, 0xD5F7, 0xBCF3,
  0x7ACA, 0x830B, 0xCD55, 0x9BEF, 0xB4D2, 0xD5D5, 0xBD33, 0xC575, 0xCD95, 0xCD96, 0xD5F7, 0xD5D7, 0xB4F3, 0xB4D2, 0xCD96, 0xD5D7,
  0xBD55, 0xC596, 0x8BAF, 0x0000, 0x1000, 0x1000, 0x1000, 0x1000, 0x0800, 0x0800, 0x1000, 0x0800, 0x2841, 0x2841, 0x2881, 0x30A2,
  0x0800, 0x0000, 0x0000, 0x0000, 0x0000, 0x0000, 0x0000, 0x0000, 0x0800, 0x0000, 0x0000, 0x0000, 0x0000, 0x0000, 0x0000, 0x0000,
  0x0000, 0x0000, 0x0000, 0x0000, 0x0000, 0x0000, 0x0000, 0x0800, 0x0800, 0x0800, 0x0800, 0x0800, 0x0800, 0x0800, 0x1020, 0x0800,
  0x1821, 0x1000, 0x0800, 0x1001, 0x1801, 0x4946, 0x3081, 0x2882, 0x2041, 0x30C3, 0x1000, 0x28A3, 0x28A3, 0x0800, 0x1821, 0x20A3,
  0x1000, 0x0000, 0x0000, 0x0000, 0x0800, 0xF6DA, 0xAA69, 0x0000, 0x0000, 0x0000, 0x0000, 0xBB2B, 0xF75C, 0x2800, 0x0000, 0x0000,
  0x9227, 0xF636, 0xE40D, 0xF3EE, 0xB986, 0xC249, 0xE4D2, 0xF659, 0xBE19, 0xAD57, 0xF69A, 0xEEBC, 0xEEFD, 0xDEBA, 0xE6DB, 0xF75D,
  0xEEFB, 0xDE7A, 0xE6DB, 0xEEFD, 0xF73D, 0xDE9B, 0xEEBD, 0x62AD, 0xB555, 0xA188, 0xBC91, 0xF75D, 0xF75D, 0xEEFB, 0xDE9A, 0xE6BA,
  0xE6DA, 0xE6DB, 0xF75D, 0xE6DB, 0xD679, 0xF75D, 0xE69A, 0x0000, 0x1800, 0x2041, 0x4166, 0x1800, 0x0000, 0x5A89, 0xF75D, 0x732D,
  0x0000, 0x0801, 0x1841, 0x20A2, 0x1000, 0x4166, 0x2041, 0x1821, 0x40E3, 0x4124, 0x59E7, 0x1820, 0x41A6, 0x1841, 0x0800, 0x30E4,
  0x30E4, 0x0800, 0x3905, 0x0800, 0x0000, 0x0000, 0x8B2C, 0x8AA8, 0x50E1, 0x0000, 0xB575, 0xF75D, 0xE6DA, 0xDE79, 0xDE99, 0xDE59,
  0xE699, 0xDE79, 0xF71B, 0xEEFA, 0xDE58, 0xCDB7, 0xCDB7, 0xB515, 0xDE5A, 0xD5F9, 0xCDB6, 0xCDD6, 0xDDF7, 0xA430, 0xA40F, 0xA3EF,
  0xBCD2, 0x9C0F, 0xCD95, 0xDDF7, 0xD5D6, 0xC574, 0xCD75, 0xCD95, 0xCD75, 0xCD75, 0xBD13, 0xBD13, 0xC575, 0xD5D7, 0xD5F7, 0xBD54,
  0x49C7, 0x0000, 0x0800, 0x1001, 0x1000, 0x0000, 0x1000, 0x0800, 0x1000, 0x1800, 0x2842, 0x3041, 0x1800, 0x38C2, 0x3082, 0x1800,
  0x1020, 0x0800, 0x0000, 0x0000, 0x0000, 0x0000, 0x0000, 0x0000, 0x0000, 0x0000, 0x0000, 0x0000, 0x0000, 0x0000, 0x0000, 0x0000,
  0x0000, 0x0000, 0x0000, 0x0000, 0x0000, 0x0800, 0x0800, 0x0800, 0x0800, 0x0800, 0x0800, 0x0800, 0x1000, 0x0800, 0x1800, 0x0800,
  0x0800, 0x1020, 0x1000, 0x4104, 0x3903, 0x2882, 0x2882, 0x30C3, 0x2020, 0x0800, 0x3105, 0x1821, 0x1821, 0x1842, 0x2083, 0x1000,
  0x0000, 0x0000, 0x0000, 0x89C7, 0xF75D, 0x1800, 0x0000, 0x0000, 0x0000, 0x0000, 0xF75D, 0xF75D, 0x0000, 0x0000, 0x0000, 0xEEFD,
  0xE67C, 0xEF3D, 0xF75D, 0xEF5D, 0xEF5D, 0xF75D, 0xADB7, 0x8C32, 0xF75D, 0xF75D, 0xF75D, 0xC69A, 0xF75D, 0xEF5D, 0xE75D, 0xBE39,
  0xE75D, 0xE75D, 0xDF5D, 0xB5F8, 0x624C, 0xAD78, 0xD6FD, 0x8167, 0xE5D6, 0xF75D, 0xEEDB, 0xDE79, 0xDE79, 0xE6DA, 0xEF3B, 0xF75D,
  0xEEDB, 0xD67A, 0xDE9A, 0xF75D, 0x72CA, 0x1800, 0x2800, 0x4965, 0x4145, 0x1800, 0x0000, 0xA4D2, 0xF75D, 0x3945, 0x0000, 0x0000,
  0x0841, 0x0000, 0x0800, 0x49A6, 0x1000, 0x2041, 0x38E3, 0x38C3, 0x6228, 0x2021, 0x41A6, 0x2082, 0x1001, 0x2062, 0x3105, 0x0800,
  0x3904, 0x1862, 0x0862, 0x0800, 0x7AA9, 0x5122, 0x48E2, 0x28A3, 0xE6FC, 0xF75D, 0xDE99, 0xDE79, 0xDE79, 0xDE58, 0xEEBA, 0xD5F7,
  0xE699, 0xD637, 0xC5B6, 0xCDB7, 0xBD76, 0xC576, 0xCDD8, 0xE67B, 0xF6FB, 0xD5B7, 0xA451, 0x9BAE, 0xB491, 0xAC50, 0x938E, 0xCD54,
  0xB4B2, 0xC554, 0xC574, 0xCD95, 0xDDD6, 0xD5D6, 0xD5B6, 0xD5D6, 0xC554, 0xC554, 0xCDB6, 0xCDB6, 0xE699, 0xC595, 0xA471, 0x1801,
  0x0800, 0x1821, 0x1842, 0x1000, 0x0800, 0x0800, 0x1800, 0x28A2, 0x2841, 0x2841, 0x2020, 0x2820, 0x4903, 0x5165, 0x2082, 0x0000,
  0x0000, 0x0000, 0x0000, 0x0000, 0x0000, 0x0000, 0x0000, 0x0000, 0x0000, 0x0000, 0x0000, 0x0000, 0x0000, 0x0000, 0x0000, 0x0000,
  0x0000, 0x0000, 0x0000, 0x1021, 0x0800, 0x0800, 0x0800, 0x0800, 0x0800, 0x0800, 0x0800, 0x1000, 0x0800, 0x1021, 0x0000, 0x1000,
  0x1001, 0x2061, 0x5185, 0x2041, 0x2882, 0x30C3, 0x2062, 0x0800, 0x1821, 0x2082, 0x1821, 0x1841, 0x2062, 0x28A2, 0x0800, 0x0000,
  0x0000, 0x0000, 0xF75D, 0xF75D, 0x0000, 0x0000, 0x0000, 0x0000, 0x626C, 0xF75D, 0xAAAC, 0x0000, 0x0000, 0x4107, 0xF75D, 0xC5D6,
  0xAD76, 0x94B4, 0x9C55, 0xAD16, 0xC5D8, 0x838F, 0x8C30, 0x7BD0, 0x838F, 0x7B4F, 0x8391, 0x8390, 0x7B2F, 0x730E, 0x730E, 0x730D,
  0x732D, 0x72ED, 0xB4F6, 0xA598, 0xBE1B, 0x8A8A, 0xC4F1, 0xF75D, 0xEEFB, 0xE6DA, 0xE6BA, 0xF73C, 0xF75D, 0xE6BA, 0xE67B, 0xDEBC,
  0xF75D, 0xF75D, 0x0800, 0x50A2, 0x2000, 0xAC92, 0x2041, 0x1800, 0x0000, 0xDEDA, 0xF75D, 0x0800, 0x0000, 0x0000, 0x0000, 0x5A48,
  0x2903, 0x4186, 0x0800, 0x2061, 0x4104, 0x38E3, 0x5A08, 0x1820, 0x3945, 0x3125, 0x1821, 0x1001, 0x3925, 0x0800, 0x28A3, 0x2082,
  0x0802, 0x0801, 0x6A48, 0x3880, 0x2000, 0xB535, 0xF75D, 0xD6DA, 0xE6DA, 0xD638, 0xD678, 0xC575, 0xDE58, 0xCDD6, 0xC594, 0xC574,
  0xACF2, 0xB514, 0xC576, 0xBD35, 0xC597, 0xEEDD, 0xCD96, 0xA431, 0xAC71, 0xB471, 0x9BAD, 0xA3EF, 0xBCF3, 0xD595, 0xA450, 0xBD33,
  0xC554, 0xD5D6, 0xCD74, 0xCD74, 0xC554, 0xC554, 0xE637, 0xD5D5, 0xC554, 0xDE38, 0x7B2C, 0x0000, 0x0000, 0x0800, 0x1001, 0x0800,
  0x1842, 0x2042, 0x0800, 0x0800, 0x1000, 0x2842, 0x2882, 0x2000, 0x2841, 0x2000, 0x4081, 0x5985, 0x1800, 0x0000, 0x0000, 0x0000,
  0x0000, 0x0000, 0x0000, 0x0000, 0x0000, 0x0000, 0x0000, 0x0000, 0x0000, 0x0000, 0x0000, 0x0000, 0x0000, 0x0000, 0x0000, 0x0000,
  0x0000, 0x1021, 0x0800, 0x0800, 0x0800, 0x0800, 0x0800, 0x0800, 0x0800, 0x1001, 0x0800, 0x0800, 0x0000, 0x0800, 0x1001, 0x1000,
  0x4965, 0x2881, 0x2061, 0x2882, 0x28A2, 0x1821, 0x0800, 0x1842, 0x2062, 0x1021, 0x1800, 0x1800, 0x2042, 0x0000, 0x0000, 0x0000,
  0x3944, 0xF75D, 0x71E9, 0x0000, 0x0800, 0x0000, 0x0000, 0x82AA, 0xF75D, 0x6A8B, 0x0000, 0x0000, 0xB3EF, 0xF639, 0xD4F4, 0xE555,
  0xABAE, 0xA3EF, 0xAD14, 0xBDB7, 0xE69B, 0xD67A, 0xC61A, 0xCE3A, 0xEEFC, 0x9472, 0xD67B, 0xD65A, 0xDEBC, 0xE6DC, 0xC61A, 0xDEBC,
  0xBD7A, 0xAD38, 0xC65C, 0xA3CF, 0xB3ED, 0xEF5D, 0xEF3C, 0xEEFB, 0xF75C, 0xF75D, 0xEEDA, 0xDE78, 0xEEDA, 0xDEBA, 0xF75D, 0x8B4D,
  0x2000, 0x5020, 0x5164, 0xAD54, 0x0000, 0x2000, 0x0800, 0xF75D, 0xF75D, 0x0000, 0x0000, 0x0000, 0xC5F7, 0xF75D, 0x1821, 0x1801,
  0x1001, 0x1021, 0x28A2, 0x38E3, 0x51C7, 0x2061, 0x30E3, 0x3945, 0x1842, 0x0800, 0x3945, 0x1000, 0x1841, 0x20C3, 0x0800, 0x1841,
  0x49A6, 0x2820, 0x1800, 0x730C, 0xF75D, 0xDE99, 0xD638, 0xD617, 0xD657, 0xBD75, 0xDE38, 0xC596, 0xB514, 0xBD54, 0x8BCF, 0xB534,
  0xBDB6, 0xB516, 0xD69B, 0xE637, 0x6081, 0xAB4C, 0xC533, 0xA430, 0x830C, 0xC574, 0xC554, 0xC554, 0xB4D2, 0xC554, 0xCD94, 0xCD74,
  0xC554, 0xD5B5, 0xBCF3, 0xB4D2, 0xC534, 0xDE16, 0xCD95, 0xD5F6, 0xC596, 0x1021, 0x0000, 0x0000, 0x1001, 0x1000, 0x1000, 0x1822,
  0x2041, 0x1000, 0x1000, 0x1800, 0x2882, 0x1800, 0x2862, 0x2021, 0x3040, 0x38A3, 0x0000, 0x0000, 0x0000, 0x0000, 0x0000, 0x0000,
  0x0000, 0x0000, 0x0000, 0x0000, 0x0000, 0x0000, 0x0000, 0x0000, 0x0000, 0x0000, 0x0000, 0x0000, 0x0000, 0x0000, 0x0000, 0x0800,
  0x1000, 0x0800, 0x0800, 0x0800, 0x0800, 0x0800, 0x0800, 0x0800, 0x1021, 0x0800, 0x0800, 0x0800, 0x1000, 0x1000, 0x30C3, 0x30A3,
  0x1820, 0x2061, 0x2862, 0x2042, 0x0800, 0x0800, 0x3925, 0x30E4, 0x4187, 0x6249, 0x0000, 0x0800, 0x0000, 0x0000, 0x0000, 0xDDB7,
  0xF75D, 0x0000, 0x0000, 0x0000, 0x0000, 0x0000, 0xF75D, 0xF75D, 0x1884, 0x0000, 0x0000, 0xF75D, 0xF6DB, 0xC492, 0xC493, 0xD5D7,
  0xB595, 0xD69A, 0xF75D, 0xF75D, 0xE73D, 0xF75D, 0xDE7A, 0xAD35, 0xF75D, 0xF75D, 0xF75D, 0xF75D, 0xE6DD, 0xF75D, 0x9CF7, 0xAD38,
  0xADDA, 0xC534, 0x89E6, 0xD6FA, 0xEF5C, 0xF75D, 0xF75C, 0xE6BA, 0xEEDB, 0xDEB9, 0xE6D9, 0xEF5D, 0xF75D, 0xB430, 0x5020, 0x1800,
  0xDE58, 0x41C6, 0x0000, 0x1000, 0x3944, 0xF75D, 0xC576, 0x0000, 0x0000, 0x0000, 0xF75D, 0xF75D, 0x0000, 0x0000, 0x1822, 0x1841,
  0x0800, 0x28A2, 0x51C7, 0x2062, 0x30C3, 0x4145, 0x2062, 0x1000, 0x3104, 0x1842, 0x0800, 0x28C4, 0x1021, 0x1000, 0x3924, 0x2862,
  0x1800, 0x0000, 0xF75D, 0xF75C, 0xD5B6, 0xCDD6, 0xC5F6, 0xACD3, 0xC575, 0xC596, 0xC596, 0xBD54, 0xACD3, 0xBD54, 0xBD55, 0xC556,
  0xEEB9, 0xABAA, 0x81C3, 0x7184, 0xC512, 0xB4D2, 0xCD54, 0xC595, 0xBCF3, 0xD5B5, 0xD5D6, 0xCD75, 0xBCF3, 0xC554, 0xD5D6, 0xCD95,
  0xAC91, 0xBCF3, 0xC534, 0xC574, 0xDE37, 0xD5D7, 0x838E, 0x93F0, 0x6AAB, 0x1821, 0x0800, 0x1001, 0x1000, 0x1821, 0x1821, 0x1800,
  0x1000, 0x1000, 0x2882, 0x1820, 0x2021, 0x2862, 0x2840, 0x4103, 0x1020, 0x0000, 0x0000, 0x0000, 0x0000, 0x0000, 0x0000, 0x0000,
  0x0000, 0x0000, 0x0000, 0x0000, 0x0000, 0x0000, 0x0000, 0x0000, 0x0000, 0x0000, 0x0000, 0x0000, 0x0000, 0x0000, 0x1841, 0x0800,
  0x0800, 0x0800, 0x0800, 0x0800, 0x0800, 0x0800, 0x1841, 0x0800, 0x1000, 0x0800, 0x0800, 0x1000, 0x1820, 0x28A3, 0x1841, 0x2041,
  0x2061, 0x28A3, 0x1821, 0x0800, 0x1821, 0x0800, 0x0000, 0xF75D, 0xBD55, 0x0000, 0x0000, 0x0800, 0x0000, 0x0001, 0xF75D, 0xDE9A,
  0x0000, 0x0000, 0x0800, 0x0000, 0x3105, 0xF75D, 0xE69B, 0x0800, 0x0000, 0x4146, 0xF75D, 0xF75D, 0xF75D, 0xCE9B, 0xA4B3, 0xEF1C,
  0xF75D, 0xF75D, 0xD69B, 0xF75D, 0xA4D4, 0xDE9B, 0xE6DC, 0xF75D, 0xF75D, 0xE6BC, 0xDE7B, 0xF75D, 0xA558, 0x9D37, 0x9D37, 0xDE19,
  0x70E3, 0xF73C, 0xF75D, 0xF73D, 0xE6BB, 0xE6DB, 0xE6DB, 0xE6FB, 0xF75D, 0xE6FC, 0xF75D, 0x9B0C, 0x1000, 0x7267, 0xF75D, 0x0000,
  0x3842, 0x0000, 0xA491, 0xF75D, 0x6AAB, 0x0000, 0x0000, 0x1042, 0xF75D, 0xEEB9, 0x0000, 0x0800, 0x1001, 0x1821, 0x2041, 0x0800,
  0x4165, 0x2061, 0x28A2, 0x3104, 0x2062, 0x1822, 0x28A3, 0x2083, 0x0800, 0x1842, 0x1883, 0x0800, 0x20A2, 0x30E3, 0x1800, 0x0000,
  0x8C0F, 0xF75D, 0xCDD6, 0xC5B5, 0xC616, 0xBD75, 0xACB2, 0xCDD7, 0xC596, 0xBD54, 0xC597, 0xBD75, 0xBD14, 0xCDD7, 0xEE15, 0x1800,
  0x6AA7, 0xABAB, 0xA3EE, 0xBD54, 0xCD75, 0xB4F2, 0xBD13, 0xDDF6, 0xDDF6, 0xBD13, 0xCD74, 0xD5D5, 0xD5B5, 0xC553, 0xC574, 0xBD13,
  0xBCF2, 0xD5F6, 0xC574, 0xCDD6, 0xEEDB, 0xBD35, 0x9C51, 0x93F0, 0x2042, 0x1000, 0x1000, 0x0800, 0x1821, 0x2861, 0x1000, 0x1000,
  0x1820, 0x2020, 0x1801, 0x30A3, 0x3081, 0x3062, 0x2882, 0x0000, 0x0000, 0x0000, 0x0000, 0x0000, 0x0000, 0x0000, 0x0000, 0x0000,
  0x0000, 0x0000, 0x0000, 0x0000, 0x0000, 0x0000, 0x0000, 0x0000, 0x0000, 0x0800, 0x0000, 0x0000, 0x1021, 0x0800, 0x0800, 0x0800,
  0x0800, 0x0800, 0x0800, 0x0800, 0x1862, 0x0800, 0x0800, 0x0800, 0x0000, 0x1000, 0x1000, 0x2082, 0x20A2, 0x1000, 0x1841, 0x2082,
  0x1842, 0x0800, 0x0800, 0x0000, 0x0000, 0x9CB2, 0xF75D, 0x9C92, 0x0000, 0x0000, 0x0000, 0x0000, 0x836C, 0xF75D, 0x71A8, 0x0000,
  0x0801, 0x0000, 0x0000, 0x5A28, 0xF75D, 0xCD35, 0x0000, 0x0000, 0x8BF1, 0xE6FC, 0xBE39, 0xAD35, 0x9431, 0xA472, 0xA4D4, 0x9432,
  0x83D0, 0xAD15, 0x5A8B, 0x8C31, 0x734E, 0x83D0, 0x7B8F, 0x732E, 0x730D, 0x7B4E, 0xA538, 0xB5D8, 0xB598, 0xF75D, 0x89E8, 0xF6DB,
  0xF75D, 0xDE7A, 0xE69B, 0xE6BB, 0xEEFC, 0xF75D, 0xEEDC, 0xE6DB, 0xF75D, 0x2000, 0x2000, 0xF75D, 0x7B6C, 0x0000, 0x3841, 0x0000,
  0xF75D, 0xF75D, 0x28A3, 0x0000, 0x0000, 0x28E4, 0xF75D, 0xD5F7, 0x0000, 0x1001, 0x1001, 0x1821, 0x2862, 0x0800, 0x28A2, 0x30E3,
  0x2882, 0x30E3, 0x1000, 0x1842, 0x20A3, 0x28C4, 0x1000, 0x1000, 0x28C4, 0x1001, 0x1821, 0x3104, 0x2081, 0x0000, 0x1820, 0xF75D,
  0xDE78, 0xD637, 0xC5F6, 0xB534, 0xBD55, 0xCDB6, 0xBD54, 0xBD34, 0xC576, 0xCD75, 0xCD75, 0xD618, 0xAC2D, 0x0000, 0x4A05, 0x9349,
  0xBCB1, 0xB512, 0xBCF2, 0xC533, 0xD5D5, 0xDE17, 0xCD74, 0xC554, 0xCD94, 0xCD74, 0xC554, 0xCD74, 0xBD13, 0xCD95, 0xB4B1, 0xBD33,
  0xEE98, 0xBD33, 0xBD75, 0x730C, 0x0000, 0x0000, 0x0800, 0x2042, 0x1801, 0x0800, 0x1820, 0x2021, 0x1800, 0x1800, 0x1820, 0x0800,
  0x2001, 0x51A7, 0x3082, 0x3041, 0x4945, 0x0000, 0x0000, 0x0000, 0x0000, 0x0000, 0x0000, 0x0000, 0x0000, 0x0000, 0x0000, 0x0000,
  0x0000, 0x0000, 0x0000, 0x0000, 0x0000, 0x0000, 0x0000, 0x0000, 0x0800, 0x0000, 0x1000, 0x0800, 0x0000, 0x1000, 0x0800, 0x0800,
  0x0800, 0x0800, 0x1000, 0x1000, 0x0000, 0x1001, 0x0000, 0x0800, 0x1000, 0x1820, 0x20A2, 0x1820, 0x1820, 0x2082, 0x2062, 0x1000,
  0x0800, 0x0800, 0x0000, 0x0000, 0xF75D, 0xF75D, 0x1042, 0x0000, 0x0000, 0x0000, 0x0000, 0xED55, 0xF5D8, 0x0800, 0x0000, 0x0000,
  0x0000, 0x0000, 0xBCB2, 0xF75D, 0xACB4, 0x0000, 0x0000, 0x9C53, 0xDE1A, 0xB515, 0x9C31, 0xB4F4, 0xC597, 0xB535, 0xBD77, 0xC597,
  0xA4B4, 0xBD97, 0xC5B7, 0xC5D8, 0xC5F8, 0xB596, 0xC639, 0xC659, 0xCE1C, 0xD65A, 0x9CB5, 0x9413, 0x5001, 0xA450, 0xF75D, 0xE6DA,
  0xE6DA, 0xF73C, 0xF75C, 0xE6DA, 0xDE59, 0xF75D, 0xCDB6, 0x0800, 0xF75C, 0xF75D, 0x0000, 0x3020, 0x1000, 0x49A6, 0xF75D, 0xF75D,
  0x0000, 0x0000, 0x0000, 0x41A8, 0xF75D, 0xACD2, 0x0000, 0x1001, 0x1001, 0x1021, 0x2082, 0x30E3, 0x1820, 0x30E3, 0x2041, 0x4986,
  0x0000, 0x1821, 0x2083, 0x28C4, 0x0800, 0x1822, 0x1822, 0x2083, 0x1001, 0x20A2, 0x1041, 0x5146, 0x0800, 0xF75D, 0xEF5C, 0xD678,
  0xCE17, 0xB514, 0xCDB6, 0xBD34, 0xA492, 0xB513, 0xBD75, 0xC532, 0xA450, 0xA3EE, 0x6100, 0xA34A, 0x6A03, 0x8AC8, 0xCD94, 0xAC70,
  0xC4D2, 0xD5B5, 0xD5D5, 0xCD94, 0xC553, 0xC553, 0xCD74, 0xCD74, 0xCD73, 0xC553, 0xAC70, 0xA42F, 0xC553, 0xB4D1, 0xB4F1, 0xC574,
  0xACB2, 0xBD55, 0x2061, 0x0000, 0x1000, 0x1000, 0x0000, 0x0800, 0x0800, 0x2861, 0x2061, 0x1000, 0x1800, 0x1800, 0x40E4, 0x28A2,
  0x2060, 0x3061, 0x69E8, 0x0800, 0x0000, 0x0000, 0x0000, 0x0000, 0x0000, 0x0000, 0x0000, 0x0000, 0x0000, 0x0000, 0x0000, 0x0000,
  0x0000, 0x0000, 0x0000, 0x0000, 0x0000, 0x0000, 0x1021, 0x0000, 0x0000, 0x1000, 0x0000, 0x0800, 0x0800, 0x0000, 0x1000, 0x0800,
  0x0800, 0x1841, 0x0000, 0x0800, 0x0800, 0x0000, 0x1020, 0x1020, 0x1861, 0x1841, 0x0800, 0x1841, 0x2082, 0x2062, 0x0800, 0x1000,
  0x0000, 0x0000, 0x93F0, 0xF75D, 0xB515, 0x0000, 0x0000, 0x0000, 0x0000, 0x2083, 0xF75D, 0xF75D, 0x0000, 0x0000, 0x0000, 0x0000,
  0x0000, 0xF75D, 0xF75D, 0xC577, 0x0000, 0x0000, 0xC4F5, 0xF75D, 0x9CB2, 0xF75D, 0xF75D, 0xF75D, 0xE73D, 0xF75D, 0xF75D, 0xF75D,
  0xF75D, 0xF75D, 0xF75D, 0xF75D, 0xF75D, 0xF75D, 0x4169, 0x3146, 0x41C9, 0x4189, 0x5884, 0xF75D, 0xE71B, 0xDE99, 0xF75C, 0xF75C,
  0xEEFB, 0xE6DA, 0xDE78, 0xF75C, 0xCDF7, 0xBC73, 0xF75D, 0x8BEF, 0x0000, 0x40A1, 0x0000, 0xCDF7, 0xF75D, 0xBD34, 0x0000, 0x0801,
  0x0000, 0x838F, 0xF75D, 0x7B2C, 0x0000, 0x1001, 0x1001, 0x1001, 0x2041, 0x8BAE, 0x2082, 0x0800, 0x1841, 0x49C7, 0x0000, 0x0800,
  0x1842, 0x28A3, 0x0800, 0x2083, 0x0801, 0x1022, 0x1842, 0x28C4, 0x0000, 0x61C8, 0x0000, 0xE75B, 0xF75D, 0xCE17, 0xC5F6, 0xC595,
  0xBD54, 0xB513, 0xA4B2, 0xAD14, 0xACF4, 0xAC4E, 0x7B09, 0xAB4A, 0x7920, 0x70A0, 0x9267, 0xBC4E, 0xBCCF, 0xAC70, 0xD534, 0xD5B4,
  0xC553, 0xC553, 0xC533, 0xC553, 0xC573, 0xC553, 0xC553, 0xC553, 0xCDB4, 0xBCD1, 0xBCF1, 0xAC90, 0xA44F, 0xA46F, 0x8BEE, 0xC5B6,
  0x7B2C, 0x0000, 0x1000, 0x1000, 0x0800, 0x0800, 0x1800, 0x1800, 0x1000, 0x1820, 0x3924, 0x1800, 0x1800, 0x0000, 0x28A2, 0x2840,
  0x5105, 0x2882, 0x0000, 0x0000, 0x0000, 0x0000, 0x0000, 0x0000, 0x0000, 0x0000, 0x0000, 0x0000, 0x0000, 0x0000, 0x0000, 0x0000,
  0x0000, 0x0800, 0x0000, 0x0000, 0x0000, 0x3165, 0x41C7, 0x0000, 0x0000, 0x0800, 0x0800, 0x0000, 0x0800, 0x0800, 0x0800, 0x1862,
  0x0800, 0x0000, 0x1000, 0x0000, 0x0800, 0x1020, 0x1020, 0x1881, 0x1040, 0x1000, 0x2042, 0x2082, 0x1001, 0x1000, 0x0800, 0x0000,
  0x0800, 0xF75D, 0xF75D, 0x28A4, 0x0000, 0x0800, 0x0000, 0x0000, 0xC63A, 0xF75D, 0xD63A, 0x0000, 0x0000, 0x0000, 0x0000, 0x4187,
  0xF75D, 0xF75D, 0xF75D, 0x28E4, 0x0000, 0xF75D, 0xA514, 0xE73C, 0xE75D, 0xC619, 0xDEDC, 0xE6FC, 0xCE3A, 0xBDD8, 0xD6DC, 0xDEBB,
  0xC5D8, 0xC5F9, 0xCE7B, 0xC63A, 0x94B4, 0xBE19, 0xAD56, 0x934F, 0x6865, 0xE69A, 0xF75D, 0xF73C, 0xF75D, 0xDE9A, 0xDE79, 0xDEDA,
  0xDEDB, 0xEF3C, 0xF75C, 0xEF3B, 0xF75D, 0x28A1, 0x1000, 0x2800, 0x1820, 0xF75D, 0xF75D, 0x5A49, 0x0000, 0x0800, 0x0000, 0xBD74,
  0xF75D, 0x51C8, 0x0000, 0x1000, 0x1001, 0x1841, 0x0800, 0x83AF, 0x3946, 0x0800, 0x2062, 0x28C4, 0x0800, 0x0800, 0x1021, 0x28C3,
  0x0000, 0x1841, 0x1041, 0x0001, 0x1802, 0x38E5, 0x0000, 0x3965, 0x0800, 0x7B2D, 0xF75D, 0xDE79, 0xC617, 0xC5B5, 0xBD53, 0xB533,
  0xB533, 0x9C92, 0x93CD, 0x9328, 0xC48E, 0xBC2D, 0x9306, 0xC48E, 0xCCD3, 0xAB69, 0xAA81, 0xB48F, 0xD618, 0xCD11, 0xB4B1, 0xC533,
  0xC533, 0xC553, 0xC553, 0xCD74, 0xD5D5, 0xD5D5, 0xC553, 0xC533, 0xC573, 0xCD94, 0xCD95, 0xAC91, 0x9410, 0x8BCF, 0x51E8, 0x0000,
  0x0800, 0x1000, 0x1800, 0x1000, 0x2840, 0x1800, 0x1800, 0x30C3, 0x30E3, 0x0000, 0x1800, 0x2000, 0x2021, 0x1800, 0x38A3, 0x4924,
  0x0000, 0x0000, 0x0000, 0x0000, 0x0000, 0x0000, 0x0000, 0x0000, 0x0000, 0x0000, 0x0000, 0x0000, 0x0000, 0x0000, 0x0000, 0x0000,
  0x0820, 0x0000, 0x0000, 0xD619, 0xF75D, 0xD5F9, 0x0000, 0x0000, 0x0821, 0x0800, 0x0800, 0x0800, 0x0800, 0x1000, 0x1000, 0x0000,
  0x0800, 0x0800, 0x0800, 0x1020, 0x1822, 0x1000, 0x1842, 0x1821, 0x1821, 0x2082, 0x2862, 0x1000, 0x1000, 0x0800, 0x0000, 0xA492,
  0xF75D, 0x9452, 0x0000, 0x0000, 0x0800, 0x0000, 0x0000, 0xF75D, 0xF75D, 0x9C0F, 0x0000, 0x0000, 0x0800, 0x0000, 0x6AED, 0xE73D,
  0xD75D, 0xF75D, 0x734D, 0x5A29, 0xCD37, 0xB597, 0xD73D, 0xB658, 0xB618, 0xB639, 0xB5F8, 0xADF7, 0xB5D7, 0xB576, 0xAD76, 0xBD76,
  0xB536, 0xAD15, 0xB5D8, 0xBDD9, 0x734F, 0xF6DC, 0x81E9, 0xF75D, 0xF75D, 0xF73C, 0xDE9A, 0xE6DA, 0xEEDA, 0xEF3B, 0xF75D, 0xEEFB,
  0xE6DA, 0xDEBA, 0xF75D, 0xB513, 0x2000, 0x0000, 0xACB2, 0xF75D, 0xF75D, 0x0800, 0x0000, 0x0000, 0x0000, 0xF73C, 0xF75D, 0x3105,
  0x0000, 0x1821, 0x1000, 0x2083, 0x0000, 0x0000, 0x0800, 0x1821, 0x28C3, 0x0800, 0x1000, 0x0800, 0x0800, 0x2904, 0x0800, 0x1821,
  0x20A3, 0x0000, 0x0801, 0x20A3, 0x0000, 0x1881, 0x4103, 0x0000, 0x93F0, 0xF75D, 0xD616, 0xCDB7, 0xACD3, 0x93CE, 0xC513, 0xBCF3,
  0x92C7, 0xA2A3, 0xD4EF, 0xC4B1, 0xBCD0, 0xCD33, 0xDD12, 0xA262, 0xAAC4, 0xE5F5, 0xCDB6, 0xAC4E, 0xC532, 0xC533, 0xC533, 0xC532,
  0xC553, 0xC553, 0xC532, 0xC533, 0xCD94, 0xC533, 0xBD32, 0xC553, 0xCDD5, 0xBD13, 0x0000, 0x0000, 0x0000, 0x0800, 0x0800, 0x1000,
  0x1800, 0x1000, 0x2840, 0x2020, 0x1800, 0x1000, 0x0000, 0x1000, 0x1800, 0x2862, 0x1000, 0x2020, 0x40E3, 0x5165, 0x0800, 0x0000,
  0x0800, 0x0000, 0x0000, 0x0000, 0x0000, 0x0000, 0x0000, 0x0000, 0x0000, 0x0000, 0x0000, 0x0000, 0x0000, 0x0000, 0x0000, 0xF75D,
  0xF75D, 0xF75D, 0xF75D, 0xF75D, 0x51C8, 0x0000, 0x1001, 0x0800, 0x0800, 0x1000, 0x0000, 0x0800, 0x1862, 0x0000, 0x0800, 0x0800,
  0x0000, 0x0800, 0x1842, 0x1001, 0x1000, 0x2083, 0x1821, 0x1841, 0x2883, 0x1800, 0x1800, 0x1000, 0x0000, 0x0842, 0xF75D, 0xF75D,
  0x49E7, 0x0000, 0x0000, 0x0800, 0x0000, 0x3082, 0xDBF1, 0xF4D2, 0x40A3, 0x0000, 0x0800, 0x0000, 0x0000, 0x93F0, 0x9B2E, 0xC514,
  0xE6DA, 0xF75D, 0x93F0, 0xBCB3, 0xCB4E, 0xA044, 0xA8E4, 0xB044, 0xA8A4, 0xA862, 0xA842, 0xB023, 0xA803, 0xB021, 0xB001, 0xB801,
  0xE6DC, 0x9C33, 0x8BF2, 0xD618, 0x8AAB, 0xF75D, 0xEF5B, 0xDE78, 0xE6DA, 0xE6DA, 0xEF3A, 0xF75B, 0xEEB8, 0xF6FA, 0xEF1B, 0xE6DB,
  0xF75D, 0xF75D, 0x0000, 0x2000, 0xF75D, 0xF75D, 0xEE9A, 0x0000, 0x0000, 0x0000, 0x0800, 0xF75D, 0xF75D, 0x0800, 0x0000, 0x1000,
  0x1841, 0x28C3, 0x0000, 0x0800, 0x1000, 0x1021, 0x20A3, 0x0800, 0x0800, 0x0800, 0x1000, 0x20A3, 0x0800, 0x1020, 0x28A2, 0x0800,
  0x0000, 0x4208, 0x62CB, 0x0000, 0x930A, 0x69A4, 0x0000, 0x3985, 0xDDF4, 0xDDB5, 0xCD95, 0xEE57, 0xA348, 0xA367, 0xA243, 0xDBC8,
  0xD4AF, 0xB471, 0xC4CF, 0xEDF3, 0xA286, 0x6820, 0xE54F, 0xEE17, 0xBCF2, 0xBD12, 0xCDB4, 0xC532, 0xBD12, 0xC532, 0xBD32, 0xBD12,
  0xC532, 0xC553, 0xCD74, 0xC533, 0xD5D5, 0xEE78, 0xC594, 0x3903, 0x0800, 0x0000, 0x0800, 0x1000, 0x1000, 0x1821, 0x2882, 0x1800,
  0x2020, 0x1800, 0x0800, 0x0800, 0x0000, 0x0800, 0x30C3, 0x2882, 0x2000, 0x1800, 0x2000, 0x5165, 0x2882, 0x0000, 0x0800, 0x0000,
  0x0000, 0x0000, 0x0000, 0x0000, 0x0000, 0x0000, 0x0000, 0x0000, 0x0000, 0x0000, 0x0000, 0x0000, 0x72CC, 0xF75D, 0xF75D, 0xF75D,
  0xF75D, 0xF75D, 0xC576, 0x0000, 0x0800, 0x1040, 0x0000, 0x0800, 0x0800, 0x0800, 0x1821, 0x0800, 0x0000, 0x1001, 0x0800, 0x0800,
  0x1001, 0x1842, 0x1000, 0x0000, 0x0000, 0x1001, 0x30E4, 0x2062, 0x1000, 0x1000, 0x0800, 0x0000, 0x932C, 0xF575, 0xC208, 0x1800,
  0x0000, 0x0000, 0x0000, 0x0000, 0x58A4, 0xD802, 0xC127, 0x1802, 0x0000, 0x0000, 0x0000, 0x1000, 0x9004, 0x5000, 0xBD75, 0xE6FB,
  0xCDB5, 0xECD3, 0x8801, 0xC024, 0xA8A2, 0xB042, 0xC0A3, 0xC8A3, 0xD0E4, 0xA104, 0xB107, 0x9146, 0x9987, 0x99A7, 0xCDD8, 0x6A6C,
  0xC63A, 0xBD54, 0x92CB, 0xF75D, 0xDEB9, 0xD678, 0xDE99, 0xE6DA, 0xE6DA, 0xE6B9, 0xCD94, 0xC594, 0xE6B9, 0xF71B, 0xF75D, 0xBD13,
  0x0000, 0xC575, 0xF75D, 0xF75D, 0x834D, 0x0000, 0x1001, 0x0000, 0x3105, 0xF75D, 0xF75D, 0x0000, 0x0800, 0x1000, 0x2083, 0x28C3,
  0x0000, 0x1020, 0x1021, 0x1041, 0x1021, 0x0800, 0x0800, 0x0800, 0x1021, 0x20A3, 0x1021, 0x1000, 0x28C3, 0x1000, 0x0000, 0x3986,
  0xF75D, 0x51E7, 0x5123, 0x7A47, 0x3904, 0x0000, 0xF6B7, 0xD591, 0xF75A, 0xF6F7, 0xF60F, 0xE484, 0xC322, 0xCB48, 0xE531, 0xCCF1,
  0xDD6D, 0xED2D, 0x3000, 0xCB65, 0xF676, 0xC554, 0xBD12, 0xBD33, 0xBD11, 0xBD11, 0xBD11, 0xBD11, 0xBD11, 0xC573, 0xCD73, 0xC532,
  0xC553, 0xBD12, 0x9C0E, 0x9C0E, 0xA470, 0x1000, 0x0000, 0x1000, 0x0800, 0x1000, 0x1820, 0x1000, 0x1800, 0x1800, 0x2060, 0x1800,
  0x1820, 0x0800, 0x0800, 0x1841, 0x1000, 0x1800, 0x2020, 0x1000, 0x2861, 0x3082, 0x5166, 0x2061, 0x0000, 0x0000, 0x0000, 0x0000,
  0x0000, 0x0000, 0x0000, 0x0000, 0x0000, 0x0000, 0x0000, 0x1000, 0x0000, 0x18E2, 0xF75D, 0xD73D, 0xD71C, 0xD73D, 0xCF1C, 0xD73D,
  0xF75D, 0x2923, 0x0000, 0x1820, 0x0800, 0x0800, 0x0800, 0x0000, 0x1000, 0x1000, 0x0000, 0x0800, 0x0800, 0x0000, 0x1000, 0x1842,
  0x1800, 0x0000, 0x0000, 0x0000, 0x1821, 0x3925, 0x1000, 0x0800, 0x1000, 0x0000, 0x0000, 0x9802, 0xB907, 0x7187, 0x0000, 0x0000,
  0x0800, 0x0000, 0x0000, 0xD947, 0xB988, 0x4A8A, 0x0000, 0x0000, 0x0000, 0x0000, 0x0800, 0x4145, 0xE71B, 0xDE79, 0xDDD7, 0x80C4,
  0x4125, 0x4209, 0x32A7, 0x6A08, 0xB2ED, 0x69E8, 0xAA0B, 0x7A6B, 0x42CA, 0x530C, 0x52EB, 0x5AEB, 0x38A3, 0xA3F3, 0xCEDC, 0xA410,
  0x6862, 0xF75D, 0xEF3C, 0xEEFC, 0xF75D, 0xF75D, 0xDE9A, 0xE6BA, 0xEEFB, 0xE699, 0xE698, 0xDE77, 0xF75B, 0x7AEA, 0x832B, 0xF75D,
  0xEF1B, 0xF75D, 0x2841, 0x0000, 0x1001, 0x0000, 0x7B8E, 0xF75D, 0xCDF7, 0x0000, 0x1001, 0x1001, 0x28A3, 0x2042, 0x0000, 0x1021,
  0x1041, 0x1041, 0x0800, 0x0800, 0x0800, 0x0800, 0x1021, 0x28C3, 0x0801, 0x1000, 0x30E3, 0x1800, 0x0000, 0x2883, 0xF6DD, 0xF75D,
  0x6A89, 0x2000, 0x4944, 0x0000, 0x8329, 0xF6D5, 0xF75D, 0xE697, 0xF56C, 0xDBC0, 0xE422, 0xC384, 0xD44D, 0xE591, 0xF64D, 0x5080,
  0x8100, 0xF614, 0xD576, 0xBD12, 0xBD31, 0xC532, 0xBD31, 0xB4F1, 0xBCF1, 0xC532, 0xC531, 0xBD11, 0xC533, 0xBCF1, 0xC552, 0xE636,
  0xB4B0, 0x8B8C, 0xDE37, 0x1820, 0x0000, 0x1000, 0x1000, 0x0800, 0x0800, 0x1000, 0x2020, 0x1800, 0x2061, 0x1840, 0x1820, 0x0800,
  0x1000, 0x1041, 0x0800, 0x1000, 0x0800, 0x1800, 0x4124, 0x0800, 0x5145, 0x3082, 0x0000, 0x1020, 0x0000, 0x0000, 0x0000, 0x0000,
  0x0000, 0x0000, 0x0000, 0x0000, 0x0000, 0x0000, 0x41A5, 0xF677, 0xD491, 0xB3AF, 0xAAEC, 0xAA6B, 0xA9C9, 0xA168, 0xB1A9, 0xA2EB,
  0x0000, 0x0820, 0x1000, 0x0000, 0x0800, 0x0800, 0x0800, 0x1842, 0x0000, 0x0000, 0x0800, 0x0800, 0x0800, 0x1842, 0x1801, 0x0800,
  0x0000, 0x0000, 0x0000, 0x3905, 0x2042, 0x0800, 0x1000, 0x0000, 0x0000, 0x28E3, 0x6946, 0x51C7, 0x2144, 0x0000, 0x0000, 0x0000,
  0x0000, 0x4020, 0x9188, 0x40A4, 0x4965, 0x0000, 0x0000, 0x0801, 0x0000, 0x0801, 0xF75D, 0xE75C, 0x8AEA, 0xA884, 0x5248, 0x422A,
  0x6A29, 0xD2AD, 0x8229, 0x52AA, 0x61C8, 0xC22A, 0xA2AA, 0x4A48, 0x6A6A, 0x6A6A, 0x8AED, 0xC5BA, 0xAE3A, 0x9BAE, 0x89C8, 0xF75D,
  0xF75C, 0xF75D, 0xF73C, 0xEEDB, 0xEEDB, 0xF73C, 0xF75C, 0xF75D, 0xF73C, 0xC5D6, 0xE6DA, 0x59E7, 0xF6FB, 0xF75C, 0xF75D, 0xEEBB,
  0x0000, 0x0800, 0x0801, 0x0000, 0xDE79, 0xF75D, 0xA472, 0x0000, 0x1820, 0x1800, 0x20A3, 0x1021, 0x0000, 0x0821, 0x0820, 0x0800,
  0x1000, 0x1000, 0x0800, 0x0800, 0x1021, 0x28E4, 0x0801, 0x1000, 0x30C3, 0x1841, 0x0000, 0x3082, 0xF618, 0xF75C, 0xABED, 0x1000,
  0x38C3, 0x0800, 0x4124, 0xEE76, 0xF75C, 0xF5F2, 0xCB82, 0xE3E0, 0xF4C3, 0xDC04, 0xD429, 0xF56B, 0xB40A, 0x2000, 0xF50A, 0xD593,
  0xBCD3, 0xB512, 0xACAF, 0xB4B0, 0xACF0, 0xB4D0, 0xBD11, 0xBD11, 0xBD11, 0xB4F1, 0xBCF2, 0xC574, 0xAC70, 0x830C, 0x9C0F, 0x6249,
  0x8BAE, 0x6A89, 0x0000, 0x1821, 0x1861, 0x1020, 0x0800, 0x1800, 0x2841, 0x1000, 0x0800, 0x1000, 0x1000, 0x0800, 0x0800, 0x1000,
  0x1000, 0x1800, 0x1800, 0x38E3, 0x30A2, 0x0800, 0x38A2, 0x7A8A, 0x0000, 0x1041, 0x0000, 0x0000, 0x0000, 0x0000, 0x0000, 0x0000,
  0x0000, 0x0000, 0x0000, 0x0000, 0xC2CC, 0xC044, 0xA801, 0xA802, 0xA842, 0xB044, 0xA8A5, 0xB084, 0xD0A6, 0xE36E, 0x1840, 0x0000,
  0x1022, 0x0000, 0x0000, 0x0800, 0x0000, 0x2041, 0x0800, 0x0000, 0x0000, 0x0800, 0x0000, 0x1841, 0x1842, 0x0800, 0x0000, 0x0000,
  0x0000, 0x0801, 0x3966, 0x0800, 0x1000, 0x0800, 0x0800, 0x1000, 0x8106, 0x88C4, 0x9988, 0x2841, 0x0000, 0x0800, 0x0000, 0x0000,
  0x5043, 0x6926, 0x9A8B, 0x81CB, 0x0000, 0x0000, 0x0802, 0x0000, 0x7B4D, 0xF75D, 0x6A07, 0xC107, 0x49E6, 0x4A08, 0xD22A, 0xA22A,
  0x4A69, 0x6A8B, 0x522A, 0x79C8, 0xBA4B, 0xA2AB, 0x5A49, 0x726B, 0xB495, 0xADBA, 0xAE19, 0xA410, 0xA3AF, 0xF75D, 0xE71A, 0xDE98,
  0xD657, 0xDE98, 0xEEDA, 0xF71B, 0xF75C, 0xEEFA, 0xCE17, 0xEF1B, 0xEF3C, 0xC556, 0xF71C, 0xDE99, 0xF75D, 0x7B6E, 0x0000, 0x1002,
  0x0000, 0x3905, 0xF75D, 0xF75D, 0x732D, 0x0000, 0x2861, 0x1000, 0x28C3, 0x1021, 0x0000, 0x0000, 0x20A2, 0x30E3, 0x0000, 0x1001,
  0x0801, 0x0800, 0x1021, 0x20A4, 0x0801, 0x0800, 0x28C4, 0x1041, 0x0000, 0x40A2, 0xF677, 0xF531, 0xC42E, 0x2800, 0x38A3, 0x3083,
  0x0000, 0x8BEE, 0xF75B, 0xE3E6, 0xDBC2, 0xC320, 0x6000, 0xAA60, 0xF52A, 0xF568, 0x50C2, 0xA240, 0xEDAF, 0xBCF0, 0xA490, 0xA4F1,
  0xACB0, 0xBCEF, 0xB571, 0x9CAF, 0x8BCC, 0xACF1, 0xC5D4, 0xC594, 0xBD32, 0x834C, 0x0000, 0x0000, 0x0000, 0x0000, 0x0000, 0x0000,
  0x0000, 0x0000, 0x0800, 0x0800, 0x2040, 0x3081, 0x1800, 0x0800, 0x0800, 0x1000, 0x1000, 0x1000, 0x1800, 0x0800, 0x1000, 0x30A2,
  0x2020, 0x1800, 0x1800, 0x2040, 0x2860, 0x7228, 0x40E4, 0x0000, 0x1822, 0x0000, 0x0000, 0x0000, 0x0000, 0x0000, 0x0000, 0x30C3,
  0x830E, 0x5AAB, 0xA34E, 0x8A49, 0x82CB, 0x7ACA, 0x830A, 0x728A, 0x5A89, 0xAB2C, 0xAACB, 0x8B2B, 0x7B4D, 0x0000, 0x1801, 0x0800,
  0x0000, 0x0000, 0x0000, 0x2000, 0x0800, 0x0000, 0x0000, 0x0800, 0x0800, 0x0800, 0x1841, 0x1001, 0x0800, 0x0000, 0x0000, 0x0000,
  0x2905, 0x2883, 0x0800, 0x0800, 0x0000, 0x0000, 0x20A3, 0x5946, 0xB948, 0x8988, 0x0000, 0x0000, 0x0000, 0x0000, 0x0000, 0x6229,
  0xD2CD, 0x6927, 0x41A8, 0x0000, 0x0000, 0x0800, 0x0000, 0x5ACA, 0x9A2A, 0xE9A9, 0x5143, 0x930B, 0xBAAC, 0x5186, 0x6A29, 0x6208,
  0x6207, 0x5A6A, 0x6208, 0xD2EC, 0x928B, 0x49E8, 0xC5DA, 0xADB9, 0xCE7B, 0xB3F0, 0xC492, 0xF75D, 0xDED9, 0xE6D9, 0xE6BA, 0xEEDA,
  0xEEDA, 0xE699, 0xCD94, 0xD5F5, 0xE678, 0xEED9, 0xE698, 0xF6DB, 0xEEB9, 0xEEF9, 0xF75D, 0x0800, 0x0000, 0x1001, 0x0000, 0xAD14,
  0xF75D, 0xF75D, 0x3881, 0x0000, 0x28A2, 0x1000, 0x3924, 0x0801, 0x0000, 0x0000, 0xC555, 0xBD14, 0x0000, 0x1001, 0x0801, 0x0800,
  0x1021, 0x2083, 0x0000, 0x1000, 0x38C4, 0x1000, 0x0000, 0x30C4, 0xED14, 0xDD55, 0xE5D7, 0x5904, 0x3081, 0x30A3, 0x0000, 0x0000,
  0xF75A, 0xF4C9, 0xE3E4, 0xAA60, 0xA160, 0xD364, 0xEC44, 0xE4CA, 0x5820, 0xF589, 0xD592, 0xA450, 0x83AD, 0xACF3, 0xD616, 0x93EE,
  0x732B, 0x8BAD, 0x8BCE, 0x0000, 0x3103, 0x730B, 0x838C, 0x8BAD, 0x30E3, 0x0000, 0x0800, 0x1000, 0x0800, 0x0000, 0x0800, 0x0800,
  0x1000, 0x1820, 0x1800, 0x2020, 0x1800, 0x1000, 0x1000, 0x1000, 0x0000, 0x1000, 0x30A2, 0x0800, 0x1000, 0x1820, 0x0800, 0x1000,
  0x0800, 0x1020, 0x2860, 0x3061, 0x4945, 0x0800, 0x20A3, 0x0000, 0x0000, 0x0800, 0x0000, 0x0000, 0x0000, 0x71E7, 0xEC93, 0x6AAA,
  0x528A, 0x6AEC, 0x62EB, 0x5A8A, 0x6ACC, 0x4247, 0x92EB, 0xC30D, 0x6A49, 0x628B, 0x9411, 0x4987, 0x0000, 0x0000, 0x0000, 0x0000,
  0x1000, 0x1800, 0x1021, 0x0000, 0x0000, 0x0000, 0x1001, 0x0800, 0x0800, 0x1801, 0x0801, 0x0000, 0x0000, 0x0000, 0x0000, 0x4146,
  0x0800, 0x0800, 0x0800, 0x0000, 0x0000, 0x51C7, 0xA8C4, 0xA187, 0x28C3, 0x0000, 0x0000, 0x0000, 0x0000, 0x3042, 0x9A4A, 0x2965,
  0x3147, 0x59C7, 0x0000, 0x0001, 0x0801, 0x0000, 0x4883, 0xF20A, 0xA945, 0xA28B, 0x3967, 0x4208, 0x5208, 0x4166, 0x49E8, 0x4A08,
  0x39C6, 0x3923, 0xBACD, 0x59C6, 0xADB9, 0xA598, 0xCE19, 0x7987, 0xABAE, 0xF75D, 0xEEDA, 0xEF1B, 0xF75C, 0xF75D, 0xF73C, 0xD5F7,
  0xDE57, 0xF75C, 0xE6DA, 0xDE79, 0xE6DA, 0xE6DA, 0xDE78, 0xF75D, 0xD5F6, 0x0000, 0x1801, 0x0000, 0x0800, 0xF75D, 0xF758, 0xF550,
  0x0000, 0x0800, 0x2841, 0x1800, 0x3904, 0x0000, 0x0000, 0x0000, 0xF659, 0xB471, 0x0000, 0x1001, 0x1001, 0x0800, 0x1021, 0x20A4,
  0x0800, 0x1001, 0x30A2, 0x0000, 0x0000, 0x7431, 0xF75D, 0xEF3D, 0xDDF9, 0x4882, 0x3080, 0x0800, 0x1802, 0x0000, 0xACD1, 0xF54A,
  0xF3E4, 0xF56A, 0xF52A, 0xE3A7, 0xF465, 0x9AA2, 0xC321, 0xE52C, 0x8BF0, 0xB534, 0x6B0C, 0x0000, 0x3965, 0x0000, 0x0000, 0x0000,
  0x6AAA, 0x30C3, 0x0000, 0x0000, 0x0000, 0x0000, 0x0800, 0x0800, 0x1000, 0x1820, 0x0800, 0x0800, 0x1000, 0x1800, 0x1800, 0x30A2,
  0x2841, 0x0000, 0x1000, 0x1000, 0x1000, 0x1800, 0x1800, 0x2041, 0x1820, 0x0800, 0x0800, 0x0000, 0x0800, 0x0800, 0x0800, 0x1000,
  0x2041, 0x1800, 0x4925, 0x2021, 0x1000, 0x1821, 0x0000, 0x0000, 0x0800, 0x0000, 0x0000, 0x832D, 0x928A, 0xBB0E, 0x59E9, 0x6A8B,
  0x728B, 0x7A8D, 0x628C, 0x7289, 0xE34F, 0x7A29, 0x628B, 0x726C, 0x6A6B, 0x9C32, 0x3144, 0x0000, 0x0000, 0x0000, 0x0000, 0x0800,
  0x0820, 0x0800, 0x0800, 0x0000, 0x0800, 0x0800, 0x0000, 0x1801, 0x1002, 0x0000, 0x0000, 0x0000, 0x0000, 0x28A3, 0x28A3, 0x0000,
  0x1000, 0x0000, 0x0000, 0x5165, 0xDACA, 0xB289, 0x828B, 0x0000, 0x0000, 0x0000, 0x0000, 0x0000, 0x1800, 0x4084, 0x0000, 0xAAAA,
  0x6125, 0x0000, 0x0001, 0x0800, 0x0000, 0x82AA, 0xF658, 0x7143, 0x6A27, 0x8248, 0x9269, 0x8A28, 0x9A8A, 0xAB0C, 0x9A49, 0xA2EB,
  0xC269, 0xF36D, 0xAD57, 0xADB8, 0xC5F9, 0x89E9, 0xD534, 0xF75D, 0xEF1B, 0xF73C, 0xF75C, 0xF6DB, 0xE658, 0xE699, 0xF75C, 0xE6DB,
  0xE6DB, 0xEF3C, 0xE71B, 0xEF5C, 0xF75D, 0xF75D, 0x4985, 0x0000, 0x1802, 0x0000, 0x7A49, 0xF6D9, 0xF46A, 0xDB89, 0x0000, 0x1800,
  0x2041, 0x2040, 0x30C3, 0x0000, 0x0000, 0x0000, 0xF75D, 0xD554, 0x0000, 0x0801, 0x1021, 0x0800, 0x1842, 0x2083, 0x0800, 0x0000,
  0x1060, 0x3081, 0x6229, 0xF69B, 0xBBD0, 0xCD56, 0xF75D, 0x5964, 0x2000, 0x0800, 0x0000, 0x0000, 0x9CAE, 0xF547, 0xDAC0, 0xF4AA,
  0xEBA6, 0xDB86, 0xEC68, 0x8160, 0xF6AC, 0x4943, 0x0000, 0x3104, 0x0000, 0x0000, 0x0000, 0x0000, 0x0000, 0x1000, 0x0000, 0x1001,
  0x0800, 0x0800, 0x0800, 0x1820, 0x0800, 0x0800, 0x1000, 0x1840, 0x0800, 0x1000, 0x1820, 0x2882, 0x38C3, 0x5124, 0x38E3, 0x0000,
  0x1000, 0x1000, 0x1000, 0x1000, 0x1800, 0x1800, 0x0800, 0x1000, 0x1800, 0x1820, 0x1000, 0x0800, 0x0800, 0x1000, 0x30A3, 0x1800,
  0x3062, 0x7249, 0x2020, 0x4145, 0x0000, 0x0000, 0x0000, 0x0000, 0x6A8B, 0x830E, 0x6A29, 0x8A8B, 0xCBF1, 0x5A47, 0x6229, 0x624B,
  0x5A28, 0xE3D1, 0x9229, 0x5A8A, 0x6A8A, 0x6ACB, 0x628B, 0x5209, 0xA34E, 0xBB2E, 0x3082, 0x1060, 0x8B0C, 0x728A, 0x0000, 0x1820,
  0x0000, 0x0000, 0x0000, 0x1000, 0x0800, 0x0800, 0x1002, 0x0800, 0x0000, 0x0000, 0x0000, 0x0000, 0x4166, 0x1000, 0x1000, 0x0000,
  0x3924, 0x7A27, 0xF38D, 0xF3F0, 0xA9C7, 0x9A68, 0x1000, 0x0000, 0x0000, 0x0000, 0x0000, 0xA128, 0xF36E, 0xF3F0, 0xF431, 0x7987,
  0x0000, 0x0000, 0x0000, 0x0000, 0x8AEC, 0xF3D1, 0xF32D, 0xF30C, 0xF30B, 0xEAAA, 0xEAEB, 0xE2AA, 0xDA8A, 0xDAAD, 0xD26A, 0xC1E8,
  0x932F, 0xBE7B, 0xEF5D, 0xBBB0, 0xCD13, 0xF75C, 0xEEDB, 0xEEBA, 0xDE38, 0xDE18, 0xEEBA, 0xF6BA, 0xDE77, 0xE678, 0xEEDA, 0xEEFA,
  0xF75B, 0xF75D, 0xF75D, 0xE69A, 0x0000, 0x1801, 0x0001, 0x0000, 0xF4ED, 0xF48B, 0xF632, 0x9AA8, 0x0000, 0x30A3, 0x2000, 0x3082,
  0x2882, 0x0000, 0x0000, 0x2021, 0xF75D, 0xBBCE, 0x0000, 0x0801, 0x1001, 0x0800, 0x1862, 0x1842, 0x0000, 0x0000, 0xA410, 0xF6FB,
  0xC4B2, 0xB451, 0xD533, 0xCCD2, 0xF6DA, 0x82EA, 0x0800, 0x2082, 0x0000, 0x0000, 0x8C2D, 0xF5A7, 0xD220, 0xEC07, 0xE385, 0xE3E6,
  0xDC8A, 0xC2E0, 0xF5CB, 0x0000, 0x0000, 0x0000, 0x0000, 0x0800, 0x0800, 0x1000, 0x1000, 0x1000, 0x0800, 0x0000, 0x1001, 0x0000,
  0x0000, 0x0800, 0x0800, 0x0000, 0x0000, 0x1840, 0x1000, 0x1000, 0x2840, 0x2841, 0x2800, 0x3021, 0x4104, 0x0800, 0x1000, 0x1000,
  0x2000, 0x1000, 0x1000, 0x1000, 0x1800, 0x1820, 0x2882, 0x30C3, 0x2041, 0x1800, 0x1800, 0x1800, 0x2020, 0x1800, 0x1800, 0x5966,
  0x2861, 0x8B8E, 0x4167, 0x0000, 0x0000, 0x0000, 0xA411, 0x724B, 0x6A8B, 0x5268, 0xA24A, 0xDBB1, 0x4229, 0x3986, 0xCBCF, 0x928A,
  0x3186, 0x4A29, 0x5249, 0x628A, 0x4A49, 0x31C6, 0x20A2, 0x824A, 0xCB8F, 0x6986, 0xD411, 0x92CB, 0x1860, 0x0000, 0x0000, 0x0000,
  0x0000, 0x0000, 0x1841, 0x1001, 0x0801, 0x0801, 0x0000, 0x0000, 0x0000, 0x0000, 0x28A3, 0x3083, 0x1000, 0x0000, 0x2821, 0xE38E,
  0xD289, 0xDACB, 0xCA8B, 0xD32C, 0x59A8, 0x0001, 0x0000, 0x0800, 0x0000, 0x2000, 0xA0C5, 0x9864, 0xB9E8, 0xC3AF, 0x59E9, 0x0000,
  0x0000, 0x0001, 0x0000, 0x30A2, 0x59E6, 0x4166, 0x3104, 0x3945, 0x3986, 0x4186, 0x41A6, 0x4186, 0x3125, 0x3986, 0x59C8, 0x9C52,
  0x79EA, 0x68A5, 0xF69A, 0xF75C, 0xEE58, 0xE637, 0xDE17, 0xF71A, 0xEED9, 0xDED9, 0xEEFB, 0xE679, 0xEEBA, 0xEEFA, 0xE73A, 0xF75D,
  0xF75D, 0x51A6, 0x0000, 0x1822, 0x0000, 0x7248, 0xF758, 0xF592, 0xF75D, 0x28C5, 0x0000, 0x30C3, 0x2000, 0x38C4, 0x0801, 0x0000,
  0x0000, 0x5A0A, 0xF75D, 0x9C10, 0x0000, 0x1001, 0x0800, 0x1801, 0x2083, 0x1802, 0x0000, 0x0000, 0xEEBC, 0xF75D, 0xEF5D, 0xE75D,
  0xF75D, 0xEF1D, 0xF75D, 0xBD14, 0x3040, 0x4103, 0x1800, 0x0000, 0x730A, 0xF5E5, 0xD1C0, 0xF3E7, 0xF3A6, 0xEC68, 0xE407, 0xEBC2,
  0x8226, 0x0000, 0x0800, 0x0800, 0x0800, 0x0800, 0x0800, 0x1000, 0x1000, 0x1000, 0x1000, 0x1000, 0x1000, 0x0800, 0x0800, 0x0800,
  0x0800, 0x0000, 0x0000, 0x0800, 0x1000, 0x1000, 0x2840, 0x30A2, 0x3861, 0x3861, 0x0800, 0x1000, 0x0800, 0x0000, 0x0800, 0x0800,
  0x2041, 0x0800, 0x0800, 0x0800, 0x1820, 0x30C3, 0x1000, 0x0800, 0x1800, 0x1800, 0x1000, 0x1800, 0x1000, 0x4945, 0x5A08, 0x7A6A,
  0xED77, 0x2104, 0x0000, 0x2105, 0x6AED, 0x3A09, 0x5269, 0x5269, 0x4924, 0xA28A, 0xA36D, 0x9B2B, 0xC36D, 0x7207, 0x82EA, 0x92CB,
  0xAB0C, 0xBB2C, 0xC36D, 0xCBAF, 0xCBAF, 0xD32D, 0xF430, 0xF4F3, 0xF3D0, 0xF3F0, 0xE491, 0x4924, 0x0000, 0x0000, 0x0000, 0x0000,
  0x0000, 0x0000, 0x1842, 0x0801, 0x0800, 0x0000, 0x0000, 0x0000, 0x0000, 0x3925, 0x2021, 0x0000, 0x0000, 0x30C5, 0x20A4, 0x0042,
  0x0002, 0x0042, 0x30E5, 0x38E5, 0x0000, 0x0000, 0x0000, 0x0000, 0x0000, 0x0022, 0x28E4, 0x7B2C, 0xBCF4, 0x40C4, 0x28A4, 0x0000,
  0x0800, 0x0000, 0x2904, 0x72AD, 0x4986, 0x51E7, 0x5227, 0x5208, 0x5229, 0x49E7, 0x39C7, 0x4A28, 0x732E, 0xD619, 0x50E5, 0x4042,
  0xF75D, 0xF75D, 0xDDF6, 0xDDD6, 0xEEDA, 0xF71A, 0xF75B, 0xF75B, 0xEF1B, 0xF75D, 0xF75D, 0xF75D, 0xEF5D, 0xF75D, 0xF75B, 0x930B,
  0x0000, 0x0800, 0x0000, 0xF71D, 0xF69B, 0xD4F3, 0xEDB7, 0x0000, 0x0800, 0x2061, 0x2801, 0x4125, 0x0000, 0x0800, 0x0000, 0x732E,
  0xEEFC, 0xACF3, 0x0000, 0x0800, 0x0000, 0x1820, 0x0000, 0x0000, 0x0000, 0x49C8, 0xF75D, 0xE75D, 0xDF5D, 0xCE9B, 0xD71C, 0xD75D,
  0xEF5D, 0xC553, 0x59A5, 0x5124, 0x3021, 0x0000, 0x28E4, 0xF628, 0xD1A0, 0xF3E6, 0xF449, 0xF4EB, 0xE3A4, 0xF446, 0x2800, 0x0000,
  0x0800, 0x1000, 0x0800, 0x0800, 0x1000, 0x1821, 0x1000, 0x1000, 0x1000, 0x1000, 0x1000, 0x1000, 0x1000, 0x0800, 0x0800, 0x0800,
  0x0000, 0x0800, 0x0800, 0x1000, 0x1000, 0x1800, 0x4965, 0x5965, 0x1800, 0x2062, 0x0000, 0x0800, 0x0800, 0x2042, 0x1801, 0x0000,
  0x0800, 0x0000, 0x1000, 0x2882, 0x2021, 0x4124, 0x1000, 0x2021, 0x1800, 0x2000, 0x1800, 0x1800, 0x28A3, 0x92EC, 0xCB4E, 0xAB4D,
  0xAB6C, 0xC3EE, 0xB30B, 0xBB0C, 0xCB0C, 0xD32C, 0xDB6D, 0xE2EB, 0xF3AF, 0xF40F, 0xF2EB, 0xEB2D, 0xE36D, 0xDB2C, 0xDACC, 0xCA6B,
  0xC24A, 0xB229, 0xA208, 0x89C7, 0x7965, 0x58E3, 0x48C3, 0x4083, 0x4125, 0x7B0D, 0x59A8, 0x2842, 0x4987, 0x3905, 0x20C3, 0x4186,
  0x6249, 0x0800, 0x1000, 0x0000, 0x0000, 0x0000, 0x0000, 0x1001, 0x4105, 0x0000, 0x0000, 0x3083, 0x5084, 0x3083, 0x2021, 0x3883,
  0x2821, 0x4125, 0x28A4, 0x0000, 0x0000, 0x0000, 0x0000, 0x0821, 0x3986, 0xB472, 0x928B, 0x6906, 0x7188, 0x2064, 0x0002, 0x0000,
  0x0000, 0x0842, 0x5A2A, 0x7209, 0x79E7, 0x71E8, 0x6208, 0x69A7, 0x6167, 0x79C8, 0x40E5, 0x834F, 0x59E9, 0xB4D4, 0xF75D, 0xEEBA,
  0xF6FA, 0xEED9, 0xD617, 0xD616, 0xD677, 0xEF1B, 0xF75D, 0xF75D, 0xEEDB, 0xF71D, 0xF75D, 0xF75D, 0xF73A, 0x6904, 0x0000, 0x0000,
  0xC5B7, 0xF6DA, 0xDD13, 0xF75C, 0xED74, 0x0000, 0x1841, 0x1800, 0x3083, 0x2883, 0x0000, 0x0000, 0x0000, 0xBD96, 0xF75D, 0xA471,
  0x0000, 0x1001, 0x0000, 0x0800, 0x632C, 0x8C91, 0xBE58, 0xF75D, 0xF75D, 0xCE18, 0xAD95, 0xA4D2, 0x832C, 0x8209, 0x78A4, 0x8986,
  0x69E6, 0x20A2, 0x2021, 0x0000, 0x0000, 0xF56A, 0xE260, 0xEB41, 0xF56C, 0xF50A, 0xEBE4, 0xDC49, 0x0000, 0x1800, 0x1000, 0x0800,
  0x0800, 0x1000, 0x1000, 0x1000, 0x1000, 0x0800, 0x1800, 0x1820, 0x2061, 0x2061, 0x0800, 0x1000, 0x0800, 0x0800, 0x0800, 0x0800,
  0x0000, 0x1000, 0x2882, 0x1800, 0x1800, 0x3882, 0x1000, 0x0800, 0x0000, 0x0800, 0x0800, 0x1000, 0x0000, 0x0000, 0x0000, 0x0000,
  0x1000, 0x1820, 0x1000, 0x4145, 0x0800, 0x2882, 0x2000, 0x1800, 0x2000, 0x1000, 0x0000, 0x6A07, 0xE36E, 0xCA4A, 0xE32D, 0xC229,
  0xC228, 0xAA29, 0xA209, 0x89E8, 0x79A7, 0x71A7, 0x6967, 0x5146, 0x5146, 0x51C7, 0x3946, 0x3125, 0x4167, 0x4168, 0x4188, 0x39C8,
  0x2987, 0x2986, 0x4166, 0x3186, 0x2166, 0x2967, 0x2126, 0x2906, 0x3987, 0x524A, 0x41E8, 0x3166, 0x4A6A, 0x5269, 0x5105, 0x79C9,
  0x1000, 0x0801, 0x0000, 0x0000, 0x0000, 0x0000, 0x30A3, 0x2883, 0x0000, 0x4000, 0x7002, 0x4862, 0x3841, 0x5001, 0x3842, 0x30A2,
  0x4125, 0x28A4, 0x0000, 0x0800, 0x0000, 0x0000, 0x30A4, 0xE5D7, 0x69C8, 0x58C4, 0x68A4, 0x7928, 0x4928, 0x0042, 0x0000, 0x0000,
  0x2001, 0x6064, 0x7002, 0x7000, 0x6800, 0x6801, 0x6800, 0x6800, 0x6A6B, 0xD5B8, 0x732E, 0xF75D, 0xF75D, 0xF75D, 0xF75C, 0xF75D,
  0xF75C, 0xF75C, 0xDEBA, 0xDEDB, 0xF75D, 0xF75D, 0xF75D, 0xF75D, 0xF6DB, 0xF533, 0xF553, 0x2000, 0x0000, 0x7A87, 0xF6B8, 0xF3EB,
  0xF614, 0xF552, 0xF574, 0x3882, 0x0800, 0x1800, 0x38C4, 0x0000, 0x0000, 0x0000, 0x1800, 0xDE79, 0xF75C, 0x628A, 0x0000, 0x1002,
  0x0000, 0x1021, 0xE5F7, 0xEDB7, 0xBC52, 0x8A2A, 0x78A3, 0x6801, 0x7000, 0x7800, 0x7000, 0x8002, 0x8801, 0x9905, 0x7227, 0x0020,
  0x0801, 0x1000, 0x0000, 0x82C6, 0xF420, 0xCA20, 0xF60B, 0xB365, 0xF4A7, 0x8A86, 0x0000, 0x2861, 0x1800, 0x1800, 0x1000, 0x1000,
  0x0800, 0x1000, 0x2041, 0x0800, 0x1800, 0x2061, 0x1800, 0x2041, 0x1000, 0x1000, 0x0800, 0x0800, 0x0800, 0x1000, 0x1000, 0x0800,
  0x1000, 0x2081, 0x28A1, 0x3082, 0x0000, 0x0801, 0x0800, 0x0000, 0x1000, 0x0800, 0x0000, 0x0000, 0x0000, 0x0000, 0x0800, 0x2041,
  0x1000, 0x28A3, 0x0800, 0x2041, 0x2821, 0x1000, 0x1800, 0x2000, 0x0000, 0x4965, 0x71C8, 0x5A07, 0x5A8A, 0x3145, 0x39A6, 0x49E7,
  0x49E8, 0x41E8, 0x524B, 0x39EA, 0x4A8B, 0x4A68, 0x4248, 0x4A69, 0x5229, 0x49E9, 0x4A2A, 0x524B, 0x524A, 0x526B, 0x41E9, 0x41C9,
  0x49C7, 0x4987, 0x49A7, 0x4166, 0x4106, 0x5147, 0x5987, 0x5166, 0x5146, 0x48E5, 0x40A4, 0x3862, 0x58A4, 0x9A4B, 0x3042, 0x0800,
  0x0800, 0x0000, 0x0000, 0x0000, 0x0000, 0x3905, 0x0800, 0x0800, 0x5823, 0x30A3, 0x1840, 0x3001, 0x3001, 0x2800, 0x2000, 0x4967,
  0x2042, 0x0000, 0x0000, 0x0000, 0x0000, 0xBCB3, 0x50C4, 0x40A3, 0x5000, 0x8800, 0x9023, 0x6967, 0x28A4, 0x0000, 0x0000, 0x1000,
  0x6023, 0x8801, 0x9000, 0x8800, 0x8000, 0x7000, 0xA493, 0x72ED, 0x6B0D, 0xDF3D, 0xF75D, 0xF75D, 0xF75D, 0xF75D, 0xF75D, 0xF75D,
  0xF75D, 0xF75D, 0xF75D, 0xF75D, 0xF73C, 0xDD33, 0xDC30, 0xE42F, 0xE4B1, 0x0000, 0x928A, 0xF75A, 0xF5D3, 0xF4F1, 0xC3AC, 0x8AC9,
  0x9BEE, 0xC555, 0x1000, 0x1800, 0x5146, 0x0000, 0x0800, 0x0000, 0x5187, 0xEDD7, 0xF6BA, 0x72CB, 0x0000, 0x0801, 0x0800, 0x4042,
  0x7801, 0x7000, 0x7802, 0x8043, 0x88E4, 0x8104, 0xA166, 0xA945, 0x9924, 0x4001, 0x5905, 0x71C6, 0x5A26, 0x0800, 0x1001, 0x0800,
  0x0000, 0x0000, 0xF50A, 0xC9A0, 0xF506, 0xBC08, 0xF5EB, 0x2820, 0x0000, 0x38C2, 0x1800, 0x3042, 0x1800, 0x1000, 0x1000, 0x1000,
  0x1800, 0x2041, 0x1000, 0x0000, 0x1000, 0x2020, 0x2020, 0x1800, 0x0800, 0x0800, 0x1000, 0x1841, 0x1841, 0x1000, 0x1000, 0x1000,
  0x20A1, 0x1000, 0x0000, 0x0000, 0x0800, 0x1000, 0x1000, 0x0800, 0x0800, 0x0000, 0x0000, 0x0000, 0x0800, 0x1841, 0x0800, 0x1000,
  0x0800, 0x1821, 0x2862, 0x1800, 0x2020, 0x1800, 0x1800, 0x28C2, 0x4965, 0x732C, 0x6249, 0x624A, 0x4269, 0x6289, 0x6AA9, 0x7289,
  0x828A, 0x6A08, 0x6A49, 0x8229, 0x7229, 0x79E9, 0x8189, 0x6947, 0x7167, 0x7966, 0x6905, 0x6104, 0x58E4, 0x58C3, 0x40A3, 0x4862,
  0x4042, 0x3000, 0x4041, 0x4001, 0x4801, 0x4801, 0x4800, 0x5001, 0x4800, 0x4000, 0x5001, 0xBBF0, 0x5905, 0x4904, 0x0000, 0x0000,
  0x0000, 0x0000, 0x0000, 0x1821, 0x4125, 0x0000, 0x4002, 0x3062, 0x2000, 0x2800, 0x1800, 0x2000, 0x1800, 0x1800, 0x38A3, 0x0800,
  0x0000, 0x0000, 0x0000, 0x0800, 0x38A3, 0x3042, 0x4001, 0x7001, 0x7842, 0x6105, 0x5988, 0x49A7, 0x1842, 0x0000, 0x0000, 0x3001,
  0x6946, 0x6905, 0x6105, 0x6166, 0x932E, 0x8B0F, 0x93F2, 0x83D1, 0x83D1, 0x7350, 0x7BB0, 0x9CF5, 0xA4F5, 0xBD57, 0xD61A, 0xE6FD,
  0xF75D, 0xEF3B, 0xC553, 0xDD95, 0xD492, 0xF554, 0xF5D5, 0x6123, 0xDC30, 0xCB8C, 0x92EC, 0x7A4D, 0x620A, 0x8C11, 0xAD36, 0xDE39,
  0x40C3, 0x5186, 0x2062, 0x0000, 0x0000, 0x0000, 0x60E5, 0xABCE, 0xF679, 0x2882, 0x0000, 0x0801, 0x0001, 0x6106, 0xA1A8, 0x6020,
  0x4082, 0x40C3, 0x4082, 0x5801, 0xBA4B, 0x4800, 0xC2EC, 0x7188, 0x30A3, 0x4165, 0x6268, 0x0000, 0x0800, 0x1820, 0x2863, 0x0000,
  0x71A4, 0xF401, 0xE340, 0xF66C, 0xE52A, 0x0000, 0x0800, 0x2000, 0x2001, 0x38A3, 0x1800, 0x0800, 0x0800, 0x0800, 0x1000, 0x2041,
  0x2020, 0x0800, 0x1000, 0x1800, 0x30C3, 0x2040, 0x0800, 0x1000, 0x0800, 0x0800, 0x0800, 0x1000, 0x1000, 0x0800, 0x0000, 0x0800,
  0x0800, 0x0000, 0x0000, 0x0000, 0x0000, 0x0000, 0x0800, 0x0000, 0x0000, 0x0000, 0x0800, 0x1801, 0x0000, 0x0800, 0x1000, 0x1800,
  0x38E3, 0x2841, 0x1800, 0x1800, 0x1800, 0x30C3, 0x5145, 0x4103, 0x7945, 0x7801, 0x7042, 0x7022, 0x6802, 0x6801, 0x7801, 0x6801,
  0x6801, 0x6000, 0x6000, 0x6000, 0x6000, 0x6000, 0x5800, 0x5800, 0x5800, 0x5800, 0x6000, 0x6800, 0x5800, 0x6000, 0x5800, 0x4800,
  0x5000, 0x5800, 0x5000, 0x5800, 0x5800, 0x6000, 0x6801, 0x6000, 0x4800, 0xC4B2, 0x3801, 0x3842, 0x3164, 0x0000, 0x0000, 0x0000,
  0x0000, 0x0000, 0x4945, 0x1800, 0x3001, 0x40A3, 0x58C5, 0x4843, 0x3882, 0x50C4, 0x50C4, 0x48E5, 0x4105, 0x30E5, 0x1000, 0x0000,
  0x0000, 0x0000, 0x0000, 0x3945, 0x59CA, 0x5A09, 0x18C4, 0x0000, 0x20A4, 0x8B4E, 0x82ED, 0x4147, 0x28C5, 0x0000, 0x29A5, 0x738E,
  0x736E, 0x732D, 0xAB90, 0x8B6F, 0xF75D, 0xDEDC, 0xF75D, 0xF75D, 0xEEFD, 0xDEDD, 0xDEDC, 0xDE7B, 0xDDF9, 0xAC53, 0xACF4, 0xBCF3,
  0xDE18, 0xF71C, 0xF75D, 0xF75D, 0xF75D, 0xF75D, 0xBD75, 0xADF7, 0xAD75, 0xAD15, 0x9CF4, 0xE71C, 0xF75D, 0xD6D9, 0x5165, 0x5A2A,
  0x0000, 0x0801, 0x0000, 0x40E4, 0x89E9, 0xF75C, 0xC4F4, 0x0000, 0x0800, 0x0000, 0x1883, 0x81A8, 0x7103, 0xB28A, 0x3800, 0x59A8,
  0x3104, 0x9A8A, 0xA1EB, 0x1864, 0x4945, 0xE3AF, 0x4062, 0x2061, 0xA32C, 0x38E2, 0x1820, 0x1840, 0x3082, 0x1842, 0x0000, 0xAAA2,
  0xF4A0, 0xF74B, 0x5243, 0x0000, 0x1000, 0x1800, 0x2843, 0x3083, 0x1800, 0x1000, 0x0800, 0x0800, 0x0800, 0x1800, 0x1000, 0x1000,
  0x1000, 0x1000, 0x2041, 0x1800, 0x1800, 0x1000, 0x0800, 0x0800, 0x0800, 0x0000, 0x0800, 0x0800, 0x0800, 0x0800, 0x1000, 0x0000,
  0x0800, 0x0800, 0x0800, 0x0000, 0x0000, 0x0000, 0x0000, 0x0000, 0x1800, 0x0800, 0x0000, 0x0800, 0x1000, 0x1821, 0x2040, 0x4124,
  0x1800, 0x1800, 0x1000, 0x0800, 0x2041, 0x38E2, 0x7A28, 0x6000, 0x8000, 0x7000, 0x7000, 0x7800, 0x8001, 0x8801, 0x8801, 0x8801,
  0x8800, 0x8800, 0x8801, 0x8801, 0x6800, 0x5800, 0x6800, 0x6800, 0x6800, 0x6000, 0x5801, 0x5001, 0x5001, 0x4001, 0x3000, 0x3000,
  0x3001, 0x3001, 0x2800, 0x2821, 0x61A7, 0x4105, 0x3881, 0xBC71, 0x0000, 0x28C5, 0x8BF0, 0x59E8, 0x1001, 0x0000, 0x0000, 0x0000,
  0x28A3, 0x82EC, 0x4105, 0x7ACC, 0x728B, 0x6A8B, 0x6A4A, 0x6229, 0x6AAB, 0x72CC, 0x5209, 0x624B, 0x30A4, 0x0800, 0x0000, 0x0000,
  0x0000, 0x0000, 0x622A, 0x6A4B, 0x2863, 0x0000, 0x1042, 0x5A08, 0x51C7, 0x5A08, 0x51E7, 0x4145, 0x4145, 0x4987, 0x3946, 0x3946,
  0x7A2B, 0xD577, 0xF75D, 0xD6DB, 0xF75D, 0xF75D, 0xF75D, 0xF75D, 0xF75B, 0xF6B7, 0xF75C, 0xA1A6, 0x9A2A, 0xE678, 0xF73C, 0xF4D4,
  0xA34E, 0x94B1, 0x9CF2, 0xBE38, 0xEF3D, 0xBD75, 0xC4F2, 0xE5D6, 0xDDF7, 0xB575, 0xBD75, 0xF6DA, 0x59A6, 0x0000, 0x0000, 0x0042,
  0x0000, 0xB4F4, 0xD699, 0xF71A, 0x60E4, 0x0000, 0x0000, 0x0000, 0x71A7, 0x6145, 0x1840, 0xBAEF, 0x69A8, 0x0082, 0x40A4, 0xBB6F,
  0x3865, 0x3168, 0x0862, 0xA30B, 0xA2EC, 0x2000, 0xD3AF, 0x7A88, 0x38E2, 0x30C3, 0x30A1, 0x0000, 0x0001, 0x0000, 0x79C0, 0xF74B,
  0x83A8, 0x0000, 0x1800, 0x0800, 0x1000, 0x1000, 0x1000, 0x0800, 0x0800, 0x0800, 0x1800, 0x1000, 0x0800, 0x0800, 0x1800, 0x1000,
  0x0800, 0x1000, 0x1000, 0x1000, 0x0800, 0x0800, 0x0800, 0x0800, 0x0800, 0x0800, 0x0800, 0x0000, 0x0800, 0x0800, 0x0800, 0x0800,
  0x0800, 0x0000, 0x0000, 0x0000, 0x0000, 0x0800, 0x1800, 0x0800, 0x0000, 0x0800, 0x1000, 0x1841, 0x0800, 0x2862, 0x2020, 0x2020,
  0x0800, 0x0000, 0x1821, 0x3081, 0x8A8A, 0x80A4, 0x6001, 0x6002, 0x5802, 0x5001, 0x5041, 0x5041, 0x4001, 0x4844, 0x3803, 0x3043,
  0x3063, 0x2042, 0x2062, 0x2063, 0x2063, 0x2083, 0x2042, 0x1842, 0x1083, 0x1083, 0x0882, 0x0882, 0x08A2, 0x0882, 0x1084, 0x1083,
  0x1083, 0x1084, 0x0863, 0x0801, 0x3020, 0xA32C, 0x48E5, 0x622A, 0x8B4E, 0x6229, 0x72AC, 0x4946, 0x2001, 0x4926, 0x4104, 0x5186,
  0x38E4, 0x38E3, 0x38E3, 0x30A3, 0x38C3, 0x38A3, 0x3062, 0x30A3, 0x30C4, 0x2883, 0x4987, 0x2905, 0x0821, 0x0801, 0x0000, 0x0000,
  0x0000, 0x3905, 0x59C9, 0x49C8, 0x49A8, 0x4946, 0x4147, 0x4146, 0x4967, 0x4987, 0x59C9, 0x5146, 0x5186, 0x49E7, 0x8147, 0xF75D,
  0xDF5D, 0xD6BB, 0xF75D, 0xF75D, 0xF75D, 0xF5B4, 0xF36A, 0xF654, 0xCC71, 0xE555, 0xF75B, 0xF575, 0xBA08, 0x9A08, 0x7ACA, 0x9ACA,
  0x6000, 0xB451, 0xA22A, 0x8000, 0xA800, 0x6800, 0x7A28, 0xA431, 0x5883, 0xF6D9, 0x3124, 0x0000, 0x1822, 0x0000, 0x3000, 0x928B,
  0xF75D, 0x8248, 0xA146, 0x2001, 0x0000, 0x7A27, 0xCA6A, 0x6841, 0x58C3, 0x7843, 0xEB6E, 0x2000, 0x9967, 0x8863, 0x1800, 0x3000,
  0x2000, 0x0800, 0xC32C, 0xBACC, 0xAA09, 0x49A4, 0x1861, 0x28A3, 0x61E7, 0x3924, 0x10A2, 0x0002, 0x0000, 0x1000, 0x3965, 0x1000,
  0x2000, 0x2001, 0x0000, 0x0800, 0x0800, 0x0800, 0x0800, 0x0800, 0x0800, 0x0800, 0x0800, 0x0800, 0x1800, 0x1000, 0x0800, 0x0800,
  0x0800, 0x0800, 0x0800, 0x0800, 0x0800, 0x0800, 0x0000, 0x0800, 0x0800, 0x0800, 0x0800, 0x0800, 0x0000, 0x0000, 0x0000, 0x0000,
  0x0000, 0x0000, 0x0000, 0x0800, 0x1000, 0x0000, 0x0000, 0x0000, 0x0800, 0x1000, 0x0800, 0x1820, 0x2020, 0x2020, 0x0800, 0x1000,
  0x2000, 0x3040, 0x30E2, 0x5A07, 0x0040, 0x1863, 0x20A4, 0x18A4, 0x18E4, 0x18E4, 0x10A4, 0x18A4, 0x2105, 0x2105, 0x2905, 0x18C5,
  0x2105, 0x2906, 0x2105, 0x2106, 0x20E5, 0x18A4, 0x20A4, 0x20C4, 0x2084, 0x2084, 0x2063, 0x2064, 0x28A5, 0x2885, 0x2884, 0x2064,
  0x1002, 0x0001, 0x3000, 0x6022, 0x4843, 0x2883, 0x732C, 0x0800, 0x30A3, 0x1000, 0x2042, 0x4166, 0x30E4, 0x0800, 0x1041, 0x0841,
  0x3126, 0x28C5, 0x38E5, 0x30A4, 0x3063, 0x2843, 0x2864, 0x3085, 0x3084, 0x51C8, 0x4146, 0x3926, 0x0001, 0x0000, 0x0000, 0x0000,
  0x38C4, 0x2925, 0x30C4, 0x30E5, 0x28E5, 0x28E5, 0x20C4, 0x20C4, 0x20C4, 0x20C5, 0x18C4, 0x10C4, 0xC30E, 0xF75D, 0xE75D, 0xE71C,
  0xF75D, 0xF75D, 0xEC90, 0xF082, 0xF3AD, 0xF75A, 0xF71C, 0xF536, 0xDA8B, 0xE3EE, 0xF657, 0xBB4D, 0x7000, 0x8004, 0xA32E, 0xDE39,
  0xB3B0, 0x71A6, 0xB966, 0x9000, 0xABAF, 0xA4D2, 0x7802, 0xAB4D, 0x0841, 0x1000, 0x0000, 0x0000, 0x68A4, 0xF638, 0xC595, 0x3000,
  0xA105, 0xC2EE, 0x5082, 0xCA8A, 0x6001, 0x4000, 0x4800, 0x3800, 0x90A2, 0xA165, 0xB1C6, 0x8000, 0x8985, 0xCA6A, 0xE3AE, 0xF450,
  0xF4B3, 0xF578, 0xE3B1, 0x30E2, 0x2904, 0x1800, 0x5166, 0x728B, 0x51E5, 0x3984, 0x1822, 0x0800, 0x0000, 0x0800, 0x0800, 0x1001,
  0x0800, 0x0800, 0x0800, 0x0800, 0x0800, 0x0800, 0x0800, 0x0800, 0x0800, 0x0800, 0x0800, 0x0800, 0x1800, 0x1800, 0x0800, 0x0800,
  0x0800, 0x0800, 0x1000, 0x0000, 0x0000, 0x0800, 0x0800, 0x0800, 0x0800, 0x0800, 0x0800, 0x0800, 0x0000, 0x0000, 0x0000, 0x0800,
  0x0000, 0x0800, 0x1000, 0x0000, 0x0000, 0x0800, 0x0800, 0x0800, 0x0800, 0x2062, 0x2000, 0x2881, 0x2061, 0x1800, 0x2800, 0x5104,
  0x2820, 0x7229, 0x49A7, 0x20C4, 0x3166, 0x3966, 0x3125, 0x3946, 0x3105, 0x3105, 0x3926, 0x3105, 0x3905, 0x30C4, 0x28A4, 0x30C4,
  0x30C4, 0x28C4, 0x30C4, 0x2083, 0x20A3, 0x20A3, 0x2083, 0x2083, 0x2063, 0x2063, 0x2063, 0x2063, 0x2063, 0x2062, 0x2083, 0x1042,
  0x3001, 0x7864, 0x5884, 0x2862, 0x6269, 0x38C4, 0x1801, 0x2002, 0x2883, 0x0800, 0x1842, 0x1843, 0x0000, 0x0021, 0x28E5, 0x0000,
  0x0000, 0x0842, 0x0002, 0x0001, 0x0001, 0x0802, 0x1842, 0x79C9, 0x8188, 0x61C8, 0x2904, 0x1042, 0x0842, 0x0000, 0x0000, 0x28E4,
  0x5107, 0x38E4, 0x3104, 0x38E4, 0x38A4, 0x3863, 0x4043, 0x4802, 0x4802, 0x4002, 0xE535, 0xF75D, 0xF71D, 0xF71D, 0xF75D, 0xF75D,
  0xF36D, 0xF5B3, 0xF6F9, 0xED35, 0xDB4C, 0xF38A, 0xED11, 0xF654, 0xF5B4, 0xDBEF, 0xF638, 0xCD98, 0xF75D, 0xF75D, 0xF75D, 0xF75D,
  0xC4D2, 0xD494, 0xDD99, 0xC4B2, 0x7800, 0x89E8, 0x0000, 0x0000, 0x31A7, 0xBDF8, 0xF6FC, 0xABCE, 0x3800, 0x4000, 0x3000, 0xB188,
  0x8042, 0xA884, 0x5800, 0x80A4, 0xA187, 0xC28A, 0xB1C7, 0xF575, 0xE451, 0xC451, 0xE4B2, 0xAAAC, 0x9229, 0x7904, 0x5863, 0x2800,
  0x6082, 0x51C5, 0x2041, 0x6A88, 0xA40E, 0xA431, 0x38E3, 0x3965, 0x0000, 0x0800, 0x0800, 0x0800, 0x0800, 0x0800, 0x0000, 0x0800,
  0x1001, 0x0800, 0x1000, 0x1800, 0x0800, 0x0800, 0x0000, 0x0800, 0x0800, 0x0800, 0x0000, 0x1000, 0x1861, 0x1000, 0x0800, 0x0800,
  0x0800, 0x0800, 0x0800, 0x0000, 0x0000, 0x0000, 0x0000, 0x0000, 0x0000, 0x0000, 0x0000, 0x0000, 0x0800, 0x0800, 0x0000, 0x1000,
  0x0800, 0x0000, 0x0000, 0x0000, 0x0800, 0x0800, 0x0000, 0x1800, 0x2020, 0x3061, 0x4964, 0x0000, 0x1800, 0x4144, 0x2061, 0x3883,
  0x5A2A, 0x20A3, 0x30E4, 0x30E4, 0x30C4, 0x30C4, 0x30C4, 0x3064, 0x30C4, 0x28C4, 0x28C4, 0x20C4, 0x20A4, 0x28C4, 0x28C4, 0x28E5,
  0x20A4, 0x2083, 0x2083, 0x1883, 0x1883, 0x1883, 0x1083, 0x1083, 0x2083, 0x2083, 0x18A4, 0x1042, 0x1863, 0x1084, 0x2801, 0x60A3,
  0x3821, 0x3001, 0x9A4B, 0x28A3, 0x1821, 0x30A4, 0x2001, 0x2001, 0x2800, 0x1800, 0x2842, 0x2062, 0x40E4, 0x5947, 0x2800, 0x2801,
  0x3023, 0x2001, 0x1000, 0x1822, 0x3063, 0x8064, 0x6800, 0x3000, 0x3082, 0x3884, 0x3967, 0x20C4, 0x0000, 0x0000, 0x3802, 0x7801,
  0x6800, 0x6000, 0x6800, 0x6800, 0x6000, 0x7001, 0x6801, 0x6801, 0xE577, 0xA4D6, 0x3147, 0x6AAE, 0x62AE, 0x8B90, 0xAD15, 0xA575,
  0xAD36, 0xC578, 0xD597, 0xEE99, 0xEEB9, 0xF5D7, 0xF69A, 0xF73C, 0xF6FB, 0xEE7A, 0xCD16, 0xF6FB, 0xDCF4, 0xA26A, 0xDD95, 0x626B,
  0x8BEF, 0xB471, 0xCBAF, 0x9B4E, 0x3906, 0x3905, 0xF75D, 0xED77, 0x88C5, 0x3800, 0xA062, 0xB165, 0xC269, 0xF34D, 0xF4F3, 0xF3CF,
  0xF3AF, 0xD38E, 0xB32C, 0xA2AB, 0x7986, 0x3862, 0x7B0D, 0x94B3, 0xEF1C, 0x730D, 0x0800, 0x28E4, 0x3987, 0x2083, 0x51A7, 0xA42F,
  0x4964, 0xD5B5, 0x834B, 0x832C, 0x1841, 0x20A3, 0x0001, 0x0000, 0x0800, 0x0800, 0x1801, 0x1800, 0x0800, 0x0000, 0x0800, 0x0800,
  0x0800, 0x1000, 0x0800, 0x0800, 0x0000, 0x0800, 0x1000, 0x0000, 0x0000, 0x0800, 0x0800, 0x0800, 0x0000, 0x0800, 0x1020, 0x0800,
  0x0800, 0x1000, 0x1000, 0x0800, 0x0000, 0x0000, 0x0000, 0x0000, 0x0000, 0x0000, 0x0800, 0x0000, 0x0800, 0x1041, 0x0000, 0x0000,
  0x0000, 0x0000, 0x0800, 0x0800, 0x0800, 0x1000, 0x2021, 0x3081, 0x5984, 0x2000, 0x1800, 0x2881, 0x0800, 0x1800, 0x49A7, 0x3947,
  0x1864, 0x28E5, 0x2906, 0x2906, 0x2906, 0x20A5, 0x2905, 0x2905, 0x28E5, 0x2906, 0x18C4, 0x18E4, 0x20E4, 0x20E5, 0x20C4, 0x1884,
  0x18A4, 0x1884, 0x1083, 0x1863, 0x1842, 0x2022, 0x2022, 0x2022, 0x2022, 0x2001, 0x1801, 0x0000, 0x2000, 0x3801, 0x0000, 0x2800,
  0x7823, 0x0000, 0x2800, 0x4802, 0x4800, 0x4801, 0x4001, 0x2800, 0xF5D6, 0xBC72, 0x48E4, 0xF75C, 0x5801, 0x3800, 0x4801, 0x5001,
  0x3801, 0x3042, 0x30A3, 0x6802, 0x3800, 0x0000, 0x3863, 0x68E6, 0x50A4, 0x41A8, 0x1904, 0x0062, 0x0000, 0x3001, 0x5802, 0x5822,
  0x50A3, 0x40C2, 0x40C3, 0x48A4, 0x40A3, 0x40C3, 0xAACD, 0xCDD9, 0x3966, 0x3169, 0x3109, 0x2865, 0x28A7, 0x28C8, 0x2909, 0x41EC,
  0x4A6E, 0x524E, 0x630F, 0x6B90, 0x6B90, 0x7BD1, 0x9473, 0xAD35, 0xB5B7, 0xCDF8, 0xDE5A, 0xEEDC, 0xF75D, 0xEE18, 0xECAF, 0xF677,
  0xE513, 0xBBAE, 0xDD75, 0xDE57, 0xACF3, 0xAB2B, 0xA125, 0xAA4A, 0xA988, 0xA188, 0x8187, 0x50C4, 0x1800, 0x0000, 0x0000, 0x0800,
  0x1000, 0x0800, 0x0000, 0x28C4, 0xBD77, 0x9453, 0x0000, 0x2083, 0x2801, 0x2841, 0x3042, 0x1800, 0x2822, 0xCD35, 0x61C7, 0xB491,
  0x832C, 0x4144, 0x28C3, 0x20A3, 0x0801, 0x0000, 0x0800, 0x0800, 0x0800, 0x0000, 0x0800, 0x0800, 0x0800, 0x0800, 0x0800, 0x0000,
  0x0800, 0x1001, 0x0000, 0x0800, 0x0800, 0x0000, 0x0800, 0x1001, 0x0000, 0x0000, 0x1001, 0x0800, 0x0800, 0x0800, 0x0800, 0x0800,
  0x0800, 0x0000, 0x0000, 0x0000, 0x0000, 0x0000, 0x0000, 0x0000, 0x0000, 0x0000, 0x0000, 0x0000, 0x0000, 0x0000, 0x0800, 0x0800,
  0x0000, 0x0800, 0x1000, 0x0800, 0x1000, 0x1800, 0x69E7, 0x6987, 0x2000, 0x38E4, 0x2001, 0x2841, 0x20A2, 0x51C7, 0x2800, 0x3883,
  0x3863, 0x3863, 0x3801, 0x4002, 0x4001, 0x4001, 0x4001, 0x4001, 0x4001, 0x4801, 0x4801, 0x4801, 0x4801, 0x4801, 0x4801, 0x4001,
  0x3800, 0x3800, 0x4001, 0x4801, 0x3800, 0x3800, 0x4801, 0x4000, 0x2000, 0x5125, 0x4043, 0x0800, 0x732C, 0x2000, 0x3000, 0xA451,
  0x48A3, 0x3000, 0x4000, 0x3000, 0x2000, 0x1000, 0xA36C, 0x72EB, 0x2124, 0xABAD, 0x3800, 0x3000, 0x3000, 0x3800, 0x5042, 0x4062,
  0x50A3, 0x6002, 0x5802, 0x4822, 0x68A4, 0x80A4, 0x8823, 0x9023, 0x90A5, 0x926B, 0x3165, 0x0040, 0x81E8, 0x98A6, 0xA0E6, 0xA907,
  0xB0A6, 0xA845, 0xB886, 0xC8E7, 0xAA8C, 0xDE5A, 0x4167, 0x28E8, 0x1886, 0x628C, 0x624B, 0x5A4A, 0x59E9, 0x51E9, 0x28A4, 0x30E6,
  0x5A4D, 0x3109, 0x3928, 0x3928, 0x3108, 0x3168, 0x3168, 0x41A9, 0x49EA, 0x3147, 0x6C52, 0xF679, 0xF166, 0xF2A9, 0xF309, 0xF3AB,
  0xF32C, 0xF2AA, 0xEAEC, 0xF3AD, 0xF3AB, 0xEC8F, 0x7105, 0x7167, 0x71E8, 0x6A09, 0x6249, 0x6249, 0x6A09, 0x61E8, 0x6987, 0x81E9,
  0x6905, 0x5124, 0x834C, 0x1000, 0x1800, 0x6022, 0x8864, 0xA083, 0x8842, 0x5800, 0x4800, 0x934C, 0x61E6, 0x9BAE, 0x6207, 0x4124,
  0x3124, 0x1842, 0x1842, 0x0000, 0x0000, 0x0800, 0x0801, 0x0800, 0x0800, 0x0800, 0x0800, 0x0800, 0x0800, 0x0000, 0x1000, 0x0800,
  0x0800, 0x1001, 0x0800, 0x0800, 0x1862, 0x0800, 0x0800, 0x0800, 0x0800, 0x0800, 0x1001, 0x0800, 0x0800, 0x0800, 0x1000, 0x0800,
  0x0000, 0x0800, 0x0000, 0x0800, 0x0000, 0x4186, 0x28E3, 0x0000, 0x0800, 0x0000, 0x0800, 0x0000, 0x0000, 0x0800, 0x0800, 0x0800,
  0x1800, 0x0800, 0x1800, 0x2000, 0x4903, 0x6925, 0x3821, 0x3103, 0x3861, 0x4863, 0x4083, 0x6925, 0x5000, 0x6000, 0x5000, 0x5000,
  0x6001, 0x6802, 0x5801, 0x5801, 0x5800, 0x5801, 0x4800, 0x4000, 0x4000, 0x4801, 0x4000, 0x4000, 0x4000, 0x3800, 0x2800, 0x2800,
  0x3800, 0x3000, 0x2000, 0x2800, 0x4042, 0x3001, 0x1000, 0xF75D, 0xAC11, 0x0000, 0xEE39, 0x69A7, 0x3800, 0xF5D8, 0x7967, 0x6002,
  0x7803, 0x7802, 0x6802, 0x6002, 0x6000, 0x3800, 0x3947, 0x5802, 0x9002, 0xA804, 0xA803, 0xA002, 0xA803, 0xC004, 0xB802, 0x9000,
  0xB803, 0xB802, 0xB803, 0xA802, 0xB023, 0xC803, 0xB801, 0x9800, 0x9062, 0xA0E4, 0xA000, 0x8800, 0x9800, 0x9800, 0x8800, 0x6800,
  0x6800, 0x6800, 0xD453, 0xD67C, 0x3989, 0x28E8, 0x4148, 0x6A69, 0x520A, 0x6AED, 0x7B0E, 0x832E, 0x0802, 0x3148, 0x6AEF, 0x3128,
  0x49CA, 0x4188, 0x3968, 0x4169, 0x51CA, 0x51A9, 0x49A9, 0x28C5, 0x9535, 0xF617, 0xF1C7, 0xF2CB, 0xF30A, 0xF2E8, 0xF1E6, 0xE904,
  0xF188, 0xF0E4, 0xE8C3, 0xD843, 0xA801, 0xB022, 0xB042, 0xA841, 0xB8E4, 0xB083, 0xA0E5, 0xD451, 0xE5B5, 0x7A28, 0x934C, 0xAD75,
  0x94B3, 0x83D0, 0x9411, 0x93AF, 0x82EC, 0x826A, 0x826A, 0x48A4, 0x5125, 0x7207, 0x8288, 0x7AAA, 0x4124, 0x3924, 0x1841, 0x0800,
  0x0800, 0x0800, 0x0800, 0x0800, 0x0800, 0x1001, 0x0000, 0x0800, 0x0800, 0x1001, 0x0000, 0x0800, 0x0800, 0x0000, 0x0800, 0x0800,
  0x0800, 0x0800, 0x0800, 0x0800, 0x0800, 0x0800, 0x0800, 0x0800, 0x0800, 0x0000, 0x0000, 0x0000, 0x0000, 0x0000, 0x0000, 0x0000,
  0x0000, 0x0800, 0x0000, 0x6248, 0x3144, 0x0000, 0x0000, 0x0000, 0x1001, 0x0800, 0x0000, 0x0800, 0x0000, 0x0800, 0x1800, 0x0800,
  0x1821, 0x2861, 0x4923, 0x58E3, 0x4842, 0x5165, 0x61A6, 0x48C3, 0x69C7, 0x69A6, 0x6883, 0x6843, 0x4021, 0x3841, 0x58A3, 0x5883,
  0x5063, 0x5063, 0x5883, 0x60C4, 0x50E3, 0x6144, 0x6964, 0x6924, 0x7145, 0x7125, 0x70E4, 0x8105, 0x8905, 0x90C5, 0x8864, 0xA8C6,
  0xC0C7, 0xB907, 0xA8C5, 0xB8E7, 0xB865, 0x8801, 0x8800, 0xA803, 0x9000, 0x9801, 0x9801, 0x9000, 0xA802, 0xA803, 0xA002, 0xB004,
  0xB004, 0xA002, 0xA001, 0x7803, 0x6188, 0x8825, 0x9800, 0xA802, 0xA002, 0x9001, 0x8801, 0x9801, 0x9000, 0x8000, 0x7800, 0x7802,
  0x8002, 0x6000, 0x4000, 0x3000, 0x4000, 0x5800, 0x4800, 0x4800, 0x5801, 0x60C5, 0x5987, 0x6A2A, 0x7AAD, 0x936F, 0x9B90, 0xAC72,
  0xD494, 0xCE7C, 0x39A9, 0x20A6, 0xA432, 0xDDB5, 0xA40D, 0x934A, 0x932A, 0xDD75, 0x836F, 0x28E6, 0x6ACE, 0x3927, 0x41A9, 0x41A8,
  0x3967, 0x2947, 0x39A8, 0x51E9, 0x4A29, 0x2925, 0x9D76, 0xF618, 0xF36D, 0xF2AA, 0xF269, 0xF268, 0xF248, 0xF513, 0xF4D4, 0xEB4F,
  0xF516, 0xD30F, 0xF75D, 0xE67A, 0xDD96, 0xE4D4, 0xD3F1, 0xC30E, 0xBA6A, 0xAA29, 0xBA0A, 0x9845, 0x9969, 0xBB90, 0xD4B5, 0xDD57,
  0xD577, 0xEE5A, 0x7947, 0x82EC, 0xDEBB, 0xDE1A, 0xA3F0, 0x82CA, 0x7227, 0x6A28, 0x4945, 0x30C2, 0x1800, 0x0000, 0x0800, 0x0800,
  0x0800, 0x0800, 0x0800, 0x0800, 0x0000, 0x0000, 0x0000, 0x0000, 0x0000, 0x0800, 0x0800, 0x0800, 0x0800, 0x0800, 0x0800, 0x0800,
  0x0800, 0x0800, 0x0800, 0x0800, 0x0800, 0x0800, 0x0800, 0x0800, 0x0000, 0x0000, 0x0000, 0x0000, 0x0000, 0x0000, 0x0800, 0x0000,
  0x1800, 0x4944, 0x0000, 0x0000, 0x0000, 0x0800, 0x1000, 0x1841, 0x0800, 0x0000, 0x0000, 0x0800, 0x1800, 0x0800, 0x1000, 0x2000,
  0x4103, 0x8A28, 0x6945, 0x69E6, 0x5924, 0x8166, 0x88E5, 0x9945, 0xA905, 0xA084, 0xB146, 0xC187, 0xC127, 0xB8A4, 0xC927, 0xD988,
  0xC106, 0xC0E6, 0xE168, 0xE0E6, 0xD084, 0xC864, 0xD064, 0xD064, 0xA801, 0xB002, 0xC063, 0xB002, 0x9800, 0xA001, 0x9802, 0x8001,
  0x6801, 0x7001, 0x9001, 0x8801, 0x7000, 0x7800, 0x7001, 0x6800, 0x6000, 0x6800, 0x6801, 0x5800, 0x3800, 0x2000, 0x1000, 0x1800,
  0x3000, 0x2800, 0x4227, 0x3842, 0x2800, 0x0000, 0x0000, 0x0000, 0x1082, 0x20C3, 0x4104, 0x3862, 0x2801, 0x20C3, 0x20A2, 0xA3F1,
  0xC5D9, 0xDEDC, 0x7390, 0x0000, 0xAD97, 0xE75D, 0xC67B, 0xBDF8, 0xB5D9, 0xB5D9, 0xB598, 0x9555, 0x7411, 0x7C32, 0x9209, 0xCE59,
  0x3989, 0x3109, 0x2864, 0x59E6, 0xABA9, 0xE52F, 0xE530, 0xB44F, 0x49A8, 0x3107, 0x628E, 0x3928, 0x4189, 0x28C6, 0x5A4C, 0xD6DD,
  0x6B50, 0x4148, 0x522B, 0x2906, 0xA537, 0xEDB6, 0xE36C, 0xF38C, 0xF3AD, 0xF34C, 0xF30B, 0xF513, 0xF410, 0xEB8F, 0xF473, 0xD390,
  0xF75D, 0xF75D, 0xF75D, 0xF75D, 0xF75D, 0xF75D, 0xF75D, 0xF75D, 0xF75D, 0xF75D, 0xF75D, 0xEE79, 0xE5D7, 0xD535, 0xCCB3, 0xDC52,
  0xDBD0, 0xC3D0, 0xB36F, 0xA2ED, 0x930D, 0x82EC, 0x832C, 0x7AAA, 0x6228, 0x3904, 0x2082, 0x0800, 0x0800, 0x0800, 0x0800, 0x0800,
  0x1822, 0x20A3, 0x1000, 0x0000, 0x0800, 0x0800, 0x0800, 0x0800, 0x1000, 0x0800, 0x0800, 0x0800, 0x0800, 0x0800, 0x1001, 0x1000,
  0x0800, 0x0800, 0x0800, 0x0000, 0x0800, 0x0000, 0x0000, 0x0000, 0x0000, 0x0000, 0x0000, 0x0800, 0x0800, 0x0000, 0x30A1, 0x9BAD,
  0x0000, 0x0000, 0x0000, 0x0800, 0x1000, 0x1841, 0x0800, 0x0800, 0x0800, 0x0800, 0x1800, 0x0800, 0x1000, 0x2000, 0x2820, 0x9A89,
  0x71C6, 0x61C5, 0x70A3, 0xA8E6, 0x8000, 0x6800, 0x8000, 0x8001, 0x8800, 0x7000, 0x5800, 0x4000, 0x4000, 0x4000, 0x4000, 0x4000,
  0x4000, 0x3000, 0x2800, 0x2800, 0x2000, 0x2000, 0x2000, 0x2000, 0x2000, 0x1800, 0x0800, 0x0000, 0x1000, 0x1801, 0x0821, 0x1021,
  0x2801, 0x4001, 0x3001, 0x3042, 0x1822, 0x0801, 0x3147, 0x2905, 0x1042, 0x0000, 0x2905, 0x62AC, 0x632D, 0x1967, 0x0000, 0x1042,
  0x5A6A, 0x0800, 0x0000, 0x84B4, 0x8D58, 0x3A2C, 0x41EB, 0x1043, 0x1000, 0x1000, 0x0000, 0x1800, 0x1000, 0x8B6E, 0x834D, 0x830E,
  0x2884, 0x0000, 0x6AEE, 0xBD77, 0xA4D4, 0x9CF4, 0xAD15, 0xCDB7, 0xEE9B, 0xE73C, 0xF75D, 0xF75D, 0xD452, 0xC5D8, 0x3969, 0x3127,
  0x3188, 0x21A8, 0x3A8A, 0x8ACD, 0x7908, 0x1802, 0x10A6, 0x314A, 0x5AAD, 0x2907, 0x3948, 0x2085, 0xB578, 0xF75D, 0x41CA, 0x4169,
  0x520B, 0x3127, 0xAD78, 0xE5F9, 0xEC93, 0xF493, 0xF3EF, 0xF46E, 0xF38D, 0xF2EC, 0xF2CA, 0xF38E, 0xF38E, 0xD36F, 0xF75D, 0xF75D,
  0xF75D, 0xF75D, 0xF75D, 0xF75D, 0xF75D, 0xF75D, 0xF75D, 0xF75D, 0xF75D, 0xF75D, 0xF75D, 0xF75D, 0xF75D, 0xF75D, 0xF75D, 0xF75D,
  0xF75D, 0xF75D, 0xA391, 0x8A89, 0x7AEA, 0x82EB, 0x4944, 0x3904, 0x2042, 0x1883, 0x0801, 0x0801, 0x0800, 0x0800, 0x1001, 0x1862,
  0x0801, 0x0000, 0x0000, 0x0800, 0x0800, 0x0800, 0x0800, 0x0800, 0x0800, 0x0000, 0x0800, 0x0800, 0x0800, 0x0800, 0x0800, 0x0800,
  0x0800, 0x0800, 0x0800, 0x0000, 0x0000, 0x0000, 0x0000, 0x0800, 0x0800, 0x0000, 0x1000, 0x1800, 0x4103, 0x6A68, 0x0000, 0x0000,
  0x0000, 0x0000, 0x0800, 0x0800, 0x0800, 0x0800, 0x1801, 0x0800, 0x0800, 0x0800, 0x0800, 0x1000, 0x1000, 0x7227, 0xBC2F, 0xB26A,
  0xA801, 0x7800, 0x7168, 0x7390, 0x40E6, 0x0800, 0x2800, 0x8BD1, 0xAD37, 0xACF6, 0xB557, 0xBD97, 0xBDD8, 0xB597, 0xADB7, 0xBE19,
  0xBE1A, 0xC639, 0xBE59, 0xBE7A, 0xC67B, 0xCEBC, 0xB659, 0xD6FD, 0xEF5D, 0xEF5D, 0xF75D, 0x9CF5, 0x0000, 0x0000, 0x0000, 0x0000,
  0x0000, 0x1000, 0x0800, 0x0000, 0x9412, 0x3926, 0x0000, 0x0000, 0x524A, 0xA4D4, 0x9CB4, 0x18C5, 0x0000, 0x2043, 0x4967, 0x4187,
  0x1823, 0x49EA, 0x420A, 0x41A9, 0x28A6, 0x38E7, 0x834E, 0x830E, 0x628B, 0x8B4F, 0x830E, 0x51A8, 0x5147, 0x61EA, 0x5A4B, 0x51C9,
  0xA515, 0xBDD9, 0xB598, 0xA5B8, 0xC71C, 0xC6BB, 0xA597, 0xBE1A, 0xB5B8, 0xBE1A, 0xF5B7, 0xBD78, 0x398A, 0x2906, 0x2127, 0xBE7C,
  0xDD56, 0xBCB5, 0xDD19, 0xA394, 0x28C6, 0x31A8, 0x5AAD, 0x2085, 0x28A5, 0x1024, 0x7350, 0x7370, 0x1844, 0x28C6, 0x30C5, 0x28C5,
  0xADD8, 0xE4D2, 0xE946, 0xF28B, 0xF289, 0xF32A, 0xF30B, 0xF208, 0xF32B, 0xF36D, 0xF30B, 0xDB90, 0xF75D, 0xF75D, 0xF75D, 0xF75D,
  0xF75D, 0xF75D, 0xF75D, 0xF75D, 0xF75D, 0xF75D, 0xF75D, 0xF75D, 0xF75D, 0xF75D, 0xF75D, 0xF75D, 0xF75D, 0xF75D, 0xF75D, 0xD6DB,
  0x7167, 0x938C, 0x61E5, 0x38C2, 0x4104, 0x38E4, 0x28C4, 0x1863, 0x0801, 0x0801, 0x0800, 0x0801, 0x0800, 0x1000, 0x0800, 0x0000,
  0x0000, 0x0800, 0x0800, 0x0800, 0x0800, 0x0800, 0x0800, 0x0800, 0x0800, 0x0800, 0x0000, 0x0800, 0x0000, 0x0000, 0x0800, 0x0800,
  0x0800, 0x0000, 0x0800, 0x0800, 0x0800, 0x0800, 0x0800, 0x0800, 0x1820, 0x30A1, 0x38E2, 0x2861, 0x0000, 0x0000, 0x0000, 0x0000,
  0x0000, 0x0800, 0x0800, 0x0800, 0x1800, 0x0800, 0x0800, 0x1000, 0x1820, 0x1800, 0x1000, 0x5926, 0xF4D4, 0x8863, 0x6800, 0x60E5,
  0x7B8F, 0xAD16, 0x7A4B, 0x58A3, 0x6967, 0xA453, 0x9C53, 0x9411, 0x9411, 0x9411, 0x9431, 0x9451, 0x9C72, 0xA473, 0x9C11, 0xA452,
  0xB515, 0xB556, 0xB536, 0xAD15, 0x9C94, 0x9412, 0x61EA, 0x1801, 0x1002, 0x0801, 0x0000, 0x2043, 0x30E5, 0x3967, 0x520A, 0x622B,
  0x51EA, 0x0000, 0x1884, 0x9C52, 0x9432, 0x8C32, 0x8BF0, 0x736E, 0x83F0, 0x73B0, 0x0000, 0x2063, 0x28C4, 0xEEFC, 0xBD76, 0xB576,
  0xBE18, 0xF75D, 0x526C, 0x41EA, 0xF75D, 0xEF5D, 0xD6FC, 0xEF3D, 0xE6DD, 0xCE3A, 0xDE7B, 0xD67B, 0xCE9B, 0xF6FD, 0xB5F7, 0x9CB4,
  0xC5D9, 0xBDF9, 0xAD57, 0xD67C, 0x9C94, 0xBDD9, 0x8C73, 0x8412, 0xC451, 0xB577, 0x3169, 0x28C6, 0x2106, 0xE6FD, 0xCA6E, 0x8B70,
  0xA63C, 0x9CD7, 0x2002, 0x4167, 0x522B, 0xC5B9, 0xDE3C, 0x8BD2, 0xBDB9, 0x83F2, 0x5A8D, 0xB4F6, 0xB517, 0x3106, 0xADB8, 0xF554,
  0xF209, 0xF2ED, 0xF32D, 0xF26A, 0xF2AB, 0xF30A, 0xF267, 0xF2AB, 0xF2AB, 0xDB90, 0xF75D, 0xF75D, 0xF75D, 0xF75D, 0xF75D, 0xF75D,
  0xF75D, 0xF75D, 0xF75D, 0xF75D, 0xF75D, 0xF75D, 0xF73D, 0xF73D, 0xF73D, 0xF73D, 0xF73D, 0xF75D, 0xF75D, 0xE71C, 0xDC12, 0xD699,
  0x48E2, 0x6A27, 0x4965, 0x38E4, 0x28A4, 0x1001, 0x0801, 0x0800, 0x0800, 0x0800, 0x0800, 0x0800, 0x0800, 0x0800, 0x2082, 0x0000,
  0x0000, 0x0800, 0x0800, 0x0800, 0x0800, 0x0800, 0x0800, 0x0800, 0x0800, 0x0800, 0x0800, 0x0800, 0x0800, 0x0000, 0x0800, 0x1020,
  0x0800, 0x0800, 0x0800, 0x1020, 0x0800, 0x0800, 0x2040, 0x3903, 0x2020, 0x2861, 0x0000, 0x0000, 0x0000, 0x0000, 0x0000, 0x1000,
  0x0800, 0x0800, 0x1000, 0x1000, 0x1801, 0x1000, 0x1820, 0x1820, 0x28A2, 0x48A3, 0x60C4, 0x932E, 0x5AAD, 0x9514, 0xF75D, 0xF75D,
  0xF75D, 0xF75D, 0xF75D, 0xF75D, 0xF75D, 0xF75D, 0xF75D, 0xF75D, 0xF75D, 0xF75D, 0xF75D, 0xF75D, 0xF75D, 0xF73D, 0xEF5D, 0xC67A,
  0xC639, 0xAD76, 0xB556, 0xACB5, 0x93D1, 0x8B90, 0xACF4, 0xBD97, 0xCE9A, 0xDF3D, 0xCEDC, 0xD6BB, 0xEF3D, 0xDEBC, 0xCE3A, 0x6B6F,
  0xDEDD, 0xE6FC, 0xCE3A, 0xC639, 0xD6DB, 0xD6DC, 0xDF1D, 0xEF5D, 0x0000, 0x1843, 0x28A5, 0xE69C, 0xC5B7, 0xCE39, 0xD6DB, 0x5AED,
  0x736F, 0x4A0A, 0x28C4, 0x9BB1, 0x4968, 0x2001, 0x2000, 0x30E5, 0x62ED, 0xA555, 0x94D3, 0x7B0D, 0xA4D3, 0x8370, 0x6A8D, 0x626B,
  0x5189, 0x59A9, 0x5127, 0x4105, 0x7B6F, 0x834F, 0xB38F, 0xAD56, 0x39AA, 0x3148, 0x20A5, 0xCE9D, 0xBD78, 0x9412, 0xF75D, 0x83B1,
  0x1023, 0x39A8, 0x526C, 0x628D, 0x7B70, 0x9433, 0xA4F6, 0xAD37, 0xBD79, 0xCDB9, 0xB517, 0x20A5, 0xADD9, 0xED76, 0xF269, 0xF3CF,
  0xF32D, 0xF227, 0xF249, 0xF470, 0xF450, 0xF4B2, 0xF513, 0xCBB1, 0xF75D, 0xF75D, 0xF75D, 0xF75D, 0xF75D, 0xE75D, 0xEF5D, 0xF75D,
  0xF75D, 0xF75D, 0xF75D, 0xF75D, 0xF75D, 0xF75D, 0xF75D, 0xF75D, 0xF75D, 0xF75D, 0xF75D, 0xF75D, 0xDC53, 0xF75D, 0x6249, 0x61E6,
  0x51A6, 0x30C3, 0x2062, 0x0801, 0x0801, 0x0800, 0x0801, 0x0800, 0x0800, 0x0800, 0x0800, 0x0000, 0x3945, 0x28C3, 0x0800, 0x0800,
  0x0800, 0x0800, 0x0800, 0x0000, 0x0800, 0x0800, 0x0000, 0x0800, 0x1840, 0x0800, 0x0800, 0x0800, 0x0800, 0x1000, 0x0800, 0x0800,
  0x0800, 0x0800, 0x0800, 0x1820, 0x38E3, 0x2040, 0x2860, 0x2840, 0x0000, 0x0000, 0x0000, 0x0000, 0x0800, 0x0800, 0x0000, 0x0800,
  0x0800, 0x0800, 0x0800, 0x1000, 0x1000, 0x1820, 0x1000, 0x30A2, 0xF75D, 0xF75D, 0xB61A, 0xB5B9, 0xF75D, 0xF75D, 0xF75D, 0xF75D,
  0xF75D, 0xF75D, 0xF75D, 0xF75D, 0xDEFC, 0xCE7A, 0xBDB8, 0xAD15, 0xA516, 0xACF6, 0x9434, 0xBDB9, 0x9CB6, 0xB5F9, 0xADD7, 0xADD7,
  0xBE18, 0xBDF8, 0xC639, 0xC5F8, 0xACB4, 0x83B0, 0x5A6B, 0x4A0A, 0x736F, 0xAD15, 0x0842, 0x83F1, 0x94B4, 0x4A2A, 0x9CB4, 0x7B70,
  0x62ED, 0x62ED, 0x5AED, 0x528B, 0x422B, 0x39A9, 0x0001, 0x1043, 0x4168, 0x5A0A, 0x28A4, 0x30E4, 0x30A4, 0x2002, 0x2084, 0x1000,
  0x0800, 0x2000, 0x2000, 0x1800, 0x2800, 0x1000, 0x0001, 0x1042, 0x0000, 0x0000, 0x2000, 0x1800, 0x0800, 0x1800, 0x2000, 0x1800,
  0x1000, 0x0000, 0x0000, 0x1000, 0xF6FC, 0x9493, 0x20C6, 0x1023, 0x1002, 0x2127, 0xA557, 0xDDFB, 0xA495, 0x1906, 0x20C5, 0x41CA,
  0x5AAD, 0x1865, 0x2085, 0x20A5, 0x1885, 0x20C6, 0x3107, 0x30E6, 0x30C5, 0x28C5, 0xBE5B, 0xE4D3, 0xF1C6, 0xF2EB, 0xE3EF, 0xE288,
  0xF26A, 0xF4B3, 0xEA09, 0xF2ED, 0xF32D, 0xE452, 0xF75D, 0xF75D, 0xF75D, 0xF75D, 0xF75D, 0xAD77, 0xEF5D, 0xF75D, 0xF75D, 0xF75D,
  0xF75D, 0xF6FD, 0xF69C, 0xEE5B, 0xEE3B, 0xDDB8, 0xCD57, 0xCCD5, 0xCC31, 0xCBB0, 0xB908, 0xC34F, 0x6167, 0x7248, 0x40E3, 0x2861,
  0x1842, 0x0801, 0x0801, 0x0800, 0x0800, 0x0800, 0x0800, 0x0800, 0x0800, 0x0000, 0x1000, 0x30E3, 0x1820, 0x1000, 0x0800, 0x0800,
  0x0800, 0x0800, 0x0800, 0x0800, 0x0000, 0x0800, 0x0000, 0x1020, 0x1840, 0x0800, 0x0000, 0x0800, 0x1000, 0x1020, 0x28E2, 0x1020,
  0x1800, 0x38A3, 0x2841, 0x2060, 0x2860, 0x1800, 0x0000, 0x0000, 0x0000, 0x0800, 0x0000, 0x0000, 0x0000, 0x0800, 0x0800, 0x1000,
  0x0800, 0x1000, 0x1000, 0x1800, 0x1000, 0x0800, 0xF75D, 0xF75D, 0xF75D, 0xAC12, 0xE6FD, 0xF75D, 0xD65A, 0xC639, 0xAD97, 0xAD15,
  0xA4F5, 0x9494, 0x9474, 0xACF6, 0xB537, 0xA4B4, 0xB5B8, 0x9493, 0x8BF1, 0xA4B4, 0x6ACD, 0x9C74, 0x838F, 0x72CD, 0x830E, 0x730E,
  0x6B0D, 0x8BF1, 0x2044, 0x0800, 0x0000, 0x0000, 0x1800, 0x3001, 0x0000, 0x0800, 0x0801, 0x0000, 0x0000, 0x0000, 0x0000, 0x0000,
  0x0000, 0x0000, 0x0000, 0x1843, 0x0802, 0x1002, 0x51A8, 0x5168, 0x2882, 0x3904, 0x38A4, 0x4105, 0x4147, 0x2083, 0x2800, 0x3800,
  0x3800, 0x3800, 0x4001, 0x2863, 0x20A5, 0x18A3, 0x1000, 0x4001, 0x3800, 0x3000, 0x3801, 0x3000, 0x2000, 0x4002, 0x50C5, 0x5905,
  0x50E4, 0x5925, 0xF75D, 0x73D0, 0x5ACE, 0x5A6C, 0x522B, 0x20C6, 0x18A5, 0x30A6, 0x0002, 0x0802, 0x1002, 0x1864, 0x2927, 0x0001,
  0x1003, 0x1044, 0x1064, 0x1864, 0x2085, 0x30E6, 0x28C5, 0x20A4, 0xBE5A, 0xE4D3, 0xF208, 0xF32D, 0xF596, 0xF3AF, 0xF34E, 0xF410,
  0xEA89, 0xEA29, 0xF207, 0xEA49, 0x81A8, 0x8906, 0x88C6, 0x8844, 0x9045, 0x9003, 0x7803, 0x7802, 0x7801, 0x7001, 0x7801, 0x6800,
  0x6000, 0x6000, 0x6000, 0x6000, 0x6800, 0x6802, 0x4000, 0x3800, 0x6800, 0x89E8, 0x6228, 0x72AA, 0x30A2, 0x2061, 0x2063, 0x1001,
  0x1002, 0x0800, 0x0800, 0x0800, 0x0800, 0x0800, 0x1000, 0x0800, 0x3924, 0x20A2, 0x1840, 0x1820, 0x1020, 0x1020, 0x1800, 0x1000,
  0x1020, 0x0820, 0x1820, 0x1020, 0x20A1, 0x20A1, 0x1020, 0x0800, 0x0800, 0x1000, 0x2081, 0x28C2, 0x1840, 0x0000, 0x2061, 0x2840,
  0x2020, 0x2861, 0x1800, 0x2040, 0x28A2, 0x0000, 0x0000, 0x0800, 0x0800, 0x0000, 0x0800, 0x0800, 0x0800, 0x1000, 0x0800, 0x0800,
  0x1820, 0x1800, 0x1800, 0x0000, 0xACF4, 0xBE7A, 0xBE18, 0x5209, 0x9D55, 0xA516, 0xA515, 0xBD98, 0xB557, 0xB556, 0xBD77, 0xA514,
  0xA4F5, 0xACF5, 0xA493, 0x6ACC, 0x6209, 0x1000, 0x0800, 0x1000, 0x0800, 0x0800, 0x0800, 0x0800, 0x0800, 0x0800, 0x0800, 0x0000,
  0x0002, 0x1023, 0x2002, 0x3002, 0x2800, 0x3000, 0x3001, 0x3022, 0x30C4, 0x30E4, 0x30E4, 0x3083, 0x30A4, 0x3084, 0x30A4, 0x30A4,
  0x2063, 0x38C5, 0x2063, 0x1021, 0x51A7, 0x61C8, 0x2821, 0x38A3, 0x3862, 0x3842, 0x3863, 0x2842, 0x3001, 0x4001, 0x3801, 0x4001,
  0x4801, 0x3063, 0x20A5, 0x3126, 0x1041, 0x3001, 0x4000, 0x2800, 0x1800, 0x58C3, 0x50C3, 0x7269, 0x9BEF, 0x936D, 0x938E, 0xA40F,
  0xF75D, 0x6B4E, 0xF75D, 0xF75D, 0xF75D, 0xF75D, 0xEF1D, 0xD63B, 0xC61A, 0xC5FA, 0xC5D9, 0xB558, 0xB517, 0xACF6, 0x9474, 0x8C12,
  0x7B90, 0x628D, 0x522B, 0x522A, 0x4188, 0x20A5, 0xB619, 0xDBF0, 0xE9A5, 0xF267, 0xEA05, 0xEA27, 0xF289, 0xF26B, 0xF2CA, 0xEA8B,
  0xF2CB, 0xE26A, 0x8A8B, 0x92EC, 0xA36E, 0xAB8F, 0xB3F0, 0xBC32, 0xC474, 0xCCD5, 0xCD56, 0xCDD8, 0xD659, 0xDEBB, 0xE6FD, 0xEF3D,
  0xF75D, 0xF75D, 0xF75D, 0xF75D, 0xD61A, 0xC557, 0xC3D2, 0xF75D, 0x838D, 0x38E3, 0x3904, 0x28A3, 0x1822, 0x0800, 0x0800, 0x0800,
  0x0800, 0x0801, 0x0800, 0x0800, 0x1000, 0x0000, 0x7289, 0x30C2, 0x1000, 0x1020, 0x1040, 0x1820, 0x1800, 0x1000, 0x0820, 0x0820,
  0x1020, 0x18A0, 0x1040, 0x0800, 0x0000, 0x0000, 0x0800, 0x0800, 0x1020, 0x1020, 0x1000, 0x1840, 0x1840, 0x2020, 0x2020, 0x1800,
  0x1000, 0x20A1, 0x4123, 0x0000, 0x0000, 0x0800, 0x0800, 0x0800, 0x0800, 0x0800, 0x0800, 0x1800, 0x1801, 0x0000, 0x1000, 0x1820,
  0x2000, 0x1800, 0xA493, 0xD5F9, 0xDE9B, 0x528B, 0xDEDB, 0x72AC, 0x2001, 0x3023, 0x3002, 0x2801, 0x2000, 0x2000, 0x2000, 0x1800,
  0x1000, 0x1800, 0x2000, 0x3000, 0x3801, 0x3801, 0x3801, 0x3800, 0x3000, 0x3802, 0x3800, 0x3000, 0x3802, 0x1043, 0x1863, 0x1843,
  0x1802, 0x3000, 0x3800, 0x3001, 0x2801, 0x3001, 0x3002, 0x3002, 0x2801, 0x2801, 0x2801, 0x2000, 0x2000, 0x1800, 0x2000, 0x3002,
  0x38A4, 0x0801, 0x41E8, 0x59C8, 0x2800, 0x3800, 0x3800, 0x3800, 0x3800, 0x3800, 0x4001, 0x3801, 0x3801, 0x3000, 0x3800, 0x2842,
  0x20A3, 0x3106, 0x18A4, 0x1801, 0x2000, 0x6905, 0x5905, 0x930C, 0x938E, 0x7AEB, 0x830B, 0x8B4D, 0x938E, 0x5946, 0xF6FD, 0x7B4F,
  0xF75D, 0xF75D, 0xF75D, 0xF75D, 0xF75D, 0xF75D, 0xD6BD, 0xDEDD, 0xDEDD, 0xE71D, 0xB599, 0xD65C, 0xD65C, 0xD65C, 0xDEBD, 0xF75D,
  0xF75D, 0xF75D, 0xF75D, 0xCE3B, 0xA577, 0xE4D3, 0xF32D, 0xEA27, 0xE249, 0xE209, 0xE9E8, 0xF2AA, 0xEA48, 0xF4D4, 0xF4B3, 0xE494,
  0xF75D, 0xF75D, 0xF75D, 0xF75D, 0xF75D, 0xF75D, 0xF75D, 0xF75D, 0xF75D, 0xF75D, 0xF75D, 0xF75D, 0xF75D, 0xF75D, 0xF75D, 0xF75D,
  0xF75D, 0xF75D, 0xF75D, 0xF75D, 0xDC74, 0xF75D, 0x836D, 0x2021, 0x3904, 0x28A3, 0x1001, 0x1001, 0x1001, 0x1001, 0x0801, 0x0801,
  0x0800, 0x0800, 0x1821, 0x0000, 0x6A69, 0x51A6, 0x0000, 0x0800, 0x0820, 0x1000, 0x1000, 0x1000, 0x1820, 0x1020, 0x0800, 0x1000,
  0x1000, 0x0800, 0x0800, 0x1000, 0x1000, 0x0800, 0x0800, 0x0000, 0x0800, 0x1000, 0x28A1, 0x2040, 0x1000, 0x2020, 0x1800, 0x1800,
  0x38E2, 0x0000, 0x0000, 0x0800, 0x0800, 0x0800, 0x0800, 0x1000, 0x1000, 0x1800, 0x1800, 0x0000, 0x1000, 0x1841, 0x1800, 0x3061,
  0x5166, 0x48A3, 0x3822, 0x3000, 0x4802, 0x3000, 0x2800, 0x3800, 0x4000, 0x4800, 0x4000, 0x3800, 0x3800, 0x3800, 0x4001, 0x3801,
  0x3801, 0x3801, 0x3801, 0x3801, 0x3801, 0x3801, 0x3801, 0x3802, 0x3801, 0x3800, 0x3802, 0x1043, 0x28E4, 0x20A4, 0x1022, 0x3801,
  0x3801, 0x3001, 0x3001, 0x3001, 0x3001, 0x3001, 0x3001, 0x3001, 0x2800, 0x2800, 0x2800, 0x2800, 0x2800, 0x2801, 0x4927, 0x0801,
  0x39A7, 0x6209, 0x3000, 0x4000, 0x3800, 0x4001, 0x3800, 0x3800, 0x3800, 0x3801, 0x4001, 0x4001, 0x4801, 0x3822, 0x2083, 0x3106,
  0x28C5, 0x0800, 0x69E8, 0xA34D, 0x932D, 0x82EB, 0x7ACB, 0x7AAB, 0x9B6E, 0x58E4, 0x2000, 0x4022, 0xF75D, 0x49C9, 0x1844, 0x41CA,
  0x522C, 0x62CD, 0x7350, 0x8C13, 0xA4D5, 0xB557, 0xB537, 0xC5DA, 0xC61B, 0xD69D, 0xD69D, 0xDEDD, 0xDEDD, 0xF75D, 0xF75D, 0xF75D,
  0xF75D, 0xE73D, 0xA577, 0xDCB3, 0xEB2E, 0xF3D0, 0xF4B4, 0xF4D4, 0xF3D0, 0xF4B2, 0xE30C, 0xF515, 0xF452, 0xE3F3, 0xF75D, 0xF75D,
  0xF75D, 0xF75D, 0xF75D, 0xF75D, 0xF75D, 0xF75D, 0xF75D, 0xF75D, 0xF75D, 0xF75D, 0xF75D, 0xF75D, 0xF75D, 0xF75D, 0xF75D, 0xEF5D,
  0xF75D, 0xF75D, 0xC370, 0xF75D, 0xA450, 0x1800, 0x4144, 0x28A3, 0x1822, 0x0801, 0x1001, 0x0800, 0x0800, 0x1001, 0x0800, 0x0000,
  0x1001, 0x0000, 0x5185, 0x832B, 0x1800, 0x1000, 0x0000, 0x0800, 0x0800, 0x0800, 0x1000, 0x0800, 0x0800, 0x0800, 0x0800, 0x0800,
  0x0800, 0x0800, 0x1000, 0x0800, 0x0000, 0x0000, 0x1000, 0x1800, 0x2040, 0x1800, 0x0000, 0x0800, 0x0000, 0x59A5, 0x8B0A, 0x0000,
  0x0000, 0x0000, 0x0000, 0x0000, 0x1000, 0x1000, 0x1000, 0x1000, 0x1800, 0x0000, 0x0800, 0x1820, 0x1800, 0x3882, 0x4061, 0x3800,
  0x3800, 0x5000, 0x5001, 0x4001, 0x4021, 0x4001, 0x4000, 0x4800, 0x4801, 0x4001, 0x4001, 0x4801, 0x4001, 0x4801, 0x4001, 0x3801,
  0x3801, 0x3801, 0x3801, 0x3801, 0x3801, 0x3802, 0x3801, 0x3800, 0x4002, 0x1843, 0x1863, 0x1863, 0x1842, 0x3801, 0x4001, 0x3001,
  0x3001, 0x3001, 0x3801, 0x3801, 0x3801, 0x3000, 0x3000, 0x3000, 0x2800, 0x2800, 0x2800, 0x3000, 0x4106, 0x1022, 0x3987, 0x620A,
  0x3800, 0x4801, 0x4000, 0x4000, 0x4001, 0x4000, 0x3800, 0x4001, 0x4000, 0x4001, 0x4800, 0x4801, 0x2882, 0x28C5, 0x38E7, 0x0000,
  0x8B8E, 0x92EC, 0x72AA, 0x72AA, 0x8B2C, 0x9B4E, 0x58C4, 0x2800, 0x5063, 0xA410, 0xF75D, 0x734D, 0x1843, 0x1844, 0x0801, 0x0000,
  0x0000, 0x0000, 0x0000, 0x0000, 0x0000, 0x0000, 0x0000, 0x0000, 0x0001, 0x0823, 0x1864, 0x18A4, 0x3147, 0x41EA, 0x5AAD, 0x4A2A,
  0xAD76, 0xE4F4, 0xE2EE, 0xF4B4, 0xECF5, 0xF596, 0xEC52, 0xF597, 0xEC10, 0xE3D1, 0xEB90, 0xEBD1, 0xF75D, 0xF75D, 0xF75D, 0xF75D,
  0xF75D, 0xF75D, 0xF75D, 0xF75D, 0xF75D, 0xF75D, 0xF75D, 0xF75D, 0xF75D, 0xF75D, 0xF75D, 0xF75D, 0xF75D, 0xF75D, 0xF75D, 0xF73C,
  0xCB70, 0xF75D, 0xBD33, 0x0800, 0x3904, 0x28A3, 0x1001, 0x1001, 0x0801, 0x0000, 0x2905, 0x1021, 0x1021, 0x1863, 0x0800, 0x0000,
  0x2861, 0x8B4B, 0x59E5, 0x30A1, 0x0800, 0x0000, 0x0800, 0x0800, 0x0800, 0x0000, 0x0800, 0x0800, 0x0800, 0x0800, 0x0000, 0x0800,
  0x1000, 0x1000, 0x0800, 0x1000, 0x1000, 0x1820, 0x1000, 0x2020, 0x6A48, 0x7269, 0x7268, 0xDDB4, 0x7227, 0x0000, 0x0000, 0x0800,
  0x4965, 0x2841, 0x0000, 0x0800, 0x1000, 0x1000, 0x1801, 0x0800, 0x0800, 0x1000, 0x1000, 0x5144, 0x5103, 0x5022, 0x4800, 0x5001,
  0x4801, 0x4802, 0x4802, 0x4802, 0x4802, 0x4802, 0x4801, 0x4001, 0x4001, 0x3801, 0x4001, 0x4001, 0x3800, 0x3801, 0x3801, 0x3800,
  0x3800, 0x3800, 0x3800, 0x3801, 0x3800, 0x3800, 0x4001, 0x2043, 0x28C4, 0x20C5, 0x0822, 0x3001, 0x3800, 0x3000, 0x2800, 0x3000,
  0x3000, 0x3000, 0x3000, 0x2800, 0x2800, 0x3000, 0x2800, 0x2000, 0x2800, 0x2800, 0x5106, 0x1863, 0x3167, 0x622B, 0x3800, 0x4800,
  0x4800, 0x4800, 0x4800, 0x4800, 0x4000, 0x4000, 0x4000, 0x4800, 0x4800, 0x4000, 0x2841, 0x18A4, 0x51AA, 0x0000, 0x51E8, 0xAC30,
  0x7AEB, 0x9B8E, 0xAB8F, 0x60C4, 0x3000, 0x2800, 0xABF0, 0x9C70, 0xF75D, 0xF75D, 0xF75D, 0xF75D, 0xF75D, 0xF75D, 0xF75D, 0xF75D,
  0xF75D, 0xDE9A, 0xCDF8, 0xBD76, 0xACB4, 0x9432, 0x838F, 0x730D, 0x5A4A, 0x41A8, 0x2926, 0x1063, 0x0821, 0x0000, 0xAD76, 0xE4F4,
  0xDAAD, 0xF4F5, 0xE454, 0xF515, 0xEBF2, 0xF536, 0xEC51, 0xF433, 0xF410, 0xDC71, 0xF75D, 0xF75D, 0xF75D, 0xF75D, 0xF75D, 0xF75D,
  0xF75D, 0xF75D, 0xF75D, 0xF75D, 0xF75D, 0xF75D, 0xF75D, 0xF75D, 0xF75D, 0xF75D, 0xF75D, 0xF75D, 0xF75D, 0xF75C, 0xCB90, 0xF75D,
  0xC575, 0x0800, 0x38E4, 0x28A3, 0x1842, 0x0801, 0x0801, 0x2083, 0x3146, 0x1021, 0x0800, 0x1842, 0x0800, 0x0800, 0x0000, 0x7AA8,
  0x59E5, 0x51A4, 0x48C1, 0x0000, 0x0000, 0x0000, 0x0800, 0x0800, 0x0800, 0x0000, 0x0800, 0x1000, 0x0800, 0x1800, 0x1000, 0x1000,
  0x1000, 0x1000, 0x1800, 0x1000, 0x4103, 0x8B6C, 0x6206, 0x4923, 0x3081, 0x59C5, 0x934B, 0x30C3, 0x2883, 0x4945, 0x61E7, 0x8B6D,
  0x72EB, 0x1820, 0x0000, 0x0800, 0x1000, 0x0800, 0x0800, 0x1000, 0x1800, 0x2000, 0x59A5, 0x5862, 0x4800, 0x5001, 0x5002, 0x4802,
  0x4801, 0x4802, 0x4802, 0x4801, 0x4801, 0x4001, 0x4001, 0x4001, 0x4001, 0x4001, 0x4001, 0x3801, 0x4000, 0x3800, 0x3800, 0x3800,
  0x3800, 0x4001, 0x4000, 0x4000, 0x4802, 0x2863, 0x30A4, 0x20E5, 0x0842, 0x3002, 0x3801, 0x3801, 0x4001, 0x4001, 0x3800, 0x3000,
  0x3801, 0x3801, 0x3800, 0x3000, 0x3000, 0x2800, 0x3800, 0x2800, 0x5106, 0x28E5, 0x2906, 0x624C, 0x4800, 0x5000, 0x5001, 0x5001,
  0x5001, 0x5801, 0x5001, 0x5001, 0x5001, 0x4800, 0x2000, 0xA28B, 0x82EB, 0x0001, 0x49A9, 0x28C5, 0x28A3, 0xBCB2, 0xAC51, 0xBC72,
  0x6946, 0x4000, 0x3800, 0x5063, 0xBC72, 0x9B8E, 0x82AA, 0x7228, 0x8209, 0xAA8B, 0xB30D, 0xABCF, 0xB471, 0xC513, 0xC534, 0xDEDB,
  0xDEBB, 0xE6BB, 0xEEDC, 0xF73D, 0xF71D, 0xF73D, 0xF75D, 0xF75D, 0xF75D, 0xF75D, 0xF75D, 0xF73D, 0xF75D, 0xBB2E, 0xD2ED, 0xEC32,
  0xE3F2, 0xEC54, 0xDB4F, 0xF555, 0xDB6E, 0xF3B0, 0xE34E, 0xD3EF, 0xF75D, 0xF75D, 0xF75D, 0xF75D, 0xF75D, 0xF75D, 0xF75D, 0xF75D,
  0xF75D, 0xF75D, 0xF75D, 0xF75D, 0xF75D, 0xF75D, 0xF75D, 0xF75D, 0xF75D, 0xF75C, 0xF75D, 0xF75D, 0xC411, 0xF75C, 0xCE15, 0x0800,
  0x3082, 0x28A3, 0x2083, 0x0800, 0x1001, 0x1021, 0x1001, 0x0800, 0x0800, 0x0800, 0x0800, 0x0800, 0x0800, 0x4102, 0xAC2D, 0x938A,
  0x7A87, 0x5141, 0x2000, 0x1000, 0x0000, 0x0000, 0x0000, 0x0000, 0x0000, 0x0800, 0x0800, 0x0800, 0x1800, 0x1800, 0x1000, 0x1800,
  0x1000, 0x38E2, 0x7288, 0x1800, 0x1000, 0x0000, 0x0000, 0xACAF, 0xEE13, 0x938B, 0x7ACA, 0x5185, 0x61C6, 0x30A1, 0x4944, 0x72CB,
  0x3124, 0x0000, 0x0000, 0x0800, 0x0000, 0x1821, 0x2000, 0x0800, 0x4165, 0x6064, 0x4800, 0x5801, 0x5001, 0x4801, 0x4001, 0x4001,
  0x4801, 0x4801, 0x4801, 0x4801, 0x4801, 0x5001, 0x5001, 0x5001, 0x4801, 0x4801, 0x4801, 0x4801, 0x4801, 0x4801, 0x4801, 0x4801,
  0x4801, 0x4800, 0x5002, 0x28A4, 0x2084, 0x2085, 0x1884, 0x3802, 0x5000, 0x4801, 0x4802, 0x4001, 0x4001, 0x4001, 0x4801, 0x5002,
  0x4801, 0x4001, 0x4801, 0x4001, 0x4001, 0x3000, 0x6106, 0x422A, 0x1064, 0x6A4B, 0x5821, 0x5800, 0x6022, 0x5801, 0x5801, 0x5801,
  0x6001, 0x6802, 0x5800, 0x3800, 0x8249, 0xDDB6, 0xB492, 0x1842, 0x520A, 0x626B, 0x0801, 0xD5D6, 0xCD74, 0x7125, 0x4000, 0x5000,
  0x79C8, 0xB4F3, 0xBD14, 0xA40F, 0xBB6C, 0xAB0B, 0x8063, 0xA062, 0x9801, 0x88E5, 0x81E7, 0x81C7, 0x8B2D, 0xF75D, 0xF75D, 0xEF3B,
  0xE71C, 0xE6DB, 0xDEBB, 0xDE9A, 0xD65A, 0xCE79, 0xDDF8, 0x9AED, 0xDE9B, 0xCE3A, 0xDF5C, 0xB4B2, 0xCDB6, 0xCDB6, 0xD5B6, 0xD576,
  0xCCF4, 0xDD54, 0xCC72, 0xDC93, 0xCBB0, 0xD4B2, 0xF75D, 0xF75D, 0xF75D, 0xF75D, 0xF75D, 0xF75D, 0xF75D, 0xF75D, 0xF75D, 0xF75D,
  0xF75D, 0xF75D, 0xF75D, 0xF75D, 0xF75D, 0xF75D, 0xF75D, 0xF75D, 0xF75D, 0xF75D, 0xEE38, 0xD5D5, 0xDED7, 0x2841, 0x3041, 0x2882,
  0x1041, 0x1001, 0x1001, 0x1001, 0x1000, 0x1000, 0x0800, 0x0800, 0x0800, 0x0000, 0x0000, 0xA3AC, 0xDDB2, 0xAC4C, 0x9BEA, 0x9B88,
  0x6A01, 0x6A24, 0x2040, 0x1000, 0x3901, 0x0000, 0x0000, 0x0000, 0x0000, 0x0000, 0x0800, 0x0800, 0x1000, 0x0800, 0x0000, 0x59E7,
  0x2020, 0x2000, 0x2041, 0x0000, 0xB4F0, 0xE654, 0xC52E, 0x9B8A, 0x5965, 0x82EB, 0x5124, 0x61C7, 0x3081, 0x0800, 0x49A6, 0x7B4C,
  0x2021, 0x0800, 0x1862, 0x1001, 0x1000, 0x0800, 0x3924, 0x68C5, 0x4800, 0x5801, 0x5001, 0x5801, 0x5002, 0x5002, 0x5802, 0x6002,
  0x5802, 0x5002, 0x5001, 0x5802, 0x5802, 0x5802, 0x5801, 0x5802, 0x5802, 0x5802, 0x5002, 0x5802, 0x5801, 0x5002, 0x5001, 0x5801,
  0x6002, 0x30E5, 0x3988, 0x51CA, 0x20E5, 0x4002, 0x6000, 0x5002, 0x5003, 0x5002, 0x5002, 0x5002, 0x5002, 0x5002, 0x4802, 0x4802,
  0x5002, 0x5002, 0x4822, 0x4800, 0x68C5, 0x5ACC, 0x0843, 0x6A6B, 0x6821, 0x5800, 0x4800, 0x3800, 0x4000, 0x4800, 0x6000, 0x6000,
  0x3800, 0xA34E, 0xC595, 0xB4F3, 0xCD77, 0x38C4, 0x4167, 0x6ACD, 0x1064, 0x9BCF, 0x89C7, 0x4800, 0x7803, 0x4000, 0xABAE, 0xC5F7,
  0xACD2, 0xC533, 0xB3CD, 0xAB6C, 0x8965, 0xA964, 0xA144, 0x9A6A, 0x9B2C, 0xA32C, 0xAC72, 0xF75D, 0xF75D, 0xF75D, 0xF75D, 0xF75D,
  0xF75D, 0xF75D, 0xF75D, 0xF75D, 0xF75D, 0xB30E, 0xF75D, 0xF75D, 0xF75D, 0xF75D, 0xF75D, 0xF75D, 0xF75D, 0xF75D, 0xF75D, 0xEF5D,
  0xEF5D, 0xF75D, 0xEEFC, 0xF75D, 0xF75D, 0xF75D, 0xF75D, 0xF75D, 0xF75D, 0xF75D, 0xF75D, 0xF75D, 0xF75D, 0xF75D, 0xF75D, 0xF75D,
  0xF75D, 0xF75D, 0xF75D, 0xF75D, 0xEF5D, 0xE6DC, 0xEEDB, 0xE658, 0xCD94, 0xAD11, 0xF75D, 0x6227, 0x3882, 0x2841, 0x1020, 0x1821,
  0x1822, 0x1001, 0x0800, 0x0800, 0x1001, 0x1000, 0x0800, 0x0000, 0x0000, 0x40A1, 0xC4EF, 0xCD30, 0xB40B, 0xABE9, 0xB46A, 0x9BC8,
  0x8387, 0x61E1, 0x82C3, 0x8B68, 0x4183, 0x0000, 0x0000, 0x0000, 0x0000, 0x0800, 0x0000, 0x2060, 0x51C4, 0x38C3, 0x1800, 0x2020,
  0x0000, 0xBCEF, 0xE675, 0xACAE, 0xD5B1, 0x7AC7, 0x0000, 0x3082, 0x82EB, 0x4945, 0x2841, 0x2841, 0x0800, 0x28A2, 0x4166, 0x2083,
  0x28A4, 0x7B0D, 0x4125, 0x0000, 0x3904, 0x7105, 0x5000, 0x6001, 0x6001, 0x6002, 0x5802, 0x5801, 0x6002, 0x6002, 0x6002, 0x5802,
  0x5802, 0x6002, 0x6002, 0x6002, 0x6022, 0x6002, 0x6022, 0x6002, 0x5822, 0x6002, 0x6002, 0x6002, 0x5822, 0x6821, 0x6802, 0x4146,
  0x39C9, 0x41EA, 0x39A8, 0x4863, 0x6801, 0x5801, 0x5801, 0x6002, 0x6002, 0x6022, 0x6002, 0x6802, 0x4800, 0x4000, 0x4000, 0x4000,
  0x3800, 0x5002, 0x6002, 0x7B6E, 0x0042, 0x5A4A, 0x6800, 0x3800, 0xAB0E, 0xBC93, 0xC554, 0xD514, 0x6800, 0x4800, 0x9BCE, 0xD637,
  0xB4F3, 0xAC92, 0xDDF9, 0x72AC, 0x3947, 0x7B4F, 0x5ACD, 0x3002, 0x7000, 0x8002, 0x7803, 0x6000, 0x7105, 0xE71B, 0xB5D6, 0xBDD6,
  0x9B8B, 0x9B0B, 0x8904, 0xB904, 0xA164, 0x9289, 0x932B, 0x92CA, 0xB492, 0xF75D, 0xF75D, 0xF75D, 0xF75D, 0xF75D, 0xF75D, 0xF75D,
  0xF75D, 0xF75D, 0xF6FB, 0xAAAC, 0xF75D, 0xF75D, 0xF75D, 0xF75D, 0xF75D, 0xF75D, 0xF75D, 0xF75D, 0xF75D, 0xF75D, 0xF75D, 0xF75D,
  0xF75D, 0xF75D, 0xF75D, 0xF75D, 0xF75D, 0xF75D, 0xF73C, 0xEEFC, 0xDE9B, 0xCE19, 0xCDB8, 0xD577, 0xBD56, 0xB4F5, 0xB493, 0xA472,
  0xAC32, 0xAC32, 0xA3F1, 0x838F, 0xBCF3, 0xEE78, 0xA490, 0xEF5B, 0xF75D, 0xA450, 0x3040, 0x3062, 0x1000, 0x1862, 0x1821, 0x1001,
  0x1001, 0x1001, 0x1001, 0x0800, 0x0800, 0x0000, 0x1842, 0x61C4, 0x9BAA, 0xD592, 0xC48E, 0xC4EE, 0xB46B, 0xAC4A, 0xB48B, 0x9BC7,
  0x9B86, 0xBC8B, 0xD590, 0xAC6D, 0x30C0, 0x0000, 0x51C4, 0xB4AD, 0x9348, 0xD54F, 0x9B8A, 0x1801, 0x2842, 0x0000, 0x6246, 0xEE74,
  0xACCE, 0xB4CF, 0xD5B2, 0xA40B, 0x93AC, 0x0000, 0x1000, 0x59E7, 0x5186, 0x1000, 0x1000, 0x1800, 0x1841, 0x51E9, 0x3105, 0x2022,
  0x7ACC, 0x0800, 0x30C2, 0x68A4, 0x5801, 0x6801, 0x6002, 0x6002, 0x6002, 0x6802, 0x6802, 0x6802, 0x6802, 0x6822, 0x6802, 0x6822,
  0x6822, 0x6822, 0x6822, 0x7002, 0x6822, 0x6822, 0x6843, 0x6822, 0x7022, 0x6823, 0x6822, 0x6821, 0x7002, 0x59C8, 0x4A4A, 0x528C,
  0x422A, 0x50A4, 0x7001, 0x6821, 0x6021, 0x5800, 0x5800, 0x5000, 0x5000, 0x4000, 0x7926, 0x6946, 0x79A8, 0x7A08, 0x7249, 0x4000,
  0x5800, 0x934E, 0x1083, 0x4188, 0xBC51, 0xAC50, 0xCDB7, 0xD618, 0xD5B6, 0x6822, 0x5800, 0xBBF0, 0xDE78, 0xBD14, 0xBCF3, 0xBCD3,
  0xD5D8, 0x9C52, 0x3946, 0x8390, 0x7390, 0x49C9, 0x7802, 0x8002, 0x7823, 0x7802, 0x7001, 0x6907, 0xB411, 0xEEDA, 0xBC8F, 0xAB8E,
  0x7863, 0xA0A2, 0x98C3, 0x8A29, 0x82A9, 0x71E6, 0xA431, 0xF75D, 0xF75D, 0xF75D, 0xF75D, 0xF75D, 0xF75D, 0xF75D, 0xF75D, 0xF75D,
  0xF75D, 0xE597, 0xF75D, 0xF75D, 0xF75D, 0xF71C, 0xF71D, 0xEEDB, 0xDE7A, 0xD619, 0xD5B8, 0xCDB8, 0xC597, 0xBD77, 0xB516, 0xACD4,
  0xACB4, 0xA492, 0x9411, 0xA492, 0xA472, 0xACB3, 0xB535, 0xAD75, 0xC5D7, 0xCD97, 0xADB6, 0xB5D7, 0xCDF7, 0xBDF7, 0xCE17, 0xCE38,
  0xAD75, 0xE6DA, 0xF6B9, 0xA491, 0xE6FA, 0xEF1B, 0xF75D, 0xBD53, 0x40A1, 0x40C3, 0x28E3, 0x1882, 0x1841, 0x1001, 0x1001, 0x1001,
  0x1001, 0x0800, 0x0800, 0x0801, 0x0000, 0xBC90, 0xDDB2, 0xC510, 0xC510, 0xC530, 0xACAD, 0xB4AC, 0xBC8C, 0xA449, 0xA428, 0xBCEC,
  0xBC8C, 0xC4CD, 0xCCEE, 0xB46D, 0xCD0F, 0xC4CD, 0xBC8C, 0xE591, 0x5982, 0x1000, 0x2001, 0x0800, 0xC571, 0xBD2F, 0xAC8D, 0xBCF0,
  0xC530, 0xC570, 0xDE35, 0x1000, 0x0000, 0x0000, 0x3944, 0x4165, 0x1841, 0x1000, 0x1000, 0x49A8, 0x3946, 0x0000, 0x59A7, 0x30C2,
  0x2081, 0x6105, 0x6063, 0x5800, 0x7002, 0x7022, 0x6022, 0x7002, 0x7023, 0x7023, 0x7043, 0x8044, 0x7023, 0x7022, 0x7043, 0x6802,
  0x7022, 0x8023, 0x7823, 0x7823, 0x7043, 0x7002, 0x7002, 0x7023, 0x7022, 0x7842, 0x8002, 0x61C9, 0x5AED, 0x7BD1, 0x52CC, 0x58E5,
  0x7001, 0x7822, 0x5000, 0x6883, 0x6946, 0x6906, 0x7968, 0x6187, 0xCDD7, 0xC617, 0xCDF7, 0xC5F7, 0xC658, 0x4802, 0x5000, 0xB390,
  0x2926, 0x28A5, 0xDE79, 0xD679, 0xBDD7, 0xBDF7, 0xE5D7, 0x6000, 0x5800, 0xA3EF, 0xCE38, 0xC514, 0xC535, 0xBD35, 0xCDB7, 0xCDD8,
  0x522A, 0x732E, 0x8412, 0x5B4E, 0x6864, 0x8802, 0x8043, 0x7001, 0x8001, 0x6800, 0x6800, 0x6001, 0xF6B8, 0xD5B5, 0xE595, 0xBB4C,
  0x91C6, 0x92CB, 0x9B4D, 0x9B2C, 0xB4D3, 0xF75D, 0xF75D, 0xF75D, 0xF75D, 0xF75D, 0xF75D, 0xF75D, 0xF75D, 0xF75D, 0xF75D, 0xF75D,
  0xDEFC, 0xB4F6, 0x93F1, 0xAD34, 0xA4D3, 0x8C10, 0xAD35, 0xA4B2, 0xB4F4, 0xBD75, 0xAC92, 0xBD15, 0xB575, 0xAD14, 0xCDF8, 0xDE7A,
  0xACB3, 0xC536, 0xDE7B, 0xEE9B, 0xB26B, 0xAAAC, 0xBB2E, 0xC34F, 0xBC51, 0xD535, 0xCBB1, 0xCCB3, 0xDCB4, 0xC3D1, 0xB3D0, 0xF75B,
  0xB4F2, 0xD5F8, 0xF75D, 0xEEFB, 0xF75C, 0xDE57, 0x61C6, 0x40A2, 0x2881, 0x1061, 0x20A3, 0x1842, 0x1822, 0x1842, 0x2043, 0x0800,
  0x0800, 0x0000, 0x0000, 0xA40E, 0xF655, 0xCD30, 0xC50F, 0xBD50, 0xACCD, 0xACCC, 0xB46B, 0xAC49, 0xAC89, 0xC4ED, 0xB46C, 0xBC4C,
  0xB42D, 0xB44C, 0xB46D, 0xAC4C, 0xAC2D, 0xD573, 0x4122, 0x1000, 0x0000, 0x6227, 0xDE14, 0xB4CF, 0xB4EF, 0xB4CF, 0xB4D0, 0xCD71,
  0xACF0, 0x0000, 0x0000, 0x0000, 0x0000, 0x0000, 0x28E4, 0x3104, 0x2061, 0x4166, 0x1001, 0x0800, 0x59E8, 0x3062, 0x2041, 0x4104,
  0xF6FB, 0x78C5, 0x7801, 0x8023, 0x7823, 0x8803, 0x8003, 0x8023, 0x7823, 0x7823, 0x7823, 0x7863, 0x80A4, 0x78A5, 0x7844, 0x8023,
  0x7843, 0x7843, 0x7843, 0x7843, 0x7843, 0x7843, 0x7863, 0x8043, 0x8001, 0x6A0A, 0x632E, 0x39C9, 0x634E, 0x6947, 0x7000, 0x6800,
  0x6822, 0xD555, 0xEF3C, 0xE73D, 0xD65A, 0xD5F8, 0xAD76, 0xAD55, 0xACD4, 0xACB3, 0xCE7A, 0x60C6, 0x4000, 0x92AC, 0x3987, 0x1803,
  0xC5F8, 0xE639, 0xD638, 0xCE38, 0x5801, 0x7001, 0xC411, 0xE699, 0xBD75, 0xC555, 0xC596, 0xBD75, 0xC556, 0xE67A, 0x6B0D, 0x62CC,
  0x9473, 0x7432, 0x60C5, 0x8800, 0x8001, 0x8023, 0x8083, 0x7821, 0x7001, 0x7863, 0x8A28, 0x5103, 0xAC90, 0xA38F, 0xAB8F, 0xA36C,
  0xAB2C, 0x928A, 0xAC11, 0xF75D, 0xF75D, 0xF75D, 0xF75D, 0xF75D, 0xF75D, 0xF75D, 0xF75D, 0xF75D, 0xF75D, 0xF75D, 0xCE1A, 0xD75D,
  0xAC31, 0xB3F1, 0xB555, 0xC555, 0xDDD8, 0xDDB7, 0xE5F7, 0xE6B9, 0xBB2D, 0xA863, 0xD1C7, 0xDAEB, 0xE4B1, 0xF5B7, 0xCE7B, 0xACB4,
  0xDEB8, 0xE3CE, 0xE083, 0xF22A, 0xF28A, 0xF1E9, 0xF208, 0xF24A, 0xF126, 0xF1C7, 0xF085, 0xD085, 0xF6B8, 0xCE38, 0xBD75, 0xF75D,
  0xE6FA, 0xF73B, 0xDE37, 0xF73B, 0x7288, 0x3862, 0x3926, 0x2083, 0x2041, 0x1820, 0x1821, 0x0800, 0x1821, 0x0800, 0x0800, 0x0000,
  0x0000, 0x30A2, 0xBCB0, 0xCD71, 0xC510, 0xC550, 0xBCEE, 0xB4AD, 0xAC8B, 0xB48B, 0xB46B, 0xC50E, 0xAC2B, 0xBC8D, 0xB46D, 0xB46C,
  0xB46C, 0xAC4C, 0xB46D, 0xD552, 0x3060, 0x0800, 0x0000, 0xACAD, 0xD5F1, 0xB4CF, 0xBD51, 0xB510, 0xB4CF, 0xAC8E, 0x4121, 0x2000,
  0x0000, 0x0000, 0x0000, 0x0000, 0x0000, 0x0000, 0x0000, 0x0000, 0x0000, 0x2040, 0x2040, 0x30C2, 0x2001, 0x38E4, 0xF75D, 0x7105,
  0x7800, 0x8043, 0x8064, 0x8023, 0x8023, 0x8044, 0x8043, 0x8823, 0x8043, 0x7863, 0x7883, 0x7843, 0x8043, 0x8003, 0x8003, 0x8843,
  0x8003, 0x8063, 0x8043, 0x8022, 0x8043, 0x8064, 0x7801, 0x722A, 0x6BF1, 0x6AEE, 0x6BAF, 0x6947, 0x6800, 0x8186, 0xDDF8, 0xDF1D,
  0xC5B8, 0x9B4E, 0xB5F6, 0xB534, 0xB534, 0xB534, 0xB515, 0xB515, 0xF73D, 0x8968, 0x5861, 0xF75D, 0x5A8C, 0x0801, 0xD619, 0xCD14,
  0x5000, 0x8044, 0x5800, 0xC30E, 0xEF3C, 0xC576, 0xC556, 0xC576, 0xC576, 0xC596, 0xBD77, 0xDE7A, 0x8C50, 0x628D, 0x83F2, 0x7C73,
  0x6A2B, 0x8000, 0x7800, 0xB4B3, 0xEF3C, 0xD678, 0xEE9A, 0xEE9A, 0xE637, 0xBCF1, 0xAC4F, 0x79EA, 0x92AD, 0xAB4D, 0xAB2C, 0x8A88,
  0x69C6, 0x9452, 0x7A8D, 0x8B2E, 0x83B0, 0x83D0, 0x9432, 0xA473, 0x9C93, 0xB555, 0xC595, 0xEEDB, 0xB514, 0xCCF4, 0xCA4A, 0xB802,
  0xE2CD, 0xDA6B, 0xB801, 0xD043, 0xF188, 0xF2AB, 0xF2EC, 0xF34D, 0xF3AE, 0xF36D, 0xF2EB, 0xE30D, 0xC5D7, 0xBE19, 0xEF3B, 0xEDD6,
  0xF28B, 0xF209, 0xF2AB, 0xF26B, 0xF2EB, 0xF28A, 0xF2CB, 0xF24A, 0xE9A7, 0xF657, 0xE73A, 0xA4F3, 0xF75D, 0xE6FA, 0xF75B, 0xEEB9,
  0xD5D5, 0xF75C, 0x9BCD, 0x3061, 0x2883, 0x1000, 0x2020, 0x2020, 0x0800, 0x0000, 0x0800, 0x0800, 0x0800, 0x0000, 0x0000, 0x1800,
  0xC4D0, 0xD592, 0xC530, 0xC550, 0xBD0F, 0xAC8C, 0xB4CD, 0xB4AC, 0xB48C, 0xBCCD, 0xAC4C, 0xBCEE, 0xBCCE, 0xBCAD, 0xB48D, 0xB46D,
  0xBC8E, 0xCD11, 0x3080, 0x0000, 0x0800, 0xC571, 0xC570, 0xB4CF, 0xC510, 0xC510, 0xC530, 0xACAD, 0xBCF0, 0xEE56, 0x59A3, 0x1800,
  0x0000, 0x3800, 0x2800, 0x0000, 0x0000, 0x0000, 0x1000, 0x1800, 0x2040, 0x38C2, 0x1800, 0x72CB, 0xF75D, 0x6822, 0x8843, 0x80A4,
  0x8044, 0x8844, 0x8844, 0x8064, 0x8864, 0x9044, 0x8864, 0x8864, 0x9064, 0x8822, 0x7801, 0x7801, 0x7000, 0x6800, 0x7801, 0x7801,
  0x7002, 0x8003, 0x8001, 0x9045, 0x8001, 0x6A29, 0x7453, 0x8350, 0x638E, 0x61E9, 0x9A2A, 0xEEFA, 0xCF3B, 0xD63A, 0x9969, 0x4800,
  0xDE79, 0xC576, 0xC555, 0xBD55, 0xB575, 0xC659, 0x8B2E, 0x5800, 0x70A3, 0xDDB7, 0x7B8F, 0x1863, 0x71EA, 0x7843, 0x8800, 0x6000,
  0x6002, 0xAC10, 0xDE7A, 0xC576, 0xC576, 0xCD97, 0xCDB7, 0xC595, 0xB597, 0xEEDC, 0xEE59, 0x6B4F, 0x83D1, 0x9473, 0x7BD1, 0x5000,
  0xE3B0, 0xEF5D, 0xD639, 0xCE39, 0xC65A, 0xCE7A, 0xDDB6, 0xEDF7, 0xBCF1, 0xD5D8, 0x828C, 0xAB4F, 0x9B0B, 0x9B4B, 0xA3CD, 0xEF5D,
  0xB577, 0xBD36, 0xCD98, 0xB4F6, 0xBCF5, 0xACB4, 0x9432, 0xA4B3, 0xA3D0, 0x8B4C, 0xC554, 0x9044, 0xB000, 0xF24A, 0xF30C, 0xF32C,
  0xF249, 0xF166, 0xF2AA, 0xF2AA, 0xF26A, 0xF187, 0xE925, 0xE9C8, 0xF28A, 0xF24B, 0xF679, 0x8D54, 0x8411, 0xDE38, 0xEACB, 0xF1C7,
  0xF2CB, 0xF2CB, 0xF2CB, 0xF2E9, 0xF28A, 0xE926, 0xE532, 0xEF5C, 0xA4F3, 0xF71C, 0xEF1C, 0xE6FA, 0xF75B, 0xD637, 0xD616, 0xEED9,
  0xCD94, 0x30A1, 0x1000, 0x59C6, 0x6248, 0x2041, 0x1841, 0x0000, 0x0800, 0x0800, 0x0800, 0x0800, 0x0000, 0x0000, 0x8B09, 0xD5B2,
  0xC551, 0xCD51, 0xC52F, 0xBD0E, 0xBD0E, 0xAC8C, 0xBCAD, 0xBCAD, 0xAC4C, 0xBCCE, 0xC530, 0xBCCE, 0xBCAE, 0xBCAE, 0xB48E, 0xD592,
  0x4101, 0x0800, 0x1000, 0xD5D3, 0xBD50, 0xB510, 0xBD10, 0xC511, 0xC531, 0xC572, 0xD615, 0xD636, 0xF75B, 0x9C71, 0x0000, 0x4861,
  0x8185, 0x3862, 0x0000, 0x0000, 0xD618, 0x4965, 0x3062, 0x38E2, 0x1000, 0x930C, 0x9968, 0x9002, 0x9083, 0x8884, 0x8823, 0x8844,
  0x9085, 0x8864, 0x8864, 0x9063, 0x9043, 0x8802, 0x7800, 0x5800, 0xA36E, 0xD5D7, 0xC534, 0xCD75, 0xDD96, 0xD5B6, 0xDEB9, 0xD555,
  0x6063, 0x8803, 0x8801, 0x826A, 0x7C93, 0x6AAD, 0x6BB0, 0x8C31, 0xF75D, 0xDF5C, 0xD619, 0x8187, 0x6000, 0x4800, 0xCDF8, 0xCDD8,
  0xC577, 0xC577, 0xBD96, 0xF75D, 0x91E9, 0x4800, 0x7043, 0x8127, 0x83AF, 0x2125, 0x7107, 0x9003, 0x9801, 0x90E5, 0xC514, 0xEF3B,
  0xC596, 0xCDB7, 0xCDB7, 0xCDB7, 0xCDD7, 0xCDD7, 0xCEDB, 0xCD55, 0x8146, 0x8411, 0x7BF1, 0xA495, 0x7412, 0x4801, 0xA2EC, 0xDF3C,
  0xD5B7, 0xCE5A, 0xE75D, 0xBD35, 0x8002, 0x8000, 0x81A5, 0xC5F6, 0x728B, 0x820B, 0x8A2B, 0xD451, 0x78C4, 0xB494, 0xAC12, 0xB4B4,
  0xC576, 0xBD76, 0xC5F7, 0xD659, 0xC638, 0xD67A, 0xE639, 0xCDB6, 0xF75D, 0x8085, 0xA001, 0xB8A3, 0xF26B, 0xF36F, 0xF3D0, 0xF430,
  0xF4D2, 0xF3F0, 0xF38E, 0xF28B, 0xE9C9, 0xE127, 0xF187, 0xF1C8, 0xDACB, 0xAD95, 0x9D15, 0xD639, 0xF618, 0xF228, 0xF2CA, 0xF32D,
  0xF30B, 0xF38C, 0xF1E9, 0xEC2F, 0xEF5B, 0xB513, 0xDE79, 0xF75D, 0xE6DA, 0xEF3B, 0xEF1B, 0xD616, 0xDE57, 0xCE15, 0xF73A, 0x38C2,
  0x7288, 0xB4B1, 0x4965, 0x49A7, 0x1861, 0x0000, 0x0800, 0x0800, 0x0800, 0x0000, 0x0000, 0x59A5, 0xA3CC, 0xCD71, 0xD5B3, 0xCD71,
  0xCD71, 0xC550, 0xBD0E, 0xAC8C, 0xBCCD, 0xBCCE, 0xBCAE, 0xBCCE, 0xCD50, 0xC4F0, 0xBCCE, 0xBCCE, 0xBCAE, 0xDDD3, 0x8329, 0x1000,
  0x1000, 0xCD73, 0xCD92, 0xB50F, 0xBD31, 0xBD53, 0xC552, 0xB552, 0xBDB4, 0xCE37, 0xD69A, 0x0000, 0x3861, 0x60E2, 0x48C3, 0x830E,
  0x1800, 0xBD34, 0xF75D, 0x4165, 0x6A08, 0x1820, 0x0000, 0xABD0, 0x7801, 0x8000, 0x9842, 0x8843, 0x9084, 0x9884, 0x9885, 0x9084,
  0x9084, 0xA064, 0x8000, 0x7002, 0xDD14, 0xBCB2, 0xD69A, 0xDF3D, 0xE71D, 0xE73D, 0xD6DC, 0xCEBB, 0xC6BA, 0xD6DA, 0xF73C, 0x88C5,
  0x9000, 0x924A, 0x8D15, 0x9C13, 0x73F1, 0x6B8E, 0xDF3C, 0xC515, 0x88A6, 0x7800, 0x9083, 0xC4B1, 0xC639, 0xC638, 0xC597, 0xC598,
  0xD6BA, 0x828B, 0x7801, 0x6800, 0x7106, 0x7107, 0x8C10, 0x2125, 0x7927, 0x8884, 0x7800, 0xD492, 0xF75D, 0xBDB6, 0xCDD7, 0xCDD8,
  0xCDD7, 0xCDD7, 0xCDD7, 0xCDF7, 0xDF1C, 0xF619, 0x5800, 0xA452, 0x94F5, 0x9C94, 0x83D2, 0xA4B2, 0xF75C, 0xD61A, 0xD65A, 0xD679,
  0xCCB2, 0x5800, 0xC004, 0xC802, 0xB022, 0xA2EC, 0x9C51, 0x40E5, 0x69C9, 0xE411, 0x7000, 0x8000, 0x7800, 0x7000, 0x8000, 0x8001,
  0x8002, 0x8803, 0x88A4, 0x80C5, 0x98E6, 0xA167, 0xB26C, 0x7802, 0xC0C5, 0xC085, 0xC8A6, 0xE189, 0xE1C9, 0xE26A, 0xEB8E, 0xF431,
  0xF451, 0xF4D2, 0xF513, 0xF40E, 0xF3AF, 0xF30C, 0xF1A7, 0xEDD8, 0x9D35, 0x73AF, 0xEE39, 0xD904, 0xF165, 0xF20A, 0xF28B, 0xF208,
  0xEA8B, 0xF75B, 0xC5F6, 0xD5B7, 0xF75D, 0xE6DA, 0xEEDB, 0xF75C, 0xD678, 0xD617, 0xD616, 0xC594, 0xF75D, 0x93CF, 0x82C9, 0x4923,
  0x51A6, 0x2882, 0x0000, 0x0800, 0x0800, 0x1001, 0x1000, 0x0800, 0x0000, 0x69E6, 0x9329, 0xA44C, 0xD5B3, 0xCD71, 0xD5B2, 0xCD71,
  0xBD0E, 0xBCEE, 0xC52F, 0xC52F, 0xBCEF, 0xBCEF, 0xBD0F, 0xBCF0, 0xBCCF, 0xBCEF, 0xB4CE, 0xBCEF, 0xD591, 0x6184, 0x1000, 0x9C0D,
  0xDE14, 0xBD31, 0xB511, 0xB511, 0xBD52, 0xB572, 0xBD73, 0xF75D, 0x3A08, 0x2800, 0xF591, 0xF52E, 0xE510, 0x8A8A, 0x5106, 0xF69A,
  0xACF2, 0xC5D6, 0x2020, 0x1800, 0x0000, 0xCE38, 0xCCB3, 0x81A7, 0x8000, 0x9823, 0x98C5, 0xA0A5, 0x9885, 0x98A5, 0x9884, 0x8001,
  0x91A8, 0xD576, 0xEF5C, 0xDEDB, 0xD67A, 0xE6BC, 0xD5B9, 0x4064, 0xD598, 0xD63A, 0xCDD8, 0xCE5A, 0xF75D, 0x88E5, 0x8000, 0x8145,
  0x9D57, 0x8BF2, 0x7BD2, 0x6B6F, 0xF75D, 0x78C4, 0x7800, 0xA003, 0x8021, 0xF75C, 0xCE7A, 0xC618, 0xC5B8, 0xC599, 0xE75D, 0x8A8B,
  0x6800, 0x7801, 0xF73D, 0xDEBB, 0xEF5D, 0x2126, 0x6967, 0x98C4, 0x8000, 0x922A, 0xE75D, 0xCDF8, 0xCDF8, 0xCDF8, 0xD618, 0xCE18,
  0xD618, 0xD699, 0xCE58, 0x9967, 0x8800, 0xA32F, 0x9D56, 0x9C74, 0xA4D7, 0x73CF, 0xE6DB, 0xDE1B, 0xDEBA, 0xF75C, 0x6801, 0xA001,
  0xF81F, 0xC8C4, 0xF22B, 0xD988, 0xDE18, 0x7BAF, 0xA4B2, 0xF410, 0xF209, 0xF1A9, 0xF128, 0xE967, 0xD004, 0xA801, 0xA000, 0xA000,
  0x9001, 0x9001, 0x9800, 0x9800, 0x8801, 0x8842, 0xB0A3, 0xD948, 0xD127, 0xD106, 0xD147, 0xC8E5, 0xB0C4, 0xE1E9, 0xF22A, 0xF22A,
  0xF208, 0xF2AA, 0xF38E, 0xF471, 0xF2AB, 0xF5D8, 0xAE18, 0x9492, 0xEE59, 0xF2CC, 0xF229, 0xE9C8, 0xF065, 0xD0E4, 0xEE56, 0xCE76,
  0xC535, 0xF75D, 0xDEFA, 0xE6DA, 0xF73C, 0xEEFB, 0xCDF6, 0xD616, 0xB4F2, 0xE6B9, 0xF75D, 0xCD75, 0x4081, 0x7A89, 0x30C3, 0x0000,
  0x0000, 0x0000, 0x0000, 0x0800, 0x1000, 0x0800, 0x2841, 0x7A68, 0x8AE7, 0xDDD2, 0xC532, 0xCD51, 0xD592, 0xCD70, 0xBCCE, 0xB4CE,
  0xC550, 0xC530, 0xBCEF, 0xC510, 0xBD10, 0xBCF0, 0xBCEF, 0xBCEF, 0xA44C, 0xB4CE, 0xD5B2, 0xC4D0, 0x3041, 0x5985, 0xE678, 0xC5B3,
  0xCDF3, 0xEE75, 0xF632, 0xF5D0, 0xEDD2, 0xF676, 0xF572, 0xF5D1, 0xF54F, 0xECAB, 0xF52B, 0xF654, 0x68E4, 0x82A9, 0xF75D, 0xB534,
  0x1800, 0x38E4, 0x0000, 0xC699, 0xF75D, 0xEF1C, 0xB34E, 0x9084, 0x9864, 0xA0C5, 0xA084, 0xA863, 0x6800, 0xB32E, 0xE69A, 0xEF5D,
  0xCE19, 0xCDD8, 0xE73C, 0xA430, 0x7988, 0xF6BB, 0xD639, 0xCE59, 0xD71D, 0xD73C, 0xF6FB, 0x7000, 0xA125, 0xA36E, 0x8C74, 0x7BB1,
  0x8432, 0x7BF1, 0xD4F6, 0xA126, 0x9863, 0xA024, 0x5800, 0xDE38, 0xDE3B, 0xCDF8, 0xCDF9, 0xD5FA, 0xEF5D, 0xC3EF, 0x6000, 0x78C5,
  0xB555, 0x8492, 0xD5D7, 0x422A, 0x5927, 0xB0C5, 0xA002, 0x98E7, 0xEF3D, 0xD618, 0xCDF8, 0xCE18, 0xCE18, 0xD619, 0xD618, 0xD67A,
  0xE6FC, 0x7802, 0xA001, 0xA26C, 0xA5B7, 0x9C94, 0xAD78, 0x73D0, 0xCDD8, 0xF6DD, 0xD6BB, 0xD678, 0xA948, 0xF81F, 0xF81F, 0xF38D,
  0xF2EC, 0xF0C6, 0xCB6E, 0xC65A, 0xE75D, 0xC2EC, 0xF5F6, 0xF1EA, 0xF22A, 0xF32C, 0xF32C, 0xF1A8, 0xE188, 0xE989, 0xB804, 0xA001,
  0xA804, 0xB085, 0xA864, 0x9884, 0x9884, 0xB8C4, 0xC967, 0xC967, 0xD187, 0xD9A8, 0xE209, 0xD9E9, 0xD167, 0xC926, 0xC906, 0xB8A4,
  0xC126, 0xE229, 0xE165, 0xF472, 0xC69A, 0xA574, 0xC5B6, 0xF4B3, 0xF1C8, 0xF28C, 0xE0A5, 0xDD33, 0xF75B, 0xB5D4, 0xE75C, 0xE71B,
  0xE6DA, 0xEF1A, 0xF73C, 0xE679, 0xDE16, 0xC573, 0xCDD6, 0xEF5D, 0xF75D, 0x7AC9, 0x6985, 0x7A69, 0x2881, 0x0000, 0x0000, 0x0000,
  0x0800, 0x0000, 0x0800, 0x1800, 0x1800, 0x934C, 0xEE35, 0xD571, 0xC532, 0xCD72, 0xD571, 0xC52F, 0xBCCC, 0xBD0E, 0xBD10, 0xCD91,
  0xC591, 0xCDB2, 0xBD10, 0xBCEE, 0xBCEF, 0xBD0F, 0xB4CF, 0xB4CF, 0xB4F0, 0xCDD2, 0xBCAF, 0x81E6, 0x9BCD, 0xF75B, 0xF757, 0xDCA8,
  0xDBA3, 0xF467, 0xE3C6, 0xD3A6, 0xD384, 0xE3E6, 0xDC8D, 0xE4CE, 0xE50F, 0xF5B2, 0xF530, 0x5921, 0xF75D, 0x9472, 0x7B0B, 0x5A08,
  0x1861, 0xF75D, 0xF71C, 0xD63A, 0xF75D, 0x9104, 0xA002, 0xA884, 0xA023, 0x7800, 0xCC91, 0xEF1C, 0xD6DB, 0xD5FA, 0xD63A, 0xCE5A,
  0xF75D, 0xBB90, 0x8023, 0xF75D, 0xDF5D, 0xDEBB, 0xE6DB, 0xD5D6, 0x6800, 0xA168, 0xEF1B, 0xE75D, 0x8434, 0xAD37, 0xADB6, 0x94D4,
  0x7000, 0xA802, 0x9844, 0x7843, 0xE5D8, 0xD679, 0xD65A, 0xCE19, 0xBDF8, 0xE75D, 0x8AEB, 0x5800, 0x8968, 0xF75D, 0xF75D, 0xA410,
  0x8905, 0x7BB0, 0x4107, 0xB085, 0xA801, 0x5800, 0xE63A, 0xDE7A, 0xD619, 0xD619, 0xD619, 0xD619, 0xD639, 0xD67A, 0xF75D, 0xAAAE,
  0x9801, 0xA1C9, 0xAD36, 0x9D15, 0xA535, 0x8412, 0xAD16, 0xEF1D, 0xF75D, 0x8A29, 0x8800, 0xF81F, 0xF81F, 0xF1E8, 0xF1C7, 0xF24A,
  0xE989, 0xD533, 0xB5B7, 0x9C50, 0xEC71, 0xDA4B, 0xF3EF, 0xF105, 0xF2CC, 0xF2EC, 0xF36D, 0xF34D, 0xF269, 0xD126, 0xC8C6, 0xB023,
  0xA002, 0xA003, 0xA885, 0xA8C5, 0xB0C6, 0xC147, 0xD1A8, 0xD187, 0xF22A, 0xE22A, 0xD9C9, 0xD9C8, 0xD9C8, 0xD1A8, 0xD107, 0xB083,
  0xB8A3, 0xB064, 0xCD36, 0xA5F7, 0xB619, 0xC513, 0xC987, 0xC000, 0xD3CF, 0xF75D, 0xC490, 0xDF1A, 0xE75C, 0xE6DA, 0xEEBA, 0xF6DB,
  0xF71B, 0xD5F6, 0xCDB3, 0xBD33, 0xF71C, 0xE71B, 0xF75D, 0x38C2, 0x6145, 0x6A28, 0x2882, 0x0800, 0x6A89, 0xEEB9, 0x1800, 0x0000,
  0x0800, 0x1821, 0x0800, 0x2020, 0x6205, 0xC551, 0xD5B3, 0xCD72, 0xD5D3, 0xBCEF, 0xB4AD, 0xBD0F, 0xC530, 0xC571, 0xD5F2, 0xCD91,
  0xBD0F, 0xBCCE, 0xBCEF, 0xCD71, 0xC571, 0xC571, 0xE655, 0xEEB5, 0xEE34, 0xABCE, 0xB4D0, 0x83CB, 0xCB85, 0xDAE0, 0xF424, 0xEB84,
  0xDB23, 0xD322, 0xCAA0, 0xBA40, 0xD3EA, 0xEC8D, 0xED31, 0xF572, 0xF530, 0xDD10, 0xF75D, 0xB5B8, 0xEF3D, 0x51A7, 0x2041, 0xF75D,
  0xDEFB, 0xEF5D, 0xE6BB, 0xA001, 0x9801, 0x9802, 0xA149, 0xDE19, 0xE75D, 0xD699, 0xD63A, 0xD61A, 0xDE7A, 0xF75D, 0xB32F, 0x9844,
  0xA024, 0x78C5, 0xF75D, 0xA2CD, 0x7000, 0xA002, 0x7000, 0xF75C, 0xEF5D, 0xC5F8, 0x8C94, 0xACF6, 0xA576, 0xAE39, 0x9147, 0xA001,
  0xA209, 0xE6BA, 0xE75D, 0xD699, 0xCE58, 0xD619, 0xD659, 0xEF5C, 0xA24B, 0x88E6, 0xF75D, 0xD6FC, 0xE75D, 0xCBF2, 0xA045, 0x9CD4,
  0x3907, 0xB065, 0x9801, 0xB3F0, 0xDEBB, 0xDE79, 0xD639, 0xD639, 0xD619, 0xD639, 0xD639, 0xD63A, 0xF75D, 0xE575, 0x9021, 0xA823,
  0xBCB5, 0xA577, 0xA4F6, 0xA4F5, 0x8432, 0xF75D, 0xEF5D, 0xBB6F, 0xB8C5, 0xF81F, 0xF81F, 0xF81F, 0xF249, 0xF3AD, 0xF1E9, 0xF30C,
  0xC618, 0xCF5C, 0x8209, 0xBCB1, 0xF431, 0xD000, 0xD003, 0xF22A, 0xF1C8, 0xF229, 0xF32B, 0xF32C, 0xF32E, 0xE9A8, 0xC085, 0xB844,
  0xB024, 0xB0E7, 0xB0E6, 0xA8A5, 0xC106, 0xD167, 0xD188, 0xE22A, 0xD9E9, 0xD9C9, 0xD188, 0xD188, 0xD989, 0xC968, 0xC9E8, 0xB003,
  0xA1EA, 0xAD97, 0x73D1, 0x7BEF, 0xCA8B, 0x98C4, 0xF75D, 0xDBEF, 0xDA2A, 0xF75D, 0xE6FB, 0xE6FA, 0xEEDA, 0xF71C, 0xE678, 0xD5F5,
  0xB4F1, 0xE699, 0xE6FC, 0xEF3C, 0xF75C, 0x4123, 0x92EB, 0x5164, 0x0800, 0x4966, 0xF75D, 0x9BEE, 0x30C2, 0x0000, 0x1800, 0x1000,
  0x7A88, 0x40C0, 0x3040, 0x9BEB, 0xDE35, 0xCD72, 0xD5F4, 0xC572, 0xA46D, 0xBD10, 0xD5D3, 0xC572, 0xCD72, 0xC571, 0xCD92, 0xDDD2,
  0xEE75, 0xF6F8, 0xEE76, 0xCDB3, 0x93EC, 0x51A5, 0x0000, 0x4988, 0x8C53, 0x0000, 0x5000, 0xEB22, 0xF342, 0xA940, 0x9080, 0xCA64,
  0xEB25, 0xCA61, 0xAA83, 0xF56E, 0xF5F4, 0xE48D, 0xBA82, 0xEC4A, 0xF698, 0xF75D, 0xF75D, 0x5A29, 0x5A4A, 0xF75D, 0xDE9A, 0xEF5D,
  0xEF5D, 0x6800, 0xCC71, 0xD556, 0xCDD8, 0xEF5D, 0xD63A, 0xD619, 0xDE19, 0xD69B, 0xE6BB, 0x81C8, 0x9044, 0xA844, 0xB0A5, 0xA023,
  0x8905, 0xA845, 0xB000, 0x9842, 0xBB6E, 0xCE99, 0xDF3D, 0xD5FA, 0x8C94, 0xA4B6, 0x9CF5, 0xB61A, 0xA128, 0x9800, 0x89E9, 0xF75D,
  0xCE3A, 0xE639, 0xDE59, 0xD618, 0xD73B, 0x726A, 0x928C, 0xF75D, 0xD75D, 0xEF5D, 0xABD1, 0x7002, 0xA0A5, 0xB535, 0x3967, 0xB8A6,
  0x9001, 0xF75D, 0xE75D, 0xD639, 0xD639, 0xD65A, 0xD619, 0xD65A, 0xD639, 0xEEFD, 0xC4F5, 0x8864, 0xA882, 0xB883, 0xB411, 0xAE19,
  0xAD77, 0xB577, 0x8433, 0xEF3D, 0xBAED, 0x9002, 0xF81F, 0xF81F, 0xF81F, 0xF81F, 0xF2CB, 0xF2EB, 0xF42F, 0xF249, 0xD3AF, 0xEF5D,
  0x9C52, 0xE6D9, 0xF3B0, 0xE3F0, 0xC927, 0xF2EE, 0xF28C, 0xE167, 0xF168, 0xF28B, 0xF2CB, 0xF34E, 0xF32E, 0xF32F, 0xD0E6, 0xB043,
  0xB8A5, 0xB8C5, 0xB064, 0xC0E6, 0xC106, 0xC947, 0xD1C9, 0xDA0A, 0xE22B, 0xD9CA, 0xD148, 0xC147, 0xC9A8, 0xC906, 0xB0C6, 0xD597,
  0x9474, 0xA4F5, 0xA28D, 0xF73B, 0xD513, 0xB000, 0xC1E8, 0xF75D, 0xDF1B, 0xDEFA, 0xEF3B, 0xF71C, 0xD5F5, 0xBD10, 0xCDD5, 0xF73C,
  0xD6BA, 0xF75C, 0xD678, 0x8B2B, 0x828A, 0x3881, 0x1800, 0xAC93, 0x4145, 0x0000, 0x1000, 0x1800, 0x2862, 0x2000, 0xF676, 0xAC0B,
  0xAC6D, 0xDDF4, 0xD5F4, 0xCDB3, 0xCDB3, 0xE676, 0xC593, 0xC552, 0xF719, 0xF719, 0xF73A, 0xF6D9, 0xEE77, 0xB4B0, 0x938C, 0x59E6,
  0x2880, 0x0000, 0x0000, 0x0000, 0x1000, 0xAC73, 0x0000, 0x1800, 0xB203, 0xF469, 0x8962, 0xF6D9, 0x82AB, 0x2800, 0x7820, 0x8900,
  0xB365, 0xF5ED, 0xF5D2, 0xAA44, 0xA0E0, 0xDB02, 0xE4AC, 0xED71, 0xF658, 0xD510, 0xCC2C, 0xDC4E, 0xDC2B, 0xE591, 0xF75D, 0xDDF8,
  0xF75D, 0xEF5D, 0xD6FB, 0xD659, 0xD619, 0xD63A, 0xD65A, 0xDF5D, 0xF75D, 0x8823, 0xB0C5, 0xB147, 0xB147, 0xC106, 0xB8E6, 0xA805,
  0xA9C8, 0xBCD2, 0xF75D, 0xE6DC, 0xE69B, 0xDE3A, 0x8C74, 0xB558, 0xB578, 0xBDFB, 0x7004, 0xA9A9, 0xEEDB, 0xD6DB, 0xD63A, 0xD619,
  0xD679, 0xD639, 0xD6BA, 0xEE5A, 0xE6BB, 0xD75D, 0xF75D, 0xAA8D, 0x7802, 0xB169, 0x8822, 0xBCF4, 0x31A7, 0xB908, 0x8800, 0xCD75,
  0xDF5D, 0xD659, 0xD65A, 0xD65A, 0xDE5A, 0xDE5A, 0xDE5A, 0xE71C, 0xCD37, 0x7802, 0xA8C4, 0xA822, 0xA26A, 0xA5B7, 0x8CF4, 0xA516,
  0xA517, 0x6927, 0xA801, 0xC948, 0xF81F, 0xF81F, 0xF81F, 0xF81F, 0xF81F, 0xF24A, 0xF2EB, 0xF269, 0xF28A, 0xE5D7, 0xCEFB, 0xDE79,
  0xC22A, 0xF6DA, 0xF38E, 0xF38F, 0xF36E, 0xD8E5, 0xF1A8, 0xF20A, 0xF1C7, 0xF24A, 0xF2AA, 0xF2CB, 0xF32D, 0xF2EC, 0xF187, 0xD0C5,
  0xD0E6, 0xC0E7, 0xC107, 0xD9CA, 0xD1A8, 0xD1A8, 0xD9EA, 0xD188, 0xD209, 0xD228, 0xD1E8, 0xD1E7, 0xD0A5, 0xCBF2, 0xAE39, 0x9433,
  0x9493, 0xF71C, 0xB0A3, 0xF0E4, 0xCA4A, 0xF75D, 0xE73D, 0xEEF9, 0xF75C, 0xE698, 0xBD31, 0xBD12, 0xF71C, 0xE6DB, 0xDEDA, 0xE73B,
  0xE6DA, 0xD595, 0x6165, 0x5104, 0x9C10, 0x51E9, 0x0000, 0x1802, 0x0000, 0x0800, 0x0000, 0x3904, 0xF75C, 0xE676, 0xDE98, 0xD637,
  0xD634, 0xC5B2, 0xD615, 0xF75A, 0xF75D, 0xF75B, 0xE637, 0xA42F, 0x72A9, 0x3902, 0x1800, 0x0000, 0x0000, 0x0000, 0x1800, 0x1800,
  0x2841, 0x0000, 0x83CE, 0x2082, 0x0000, 0xC38C, 0xC2C7, 0x7121, 0x0000, 0x7C93, 0xF75D, 0x9C52, 0x0000, 0x1800, 0xF6D0, 0xF548,
  0xF50D, 0xA183, 0x7840, 0x8000, 0xA160, 0xDB46, 0xEBCA, 0xF4AB, 0xE3A6, 0xB9A0, 0xDA80, 0xE46C, 0x4125, 0xDE59, 0xB3D1, 0xCD77,
  0xD67A, 0xD619, 0xD61A, 0xD63B, 0xE6FD, 0xD557, 0x9907, 0xB0E6, 0xB906, 0xB147, 0xA967, 0xB966, 0xA843, 0xBA6C, 0xD5F8, 0xF75D,
  0xD65B, 0xDE5B, 0xE6DB, 0xD659, 0x94F5, 0xAD37, 0xACD6, 0xA599, 0xBCD4, 0xEE79, 0xE75D, 0xCE9A, 0xD639, 0xD65A, 0xD65A, 0xD659,
  0xD639, 0xDEBC, 0xDEFC, 0xF75D, 0x920A, 0xA002, 0xA8A5, 0xA0E6, 0xA042, 0xABF1, 0x3208, 0xB0E6, 0x9000, 0xD3F2, 0xF75D, 0xDE9A,
  0xDE9B, 0xDE7A, 0xDE7A, 0xDE7A, 0xDE7A, 0xDEDB, 0xDEDC, 0xF75D, 0xBB0D, 0x9800, 0xB8E7, 0xB5B8, 0x9D76, 0xAD36, 0xBE3B, 0x9B2D,
  0xA841, 0xF81F, 0xF81F, 0xF81F, 0xF81F, 0xF81F, 0xF81F, 0xF81F, 0xF30D, 0xF30C, 0xF269, 0xE30C, 0xDF3A, 0xB5F7, 0xD537, 0xF6BA,
  0xF3CC, 0xF40F, 0xF2CB, 0xF2CC, 0xF30E, 0xF32E, 0xF1C7, 0xE966, 0xF208, 0xF2EB, 0xF28A, 0xF30D, 0xF431, 0xF492, 0xF432, 0xDA0A,
  0xC987, 0xC126, 0xB8E5, 0xC0E6, 0xC107, 0xC167, 0xD1E9, 0xE24A, 0xE24B, 0xDA6A, 0xD125, 0xDA8B, 0xC6DB, 0x9D15, 0xA535, 0xCDF7,
  0xE1EA, 0xE083, 0xC9A7, 0xF75D, 0xE75D, 0xF6DB, 0xF75D, 0xD594, 0xB4D0, 0xF71A, 0xE6DB, 0xDEDA, 0xE6DA, 0xEEBB, 0xF75B, 0xF75C,
  0x5103, 0x3860, 0x7B8D, 0x7BAF, 0x7AED, 0x5A8C, 0x3106, 0x0000, 0x0000, 0x28E5, 0xF75D, 0xE6D9, 0xCE15, 0xCDD5, 0xD5F4, 0xF6D8,
  0xF75D, 0xF73A, 0x832B, 0x2061, 0x0000, 0x0000, 0x0000, 0x0000, 0x1000, 0x3000, 0x3041, 0x2041, 0x1841, 0x1021, 0x0000, 0x0000,
  0x630C, 0x0800, 0x2944, 0xB450, 0x4041, 0x1000, 0x1800, 0x0000, 0xF75D, 0xDD14, 0x0800, 0x7225, 0xF753, 0xF4E9, 0xCBCA, 0xA3F0,
  0xC5D9, 0x9B4B, 0x7921, 0x8840, 0xB100, 0x8080, 0x8960, 0xA9C0, 0xD1E0, 0xA180, 0x4164, 0x3907, 0xCD36, 0xE619, 0xDE7A, 0xD65A,
  0xD63A, 0xD63B, 0xEF5D, 0xDC94, 0x9000, 0xC1A7, 0xB146, 0xB947, 0xB106, 0x9884, 0xB32D, 0xDEBB, 0xEF5D, 0xDF1C, 0xDE9B, 0xDE7B,
  0xE6BB, 0xEEBA, 0x94D4, 0xA535, 0xA494, 0x9D36, 0xC69B, 0xF75D, 0xF73D, 0xE6DB, 0xD6BA, 0xD67A, 0xD6DB, 0xD69B, 0xD6BB, 0xEF5D,
  0xF73D, 0x8188, 0xA085, 0xB107, 0xB127, 0xA0C6, 0xA001, 0xD3F1, 0x4B2E, 0x98E5, 0xB843, 0xBA0A, 0xCCD3, 0xDEDA, 0xDEDC, 0xD67A,
  0xDE7A, 0xDE9A, 0xDE7A, 0xDE9A, 0xD6BA, 0xEF5D, 0xDD76, 0xA001, 0xC002, 0xBC74, 0xB618, 0xACD4, 0xB598, 0xA4D4, 0xF81F, 0xF81F,
  0xF81F, 0xF81F, 0xF81F, 0xF81F, 0xF81F, 0xF81F, 0xF81F, 0xF34D, 0xF2EC, 0xF1C8, 0xF595, 0xC679, 0xBE3A, 0xC451, 0xF4B1, 0xF4F2,
  0xF34C, 0xF2CC, 0xF32D, 0xF36D, 0xF2EC, 0xF2CC, 0xF36F, 0xF30D, 0xF22A, 0xC927, 0xC1A8, 0xE30D, 0xDA6A, 0xDA4A, 0xEB0D, 0xF3F1,
  0xDA4A, 0xC988, 0xC9C8, 0xCA29, 0xDA0B, 0xDA0A, 0xD9EA, 0xEA8B, 0xF2ED, 0xE229, 0xDE58, 0xBEBA, 0xA4F5, 0xBD55, 0xD32D, 0xF249,
  0xC8C3, 0xEE78, 0xDF5D, 0xF73D, 0xEEB9, 0xAC8F, 0xCDD5, 0xF75C, 0xDEBA, 0xDEDA, 0xE6BA, 0xF6DB, 0xE6D9, 0xEED8, 0x8B2A, 0x5964,
  0x6ACB, 0xCE3B, 0xAC94, 0x2104, 0x28C4, 0x3106, 0x0000, 0x0000, 0x5A4A, 0xF75D, 0xEF18, 0xE697, 0xF75D, 0xCDB5, 0x51A6, 0x0000,
  0x0000, 0x0000, 0x2000, 0x2800, 0x2861, 0x1800, 0x2800, 0x1800, 0x1000, 0x1000, 0x1800, 0x0000, 0x2800, 0x5020, 0x3062, 0x58A3,
  0xAAAA, 0xD4F2, 0x82A9, 0x2860, 0x2801, 0x2801, 0xB574, 0x4000, 0x2000, 0xF755, 0xF732, 0xEC28, 0xF6B9, 0xF75D, 0xF75D, 0xF75D,
  0xF75D, 0xA3EC, 0x4880, 0xCD53, 0xE75D, 0xDE59, 0x7965, 0xBB8E, 0xF75D, 0x3127, 0xC5F9, 0xF73D, 0xD659, 0xD67A, 0xD63B, 0xD65B,
  0xE75D, 0xDCB3, 0x9802, 0xC146, 0xB125, 0xB844, 0xB8A6, 0xBB6F, 0xF75D, 0xEF5D, 0xE71D, 0xD535, 0xE6DA, 0xDEBB, 0xDEBA, 0xEEBC,
  0x8CF6, 0xADD8, 0xB578, 0x9D57, 0xC67D, 0xF75D, 0x926B, 0xF75D, 0xF75D, 0xEF5D, 0xEF5D, 0xF75D, 0xF75D, 0xEE9B, 0x8085, 0xA066,
  0xB907, 0xA927, 0xB127, 0x98E6, 0x9842, 0xCA6C, 0x6390, 0x9147, 0xC0A5, 0xA0A4, 0x6800, 0xE638, 0xEF5D, 0xDE7A, 0xDE9B, 0xDE7A,
  0xDEBB, 0xDEBB, 0xDE9B, 0xE75D, 0xF6DB, 0x9864, 0xA000, 0xA2EF, 0xB63A, 0xA516, 0xAD38, 0xF81F, 0xF81F, 0xF81F, 0xF81F, 0xF81F,
  0xF81F, 0xF81F, 0xF81F, 0xF81F, 0xF81F, 0xF81F, 0xF38F, 0xF2ED, 0xF2CC, 0xD4F3, 0xC67A, 0xB4B3, 0xF6FA, 0xF32E, 0xF2AB, 0xF34D,
  0xF34D, 0xF2AB, 0xF2AB, 0xF1A8, 0xE9C9, 0xC106, 0xD188, 0xC928, 0xB044, 0xC147, 0xB167, 0xEB4E, 0xF453, 0xF390, 0xF28C, 0xD1C9,
  0xD1C9, 0xDA4A, 0xC9A8, 0xD9EA, 0xEA8C, 0xEA6B, 0xF26B, 0xE167, 0xF4B4, 0xD73B, 0xC61B, 0xBD97, 0xCD54, 0xF4F2, 0xF1C8, 0xD431,
  0xEF5D, 0xF73C, 0xC533, 0xBD12, 0xEED9, 0xE6DB, 0xDEBA, 0xE6DA, 0xE6DA, 0xF6FB, 0xDE78, 0xE677, 0xCD73, 0xBCF2, 0xC515, 0x6AEC,
  0x93AC, 0xDD8D, 0xA243, 0x0800, 0x0001, 0x0000, 0x0000, 0xF71C, 0xF75C, 0xBD74, 0x4103, 0x0000, 0x0000, 0x1800, 0x2000, 0x2800,
  0x2000, 0x0000, 0x0000, 0x0000, 0x0000, 0x0800, 0x38A2, 0x60A2, 0x7842, 0xD28B, 0xF4D4, 0xF34E, 0x5861, 0x4000, 0xC186, 0xF48F,
  0x92EA, 0x5164, 0x3881, 0x5125, 0x0000, 0x0000, 0xEDF4, 0xF736, 0xF4EE, 0xF46C, 0x6106, 0x59EA, 0x832C, 0xD638, 0xDEBA, 0xF75D,
  0xF75D, 0xF75D, 0xEF5D, 0xF75D, 0xF75D, 0xF75D, 0xF75D, 0x62ED, 0xB555, 0xEF1C, 0xD65A, 0xD67A, 0xDE5A, 0xCE5A, 0xDF5D, 0xCCD4,
  0x98E6, 0xA8A5, 0xC32D, 0xAA4B, 0xB3B2, 0xF75D, 0xD75D, 0xEF5D, 0xDC72, 0x6800, 0xF75C, 0xE73D, 0xEEDC, 0xF73D, 0x9CD6, 0xAD58,
  0x9CD5, 0xB5B8, 0xB433, 0xBACC, 0x8800, 0xC24B, 0xBACD, 0xAAAC, 0xAA2A, 0x9A2B, 0xA1E9, 0xB1C9, 0xB148, 0xB9E9, 0xB948, 0xB948,
  0xC168, 0xA148, 0xA8E5, 0xC26C, 0x7C12, 0x6926, 0xA8E6, 0xD20A, 0xB8C6, 0xAA6C, 0xF75D, 0xEF5D, 0xDEDB, 0xEE9B, 0xE69C, 0xE6BC,
  0xE6BB, 0xE75D, 0xD6DB, 0x932E, 0xB3AF, 0xAC94, 0xAD35, 0xACB4, 0xF81F, 0xF81F, 0xF81F, 0xF81F, 0xF81F, 0xF81F, 0xF81F, 0xF81F,
  0xF81F, 0xF81F, 0xF81F, 0xF81F, 0xF81F, 0xF4B1, 0xF3CE, 0xF492, 0xE6DA, 0xB69A, 0xD6FB, 0xE2EE, 0xF411, 0xF32C, 0xF34E, 0xD9E8,
  0xC0C4, 0xD0E6, 0xC906, 0xB906, 0xB906, 0xC148, 0xC0E7, 0xC128, 0xB968, 0xC22B, 0xD22B, 0xC927, 0xC968, 0xC147, 0xC127, 0xD9EA,
  0xD22A, 0xC9E9, 0xEAAC, 0xEA8B, 0xE209, 0xE968, 0xE1C9, 0xD658, 0xCE3B, 0xAD97, 0xDDF7, 0xF471, 0xF28B, 0xECD3, 0xF75D, 0xDE17,
  0xB4D1, 0xDE57, 0xE6FA, 0xDEDA, 0xDEDA, 0xDEBA, 0xE6DA, 0xF6FB, 0xDE57, 0xD5F5, 0xEED9, 0xDE18, 0xB4F3, 0x83AD, 0xF75D, 0xF751,
  0xF468, 0xA204, 0x0000, 0x0000, 0x0000, 0x0000, 0x0000, 0x0000, 0x0000, 0x0000, 0x0800, 0x1800, 0x2800, 0x3000, 0x3860, 0x5A06,
  0x734A, 0x9C2D, 0xAAEB, 0xD2EB, 0xF3EF, 0xEAED, 0xDAAC, 0xB208, 0x9186, 0x9904, 0x6001, 0x2000, 0x7081, 0xCBAD, 0xAB4C, 0x59C6,
  0x5985, 0x48C2, 0x0000, 0xCD54, 0xF75D, 0xC327, 0xF56F, 0x7881, 0x1000, 0x1800, 0x0800, 0x1800, 0x1800, 0x2800, 0x4863, 0x50A2,
  0x81C7, 0xA2CD, 0xA36F, 0xB4B3, 0xCD97, 0x51A7, 0xF73C, 0xEF3D, 0xD67A, 0xDE7A, 0xDE5A, 0xD67A, 0xCEDB, 0xEF1C, 0xF6BB, 0xA26A,
  0xF75D, 0xF75D, 0xF75D, 0xDF3D, 0xF75D, 0xC3D0, 0xA864, 0xC0E7, 0xF71C, 0xDF5D, 0xEEBC, 0xE71C, 0x9CF6, 0xA538, 0x8C95, 0xAE19,
  0xA3D2, 0xA24A, 0xAA4A, 0x8A08, 0xA8E6, 0xC064, 0xC0A4, 0xB044, 0xB003, 0xC127, 0xDA6B, 0xA905, 0xB907, 0xB9CA, 0xCA6C, 0xCAAD,
  0x98A4, 0xBBF0, 0x8D55, 0x9492, 0xDB6F, 0xC9C9, 0xDA0B, 0xA8E7, 0xB3D1, 0xD619, 0xF75D, 0xDEFC, 0xD6BB, 0xDEFC, 0xDE9A, 0xC639,
  0xBE1A, 0xBD99, 0xAE19, 0xE451, 0xF38F, 0xF81F, 0xF81F, 0xF81F, 0xF81F, 0xF81F, 0xF81F, 0xF81F, 0xF81F, 0xF81F, 0xF81F, 0xF81F,
  0xF81F, 0xF81F, 0xF81F, 0xF81F, 0xF81F, 0xF390, 0xE453, 0xBE9A, 0xBEB9, 0xD637, 0xCC70, 0xC24A, 0xD3CE, 0xD410, 0xC24B, 0xC107,
  0xB8A5, 0xC147, 0xC127, 0xC168, 0xC968, 0xC148, 0xC188, 0xC209, 0xCA0A, 0xC9C9, 0xC1E9, 0xC1E9, 0xD28B, 0xD20A, 0xE2AC, 0xF34E,
  0xC9C8, 0xDA8B, 0xEACC, 0xDA29, 0xD145, 0xEDD6, 0xC67B, 0xC67A, 0xD638, 0xF4D4, 0xE2CC, 0xF73B, 0xEF5C, 0xBCD2, 0xD677, 0xDE78,
  0xEF1C, 0xDEBA, 0xDEBA, 0xDEBA, 0xEEDA, 0xF73B, 0xCDB5, 0xCDF5, 0xDED9, 0xE6BB, 0xCDF7, 0xF757, 0xF5AC, 0xED07, 0xDB43, 0xF3E7,
  0x9B8B, 0x1800, 0x2000, 0x7B2D, 0xE6BB, 0xD5D7, 0xD5D5, 0xC553, 0xC533, 0xDDD5, 0xF6F9, 0xF75A, 0xF75D, 0xF6B8, 0xF534, 0xF3F0,
  0xF3F1, 0xEB2D, 0x90C3, 0x5000, 0x5000, 0x9986, 0x5000, 0x0800, 0x4000, 0x5001, 0x1000, 0x3861, 0x6187, 0x3881, 0x5164, 0x0000,
  0x6A89, 0xF75D, 0xE52E, 0xDB88, 0x8981, 0x0000, 0x3000, 0x3000, 0x3000, 0x4000, 0x4000, 0x4800, 0x4800, 0x7001, 0x7000, 0x4800,
  0x3000, 0x1800, 0x2000, 0x0000, 0x69C8, 0xF75D, 0xD67B, 0xDE7B, 0xDE9B, 0xDEBB, 0xDEDB, 0xDEDB, 0xE71C, 0xE6DC, 0xDF5D, 0xDF5D,
  0xF75D, 0xCB91, 0xA8A5, 0xB967, 0xDAAD, 0xA107, 0xAB70, 0xBE5B, 0xA576, 0xC4B2, 0xD451, 0xC453, 0xE5FA, 0xC535, 0xED34, 0xD537,
  0xC6BC, 0xCF5D, 0xBC54, 0xA9AA, 0xB1C9, 0xC20B, 0x99A8, 0xA20A, 0xA1A8, 0xAA8C, 0xA989, 0xB8E8, 0xB9EA, 0xC1AB, 0xA002, 0xCBD1,
  0xBE9A, 0x95F7, 0xBB0F, 0xB0C5, 0xCA4B, 0xE24C, 0xA8A6, 0xB20B, 0xC453, 0xF75D, 0xF75D, 0xEF5D, 0xF75D, 0xB5F8, 0x9515, 0xA517,
  0x6C12, 0xF81F, 0xF81F, 0xF81F, 0xF81F, 0xF81F, 0xF81F, 0xF81F, 0xF81F, 0xF81F, 0xF81F, 0xF81F, 0xF81F, 0xF81F, 0xF81F, 0xF81F,
  0xF81F, 0xF81F, 0xF81F, 0xF81F, 0xF81F, 0xF81F, 0xCBB2, 0xC32F, 0xBBF0, 0xC1EA, 0xCA09, 0xD3F1, 0xCB50, 0xC9EA, 0xD1CA, 0xC9E8,
  0xC1C7, 0xC167, 0xC1A8, 0xC988, 0xC127, 0xB126, 0xC1C8, 0xD1CA, 0xC9EA, 0xC9EA, 0xD20A, 0xD189, 0xC188, 0xF34F, 0xF3F1, 0xEB6E,
  0xF36E, 0xF410, 0xF3EF, 0xDC92, 0xCE79, 0xBE9A, 0xB679, 0xD432, 0xDC31, 0xF75D, 0xC5D5, 0xDDF7, 0xD698, 0xDE99, 0xE6FB, 0xD6BB,
  0xDEBA, 0xDEBA, 0xEF1B, 0xEEFA, 0xC574, 0xE678, 0xCE58, 0xDEBB, 0xF75D, 0xF757, 0xECA9, 0xE5CE, 0xED2E, 0xC2A1, 0xF489, 0xD1E1,
  0xC285, 0xF75C, 0xF75D, 0xF75D, 0xF75D, 0xF75D, 0xF75D, 0xEF3B, 0xF75D, 0xF71A, 0xBAAA, 0x9802, 0xF3F0, 0xCB0B, 0x6800, 0x6800,
  0x8021, 0xDB2D, 0xF4D3, 0xF4D3, 0xF38E, 0x9105, 0x1000, 0x1800, 0x2000, 0x1000, 0x2842, 0x3082, 0x2800, 0x0000, 0xF75D, 0x0800,
  0x4800, 0xAA87, 0x2000, 0x3000, 0x2800, 0x3000, 0x3800, 0x4000, 0x3000, 0x2800, 0x3000, 0x4001, 0x3000, 0x3000, 0x2800, 0x2800,
  0x2000, 0x1800, 0x0800, 0xE67B, 0xF75D, 0xE6DC, 0xD69A, 0xDE7A, 0xDE5A, 0xD69A, 0xDE9B, 0xEE9B, 0xDF1C, 0xF6FC, 0xA189, 0xB8E6,
  0xC148, 0xB9A9, 0xBA0C, 0xC493, 0xB598, 0xAD78, 0x8555, 0xD34E, 0xF451, 0xF659, 0xF71D, 0xF6FC, 0xF4B3, 0xCC12, 0x94B5, 0xA598,
  0xA5FA, 0xDEBC, 0xF75D, 0xEF5D, 0xF75D, 0xF75D, 0xEF5D, 0xF75D, 0xCD16, 0xB2AC, 0xCBF0, 0xC3B0, 0xB1C9, 0xAA2B, 0xD69B, 0x95D8,
  0xBB30, 0x9802, 0xB127, 0xB167, 0xB1C9, 0xD18A, 0xA0C6, 0xCC11, 0xC3B1, 0xD370, 0xB2AC, 0xAC12, 0xF81F, 0xF81F, 0xF81F, 0xF81F,
  0xF81F, 0xF81F, 0xF81F, 0xF81F, 0xF81F, 0xF81F, 0xF81F, 0xF81F,
};

static constexpr uint16_t PAPOILA_REAL_WIDTH = 132;
static constexpr uint16_t PAPOILA_REAL_HEIGHT = 96;
static const uint16_t PROGMEM PAPOILA_REAL[] = {
  0xF81F, 0xF81F, 0xF81F, 0xF81F, 0xF81F, 0xF81F, 0xF81F, 0xF81F, 0xF81F, 0xF81F, 0xF81F, 0xF81F, 0x4283, 0x4AA4, 0x5AE6, 0x6307,
  0x6327, 0x7348, 0x7369, 0x7349, 0x7349, 0x7B6A, 0x7B89, 0x7B88, 0x7B89, 0x4A43, 0x00A0, 0x08C0, 0x52A6, 0x7347, 0x62E6, 0x62C6,
  0x62E6, 0x6B06, 0x5AE4, 0x5AE3, 0x5AE4, 0x5AE4, 0x62E4, 0x62E5, 0x62E5, 0x6AC5, 0x62A5, 0x5A84, 0x5242, 0x4201, 0x4A22, 0x4A23,
  0x5A85, 0x62C6, 0x6AE7, 0x7B29, 0x93AB, 0x8B8B, 0x8B8B, 0x8BAB, 0x8BEB, 0x7C2A, 0x746A, 0x6C8A, 0x6BE7, 0x5B04, 0x6A62, 0x90A0,
  0x8840, 0x9820, 0x9800, 0x9800, 0xA000, 0xA000, 0x9000, 0x8800, 0x7800, 0x8000, 0x7000, 0x7800, 0x7040, 0x9A24, 0x7AE5, 0x5B64,
  0x5C06, 0x5C27, 0x63E7, 0x6BC7, 0x7388, 0x7B48, 0x7B48, 0x7B48, 0x8349, 0x8369, 0x8B8A, 0x8B8A, 0x8BAA, 0x93CB, 0x9BEB, 0x9BEC,
  0x9BEC, 0x93EB, 0x8BEC, 0x83EB, 0x942C, 0x946C, 0x942B, 0x8C0B, 0x8C0B, 0x8C2B, 0x73A9, 0x29C2, 0x5264, 0x8BC9, 0x8BCA, 0x8BA9,
  0x8BA9, 0x8B89, 0x8BA9, 0x83A9, 0x83A9, 0x7BA8, 0x7BA8, 0x7BA8, 0xF81F, 0xF81F, 0xF81F, 0xF81F, 0xF81F, 0xF81F, 0xF81F, 0xF81F,
  0xF81F, 0xF81F, 0xF81F, 0xF81F, 0xF81F, 0xF81F, 0xF81F, 0xF81F, 0xF81F, 0xF81F, 0xF81F, 0xF81F, 0xF81F, 0x3200, 0x3220, 0x3A41,
  0x4283, 0x4AC4, 0x5AE6, 0x5AE6, 0x6327, 0x6B48, 0x7388, 0x7B69, 0x7B48, 0x7368, 0x7B88, 0x7388, 0x7B88, 0x7327, 0x1920, 0x0080,
  0x31C2, 0x6B27, 0x62C6, 0x62C6, 0x62E6, 0x6B06, 0x6B26, 0x5AE4, 0x5AE3, 0x62E4, 0x62E5, 0x62E5, 0x62E5, 0x62C6, 0x62C5, 0x5A84,
  0x5242, 0x4221, 0x4A23, 0x4A23, 0x5A85, 0x62C6, 0x72E8, 0x834A, 0x93CB, 0x8BEC, 0x83EC, 0x846D, 0x8CCD, 0x8BE8, 0x79C2, 0x7000,
  0xB000, 0xB800, 0x8800, 0x7000, 0x7000, 0x9000, 0x7800, 0x7800, 0x7800, 0x7000, 0x6800, 0x6800, 0x9800, 0xA800, 0x8000, 0x7800,
  0xB000, 0xF0A3, 0xF042, 0xC000, 0x9000, 0x70A0, 0x7202, 0x8387, 0x7469, 0x746A, 0x744B, 0x742B, 0x7C2B, 0x842C, 0x8BAA, 0x8BAA,
  0x93CA, 0x93CB, 0x93CB, 0x93EB, 0x93EB, 0x93EB, 0x8BEB, 0x8C0A, 0x940B, 0x944C, 0x942B, 0x8C0B, 0x83EA, 0x842A, 0x83E9, 0x3A04,
  0x4223, 0x8BC9, 0x93EA, 0x8BCA, 0x8BAA, 0x8BAA, 0x8BCA, 0x83CA, 0x83C9, 0x83C9, 0x83CA, 0x7BC8, 0x7BA8, 0x7BA8, 0x7BA7, 0xF81F,
  0xF81F, 0xF81F, 0xF81F, 0xF81F, 0xF81F, 0xF81F, 0xF81F, 0xF81F, 0xF81F, 0xF81F, 0xF81F, 0xF81F, 0xF81F, 0xF81F, 0xF81F, 0x3A21,
  0x3A00, 0x3200, 0x3200, 0x3A41, 0x4283, 0x4AC4, 0x52E5, 0x5AE6, 0x6326, 0x6B48, 0x7388, 0x7B89, 0x7B88, 0x7B88, 0x7368, 0x7368,
  0x7347, 0x7B88, 0x41E1, 0x00A0, 0x1100, 0x62C7, 0x6B07, 0x62E6, 0x62E6, 0x6B06, 0x6B46, 0x6304, 0x5AE3, 0x6304, 0x6305, 0x6B05,
  0x6AE6, 0x6AE6, 0x62C6, 0x6284, 0x5263, 0x4222, 0x4A23, 0x4A23, 0x5A85, 0x62C7, 0x72E8, 0x83AB, 0x8CAE, 0x946C, 0x9389, 0x91E4,
  0x8840, 0xC800, 0x8800, 0x9800, 0xF144, 0xF163, 0xB000, 0x6800, 0x6800, 0x7800, 0x7800, 0x6800, 0x6800, 0x6000, 0x7000, 0xC820,
  0xE061, 0xC800, 0x9800, 0xA800, 0xD881, 0xE922, 0xE102, 0xF104, 0xF064, 0xD002, 0xC000, 0xB800, 0xA860, 0xA9E5, 0xBA26, 0xC206,
  0xCAA9, 0xB3ED, 0x8CCE, 0x8CAD, 0x940B, 0x93EB, 0x93CB, 0x93CA, 0x93EB, 0x8BCA, 0x7387, 0x83E9, 0x8C0B, 0x942B, 0x8C0B, 0x8C0B,
  0x83EA, 0x840A, 0x8C0A, 0x4A86, 0x31C2, 0x8388, 0x93EA, 0x8BCA, 0x8BCA, 0x8BCA, 0x8BCA, 0x8BCA, 0x8BEA, 0x8BEA, 0x8BEA, 0x83E9,
  0x83E8, 0x83E8, 0x83C8, 0x83C8, 0x7BA8, 0xF81F, 0xF81F, 0xF81F, 0xF81F, 0xF81F, 0xF81F, 0xF81F, 0xF81F, 0xF81F, 0xF81F, 0xF81F,
  0xF81F, 0xF81F, 0x4221, 0x3A21, 0x3A21, 0x3A21, 0x3200, 0x3A21, 0x4282, 0x4AA3, 0x52E5, 0x52E5, 0x5B06, 0x6B47, 0x7368, 0x7B89,
  0x8389, 0x7B88, 0x7388, 0x7347, 0x6B47, 0x7388, 0x5AC4, 0x1100, 0x00A0, 0x4204, 0x7307, 0x62C5, 0x62E5, 0x6306, 0x6325, 0x6304,
  0x5AE3, 0x6304, 0x6325, 0x6B25, 0x6AE6, 0x6AE6, 0x62C5, 0x62A4, 0x5283, 0x4A23, 0x4A23, 0x4A43, 0x5A85, 0x6307, 0x6BEB, 0x7C0A,
  0x9223, 0xB000, 0xA800, 0x7800, 0xA000, 0xF164, 0xC041, 0xB840, 0xF1E3, 0xD0C1, 0xC040, 0x7800, 0x6800, 0x6800, 0x6800, 0x9800,
  0xC860, 0xA000, 0xB820, 0xD040, 0xC821, 0xA800, 0x8800, 0xB800, 0xF184, 0xE923, 0xD902, 0xF163, 0xF1C4, 0xF1C5, 0xD903, 0xD061,
  0xC000, 0xD800, 0xD801, 0xE8A2, 0xF145, 0xF166, 0xD9C6, 0xA389, 0x9D6F, 0x950E, 0x9C6D, 0x9BEB, 0xA44C, 0x8BC9, 0x7386, 0x8C0A,
  0x8C2B, 0x942B, 0x8C2B, 0x840B, 0x8C0A, 0x83EA, 0x8C2A, 0x6B27, 0x31C2, 0x6B07, 0x93EA, 0x8BC9, 0x8BC9, 0x8BCA, 0x8BCA, 0x8BEA,
  0x8C0B, 0x8C0A, 0x8C0A, 0x8C0A, 0x8C2A, 0x8C2A, 0x8C09, 0x8C0A, 0x83C8, 0x7B87, 0xF81F, 0xF81F, 0xF81F, 0xF81F, 0xF81F, 0xF81F,
  0xF81F, 0xF81F, 0xF81F, 0xF81F, 0xF81F, 0x3A21, 0x4221, 0x3A21, 0x3A21, 0x3A21, 0x3A21, 0x3A21, 0x4262, 0x42A3, 0x4AC4, 0x52E5,
  0x5AE5, 0x6327, 0x6B47, 0x7368, 0x7B89, 0x7B88, 0x7388, 0x7367, 0x7367, 0x7368, 0x7367, 0x29A0, 0x0080, 0x1960, 0x6B07, 0x62C5,
  0x62E5, 0x62E5, 0x6305, 0x6304, 0x6304, 0x6325, 0x6325, 0x6B26, 0x7326, 0x7327, 0x6B07, 0x62C5, 0x5A84, 0x5243, 0x4A22, 0x4263,
  0x4305, 0x6387, 0x8A04, 0xB000, 0xB800, 0xA800, 0x7000, 0x6000, 0xD061, 0xF143, 0xB801, 0x9800, 0xB800, 0xC040, 0xA800, 0x7800,
  0xA800, 0xB800, 0xB820, 0xD8C1, 0xC020, 0xB800, 0xD0C1, 0xB000, 0xB800, 0xC861, 0x9000, 0xC020, 0xF102, 0xE0C2, 0xE102, 0xF184,
  0xF163, 0xD0A2, 0xB000, 0xD8E2, 0xD8E2, 0xD8E2, 0xE164, 0xE9A4, 0xF226, 0xF288, 0xF0E3, 0xC800, 0xA8C2, 0xAAC7, 0x9CAC, 0x9D2E,
  0xA4AD, 0x8BC8, 0x7386, 0x8C2A, 0x942B, 0x9C6D, 0x942B, 0x944C, 0x944B, 0x8C2B, 0x8C2B, 0x83CA, 0x31E3, 0x5A85, 0x9C4C, 0x942B,
  0x8BEA, 0x8BEA, 0x8BEA, 0x8BEA, 0x8C0B, 0x942B, 0x942B, 0x944B, 0x9C6C, 0x944A, 0x942A, 0x942A, 0x8BE9, 0x83A8, 0x8C0B, 0xF81F,
  0xF81F, 0xF81F, 0xF81F, 0xF81F, 0xF81F, 0xF81F, 0xF81F, 0xF81F, 0x4221, 0x4221, 0x4222, 0x4222, 0x3A22, 0x3A21, 0x3A21, 0x3A21,
  0x3A61, 0x4282, 0x4AA3, 0x4AC4, 0x52C5, 0x5B05, 0x6B26, 0x6B47, 0x7367, 0x7387, 0x7387, 0x7387, 0x7367, 0x6B27, 0x7B88, 0x5283,
  0x08C0, 0x00C0, 0x5286, 0x7348, 0x6B07, 0x62E5, 0x6305, 0x5B03, 0x6304, 0x6324, 0x6B45, 0x7346, 0x7B67, 0x7B67, 0x7347, 0x6B06,
  0x5AE5, 0x3A83, 0x2AA2, 0x4AC3, 0x8921, 0x8800, 0xB800, 0x9800, 0x8800, 0x8000, 0x6800, 0x6800, 0xC000, 0xF123, 0xB801, 0x9800,
  0xD8A1, 0xD0A1, 0xA800, 0x8000, 0xC020, 0xE0A1, 0xD8A1, 0xC040, 0xB820, 0xB800, 0xC860, 0xC840, 0xB000, 0xB800, 0xA000, 0xC020,
  0xA800, 0xC000, 0xF163, 0xF1A4, 0xE923, 0xA800, 0xA800, 0xE943, 0xE102, 0xE103, 0xE143, 0xE102, 0xF205, 0xF206, 0xC903, 0xC041,
  0xC800, 0xD000, 0xB800, 0xA246, 0xAD6F, 0x8C4A, 0x7BA7, 0x8C2A, 0x944B, 0xA48E, 0x9C6C, 0x944C, 0x944C, 0x942B, 0x9C6C, 0xA48D,
  0x4A85, 0x4202, 0x9C2B, 0xA48D, 0x942C, 0x940B, 0x8BEA, 0x8BEA, 0x940B, 0x942B, 0x944B, 0x9C6C, 0xA46C, 0x9C4B, 0x9C4A, 0x9C4A,
  0x93EA, 0x83C8, 0x942B, 0x946B, 0xF81F, 0xF81F, 0xF81F, 0xF81F, 0xF81F, 0xF81F, 0xF81F, 0x4221, 0x4242, 0x4221, 0x4222, 0x4A23,
  0x4222, 0x4222, 0x3A21, 0x3A21, 0x3A41, 0x4282, 0x4282, 0x4A82, 0x52A3, 0x5AE4, 0x6305, 0x6B25, 0x6B46, 0x7367, 0x7387, 0x7387,
  0x7367, 0x6B47, 0x6B27, 0x6B27, 0x2180, 0x00A0, 0x29A1, 0x7348, 0x6B27, 0x62E6, 0x6304, 0x5B04, 0x6304, 0x6324, 0x6B46, 0x7B87,
  0x7B67, 0x7B87, 0x73C8, 0x6C09, 0x6B66, 0x6A63, 0x81E2, 0xA800, 0xA800, 0xA800, 0xB800, 0x7800, 0x7000, 0x7000, 0x6800, 0x8800,
  0xC000, 0xE902, 0xD041, 0xA800, 0xE963, 0xF123, 0xA800, 0x8800, 0xB800, 0xB800, 0xC821, 0xC861, 0xC881, 0xC021, 0xD901, 0xD8C1,
  0xC800, 0xA000, 0xA000, 0xF1A4, 0xD021, 0xA800, 0xD861, 0xE102, 0xF143, 0x9800, 0xC021, 0xE103, 0xD8E2, 0xD903, 0xC8A1, 0xE0E2,
  0xF1E5, 0xD0E2, 0x9800, 0xB041, 0xD0A2, 0xD8E2, 0xF144, 0xD802, 0xA984, 0x8D0D, 0x8C6A, 0x946B, 0x9C6B, 0xACCE, 0xA48D, 0x9C6C,
  0x944C, 0x9C6C, 0xA4AD, 0xB4EE, 0x6B68, 0x29C0, 0x8BA9, 0xB4AE, 0xA46C, 0x940B, 0x8BEB, 0x83A9, 0x8C0B, 0x942B, 0x9C4C, 0xA46D,
  0x9C6C, 0x9C4B, 0x9C4A, 0x9C4B, 0x942A, 0x8BE9, 0x944A, 0x9C8C, 0x9C8B, 0xF81F, 0xF81F, 0xF81F, 0xF81F, 0xF81F, 0x4221, 0x4222,
  0x4242, 0x4221, 0x3A01, 0x4223, 0x4222, 0x4222, 0x3A21, 0x3A21, 0x3A41, 0x3A61, 0x3A60, 0x4261, 0x4A83, 0x52C4, 0x62E5, 0x6325,
  0x6B46, 0x7387, 0x7B88, 0x7387, 0x7387, 0x6B47, 0x6B27, 0x7327, 0x4223, 0x08C0, 0x08E0, 0x5AA5, 0x6B06, 0x62E5, 0x62E4, 0x5B04,
  0x6324, 0x6B45, 0x7366, 0x7B67, 0x73A7, 0x7489, 0x83E7, 0x71A1, 0x9000, 0xA800, 0xD001, 0xE083, 0x6000, 0x7000, 0x7000, 0x6800,
  0x7800, 0x7000, 0x6000, 0xB800, 0xD021, 0xD041, 0xD841, 0x9800, 0xE081, 0xD020, 0x7800, 0x7800, 0xA000, 0xE0A2, 0xF143, 0xF163,
  0xE922, 0xE102, 0xF183, 0xD081, 0xC800, 0xA800, 0xA800, 0xF123, 0xF1E4, 0xD862, 0xC800, 0xE902, 0xE903, 0x9000, 0xD081, 0xE123,
  0xE923, 0xE103, 0xD0A2, 0xF183, 0xF1A4, 0xB000, 0x8000, 0xC021, 0xD0A2, 0xD8C2, 0xF1E6, 0xE9E7, 0x7800, 0x8984, 0x956D, 0x948B,
  0x9C6B, 0xACCE, 0xA48D, 0x9C6C, 0x944C, 0xA46D, 0xACAE, 0xB4EE, 0x8C0A, 0x29C1, 0x7306, 0xB4CE, 0xA42D, 0x9C2C, 0x93EB, 0x83A9,
  0x8BEA, 0x942B, 0x9C4C, 0xA46D, 0xA46D, 0xA46B, 0xA46B, 0x9C6B, 0x9C6A, 0x9409, 0x9449, 0x9C8B, 0x9C8B, 0xA4CC, 0xF81F, 0xF81F,
  0xF81F, 0xF81F, 0x4222, 0x4222, 0x4242, 0x4221, 0x3A01, 0x4222, 0x4222, 0x4222, 0x3A01, 0x3A21, 0x3A41, 0x3A61, 0x3A60, 0x4261,
  0x4A83, 0x52A4, 0x5AE4, 0x62E5, 0x6B25, 0x7387, 0x7BA8, 0x7387, 0x7387, 0x7367, 0x6B47, 0x7348, 0x62C6, 0x2140, 0x00A0, 0x31E2,
  0x62C5, 0x5AC4, 0x5AE4, 0x6304, 0x6324, 0x6B45, 0x7387, 0x6C48, 0x7C47, 0xA1A1, 0x9000, 0xA000, 0xC000, 0x6800, 0xA000, 0xF1E5,
  0xA800, 0x5000, 0x6000, 0x6000, 0x6800, 0x7800, 0xA000, 0xC800, 0xD881, 0xD041, 0xD001, 0xA000, 0xB000, 0x8800, 0x6800, 0x7800,
  0xB000, 0xD801, 0xD001, 0xC801, 0xE0A2, 0xF143, 0xF183, 0xD8A1, 0xE0C2, 0xC800, 0xC000, 0xE943, 0xE902, 0xF123, 0xE042, 0xF103,
  0xD081, 0xA000, 0xD8C2, 0xE963, 0xF184, 0xF184, 0xE984, 0xF1E4, 0xF184, 0xB001, 0x9801, 0xD8C3, 0xD8C2, 0xF123, 0xF268, 0xE1C7,
  0xA800, 0xC800, 0x9AC6, 0x95EF, 0x9CCC, 0xACCE, 0xA48D, 0xA46C, 0xA46D, 0xA46D, 0xA48D, 0xB4CE, 0xACAC, 0x3A43, 0x5264, 0xAC6D,
  0xAC6D, 0x9C2B, 0x93EB, 0x8BCA, 0x8BCA, 0x940B, 0x9C4C, 0xAC8D, 0xAC8D, 0xA48C, 0xA48B, 0xA48B, 0x9C6A, 0x9448, 0x9448, 0x9469,
  0x9C8A, 0xA4CC, 0xF81F, 0xF81F, 0xF81F, 0x4201, 0x4222, 0x4222, 0x4A42, 0x4221, 0x3A01, 0x4202, 0x3A02, 0x4202, 0x3A01, 0x3A01,
  0x3A21, 0x3A41, 0x3A60, 0x4261, 0x4A63, 0x5283, 0x5AC4, 0x5AE4, 0x6325, 0x7387, 0x7BA8, 0x7B87, 0x7387, 0x7387, 0x7348, 0x7328,
  0x7328, 0x39E1, 0x00C0, 0x1120, 0x5A84, 0x62E4, 0x5AE4, 0x6304, 0x6324, 0x6B86, 0x6487, 0x9324, 0xC000, 0x8000, 0x6800, 0xE8C3,
  0xE903, 0xC020, 0xD8E2, 0xC800, 0xE843, 0x7800, 0x9800, 0xA000, 0xC841, 0xF183, 0xF162, 0xE942, 0xE922, 0xE8E2, 0xD801, 0xB000,
  0xB000, 0x9000, 0xA000, 0xB000, 0xC800, 0xB800, 0xC000, 0xA000, 0xA000, 0xB800, 0xE8C3, 0xF1E4, 0xF183, 0xA800, 0xB800, 0xF123,
  0xE902, 0xE8E2, 0xE062, 0xF123, 0xC821, 0xA800, 0xC861, 0xB800, 0xD8A1, 0xD8C2, 0xD0A2, 0xF1A4, 0xF1A4, 0xA800, 0xA001, 0xD8C2,
  0xE923, 0xF163, 0xF288, 0xC905, 0xD0E4, 0xC801, 0xE083, 0xD2A6, 0x9CEC, 0xA4ED, 0xA46C, 0xA46C, 0xA48D, 0xA46C, 0xA48D, 0xACAD,
  0xB4AD, 0x5AE5, 0x31C1, 0x9BEB, 0xAC8E, 0x93EB, 0x93CA, 0x8BCA, 0x8BAA, 0x93EB, 0x9C2C, 0xA46D, 0xA46C, 0xA48B, 0xA48B, 0xA4AB,
  0x9C8A, 0x9469, 0x9469, 0x9449, 0x9469, 0x9CAA, 0xAD0B, 0xF81F, 0xF81F, 0x4202, 0x4222, 0x4222, 0x4222, 0x4222, 0x4201, 0x4202,
  0x3A02, 0x4202, 0x3A01, 0x3A01, 0x3A21, 0x3A41, 0x3A40, 0x4261, 0x4A63, 0x5284, 0x5AC4, 0x5AC4, 0x6305, 0x7367, 0x7BA8, 0x7BA8,
  0x7BA7, 0x7387, 0x7368, 0x6B27, 0x7328, 0x5A84, 0x1900, 0x08C0, 0x3A02, 0x62E5, 0x5AE4, 0x5AE4, 0x5B84, 0x6466, 0xA222, 0xC000,
  0xA000, 0x5000, 0xA000, 0xF143, 0xE963, 0xE943, 0xF204, 0xE0C2, 0xE022, 0xD002, 0xD881, 0xF123, 0xF1A4, 0xD881, 0xB800, 0xD8C2,
  0xE902, 0xF143, 0xE022, 0xB801, 0xB801, 0xC801, 0xB800, 0xA800, 0xA800, 0xB000, 0xB000, 0xA800, 0xA000, 0x9000, 0xA000, 0xD001,
  0xC000, 0xC001, 0xE8E2, 0xF123, 0xE902, 0xE8A2, 0xE8A2, 0xF0E3, 0xC000, 0xB800, 0xC861, 0xC820, 0xC000, 0x9800, 0xE902, 0xF246,
  0xF1A4, 0x8800, 0xA002, 0xF1A5, 0xF1C5, 0xF225, 0xF1C4, 0xC8E5, 0xEA08, 0xD063, 0xA000, 0xD800, 0xCAC6, 0x956E, 0xA46B, 0xA46C,
  0xA46C, 0xA48D, 0xA48D, 0xAC8D, 0xB4CE, 0x7B88, 0x29C0, 0x8368, 0xAC6E, 0x93EB, 0x8BCA, 0x83A9, 0x8BAA, 0x93EA, 0x9C2B, 0xA44B,
  0xA46B, 0xA48B, 0xA4AB, 0xA4AA, 0x9CAA, 0x9C8A, 0x9C8A, 0x9469, 0x9469, 0xA4CB, 0x9CAA, 0xF81F, 0xF81F, 0x4202, 0x4222, 0x4222,
  0x4222, 0x4222, 0x4201, 0x4202, 0x4202, 0x4202, 0x4202, 0x3A02, 0x3A21, 0x3A41, 0x3A40, 0x4262, 0x4A84, 0x5284, 0x5AC5, 0x62E5,
  0x6305, 0x6B46, 0x7387, 0x7BA8, 0x7BA8, 0x7387, 0x7368, 0x7348, 0x7348, 0x6AE7, 0x2980, 0x00E0, 0x2180, 0x62E4, 0x6304, 0x5B64,
  0x5BA4, 0xA060, 0xB000, 0x8800, 0x7000, 0x6800, 0xC820, 0xF163, 0xE0C2, 0xD081, 0xF205, 0xF225, 0xF124, 0xD802, 0xD061, 0xE963,
  0xD061, 0xB800, 0xB800, 0xE923, 0xF1C3, 0xE062, 0xB801, 0xA000, 0xC001, 0xE002, 0xD802, 0xE002, 0xB800, 0xA000, 0xA800, 0xA800,
  0xA800, 0xA000, 0xC002, 0x9000, 0x8800, 0xA000, 0xC801, 0xE8A3, 0xF183, 0xF102, 0xE8C2, 0xE902, 0xD841, 0xB800, 0xB800, 0xC841,
  0xC021, 0xD082, 0xF205, 0xF225, 0xE0A2, 0x8800, 0xC0A2, 0xF1E4, 0xF1C5, 0xF183, 0xE902, 0xD966, 0xEA28, 0xD884, 0x8800, 0xC821,
  0xC800, 0x948B, 0x9D2E, 0xA46C, 0xA44C, 0xA46C, 0xA4AD, 0xACAD, 0xB4AE, 0x9C0B, 0x3202, 0x62C5, 0xA44C, 0x9BEB, 0x8BCA, 0x8389,
  0x83A9, 0x8BEA, 0x940A, 0x9C4A, 0xA46A, 0xA48A, 0xA4AA, 0xA4AA, 0xA4CA, 0xA4CA, 0x9CAA, 0x9C8A, 0x9C8B, 0xA4EC, 0x9469, 0xF81F,
  0x49E2, 0x41E2, 0x4202, 0x4202, 0x4202, 0x4202, 0x4201, 0x39E1, 0x4202, 0x4223, 0x4A23, 0x4222, 0x4222, 0x4242, 0x4262, 0x4262,
  0x4A83, 0x5284, 0x5AC5, 0x62E5, 0x6305, 0x6B46, 0x7387, 0x7BA8, 0x7BA8, 0x7387, 0x7367, 0x7348, 0x7348, 0x7308, 0x4A22, 0x0900,
  0x0920, 0x4282, 0x6366, 0x5445, 0x9060, 0x7800, 0x7000, 0x8000, 0x6000, 0x7000, 0xE8E2, 0xB000, 0x8800, 0x9000, 0xC000, 0xF122,
  0xF163, 0xF0C3, 0xD842, 0xC840, 0xB800, 0xB800, 0xE102, 0xF225, 0xD021, 0xA000, 0xA000, 0x9800, 0xB800, 0xE002, 0xE002, 0xD001,
  0xA800, 0xA800, 0xA800, 0xB000, 0xB000, 0xA000, 0xD0C4, 0xB801, 0xA000, 0xC801, 0xA000, 0xA800, 0xD001, 0xF163, 0xF143, 0xF103,
  0xD001, 0xA800, 0xC000, 0xD041, 0xE0E2, 0xF183, 0xF183, 0xF184, 0xD842, 0xA000, 0xD0E3, 0xF163, 0xE0E1, 0xF143, 0xF163, 0xD903,
  0xE986, 0xB001, 0x7800, 0xD0C2, 0xD800, 0xA800, 0x9CAB, 0x958E, 0x9CAD, 0xA46C, 0xA44C, 0xA44C, 0xAC8D, 0xAC6D, 0x4A64, 0x4222,
  0xA40B, 0x93EB, 0x8B89, 0x8389, 0x83A9, 0x8BC8, 0x8C09, 0x9449, 0x9C69, 0xA48A, 0xA4AA, 0xA4CA, 0xA4CA, 0xA4CA, 0x9CAA, 0x9C8A,
  0x9C8B, 0xA4CC, 0x7BC7, 0x4A80, 0x4A02, 0x4A02, 0x4A02, 0x4202, 0x41E1, 0x41E2, 0x4202, 0x41E1, 0x4203, 0x4A43, 0x4A43, 0x4A43,
  0x4A43, 0x4242, 0x4A63, 0x4263, 0x4A83, 0x5284, 0x5AC5, 0x62E5, 0x6305, 0x6B46, 0x7386, 0x7387, 0x7387, 0x7387, 0x6B46, 0x6B26,
  0x6B07, 0x7307, 0x62A5, 0x2180, 0x0100, 0x1220, 0x53E5, 0xA141, 0xA000, 0x6800, 0x7000, 0x7800, 0x7000, 0x6800, 0x7800, 0x7000,
  0x7800, 0x7800, 0x7800, 0x7000, 0xA000, 0xD001, 0xE842, 0xC801, 0xD041, 0xE0A2, 0xF0E3, 0xD801, 0xC801, 0xD001, 0xA800, 0xB000,
  0xE822, 0xE022, 0xC800, 0xD001, 0xA800, 0xB000, 0xB000, 0xB000, 0xB000, 0xA000, 0xB001, 0xE966, 0xE002, 0xD801, 0xA800, 0xB800,
  0xB800, 0xC001, 0xF0A3, 0xF103, 0xC801, 0xA000, 0xC000, 0xD041, 0xE902, 0xF143, 0xF143, 0xF1C4, 0xD002, 0x9800, 0xE923, 0xE0C2,
  0xE102, 0xF1E4, 0xF163, 0xB800, 0xC022, 0x8800, 0x8800, 0xC041, 0xE943, 0xA800, 0x9800, 0xBAC5, 0xA46A, 0x952E, 0x944C, 0x9C0B,
  0xAC6D, 0xAC8E, 0x62E6, 0x31A1, 0x8B69, 0x93CB, 0x8389, 0x8388, 0x83A8, 0x8BC8, 0x8C08, 0x9449, 0x9469, 0x9C89, 0x9CAA, 0xA4CA,
  0xA4CA, 0xA4CA, 0xA4CA, 0x9CAB, 0x9C8B, 0x9C6B, 0x62E4, 0x4280, 0x4A03, 0x4A03, 0x4A02, 0x4202, 0x41E1, 0x41E2, 0x4202, 0x4202,
  0x4A23, 0x4A44, 0x5264, 0x5264, 0x4A63, 0x4A63, 0x4A63, 0x4A63, 0x4263, 0x5284, 0x5AC5, 0x62E6, 0x6306, 0x6B25, 0x6B86, 0x7386,
  0x7386, 0x6B86, 0x6B45, 0x6B26, 0x6B26, 0x6AE6, 0x6AC6, 0x3A21, 0x0160, 0x29A0, 0xC880, 0xE000, 0x9800, 0x7000, 0x7000, 0x7000,
  0x6800, 0x6000, 0x6800, 0x6800, 0x7000, 0x7000, 0x7800, 0x7800, 0x7000, 0xB000, 0xF0C3, 0xD001, 0xC801, 0xC000, 0xA800, 0xC801,
  0xE001, 0xD801, 0xA800, 0xC801, 0xF0C4, 0xC000, 0xA000, 0xB800, 0xA800, 0xB000, 0xB800, 0xB800, 0xB800, 0xA800, 0xC022, 0xF0E3,
  0xE802, 0xC000, 0xA000, 0xB800, 0xB800, 0xA800, 0xB800, 0xF0C3, 0xC801, 0xA000, 0xC000, 0xD021, 0xE8E2, 0xF183, 0xF183, 0xF163,
  0xB800, 0xA801, 0xE0E2, 0xE0C2, 0xF183, 0xF184, 0xD082, 0xB000, 0xB882, 0x8801, 0xB802, 0xB001, 0xF1E6, 0xE124, 0x9800, 0xA000,
  0xB800, 0xA1E3, 0x9CAB, 0x954F, 0xA4AE, 0xAC8D, 0x7B69, 0x29A0, 0x72E6, 0x9BEB, 0x8388, 0x83A8, 0x83A7, 0x8BE8, 0x8C08, 0x9449,
  0x9469, 0x9CA9, 0xA4CA, 0xA4EA, 0xA4EA, 0xA4CB, 0xA4CB, 0xA4AB, 0xA48C, 0x940A, 0x52A1, 0x6323, 0x4A03, 0x4A03, 0x4A03, 0x4A03,
  0x4202, 0x4202, 0x4A02, 0x4A23, 0x5244, 0x5264, 0x5A85, 0x5284, 0x5284, 0x4A63, 0x4A83, 0x4A83, 0x4263, 0x5284, 0x5AA5, 0x62E6,
  0x6307, 0x6B25, 0x6B45, 0x6B85, 0x6B85, 0x6B86, 0x6B65, 0x6B46, 0x6B26, 0x6AE5, 0x5B26, 0x32E3, 0x4880, 0xB800, 0xA800, 0x8800,
  0x7800, 0x6800, 0x9000, 0x8800, 0x7000, 0xA800, 0xE0E2, 0xB820, 0x9000, 0x8800, 0x7000, 0x6800, 0x8000, 0xB800, 0xE841, 0xC800,
  0xD802, 0xC801, 0xB000, 0xC000, 0xC801, 0xC000, 0xB800, 0xB800, 0xB800, 0xA800, 0xB800, 0xB800, 0xB000, 0xB000, 0xB800, 0xB800,
  0xB800, 0xB000, 0xD022, 0xD802, 0xC801, 0xB800, 0xA000, 0xB000, 0xB800, 0xB000, 0xA800, 0xB000, 0xD002, 0xC000, 0xB800, 0xE082,
  0xF163, 0xF1A3, 0xF184, 0xF102, 0xB000, 0xC801, 0xC881, 0xE122, 0xF163, 0xF143, 0xB801, 0xC862, 0xB000, 0xD945, 0xC842, 0xA801,
  0xF266, 0xF1A4, 0xE923, 0x8800, 0x8800, 0xA000, 0xA800, 0xA1E4, 0xA52E, 0xA50F, 0x93EB, 0x3A22, 0x5263, 0x9BEB, 0x8BE8, 0x7BA7,
  0x7BA7, 0x8C08, 0x8C29, 0x9449, 0x9C89, 0x9CAA, 0xA4CA, 0xA4EA, 0xA4EB, 0xA4EB, 0xA4EB, 0xA4CC, 0xACAD, 0x9449, 0x52E1, 0x7BC7,
  0x5204, 0x4A03, 0x4A03, 0x4A23, 0x4A23, 0x4A24, 0x5244, 0x5244, 0x5264, 0x5A85, 0x5AA5, 0x5AA5, 0x5AA4, 0x4A83, 0x4A83, 0x4A83,
  0x4A63, 0x4A84, 0x5AA5, 0x62E6, 0x6307, 0x6B26, 0x6345, 0x6B65, 0x6B85, 0x6B85, 0x6B85, 0x6B45, 0x6B46, 0x6366, 0x5B05, 0xC163,
  0xC800, 0x8000, 0x7000, 0x6000, 0x7000, 0x5800, 0xD061, 0xF163, 0xF1C4, 0xF163, 0xE901, 0xE922, 0xE081, 0xC800, 0xA800, 0x9000,
  0xC000, 0xC000, 0xC800, 0xD802, 0xE003, 0xD801, 0xB800, 0xB800, 0xB800, 0xB800, 0xB800, 0xB000, 0xB000, 0xB800, 0xB800, 0xB800,
  0xB800, 0xB800, 0xB800, 0xC000, 0xB800, 0xB000, 0xD001, 0xD001, 0xB000, 0xA800, 0xA800, 0xB000, 0xB800, 0xB000, 0xB000, 0xA000,
  0xA000, 0xB000, 0xC000, 0xF123, 0xF1A4, 0xF1E4, 0xF1A4, 0xE0A2, 0xD022, 0xB000, 0xC882, 0xF123, 0xF1A4, 0xE903, 0xC001, 0xE922,
  0xA800, 0xE9E8, 0xA800, 0xA001, 0xF205, 0xF143, 0xF1A4, 0xD0A2, 0x7800, 0xA000, 0xA800, 0x9800, 0xA800, 0xA4AC, 0x948C, 0x4AA4,
  0x4221, 0x8BE8, 0x8C09, 0x83C8, 0x8BE8, 0x8C08, 0x8C08, 0x9449, 0x9489, 0x9CAA, 0xA4EB, 0xA4EB, 0xA4EB, 0xA4EB, 0xACEC, 0xACCC,
  0xB4ED, 0x9468, 0x6362, 0x8C29, 0x5224, 0x5224, 0x5224, 0x5224, 0x5224, 0x5244, 0x5A65, 0x5A85, 0x5A85, 0x62C6, 0x62C6, 0x62C5,
  0x5AC5, 0x52A4, 0x4A83, 0x4A83, 0x4A63, 0x4A84, 0x5AA5, 0x62E5, 0x6306, 0x6B26, 0x6B46, 0x6B65, 0x6365, 0x6B85, 0x6B65, 0x6B45,
  0x6BA7, 0x5BC6, 0x9000, 0xF1A7, 0xF1E6, 0xF1E6, 0xF164, 0x8800, 0x5000, 0x8800, 0xF103, 0xF1A4, 0xF2C5, 0xD882, 0xB800, 0xD8C1,
  0xD8A1, 0xD041, 0xC000, 0xE8A1, 0xE8E2, 0xC800, 0xC801, 0xE003, 0xE803, 0xD801, 0xC800, 0xB800, 0xB800, 0xC000, 0xC000, 0xC000,
  0xB800, 0xB800, 0xB800, 0xB800, 0xB800, 0xB800, 0xB800, 0xC800, 0xC000, 0xC000, 0xC000, 0xC801, 0xA800, 0xB000, 0xB000, 0xB000,
  0xB800, 0xB000, 0xB000, 0xB000, 0xA000, 0x9000, 0x9800, 0xC801, 0xF123, 0xF163, 0xF163, 0xE0A2, 0xD041, 0xA800, 0xE122, 0xF184,
  0xF1C4, 0xD862, 0xD8C2, 0xD8C2, 0xD904, 0xF2EB, 0x8800, 0xA001, 0xF227, 0xF164, 0xE0C1, 0xE8E3, 0xD905, 0xC800, 0xD860, 0xD081,
  0xD000, 0xD983, 0x958E, 0x5B47, 0x3221, 0x7B66, 0x9409, 0x8BE8, 0x8C09, 0x8C29, 0x8C28, 0x9428, 0x9469, 0xA4CA, 0xACEC, 0xACEB,
  0xAD0C, 0xAD0C, 0xB50D, 0xAD0D, 0xAD0C, 0x7C05, 0x6B44, 0x9C4A, 0x5A45, 0x5A45, 0x5224, 0x5224, 0x5244, 0x5A65, 0x5A85, 0x62A5,
  0x62C6, 0x62E6, 0x6AE6, 0x62E6, 0x62E6, 0x5AC5, 0x4A84, 0x4A84, 0x4A84, 0x4A83, 0x5284, 0x5AC5, 0x62E5, 0x6306, 0x6B46, 0x6B65,
  0x6B65, 0x6B85, 0x6B65, 0x5BA6, 0x6C06, 0xA020, 0x8000, 0xB861, 0xF163, 0xE081, 0xB000, 0x7000, 0xA800, 0xF103, 0xF164, 0xF1C4,
  0xF163, 0xD081, 0xD882, 0xD8A1, 0xD0A1, 0xE102, 0xE081, 0xE061, 0xD801, 0xC801, 0xC801, 0xC801, 0xD801, 0xD801, 0xD001, 0xD001,
  0xC000, 0xC000, 0xC000, 0xC000, 0xC800, 0xC000, 0xC000, 0xC000, 0xC000, 0xB800, 0xB800, 0xC000, 0xC000, 0xC000, 0xC000, 0xC802,
  0xB800, 0xB000, 0xB800, 0xB800, 0xB800, 0xB800, 0xB000, 0xB000, 0xA800, 0xC000, 0xC801, 0xC801, 0xE042, 0xF0E3, 0xE8C2, 0xE8A2,
  0xC001, 0xB000, 0xE122, 0xF1E4, 0xF184, 0xD062, 0xF1C4, 0xD882, 0xF1E7, 0xF186, 0x8000, 0xA800, 0xF227, 0xE965, 0xE8C3, 0xF269,
  0xF30A, 0xE9A6, 0xD820, 0xC840, 0xE102, 0xF000, 0xAA04, 0x64CA, 0x3241, 0x6B24, 0x9429, 0x942A, 0x9429, 0x9429, 0x9429, 0x9448,
  0x9C8A, 0xA4CB, 0xACEC, 0xB50D, 0xAD0C, 0xAD0D, 0xB50D, 0xB52D, 0xA4CB, 0x5B01, 0x6B25, 0xA46B, 0x5A45, 0x6265, 0x5A65, 0x5A65,
  0x5A85, 0x62A6, 0x62C6, 0x62C6, 0x62C6, 0x6AE7, 0x7307, 0x6B07, 0x6B07, 0x6B07, 0x52C4, 0x52A4, 0x52A4, 0x52A4, 0x5284, 0x5AC5,
  0x5AE5, 0x62E5, 0x6B25, 0x6B45, 0x6B65, 0x6B45, 0x63E6, 0x6426, 0xA8A0, 0x9800, 0x6000, 0x7000, 0xB000, 0xD841, 0xA000, 0x9800,
  0xF124, 0xF1C4, 0xF1E4, 0xF225, 0xD8A1, 0xD881, 0xD8A1, 0xD841, 0xD802, 0xC001, 0xC000, 0xC000, 0xC000, 0xC000, 0xB000, 0xD001,
  0xD001, 0xC000, 0xC800, 0xE002, 0xD801, 0xB800, 0xC000, 0xC000, 0xC000, 0xC801, 0xC000, 0xC000, 0xC000, 0xB800, 0xB800, 0xC000,
  0xC800, 0xC800, 0xC000, 0xB800, 0xB800, 0xB800, 0xB800, 0xB800, 0xB800, 0xB800, 0xB800, 0xB800, 0xB800, 0xC000, 0xF043, 0xF0E3,
  0xF124, 0xF0E3, 0xE8A2, 0xF123, 0xC000, 0xC042, 0xF1E4, 0xF1E4, 0xE0E2, 0xE0E2, 0xF163, 0xE145, 0xF2EB, 0xE146, 0xA800, 0xD002,
  0xF2CA, 0xE944, 0xF207, 0xF32C, 0xF2CA, 0xF228, 0xE9E6, 0xD860, 0xE902, 0xE082, 0xE000, 0x92E5, 0x2363, 0x5AC3, 0x9C4A, 0x9C4A,
  0x9429, 0x9429, 0x9429, 0x944A, 0x9C8B, 0xA4AC, 0xB4ED, 0xAD0D, 0xB50C, 0xAD0D, 0xB4EC, 0xB50D, 0x7BE7, 0x4240, 0x7B67, 0xA46D,
  0x6265, 0x6286, 0x6286, 0x62A6, 0x62C7, 0x6AE7, 0x6AE7, 0x6AE7, 0x6AE7, 0x6B07, 0x6AE7, 0x6B27, 0x7368, 0x6B47, 0x5AE5, 0x5283,
  0x52C4, 0x52C4, 0x52A4, 0x52A4, 0x5AC4, 0x5AE4, 0x6325, 0x6B45, 0x6B85, 0x63C5, 0x63E5, 0xA880, 0x9800, 0x6000, 0x6000, 0x9000,
  0x9000, 0xA800, 0xC800, 0xC801, 0xF123, 0xE903, 0xF1C4, 0xF163, 0xC800, 0xC801, 0xC001, 0xB801, 0xC001, 0xB000, 0xB000, 0xB800,
  0xB800, 0xC000, 0xC000, 0xC000, 0xC001, 0xC000, 0xB800, 0xC801, 0xD001, 0xC800, 0xC000, 0xC000, 0xC000, 0xC000, 0xC000, 0xC000,
  0xC000, 0xC000, 0xB800, 0xC800, 0xC800, 0xC801, 0xC000, 0xB800, 0xB800, 0xB800, 0xB800, 0xB800, 0xC000, 0xC000, 0xB800, 0xB800,
  0xB800, 0xB000, 0xE002, 0xE042, 0xF0E2, 0xE882, 0xD802, 0xE8E3, 0xC000, 0xC001, 0xE0A2, 0xF142, 0xC841, 0xD881, 0xD041, 0xE904,
  0xF1C5, 0xE986, 0xD001, 0xD8C4, 0xF269, 0xF207, 0xF2A9, 0xF2EA, 0xF1C6, 0xF227, 0xF2AA, 0xF1A6, 0xE081, 0xE101, 0xF0C2, 0xC800,
  0x5120, 0x3323, 0x9C4A, 0x946A, 0x9429, 0x9429, 0x942A, 0x9C4A, 0x9C4B, 0xA48C, 0xACCD, 0xACEC, 0xACEC, 0xAD0C, 0xB50C, 0xA4CB,
  0x5B02, 0x4220, 0x8BAA, 0xAC8D, 0x6266, 0x6A87, 0x6AA7, 0x6AC7, 0x6AE7, 0x6AE7, 0x7328, 0x7B29, 0x7328, 0x6B07, 0x6AE7, 0x6B27,
  0x7348, 0x6B27, 0x5AE5, 0x4AC3, 0x52C4, 0x5AC5, 0x5AC5, 0x52A4, 0x52A3, 0x52C4, 0x5AE4, 0x6325, 0x6385, 0x5BE5, 0x8040, 0x7800,
  0x5800, 0x8000, 0x9000, 0xC000, 0xC801, 0xB800, 0xA800, 0xC000, 0xE062, 0xF1E4, 0xF1C4, 0xC000, 0xA800, 0xC001, 0xC801, 0xC801,
  0xC001, 0xB800, 0xB800, 0xB800, 0xB800, 0xB800, 0xC801, 0xC800, 0xC000, 0xC000, 0xC000, 0xB800, 0xC000, 0xD801, 0xC000, 0xC000,
  0xC000, 0xC000, 0xC000, 0xC000, 0xC000, 0xC000, 0xD801, 0xE002, 0xD000, 0xC800, 0xD001, 0xB800, 0xB800, 0xB800, 0xB800, 0xB800,
  0xC000, 0xC000, 0xB800, 0xB800, 0xB800, 0xB000, 0xD001, 0xD801, 0xE882, 0xF0E3, 0xE002, 0xD801, 0xC802, 0xB000, 0xD041, 0xE902,
  0xD042, 0xE902, 0xE8E3, 0xF0E3, 0xE083, 0xC802, 0x9800, 0xC8E4, 0xF1A7, 0xF2A9, 0xF2E9, 0xF289, 0xF185, 0xF227, 0xF2AA, 0xF34D,
  0xF208, 0xE8C1, 0xE922, 0xE8A2, 0xF000, 0x5201, 0x7428, 0x9C6A, 0x9429, 0x942A, 0x942A, 0x9C2B, 0x9C2B, 0xA46C, 0xACAC, 0xACCC,
  0xACEC, 0xB4ED, 0xB50D, 0x9448, 0x4260, 0x5242, 0x9C0A, 0xACAD, 0x6A65, 0x6AA7, 0x7308, 0x72E8, 0x72E8, 0x72E8, 0x7B29, 0x836A,
  0x8349, 0x7328, 0x6B07, 0x6B27, 0x7327, 0x6B27, 0x6306, 0x52C3, 0x52C4, 0x5AC5, 0x5AC5, 0x5AC4, 0x4A83, 0x52A3, 0x5AC4, 0x6325,
  0x53A4, 0x7345, 0xF043, 0xD882, 0xA800, 0xD041, 0xD881, 0xC020, 0xB800, 0xD001, 0xB000, 0xC801, 0xE801, 0xF144, 0xB000, 0x9800,
  0xA800, 0xC001, 0xD001, 0xD001, 0xC801, 0xB800, 0xB800, 0xB800, 0xB800, 0xB800, 0xC000, 0xC001, 0xD001, 0xC000, 0xC000, 0xC000,
  0xC000, 0xC000, 0xC000, 0xC000, 0xC000, 0xC000, 0xC001, 0xC001, 0xC001, 0xE001, 0xE002, 0xE802, 0xE002, 0xD801, 0xD001, 0xC801,
  0xC001, 0xC000, 0xC000, 0xC000, 0xC000, 0xC000, 0xD001, 0xC000, 0xB800, 0xB000, 0xB800, 0xE802, 0xF022, 0xD001, 0xB800, 0xB000,
  0xB800, 0xB000, 0xF225, 0xE902, 0xD841, 0xF163, 0xF247, 0xF144, 0xE0E3, 0xD0A4, 0x9000, 0xD9A8, 0xE863, 0xF2E9, 0xF2CA, 0xF248,
  0xF1E6, 0xF207, 0xF34D, 0xF2EB, 0xF2EA, 0xF248, 0xE8E1, 0xF1C3, 0xF183, 0xC8C1, 0x53A6, 0x944A, 0x9409, 0x940A, 0x940A, 0x940B,
  0x9C0B, 0x9C2B, 0xA46B, 0xA4AC, 0xACEC, 0xB52D, 0xB50D, 0x83E7, 0x4220, 0x6AC4, 0x9C2A, 0x940A, 0x6A86, 0x72A7, 0x7B09, 0x7AE9,
  0x7AE8, 0x7AE8, 0x7B29, 0x836A, 0x8349, 0x7328, 0x7307, 0x7327, 0x7348, 0x7327, 0x6B06, 0x5AE5, 0x52C4, 0x5AE5, 0x62E5, 0x62C5,
  0x52A3, 0x4A61, 0x52C3, 0x62E4, 0x53C5, 0x8A83, 0xF0C4, 0xF1A5, 0xF0E2, 0xE943, 0xC861, 0xC800, 0xC841, 0xC841, 0xB000, 0xB800,
  0xC801, 0xA000, 0xA000, 0xB000, 0xB800, 0xB800, 0xC801, 0xC801, 0xC000, 0xB800, 0xB800, 0xB800, 0xB800, 0xB800, 0xC000, 0xC000,
  0xC001, 0xC801, 0xC000, 0xC001, 0xC000, 0xC000, 0xC000, 0xB800, 0xC000, 0xC000, 0xC000, 0xC801, 0xE002, 0xF003, 0xE802, 0xE002,
  0xE002, 0xD001, 0xD001, 0xC801, 0xC801, 0xC801, 0xC000, 0xC000, 0xB800, 0xC800, 0xD801, 0xC801, 0xB000, 0xB800, 0xB800, 0xC801,
  0xC000, 0xA800, 0xA000, 0xA800, 0xB800, 0xA800, 0xD842, 0xE082, 0xD840, 0xF163, 0xF1E5, 0xE8C2, 0xC843, 0xD0A4, 0xB001, 0xE9A8,
  0xF144, 0xF288, 0xF228, 0xF248, 0xF1C6, 0xF1E6, 0xF2C9, 0xF226, 0xF225, 0xF2C8, 0xF1E6, 0xE922, 0xF163, 0xF081, 0x7283, 0x7C29,
  0x93EA, 0x93EA, 0x93EA, 0x93EB, 0x93EB, 0x9C0B, 0x9C2B, 0xA48C, 0xACCC, 0xB50D, 0xAD0D, 0x6B64, 0x5260, 0x8B87, 0xA48B, 0x93EA,
  0x72A7, 0x72A7, 0x72C8, 0x7AE8, 0x7AE8, 0x7B08, 0x7B29, 0x834A, 0x8328, 0x7327, 0x7307, 0x6B07, 0x7348, 0x7327, 0x7326, 0x62E5,
  0x5AE5, 0x5AC5, 0x62E5, 0x62C5, 0x52A3, 0x4281, 0x4AA2, 0x5AE3, 0x5405, 0x9880, 0xF0A2, 0xF1C5, 0xF164, 0xF123, 0xC841, 0xC841,
  0xD881, 0xC000, 0xA800, 0xA000, 0x9800, 0xA800, 0xB000, 0xB800, 0xB800, 0xB800, 0xC000, 0xC001, 0xC000, 0xB800, 0xB800, 0xB800,
  0xB800, 0xB800, 0xC000, 0xC000, 0xC000, 0xC001, 0xC800, 0xC001, 0xC001, 0xC000, 0xC000, 0xC000, 0xB800, 0xC000, 0xC800, 0xD802,
  0xE802, 0xE802, 0xE001, 0xC801, 0xC801, 0xD001, 0xD001, 0xD000, 0xC801, 0xC801, 0xC801, 0xC801, 0xC800, 0xC800, 0xD801, 0xD001,
  0xB800, 0xA800, 0xE002, 0xC801, 0xA000, 0xA800, 0xA800, 0xC000, 0xD001, 0xA000, 0xA000, 0xE083, 0xF122, 0xF163, 0xF104, 0xE945,
  0xE966, 0xB800, 0xD8A5, 0xF186, 0xF267, 0xF208, 0xF227, 0xF206, 0xF208, 0xF2EB, 0xF1E5, 0xF183, 0xF1C5, 0xF226, 0xF2EA, 0xF1E5,
  0xF163, 0xF0E3, 0xB1A2, 0x63E8, 0x9BEB, 0x93CA, 0x93CA, 0x93CA, 0x8BCA, 0x93CA, 0x93EB, 0xA44C, 0xACAC, 0xB50E, 0xA4AB, 0x5B01,
  0x62C1, 0x9C49, 0xA4AB, 0x9C2A, 0x72A7, 0x72A7, 0x72C7, 0x7AC8, 0x7AE8, 0x7AE8, 0x7B08, 0x7B29, 0x7B28, 0x7B27, 0x7307, 0x6B07,
  0x7327, 0x7368, 0x7327, 0x62E6, 0x62E5, 0x62E5, 0x62E5, 0x5AA4, 0x5283, 0x4260, 0x4260, 0x4B44, 0x6B23, 0xA800, 0xE0A2, 0xF1A3,
  0xF183, 0xE0E2, 0xE8E3, 0xE0E2, 0xC861, 0xD841, 0xB800, 0xA000, 0xA000, 0xB000, 0xB000, 0xB800, 0xB800, 0xB800, 0xB800, 0xC000,
  0xC000, 0xC000, 0xB800, 0xB800, 0xB800, 0xC000, 0xC000, 0xC000, 0xC000, 0xC000, 0xC000, 0xC800, 0xC000, 0xC000, 0xC000, 0xB800,
  0xB800, 0xC000, 0xC000, 0xD801, 0xD001, 0xC801, 0xC801, 0xC801, 0xD000, 0xD001, 0xD001, 0xD001, 0xC801, 0xC801, 0xC801, 0xC801,
  0xC801, 0xC801, 0xD801, 0xE002, 0xC801, 0xA000, 0xE802, 0xD801, 0xA800, 0xB000, 0xA800, 0xB800, 0xB800, 0xA800, 0xA000, 0xC001,
  0xF183, 0xF163, 0xF123, 0xF228, 0xF32D, 0xD863, 0xE925, 0xF2C9, 0xF248, 0xF1C6, 0xF207, 0xF228, 0xF2AA, 0xF267, 0xF207, 0xF2C9,
  0xF1C4, 0xF224, 0xF245, 0xF245, 0xF225, 0xF1A3, 0xF102, 0x7367, 0x944B, 0x93AA, 0x8BA9, 0x8B89, 0x8B8A, 0x8B8A, 0x93CB, 0xA44C,
  0xACAD, 0xB4ED, 0x8C07, 0x52C0, 0x7365, 0xACAA, 0xACCB, 0xA46B, 0x7286, 0x72A7, 0x72C7, 0x7AC8, 0x7AE8, 0x7AE8, 0x7AE8, 0x7B08,
  0x8349, 0x7B27, 0x6B07, 0x6AE6, 0x6B06, 0x7327, 0x6B07, 0x62E5, 0x62E5, 0x62E5, 0x62E5, 0x5AA4, 0x5283, 0x4A81, 0x3A60, 0x43A3,
  0x80C0, 0x8800, 0xA000, 0xA800, 0xC000, 0xE923, 0xE902, 0xF0E3, 0xE0A2, 0xD841, 0xE021, 0x9800, 0xA000, 0xB000, 0xB000, 0xB800,
  0xB800, 0xC000, 0xC001, 0xC000, 0xC000, 0xC000, 0xC000, 0xC000, 0xB800, 0xC000, 0xC000, 0xC000, 0xC000, 0xB800, 0xB800, 0xB800,
  0xC000, 0xB800, 0xB800, 0xB800, 0xB800, 0xC000, 0xC000, 0xC000, 0xC801, 0xC801, 0xC800, 0xD001, 0xD001, 0xD001, 0xD001, 0xD001,
  0xD001, 0xD802, 0xD001, 0xD001, 0xD001, 0xD001, 0xD001, 0xD801, 0xD001, 0xB000, 0xD802, 0xE002, 0xB800, 0xB800, 0xB800, 0xB800,
  0xB800, 0xB000, 0xA800, 0xB801, 0xF1A4, 0xF1E4, 0xE8A1, 0xF103, 0xF2CA, 0xF166, 0xF1C5, 0xF268, 0xF1A7, 0xF207, 0xF1A6, 0xF228,
  0xF2CA, 0xF269, 0xF38D, 0xF32C, 0xF268, 0xF2C9, 0xF247, 0xF225, 0xF245, 0xF265, 0xF122, 0xA9E4, 0x744A, 0x8BA8, 0x8368, 0x7B68,
  0x8B89, 0x8B8A, 0x93CB, 0xA46C, 0xACAE, 0xACCD, 0x7384, 0x5AE0, 0x8C28, 0xACEB, 0xA4CB, 0xA4AB, 0x6A85, 0x72A6, 0x72C7, 0x7AE8,
  0x82E9, 0x8309, 0x7B08, 0x7AE8, 0x7B08, 0x72E7, 0x6AE6, 0x6AE6, 0x62E5, 0x62E5, 0x62E5, 0x62E5, 0x62E5, 0x62E5, 0x62E5, 0x5AC5,
  0x5AC4, 0x5283, 0x3AE2, 0x6261, 0xB800, 0x8000, 0x8800, 0xA800, 0xA000, 0xB000, 0xE0C1, 0xE8E3, 0xF123, 0xF0C3, 0xB000, 0xA000,
  0xA800, 0xA800, 0xB000, 0xB800, 0xB800, 0xC000, 0xC800, 0xC801, 0xC001, 0xC000, 0xC000, 0xC000, 0xB800, 0xC000, 0xC000, 0xC001,
  0xC801, 0xC001, 0xB800, 0xB800, 0xC000, 0xB800, 0xB800, 0xB800, 0xB800, 0xB800, 0xC000, 0xC000, 0xC800, 0xC801, 0xD001, 0xD001,
  0xD001, 0xD001, 0xD001, 0xD001, 0xC801, 0xE002, 0xD001, 0xD001, 0xD001, 0xD001, 0xD001, 0xD001, 0xD001, 0xB800, 0xC001, 0xD802,
  0xB800, 0xB800, 0xB800, 0xB800, 0xB800, 0xB800, 0xA800, 0xD001, 0xF225, 0xF103, 0xE8C2, 0xF0E2, 0xC800, 0xF1C7, 0xF226, 0xE904,
  0xF32C, 0xF227, 0xD862, 0xF228, 0xF34C, 0xF34C, 0xF32C, 0xF2AA, 0xF269, 0xF34D, 0xF268, 0xF1E5, 0xF226, 0xF32A, 0xF225, 0xF123,
  0x7BA9, 0x7BA8, 0x7B46, 0x7B48, 0x8369, 0x8B8A, 0x93CB, 0x9C0C, 0xAC8D, 0xA46B, 0x6341, 0x73C4, 0xACCB, 0xACEC, 0xACEB, 0xACCB,
  0x6A84, 0x6A85, 0x72A6, 0x7AC7, 0x7AE8, 0x8309, 0x7AE8, 0x72C7, 0x72C7, 0x6AC6, 0x6AC6, 0x62C5, 0x62C5, 0x5AC5, 0x5AC5, 0x5AC5,
  0x62C5, 0x62E5, 0x62E5, 0x62E5, 0x62E5, 0x62E5, 0x4364, 0x88A0, 0x9800, 0x6800, 0x9800, 0xC001, 0xA800, 0x9800, 0xA800, 0xE0C2,
  0xF143, 0xF0C3, 0xA000, 0xA800, 0xB000, 0xA800, 0xB000, 0xB800, 0xC000, 0xC001, 0xC801, 0xC801, 0xC000, 0xC000, 0xC001, 0xC801,
  0xB800, 0xB800, 0xC000, 0xC801, 0xC801, 0xC801, 0xC001, 0xB800, 0xB800, 0xB800, 0xB800, 0xB800, 0xB800, 0xB800, 0xC000, 0xC000,
  0xC800, 0xC800, 0xD001, 0xD001, 0xD001, 0xD001, 0xD001, 0xD801, 0xD001, 0xD002, 0xD001, 0xD001, 0xD001, 0xD001, 0xD001, 0xD801,
  0xD001, 0xC000, 0xB000, 0xB000, 0xB800, 0xB800, 0xB800, 0xB800, 0xB800, 0xB000, 0xB000, 0xD802, 0xF0E3, 0xE8A2, 0xF1A4, 0xB800,
  0xD000, 0xF227, 0xE105, 0xF164, 0xF288, 0xC001, 0xE187, 0xF34C, 0xF2AA, 0xF247, 0xF2AA, 0xF2EB, 0xF30B, 0xF38C, 0xF2EB, 0xF163,
  0xF1E4, 0xF32A, 0xF225, 0xF163, 0xAAC6, 0x63C7, 0x7B47, 0x8368, 0x8369, 0x93AB, 0x93CB, 0x9C0C, 0xAC8D, 0x8BE7, 0x6340, 0x9468,
  0xB52D, 0xAD0C, 0xB50C, 0xB4EC, 0x6284, 0x6A85, 0x72A6, 0x72C6, 0x72C6, 0x72C7, 0x72C7, 0x72C7, 0x6AC6, 0x6AC6, 0x6AC6, 0x62C5,
  0x62C5, 0x5AC5, 0x5AA4, 0x5AC5, 0x62C5, 0x6AE6, 0x6B06, 0x6AE6, 0x6B06, 0x6326, 0x5B65, 0xA800, 0x7800, 0x7000, 0xB800, 0xD842,
  0xC801, 0xC801, 0xA800, 0xA800, 0xD842, 0xB800, 0xA000, 0xB800, 0xB800, 0xA000, 0xA800, 0xC000, 0xC800, 0xC801, 0xC801, 0xC801,
  0xC801, 0xC000, 0xC000, 0xB800, 0xB800, 0xB800, 0xC801, 0xD802, 0xE002, 0xD802, 0xC801, 0xC000, 0xB800, 0xB800, 0xB800, 0xB800,
  0xB800, 0xB800, 0xB800, 0xC000, 0xC800, 0xC801, 0xC800, 0xD001, 0xD001, 0xD001, 0xD801, 0xD801, 0xD801, 0xD001, 0xC801, 0xD801,
  0xD001, 0xD001, 0xD001, 0xD801, 0xD001, 0xC801, 0xB800, 0xB000, 0xB800, 0xC000, 0xC000, 0xB800, 0xB800, 0xB000, 0xD802, 0xF062,
  0xC801, 0xF104, 0xE082, 0xC000, 0xF1E4, 0xE903, 0xE927, 0xF186, 0xC800, 0xC883, 0xF30A, 0xF2AA, 0xF2EB, 0xF2A9, 0xF2CA, 0xF289,
  0xF2A9, 0xF2AA, 0xF32C, 0xF289, 0xF246, 0xF223, 0xF224, 0xF1C5, 0xD9A3, 0x63C7, 0x7B67, 0x8389, 0x8BAA, 0x93AA, 0x93CB, 0x9C0C,
  0xA44B, 0x7383, 0x6B81, 0xACEB, 0xBD6E, 0xB52D, 0xB52D, 0xB52C, 0x6284, 0x6A85, 0x72C7, 0x7AC7, 0x72C6, 0x72A6, 0x6AA6, 0x72C6,
  0x6AC6, 0x6AE6, 0x6AE6, 0x62E6, 0x62E5, 0x62C5, 0x5AC5, 0x5AC5, 0x62E6, 0x6B06, 0x6B06, 0x6B06, 0x6B06, 0x53E8, 0x79C2, 0x8800,
  0x7000, 0x7800, 0xB000, 0xB000, 0xB000, 0xE0A3, 0xF143, 0xD841, 0xA800, 0x9800, 0xA000, 0xC801, 0xC000, 0xA800, 0xA800, 0xB800,
  0xC801, 0xC801, 0xD001, 0xC801, 0xC800, 0xC000, 0xB800, 0xB800, 0xB800, 0xB800, 0xC801, 0xD001, 0xD001, 0xD802, 0xD001, 0xC800,
  0xB800, 0xB800, 0xB800, 0xB800, 0xB800, 0xB800, 0xB800, 0xB800, 0xC800, 0xC801, 0xC801, 0xC801, 0xD001, 0xD801, 0xD001, 0xD801,
  0xD801, 0xD801, 0xC001, 0xD001, 0xD001, 0xD001, 0xD001, 0xD001, 0xD001, 0xC800, 0xB800, 0xB800, 0xB800, 0xB800, 0xC000, 0xC000,
  0xB800, 0xB000, 0xF063, 0xF023, 0xB000, 0xC801, 0xD801, 0xF184, 0xF267, 0xE967, 0xF1A7, 0xC802, 0xA000, 0xF1A5, 0xF1C8, 0xF34C,
  0xF30B, 0xF34D, 0xF247, 0xF1C4, 0xF288, 0xF288, 0xF1E6, 0xF268, 0xF1E4, 0xF1E3, 0xF1E3, 0xF30A, 0xF269, 0x5B66, 0x73A8, 0x83A9,
  0x8BEB, 0x8BCA, 0x93CB, 0xA40D, 0x9BE9, 0x6340, 0x8405, 0xBD6E, 0xC56F, 0xBD4D, 0xBD2D, 0xBD2D, 0x6284, 0x6A85, 0x6AA5, 0x6AA5,
  0x6AA6, 0x6A86, 0x6AA6, 0x72C6, 0x6AE6, 0x6AE6, 0x6B06, 0x6B06, 0x6AE5, 0x62E5, 0x62E5, 0x62E5, 0x6B06, 0x7327, 0x7327, 0x6B06,
  0x63A7, 0x81E2, 0xA000, 0x8000, 0x7800, 0x8000, 0xC000, 0xC801, 0xE0A3, 0xF144, 0xC801, 0xC000, 0xA800, 0x9800, 0xA000, 0xB800,
  0xD001, 0xB800, 0xA800, 0xA800, 0xC000, 0xD001, 0xD001, 0xD001, 0xC800, 0xC800, 0xB800, 0xB800, 0xB800, 0xC000, 0xD802, 0xE002,
  0xE002, 0xD001, 0xC000, 0xC801, 0xC000, 0xB800, 0xB800, 0xB800, 0xB800, 0xB800, 0xC000, 0xB800, 0xB800, 0xC801, 0xD001, 0xD001,
  0xD001, 0xD801, 0xD001, 0xD801, 0xD801, 0xE802, 0xC801, 0xC801, 0xE002, 0xD001, 0xD001, 0xD001, 0xD001, 0xC801, 0xC000, 0xC000,
  0xB800, 0xB800, 0xC000, 0xC801, 0xB800, 0xB000, 0xE802, 0xF003, 0xB800, 0xB000, 0xF0A4, 0xF2EA, 0xF32C, 0xF34D, 0xD8A3, 0x7800,
  0xD945, 0xE944, 0xF34C, 0xF289, 0xF207, 0xF30B, 0xF206, 0xF288, 0xF2CB, 0xF227, 0xF268, 0xF2EB, 0xF248, 0xF207, 0xF1C4, 0xF30A,
  0xEACA, 0x5B66, 0x7BA8, 0x8388, 0x8BAA, 0x8BAA, 0x93EB, 0xA42C, 0x83C6, 0x6340, 0x9C8A, 0xC56E, 0xC58F, 0xBD6F, 0xBD6E, 0xBD4D,
  0x6A85, 0x6A85, 0x6285, 0x6285, 0x6A85, 0x6AA6, 0x72C6, 0x6AE6, 0x6AE6, 0x6B26, 0x6B26, 0x6B05, 0x6B05, 0x62E5, 0x62E5, 0x6305,
  0x6B26, 0x7327, 0x7327, 0x6B87, 0x6B05, 0x9000, 0x7800, 0x7800, 0xA800, 0xB000, 0xC820, 0xD061, 0xE903, 0xE0A2, 0xA800, 0xB000,
  0xA800, 0xA800, 0xA800, 0xB800, 0xC000, 0xB800, 0xB000, 0xB800, 0xB800, 0xD001, 0xD001, 0xD801, 0xC800, 0xC000, 0xC000, 0xC801,
  0xC801, 0xC801, 0xC801, 0xD001, 0xE002, 0xD001, 0xD001, 0xD001, 0xC800, 0xB800, 0xB800, 0xB800, 0xB800, 0xB800, 0xD001, 0xC801,
  0xB800, 0xC000, 0xC801, 0xD001, 0xD001, 0xD001, 0xD001, 0xD801, 0xD001, 0xE802, 0xE802, 0xC001, 0xD802, 0xD801, 0xD001, 0xD001,
  0xD001, 0xD001, 0xC801, 0xC001, 0xC000, 0xB800, 0xB000, 0xC801, 0xB800, 0xB000, 0xE002, 0xE002, 0xC001, 0xC000, 0xF165, 0xF248,
  0xF209, 0xF0E5, 0x8000, 0xD9C9, 0xF268, 0xF1E5, 0xF2EA, 0xF28A, 0xF268, 0xF208, 0xF248, 0xF288, 0xF2A8, 0xF2EA, 0xF2A8, 0xF309,
  0xF470, 0xF3ED, 0xF2E9, 0xF289, 0xC9A5, 0x5366, 0x7BA8, 0x7B68, 0x8389, 0x8BCA, 0x9C0C, 0x9C2A, 0x7362, 0x7383, 0xACCD, 0xC54F,
  0xC590, 0xC56F, 0xC56E, 0xBD4D, 0x6AA5, 0x6AA5, 0x6284, 0x6285, 0x6A85, 0x6AA6, 0x7307, 0x6AE6, 0x6AE5, 0x7346, 0x7366, 0x6B25,
  0x6B05, 0x6B05, 0x62E5, 0x6305, 0x6B26, 0x7327, 0x7B47, 0x6BC9, 0x8244, 0xC000, 0x8800, 0x8000, 0xB000, 0xC000, 0xD041, 0xE0C2,
  0xF1C4, 0xC000, 0x9000, 0x9800, 0xA000, 0xA800, 0xA800, 0xB800, 0xD001, 0xC000, 0xB800, 0xB800, 0xB800, 0xC000, 0xD001, 0xD001,
  0xD001, 0xC800, 0xC000, 0xC000, 0xC000, 0xC000, 0xC000, 0xB800, 0xB800, 0xB800, 0xC800, 0xD001, 0xD001, 0xC800, 0xB000, 0xB800,
  0xB800, 0xB800, 0xC800, 0xC801, 0xC000, 0xC000, 0xC800, 0xD001, 0xD001, 0xD001, 0xD001, 0xD001, 0xD001, 0xE002, 0xF003, 0xD001,
  0xC801, 0xD801, 0xD001, 0xD001, 0xD001, 0xD001, 0xC801, 0xC801, 0xC001, 0xC000, 0xB000, 0xB800, 0xB800, 0xB800, 0xD801, 0xE003,
  0xC000, 0xC000, 0xF104, 0xF186, 0xE064, 0x9800, 0xC988, 0xF32C, 0xF2EA, 0xF104, 0xF208, 0xF268, 0xF2AA, 0xF34C, 0xF2EB, 0xF208,
  0xF1E7, 0xF2A9, 0xF2A8, 0xF287, 0xF267, 0xE123, 0xE964, 0xF125, 0x91C3, 0x4365, 0x8388, 0x7347, 0x7348, 0x8BCA, 0xA44C, 0x9428,
  0x6340, 0x8BE8, 0xBCEF, 0xC54F, 0xC56F, 0xC56F, 0xBD6E, 0xBD4D, 0x72E7, 0x6284, 0x6285, 0x6285, 0x6A85, 0x6AC5, 0x7306, 0x6AE5,
  0x6B05, 0x7346, 0x6B45, 0x6B25, 0x6B25, 0x6B05, 0x62E5, 0x6305, 0x6B26, 0x7327, 0x7B68, 0x63C9, 0x9245, 0xF041, 0xF0A3, 0xE041,
  0xC000, 0xB800, 0xC000, 0xE103, 0xC800, 0x9000, 0xA000, 0xA000, 0xA000, 0xA800, 0xA800, 0xA800, 0xC000, 0xD001, 0xC800, 0xB800,
  0xC000, 0xB800, 0xC801, 0xD801, 0xD001, 0xC801, 0xB800, 0xC000, 0xB800, 0xC000, 0xC000, 0xC000, 0xC000, 0xB800, 0xB800, 0xB000,
  0xB800, 0xC000, 0xB800, 0xB000, 0xB000, 0xB800, 0xB800, 0xB800, 0xC000, 0xC000, 0xC001, 0xC801, 0xD001, 0xD801, 0xD001, 0xD001,
  0xD801, 0xD801, 0xF003, 0xE002, 0xC000, 0xD001, 0xD001, 0xD001, 0xD001, 0xD001, 0xC800, 0xC801, 0xC001, 0xC001, 0xC801, 0xB000,
  0xB800, 0xB801, 0xE002, 0xE803, 0xD001, 0xB800, 0xE843, 0xD822, 0x9000, 0xD126, 0xF2CA, 0xF229, 0xE084, 0xE905, 0xF1C6, 0xF268,
  0xF36C, 0xF207, 0xE0E4, 0xE9A6, 0xF1E7, 0xE124, 0xC000, 0xA800, 0x9800, 0xA800, 0xB000, 0xE001, 0x6A23, 0x3B03, 0x8387, 0x7367,
  0x6B46, 0x83A9, 0x9C4B, 0x83C4, 0x6B61, 0xA46D, 0xC4F0, 0xBD50, 0xC570, 0xC590, 0xBD4E, 0xBD2C, 0x8B8B, 0x72E7, 0x6264, 0x6A85,
  0x6AC5, 0x72E5, 0x7305, 0x6B05, 0x6B04, 0x6B25, 0x6B45, 0x6B25, 0x6B25, 0x6B05, 0x6305, 0x6B25, 0x6B25, 0x6AE5, 0x7327, 0x6C09,
  0xB9E5, 0xF0C2, 0xE102, 0xF143, 0xF0C2, 0xC800, 0xC800, 0xE0C2, 0xE0A3, 0xF184, 0xF0E3, 0xB800, 0x9000, 0xA800, 0xA800, 0xB000,
  0xB800, 0xC000, 0xC000, 0xB800, 0xC000, 0xC000, 0xC000, 0xD001, 0xE002, 0xD001, 0xC000, 0xB800, 0xB800, 0xB800, 0xB800, 0xC001,
  0xC801, 0xD802, 0xE002, 0xD801, 0xC000, 0xB800, 0xB800, 0xB800, 0xB000, 0xB000, 0xB000, 0xB800, 0xB800, 0xC000, 0xC001, 0xC801,
  0xC801, 0xD001, 0xD801, 0xD001, 0xD001, 0xD802, 0xE002, 0xE803, 0xD002, 0xD001, 0xD001, 0xD001, 0xD001, 0xD801, 0xC801, 0xC001,
  0xC001, 0xC801, 0xC801, 0xC001, 0xB800, 0xB000, 0xD801, 0xE003, 0xD802, 0xC801, 0xC801, 0xA800, 0xE209, 0xF2A9, 0xF1A6, 0xF145,
  0xF1E6, 0xF2A8, 0xF1E6, 0xF143, 0xD842, 0xD8A4, 0xF207, 0xF206, 0xE904, 0xC000, 0xA800, 0xB000, 0xA800, 0xD8E4, 0xE925, 0xF0E3,
  0x52C3, 0x32C2, 0x7B87, 0x7B87, 0x6B46, 0x7B87, 0x8C07, 0x6B60, 0x7BA5, 0xBCAF, 0xC4EF, 0xBD30, 0xCD90, 0xC570, 0xBD4E, 0xB52C,
  0x93EC, 0x8B6A, 0x7AE7, 0x72A5, 0x6AC5, 0x72E5, 0x6B05, 0x6B04, 0x6B04, 0x6B24, 0x6B65, 0x6B65, 0x6B25, 0x6304, 0x6304, 0x6B05,
  0x6B26, 0x6B26, 0x6B47, 0x6BE9, 0xE944, 0xF103, 0xD8A1, 0xC841, 0xE0A2, 0xE882, 0xC800, 0xD8A2, 0xF184, 0xF143, 0xE8A1, 0xD801,
  0x9000, 0xA800, 0xA800, 0xB000, 0xB800, 0xB800, 0xB000, 0xB800, 0xC000, 0xC000, 0xC000, 0xC800, 0xD801, 0xE002, 0xC800, 0xB800,
  0xC000, 0xC001, 0xC801, 0xC801, 0xD802, 0xE803, 0xF003, 0xF002, 0xD001, 0xB800, 0xB000, 0xB000, 0xB000, 0xB000, 0xB000, 0xB000,
  0xB800, 0xC801, 0xC801, 0xC801, 0xC801, 0xC801, 0xD001, 0xD802, 0xD001, 0xD801, 0xE803, 0xE002, 0xD802, 0xD002, 0xE002, 0xD801,
  0xD001, 0xD001, 0xD001, 0xC801, 0xC800, 0xC801, 0xD001, 0xC801, 0xC001, 0xB000, 0xC001, 0xE002, 0xE002, 0xF0A4, 0xC000, 0xE0C4,
  0xF2A9, 0xF1C7, 0xF248, 0xF207, 0xF1E6, 0xF145, 0xB800, 0xA800, 0xD023, 0xF207, 0xF227, 0xE0C2, 0xB800, 0xB801, 0xD0C2, 0xD924,
  0xF208, 0xF2EB, 0xF2CA, 0xF287, 0x4B86, 0x3282, 0x6B45, 0x7BC7, 0x7387, 0x7B88, 0x7BA4, 0x6360, 0x9408, 0xBCCF, 0xBCEF, 0xBD2F,
  0xC54F, 0xC570, 0xBD6E, 0xB52C, 0x8B8B, 0x8B49, 0x7AE7, 0x72C6, 0x72C5, 0x6AE4, 0x6AE4, 0x6B04, 0x6B04, 0x6B24, 0x6B64, 0x6324,
  0x6324, 0x62E4, 0x5AC4, 0x6B26, 0x7B87, 0x7347, 0x6B67, 0x6B88, 0xF185, 0xF164, 0xF164, 0xF102, 0xE8E2, 0xE0A1, 0xE081, 0xE8E2,
  0xD861, 0xB800, 0xD000, 0xE842, 0xA000, 0x9000, 0xA800, 0xB800, 0xB800, 0xB800, 0xB800, 0xC000, 0xC800, 0xC000, 0xC000, 0xC800,
  0xD001, 0xE002, 0xD001, 0xC000, 0xC001, 0xC801, 0xC801, 0xC801, 0xC801, 0xD001, 0xD001, 0xD001, 0xE001, 0xD801, 0xB800, 0xB000,
  0xB000, 0xA800, 0xA800, 0xB000, 0xB000, 0xB800, 0xC000, 0xC801, 0xD001, 0xD001, 0xC801, 0xD001, 0xD802, 0xC801, 0xF003, 0xF003,
  0xE802, 0xC801, 0xE802, 0xF003, 0xD001, 0xD001, 0xD001, 0xD001, 0xC801, 0xD002, 0xE003, 0xD001, 0xC801, 0xB801, 0xB000, 0xD002,
  0xF043, 0xF103, 0xE002, 0xE823, 0xF32C, 0xF2CA, 0xF166, 0xF124, 0xF0C3, 0xA800, 0x9000, 0xD022, 0xF124, 0xE0A3, 0xB801, 0x9000,
  0xB000, 0xD903, 0xE985, 0xF2A9, 0xF32A, 0xF268, 0xF184, 0x940A, 0x6BA7, 0x3A82, 0x6303, 0x83A7, 0x7387, 0x7BA7, 0x6BA2, 0x73A3,
  0x9C2B, 0xB4AE, 0xB4EE, 0xBD0E, 0xBD2E, 0xC56F, 0xBD8F, 0xAD0C, 0x7AC7, 0x7AE7, 0x72C7, 0x6A85, 0x6AA5, 0x6AC4, 0x6AE4, 0x6B04,
  0x6B23, 0x6323, 0x6322, 0x5B01, 0x5AE2, 0x6304, 0x6B45, 0x7BA7, 0x7B87, 0x7B46, 0x63A7, 0x8327, 0xF0E3, 0xF163, 0xE963, 0xF183,
  0xF143, 0xF123, 0xF0E2, 0xF082, 0xF102, 0xE102, 0xE0C2, 0xE041, 0xC001, 0x9000, 0x9800, 0xB000, 0xB800, 0xB800, 0xC000, 0xC000,
  0xC000, 0xC800, 0xC000, 0xC800, 0xC801, 0xD001, 0xD001, 0xC801, 0xC001, 0xC001, 0xC000, 0xC801, 0xC801, 0xC801, 0xC801, 0xC000,
  0xC000, 0xC000, 0xB800, 0xB800, 0xA800, 0xA800, 0xA800, 0xA800, 0xB800, 0xB800, 0xB800, 0xC001, 0xD001, 0xD801, 0xD001, 0xC801,
  0xD802, 0xD001, 0xE002, 0xF004, 0xF003, 0xD001, 0xE002, 0xF003, 0xD801, 0xD801, 0xD001, 0xC801, 0xD001, 0xE802, 0xF003, 0xE002,
  0xC000, 0xB801, 0xB000, 0xD822, 0xF043, 0xF0E3, 0xE802, 0xE8C5, 0xF34C, 0xF165, 0xF1A7, 0xE8A3, 0xB801, 0xA000, 0xD0A3, 0xF124,
  0xD042, 0xC001, 0xA800, 0xB800, 0xF165, 0xF228, 0xF246, 0xF287, 0xF2A9, 0xF164, 0xB328, 0x844A, 0x8BA8, 0x42A4, 0x4AA2, 0x7B87,
  0x7B88, 0x73A5, 0x6BA0, 0x83E5, 0xA44B, 0xACAD, 0xB4EE, 0xBD2E, 0xBD4E, 0xBD4E, 0xBD6F, 0xB52D, 0x6245, 0x6A65, 0x72A6, 0x72C5,
  0x6AC5, 0x6AE5, 0x6AE4, 0x6B04, 0x6B23, 0x6322, 0x5AE1, 0x52E1, 0x6324, 0x7365, 0x7365, 0x7366, 0x7346, 0x7B26, 0x6408, 0xA224,
  0xF041, 0xE902, 0xC841, 0xD061, 0xD001, 0xD821, 0xF143, 0xF0A2, 0xF0E2, 0xF1A4, 0xE902, 0xD861, 0xD801, 0xD001, 0xA800, 0xA000,
  0xB800, 0xC000, 0xC000, 0xC000, 0xC800, 0xC801, 0xC800, 0xC800, 0xC801, 0xC801, 0xC801, 0xD001, 0xC801, 0xC000, 0xC000, 0xC001,
  0xC000, 0xC000, 0xB800, 0xB800, 0xB000, 0xA800, 0xA800, 0xB000, 0xA800, 0xA000, 0xA000, 0xA800, 0xB000, 0xB000, 0xC801, 0xC801,
  0xC801, 0xD001, 0xD002, 0xD001, 0xC801, 0xD802, 0xF002, 0xF003, 0xF004, 0xE002, 0xD001, 0xE803, 0xE802, 0xD802, 0xD001, 0xB800,
  0xD802, 0xF004, 0xF004, 0xE002, 0xC000, 0xB801, 0xB800, 0xE8E3, 0xF0A3, 0xF0A3, 0xE842, 0xE0A3, 0xF228, 0xF249, 0xF125, 0xE021,
  0xD862, 0xE8E3, 0xE0C3, 0xE0A3, 0xC801, 0xD001, 0xC001, 0xE945, 0xF289, 0xF38D, 0xF267, 0xF225, 0xF268, 0xC2E8, 0x848B, 0x93EA,
  0x93CA, 0x5AE5, 0x3A80, 0x7366, 0x7B88, 0x73A3, 0x73C1, 0x8C27, 0xA46A, 0xACAD, 0xB4ED, 0xBD2E, 0xBD2D, 0xBD4E, 0xBD4E, 0xB52D,
  0x6A85, 0x6A85, 0x72A5, 0x72C5, 0x72C5, 0x72E5, 0x7304, 0x6B03, 0x62E2, 0x6322, 0x6323, 0x6B44, 0x6B65, 0x7365, 0x7365, 0x7365,
  0x7B46, 0x7387, 0x73E7, 0xA800, 0x9000, 0x7800, 0x7000, 0x9000, 0xB000, 0xB800, 0xD001, 0xE041, 0xF062, 0xF144, 0xF123, 0xF102,
  0xE8C2, 0xD801, 0xE002, 0xB000, 0xA800, 0xC800, 0xC000, 0xC000, 0xC800, 0xC801, 0xD001, 0xC800, 0xD001, 0xC801, 0xC000, 0xC801,
  0xD001, 0xC800, 0xC000, 0xB800, 0xC000, 0xB800, 0xB800, 0xB000, 0xB000, 0xB000, 0xA800, 0xA800, 0xA800, 0xA000, 0xA000, 0xA000,
  0xA800, 0xA800, 0x9800, 0xA800, 0xD802, 0xE002, 0xD002, 0xE802, 0xF000, 0xE801, 0xF003, 0xF003, 0xF003, 0xF003, 0xC802, 0xE002,
  0xE802, 0xE803, 0xD002, 0xB800, 0xE002, 0xF003, 0xF003, 0xE803, 0xD002, 0xB000, 0xC001, 0xE843, 0xF063, 0xF083, 0xF0A3, 0xF083,
  0xE884, 0xE967, 0xF185, 0xF0E3, 0xF0C3, 0xD021, 0xB801, 0xC001, 0xC801, 0xE8E3, 0xF1A5, 0xF247, 0xF288, 0xF1C6, 0xF1E8, 0xF24A,
  0xCB8B, 0x752D, 0x8C6C, 0x9C4C, 0x9BEB, 0x6326, 0x3A81, 0x6B25, 0x83C8, 0x73A2, 0x7BC2, 0x8C28, 0xA46B, 0xACCD, 0xB52D, 0xB52D,
  0xB52D, 0xB52D, 0xB52D, 0xAD2C, 0x7286, 0x72A6, 0x72C6, 0x72C5, 0x72E5, 0x7305, 0x7325, 0x7325, 0x7365, 0x7365, 0x7386, 0x7365,
  0x7365, 0x7365, 0x7365, 0x7366, 0x7B46, 0x6BE7, 0x82E6, 0xD800, 0xB800, 0x9000, 0x8000, 0x9000, 0x9000, 0x9000, 0xA800, 0xB000,
  0xC800, 0xE001, 0xF082, 0xF103, 0xF123, 0xB000, 0xE002, 0xE802, 0xB800, 0xB000, 0xD001, 0xC800, 0xC800, 0xC800, 0xD001, 0xD001,
  0xC801, 0xC800, 0xC800, 0xC801, 0xD001, 0xC800, 0xC000, 0xC000, 0xB800, 0xB800, 0xB000, 0xB000, 0xA800, 0xA800, 0xA000, 0xA000,
  0xA000, 0xA000, 0xA000, 0xA000, 0xB000, 0xB801, 0x9800, 0xA000, 0xD001, 0xE802, 0xF003, 0x9043, 0xB1CA, 0xD168, 0xE002, 0xE803,
  0xF003, 0xF004, 0xD802, 0xD802, 0xD803, 0xE002, 0xE802, 0xE803, 0xE803, 0xE803, 0xF044, 0xE803, 0xF003, 0xC000, 0xD802, 0xF084,
  0xF023, 0xF0E3, 0xF042, 0xF1A7, 0xF268, 0xF268, 0xF1E7, 0xF103, 0xD802, 0xA800, 0xB800, 0xE0A2, 0xF163, 0xF225, 0xF1A4, 0xF227,
  0xF2CA, 0xF2EB, 0xF2EA, 0xF309, 0xB3C9, 0xCB68, 0xC328, 0x942B, 0x8C8C, 0x5BA8, 0x1B02, 0x43C4, 0x6C47, 0x63A1, 0x7382, 0x8C48,
  0xA4AC, 0xA4CC, 0xB4EC, 0xB50D, 0xB50C, 0xAD0C, 0xAD0C, 0xAD0C, 0x72A6, 0x72C6, 0x72C6, 0x72E5, 0x72E5, 0x7325, 0x7B67, 0x83C7,
  0x83E7, 0x83C6, 0x7385, 0x7365, 0x7385, 0x7385, 0x7B86, 0x7B66, 0x7B46, 0x63C8, 0xCA88, 0xF123, 0xD8C1, 0xE8C2, 0xE0C2, 0xE0C2,
  0xB800, 0x9000, 0xA000, 0xB000, 0xB800, 0xD001, 0xD801, 0xE001, 0xF023, 0xB800, 0xF0A3, 0xF0C4, 0xE002, 0xB800, 0xC800, 0xD801,
  0xD001, 0xD001, 0xD001, 0xD001, 0xC801, 0xC800, 0xC800, 0xD001, 0xC801, 0xC801, 0xC001, 0xC000, 0xB800, 0xB000, 0xA800, 0xA800,
  0xA800, 0xA000, 0x9800, 0x9800, 0x9800, 0x9800, 0x9800, 0x9800, 0xA800, 0xB000, 0x9800, 0xB000, 0xD001, 0xE802, 0xD802, 0x9023,
  0x0B28, 0xA802, 0xD802, 0xB802, 0xF003, 0xF003, 0xE803, 0xD802, 0xD803, 0xD802, 0xE802, 0xF003, 0xE803, 0xE003, 0xF003, 0xF003,
  0xF084, 0xF023, 0xF084, 0xE823, 0xF083, 0xF124, 0xE001, 0xF2C9, 0xF289, 0xF1A6, 0xF184, 0xE022, 0xB800, 0xB800, 0xE0C2, 0xF225,
  0xF163, 0xF1A4, 0xF207, 0xF2A9, 0xF2C9, 0xF309, 0xF265, 0xF244, 0xF1E4, 0xF1C4, 0xF184, 0xF1E4, 0xF2E7, 0xF329, 0xBA85, 0xB1A2,
  0xB982, 0x6261, 0x5363, 0x8C49, 0x9CAB, 0xA4AB, 0xA4CB, 0xACEB, 0xACEC, 0xACEC, 0xAD0C, 0xAD0B, 0x72A6, 0x7286, 0x72C6, 0x72E5,
  0x72E4, 0x7B86, 0x83C8, 0x83C7, 0x83C7, 0x7BA6, 0x7B86, 0x7386, 0x7385, 0x7385, 0x7365, 0x7346, 0x7386, 0x73A8, 0xF185, 0xE041,
  0xC800, 0xE0C2, 0xE0E2, 0xF163, 0xE8A1, 0xE8A2, 0xE061, 0xC000, 0xC000, 0xC000, 0xC000, 0xD000, 0xD801, 0xD001, 0xF023, 0xF023,
  0xC800, 0xC000, 0xC000, 0xD801, 0xD001, 0xD801, 0xD801, 0xD001, 0xC801, 0xC800, 0xC800, 0xD001, 0xC801, 0xC801, 0xC000, 0xC000,
  0xB800, 0xB800, 0xA800, 0xA800, 0x9800, 0x9000, 0x9000, 0x9000, 0x9000, 0x9000, 0x9000, 0xA800, 0x9800, 0x8105, 0x7842, 0x9883,
  0xA002, 0x58C3, 0xA844, 0xB083, 0x2840, 0xF002, 0xF003, 0xD802, 0xF003, 0xF003, 0xF003, 0xD803, 0xE002, 0xE803, 0xE003, 0xE802,
  0xF003, 0xF003, 0xF003, 0xF003, 0xF044, 0xF0A4, 0xF0A4, 0xF023, 0xF144, 0xF104, 0xE000, 0xF2AA, 0xF2EA, 0xF163, 0xE8A2, 0xC801,
  0xD862, 0xF0A2, 0xF183, 0xF163, 0xF102, 0xF1C5, 0xF2E8, 0xF2E8, 0xF245, 0xF225, 0xF225, 0xF266, 0xF266, 0xF266, 0xF285, 0xF286,
  0xF204, 0xF0A2, 0xE800, 0xD800, 0xE800, 0xD800, 0x6263, 0x74A9, 0x946A, 0x9C6A, 0xA4AB, 0xA4AB, 0xA4CB, 0xA4EC, 0xAD2D, 0xB54D,
  0x7AE7, 0x7AC6, 0x72E6, 0x7B06, 0x7B46, 0x83C7, 0x83C7, 0x83E7, 0x83E7, 0x83C7, 0x7BA7, 0x7B86, 0x7365, 0x7345, 0x7345, 0x7B46,
  0x6BC7, 0x9306, 0xF0A2, 0xD8A2, 0xE0E2, 0xE922, 0xE0C1, 0xD8E2, 0xE0C2, 0xF1A4, 0xF183, 0xE062, 0xC801, 0xC000, 0xA000, 0xB000,
  0xD001, 0xB000, 0xB000, 0xB800, 0xC000, 0xC800, 0xC800, 0xC801, 0xD001, 0xD001, 0xD801, 0xD001, 0xC800, 0xC800, 0xD001, 0xC800,
  0xC801, 0xC801, 0xC001, 0xC000, 0xB800, 0xB000, 0xA800, 0xA800, 0x9800, 0x9800, 0x8800, 0x9000, 0x8800, 0x8000, 0x7000, 0x9000,
  0xA000, 0x4861, 0x6800, 0x80E4, 0x8925, 0x51E6, 0xC002, 0x9184, 0x20C2, 0xE002, 0xF003, 0xF003, 0xF003, 0xF003, 0xF003, 0xE002,
  0xC801, 0xC000, 0xC800, 0xD802, 0xF004, 0xF003, 0xF003, 0xF023, 0xF023, 0xF043, 0xF043, 0xF0A3, 0xF144, 0xF043, 0xE801, 0xF228,
  0xF1E7, 0xF103, 0xF103, 0xF163, 0xE880, 0xD800, 0xF081, 0xF1E6, 0xF2A9, 0xF2E8, 0xF287, 0xF225, 0xF205, 0xF225, 0xF205, 0xF0E3,
  0xE842, 0xF0C2, 0xF1E4, 0xF1C4, 0xD821, 0xB800, 0xC000, 0xC000, 0xC801, 0xE001, 0xC800, 0x73E6, 0x8C89, 0x9449, 0x9C6A, 0xA48B,
  0xA4CC, 0xAD0D, 0xB52E, 0xBD6F, 0x8B29, 0x8307, 0x7B07, 0x8347, 0x8387, 0x83C7, 0x83E7, 0x83E7, 0x83E7, 0x83C7, 0x83C7, 0x7B87,
  0x7366, 0x7366, 0x7B67, 0x7B66, 0x6BE7, 0x89C2, 0xD000, 0xE922, 0xF183, 0xF163, 0xE0A2, 0xE902, 0xF163, 0xF184, 0xF143, 0xF184,
  0xF1E4, 0xF184, 0xF0C2, 0xD801, 0xC000, 0xB000, 0xA000, 0xB000, 0xB800, 0xC000, 0xC000, 0xC801, 0xD001, 0xD001, 0xD801, 0xD001,
  0xC000, 0xD001, 0xD001, 0xD001, 0xC800, 0xC801, 0xC001, 0xB800, 0xB800, 0xB000, 0xA800, 0xA800, 0xA000, 0x9000, 0x9000, 0x9000,
  0x8800, 0x7800, 0x7822, 0x38E3, 0x5800, 0x5000, 0x6800, 0x6801, 0x58C3, 0x5801, 0x9000, 0xA801, 0x0020, 0xB002, 0xF003, 0xB042,
  0xF0A6, 0x5164, 0xD802, 0xD801, 0x7800, 0x5000, 0x9926, 0x8800, 0xE002, 0xF003, 0xF003, 0xF003, 0xF023, 0xF023, 0xF003, 0xF043,
  0xE803, 0xE801, 0xF0E4, 0xF2CA, 0xF165, 0xE8A2, 0xE000, 0xD000, 0xD803, 0xF2CC, 0xF3CF, 0xF451, 0xF30B, 0xF225, 0xF205, 0xF1C4,
  0xF205, 0xF1C4, 0xF042, 0xD800, 0xD800, 0xD800, 0xE020, 0xD000, 0xC000, 0xC800, 0xC000, 0xC000, 0xB800, 0xD021, 0xF000, 0x9242,
  0x758A, 0x8C28, 0x9C4A, 0xA48B, 0xA4CD, 0xB50D, 0xBD4E, 0xBD8F, 0x8B28, 0x8328, 0x8347, 0x83A7, 0x8BA7, 0x8BC7, 0x83E7, 0x83E7,
  0x83C7, 0x83C7, 0x83C8, 0x7B87, 0x7B87, 0x7B87, 0x83A7, 0x7B26, 0x6386, 0x78E0, 0xA000, 0xD8A2, 0xF184, 0xF183, 0xF122, 0xF102,
  0xF163, 0xF143, 0xF164, 0xF123, 0xF123, 0xF1A4, 0xF1A4, 0xF143, 0xF063, 0xB800, 0xA800, 0xB800, 0xB800, 0xB800, 0xB000, 0xC000,
  0xC800, 0xD001, 0xD001, 0xD001, 0xD801, 0xD801, 0xD001, 0xD001, 0xC801, 0xC001, 0xC801, 0xC000, 0xB800, 0xB000, 0xA800, 0xA800,
  0xA000, 0x9800, 0xA800, 0xD803, 0xE002, 0x7800, 0x4821, 0x4000, 0x5000, 0x8000, 0x8800, 0x9000, 0x5800, 0x5000, 0x5800, 0xA022,
  0x0800, 0xC803, 0xF0E6, 0x2800, 0xF025, 0x98A4, 0xD800, 0x8000, 0x51E9, 0x38A3, 0x48A3, 0x4000, 0xB001, 0xF002, 0xE803, 0xE803,
  0xF0A4, 0xF063, 0xF003, 0xF084, 0xE002, 0xF002, 0xF1A4, 0xF225, 0xF040, 0xE821, 0xF1C7, 0xF3F0, 0xF4F2, 0xF42F, 0xF287, 0xF1E5,
  0xF1E4, 0xF204, 0xF1E4, 0xF1C4, 0xF143, 0xF001, 0xE000, 0xE801, 0xE001, 0xE800, 0xE000, 0xD801, 0xD801, 0xD800, 0xE000, 0xE800,
  0xF001, 0xF082, 0xF021, 0xD101, 0x9B24, 0x8CA9, 0x9C6A, 0xA48B, 0xACCD, 0xB50D, 0xBD4E, 0xC56F, 0x8B48, 0x8348, 0x8387, 0x8BC7,
  0x8BC8, 0x8BE8, 0x8BE7, 0x83E7, 0x83C7, 0x83C8, 0x83C8, 0x83A8, 0x7B87, 0x7B46, 0x7B26, 0x72E5, 0x6BC8, 0x8101, 0xB000, 0xD0A2,
  0xD081, 0xD081, 0xF163, 0xF183, 0xF163, 0xF184, 0xF163, 0xF103, 0xF123, 0xF164, 0xF103, 0xF0C2, 0xF123, 0xE802, 0x9800, 0xB800,
  0xD001, 0xB800, 0xB800, 0xB800, 0xC000, 0xD001, 0xD001, 0xC801, 0xE802, 0xF002, 0xD801, 0xD001, 0xD801, 0xC801, 0xC001, 0xC001,
  0xB000, 0xB000, 0xB000, 0xA800, 0xA800, 0x9800, 0xA000, 0xB801, 0xD004, 0x70E4, 0x5923, 0x4820, 0x4800, 0x7800, 0x7800, 0xA000,
  0x6000, 0x4800, 0xA000, 0x8800, 0x2800, 0x7000, 0xE002, 0x4103, 0xA023, 0xA001, 0xD001, 0x5986, 0x4124, 0x5104, 0x69E7, 0x5186,
  0x6800, 0xC001, 0xF003, 0xE803, 0xF003, 0xF023, 0xF063, 0xF043, 0xF083, 0xF103, 0xF184, 0xF124, 0xF2AA, 0xF40F, 0xF36B, 0xF1E7,
  0xF123, 0xF1A2, 0xF142, 0xF183, 0xF204, 0xF225, 0xF205, 0xF183, 0xA245, 0x7B28, 0x93A9, 0xA44C, 0xACCD, 0xACCD, 0xB4EE, 0xAD2E,
  0xB54F, 0xB4CD, 0xB3A9, 0xAA24, 0xB180, 0xD0E1, 0xE862, 0xF000, 0xF000, 0xA3C8, 0x9CCC, 0xA46B, 0xACCD, 0xB52E, 0xBD4F, 0xC56F,
  0x8B68, 0x8B88, 0x8B87, 0x8BA7, 0x8BC7, 0x8BE7, 0x83C7, 0x83C7, 0x83C7, 0x83C8, 0x83C8, 0x7BA7, 0x7B46, 0x72E5, 0x7306, 0x7B06,
  0x73C8, 0xAA26, 0xF145, 0xD8C2, 0xA800, 0x9800, 0xA000, 0xB800, 0xE082, 0xF102, 0xF143, 0xF184, 0xF163, 0xF123, 0xF103, 0xF0E2,
  0xF0A2, 0xE041, 0x9800, 0xB800, 0xB800, 0xB800, 0xB800, 0xB800, 0xB800, 0xC000, 0xD001, 0xD801, 0xE002, 0xF002, 0xF002, 0xE002,
  0xD802, 0xE002, 0xC801, 0xC801, 0xC001, 0xB000, 0xA800, 0xA800, 0xB000, 0xA000, 0x8800, 0x9000, 0x9801, 0x7165, 0x90A3, 0x9883,
  0x2000, 0x2800, 0x4001, 0x5000, 0x4820, 0x2000, 0x6000, 0xB801, 0x3800, 0x1800, 0xB800, 0x9000, 0xE002, 0x9801, 0x7063, 0x40A2,
  0x0000, 0x4061, 0x7185, 0x5041, 0x1800, 0x9800, 0xF003, 0xF003, 0xF044, 0xF003, 0xE803, 0xE802, 0xF103, 0xF124, 0xF186, 0xF34C,
  0xF208, 0xE021, 0xC800, 0xB000, 0xC800, 0xF1A4, 0xF225, 0xF224, 0xF245, 0xF205, 0xF183, 0x8AA6, 0x6388, 0x7BC8, 0x8409, 0x944B,
  0x9C6C, 0xA4AD, 0xACED, 0xACED, 0xAD0D, 0xAD4E, 0x954D, 0x5C6A, 0x1B20, 0x32E0, 0x52C3, 0x8B25, 0x9C28, 0x948A, 0xA48B, 0xA46B,
  0xACCD, 0xB50E, 0xBD4F, 0xC58F, 0x8B88, 0x8387, 0x8387, 0x83A7, 0x83C7, 0x8BC7, 0x83A7, 0x83A7, 0x83C7, 0x83A8, 0x7B87, 0x7B45,
  0x7325, 0x7B06, 0x7B26, 0x7B47, 0x6BC8, 0xC246, 0xE881, 0x9000, 0x7800, 0x8000, 0x8000, 0x8800, 0x9000, 0xB800, 0xD821, 0xE8A2,
  0xF103, 0xF122, 0xF143, 0xF142, 0xE882, 0xF062, 0xB000, 0xA000, 0xB800, 0xB000, 0xB800, 0xB800, 0xC000, 0xC000, 0xD001, 0xD801,
  0xE802, 0xE802, 0xF003, 0xF003, 0xF002, 0xE002, 0xD802, 0xD001, 0xC801, 0xC001, 0xB800, 0xB000, 0xB001, 0xC001, 0x9800, 0xA000,
  0x78A3, 0x7000, 0xC800, 0xA800, 0x8000, 0x0800, 0x5000, 0x6800, 0x48A1, 0x1800, 0x2800, 0x4000, 0x4863, 0x3000, 0xB800, 0x5000,
  0xE803, 0x7800, 0x60E4, 0x48E4, 0x1800, 0x2800, 0x4800, 0x2800, 0x1000, 0x6000, 0xE803, 0xF004, 0xE803, 0xE803, 0xE802, 0xF0E3,
  0xF104, 0xC801, 0xB800, 0xD000, 0xB800, 0xB000, 0xB800, 0xB000, 0xC000, 0xF1C5, 0xF245, 0xF1E5, 0xF144, 0xF182, 0x7285, 0x6348,
  0x8327, 0x8B88, 0x93A9, 0x9BEA, 0xA42B, 0xA44B, 0xAC8C, 0xB4AC, 0xB4AD, 0xB4EC, 0xB4EB, 0x8C2A, 0x42A1, 0x3A60, 0x52E4, 0x73E6,
  0x8C88, 0x9449, 0xA48B, 0xA48B, 0xACCC, 0xB50D, 0xBD4E, 0xBD8F, 0x8387, 0x8387, 0x8386, 0x8386, 0x83A7, 0x83A6, 0x7B86, 0x7BA7,
  0x83A7, 0x7B87, 0x7B46, 0x7325, 0x7305, 0x7B06, 0x7B26, 0x7B48, 0x73C8, 0xA860, 0xC000, 0x8800, 0x7000, 0x8000, 0x8000, 0x8000,
  0x8000, 0x8800, 0x8800, 0xA800, 0xD001, 0xF0C2, 0xF0E2, 0xE8E2, 0xE8A2, 0xF0C2, 0xE842, 0xA800, 0xD001, 0xC000, 0xB000, 0xB800,
  0xB800, 0xC000, 0xD001, 0xC000, 0xE002, 0xF002, 0xF002, 0xE802, 0xF003, 0xF003, 0xE002, 0xD803, 0xD002, 0xD802, 0xC801, 0xC001,
  0xC801, 0xD802, 0xD801, 0xA001, 0x68E3, 0x5903, 0x9800, 0x6000, 0x5800, 0x4800, 0x0000, 0x2000, 0x0000, 0x3083, 0xCD0F, 0x8B29,
  0xC509, 0xA34A, 0x9003, 0x5801, 0xB002, 0x6800, 0x4020, 0x4944, 0x3821, 0x2000, 0x2000, 0x1800, 0x1000, 0x6800, 0xF003, 0xF003,
  0xE803, 0xE803, 0xF003, 0xF1C4, 0xF002, 0xB000, 0xB800, 0xB800, 0xC000, 0xB800, 0xD801, 0xF063, 0xF0E3, 0xF1E5, 0xF206, 0xF1C4,
  0xB1E2, 0x5AA4, 0x5AE5, 0x72E6, 0x7B47, 0x8B88, 0x93E9, 0x9C0A, 0xA44B, 0xAC6C, 0xB4AD, 0xB50D, 0xB4ED, 0xB50C, 0xACEB, 0x9449,
  0x5303, 0x3220, 0x62C3, 0x8387, 0x9468, 0x9C69, 0xA48A, 0xA4AB, 0xACCC, 0xACEC, 0xAD2C, 0xB54D, 0x8BA7, 0x83A7, 0x8386, 0x7B86,
  0x7B86, 0x7B86, 0x7B86, 0x7BA7, 0x7BA7, 0x7B86, 0x7B46, 0x7B25, 0x72E5, 0x72E5, 0x7B06, 0x7B47, 0x6B87, 0xD0C2, 0xD821, 0x9800,
  0x8000, 0x8000, 0x8800, 0x8800, 0x8800, 0x8800, 0x8000, 0x8000, 0x9000, 0xB800, 0xD001, 0xE842, 0xF0E2, 0xF122, 0xF163, 0xD821,
  0xC000, 0xD001, 0xC000, 0xB800, 0xB800, 0xB800, 0xC800, 0xC801, 0xC801, 0xE802, 0xF003, 0xF002, 0xF003, 0xF003, 0xF003, 0xE803,
  0xD803, 0xD802, 0xD802, 0xD802, 0xE802, 0xE803, 0xF003, 0xE802, 0xF003, 0xE802, 0x5800, 0x7000, 0x2800, 0x2800, 0x1800, 0x1801,
  0x7227, 0xBCAD, 0xBCCD, 0xCD2D, 0xD54B, 0xC4C8, 0xABE5, 0x99C6, 0xA004, 0x91E9, 0x2000, 0x1000, 0x3820, 0x2000, 0x2800, 0x2000,
  0x0800, 0x8000, 0xF004, 0xF004, 0xE803, 0xE802, 0xF0E3, 0xF0A3, 0xC000, 0xC000, 0xC801, 0xD001, 0xC800, 0xF002, 0xF286, 0xF2A5,
  0xF265, 0xF225, 0xE223, 0x6AC3, 0x4304, 0x5AE4, 0x72E5, 0x7B26, 0x8347, 0x8B88, 0x93E9, 0xA46B, 0xAC8C, 0xAC8D, 0xB4ED, 0xBD0D,
  0xB50D, 0xACCB, 0xA4C9, 0x9468, 0x6364, 0x2A00, 0x5AC1, 0x83A7, 0x9489, 0x9CA9, 0xA48A, 0xACCB, 0xACCB, 0xACCB, 0xAD0B, 0xAD0B,
  0x8386, 0x8386, 0x7B86, 0x7B86, 0x7365, 0x7366, 0x7B86, 0x83C7, 0x7B86, 0x7346, 0x7B45, 0x7325, 0x72E5, 0x6AC5, 0x72E5, 0x7307,
  0x6B87, 0xA840, 0x9800, 0x8800, 0x8000, 0x7800, 0x7800, 0x8000, 0x7800, 0x7800, 0x7800, 0x8000, 0x7000, 0x7000, 0x7800, 0x9800,
  0xB000, 0xC000, 0xD821, 0xE862, 0xB801, 0xD001, 0xD801, 0xC800, 0xB800, 0xC000, 0xC801, 0xD001, 0xC001, 0xC801, 0xF003, 0xF003,
  0xF003, 0xE802, 0xE802, 0xE803, 0xE002, 0xE002, 0xE002, 0xE803, 0xF003, 0xF003, 0xF003, 0xE846, 0xA843, 0xB003, 0x7800, 0x6000,
  0x3800, 0x2800, 0x0000, 0x6144, 0xEDAD, 0xB44C, 0x5964, 0x8B28, 0xC4AB, 0xABE8, 0xEF10, 0xA1E3, 0x6800, 0x3144, 0x1800, 0x50E3,
  0x1800, 0x1000, 0x2800, 0x0800, 0x0000, 0x3000, 0xF003, 0xF003, 0xD801, 0xF083, 0xF164, 0xD801, 0xC000, 0xD801, 0xE001, 0xD801,
  0xE801, 0xF245, 0xF2A5, 0xF205, 0xF144, 0xC283, 0x4363, 0x4AE3, 0x62E4, 0x7305, 0x7B26, 0x8367, 0x8388, 0x8BA8, 0x9C0A, 0xA46B,
  0xAC8C, 0xAC8D, 0xB4ED, 0xBD0D, 0xB4EB, 0xA4CA, 0xA4A9, 0x9C88, 0x73A6, 0x21E0, 0x4AA0, 0x83C7, 0x9468, 0x9C89, 0xA4AA, 0xACCB,
  0xACCB, 0xA4CB, 0xA4EB, 0xA4EA, 0x7B85, 0x7B85, 0x7B85, 0x7B86, 0x7386, 0x7366, 0x7BA6, 0x83C7, 0x7B86, 0x7345, 0x7325, 0x7304,
  0x6AE4, 0x6AC4, 0x6AA4, 0x6AC5, 0x5B66, 0x9040, 0x9800, 0x8000, 0x7000, 0x8000, 0x8000, 0x9000, 0xB001, 0xC001, 0xC801, 0xD822,
  0xE083, 0xD0C2, 0xB841, 0xB000, 0xB000, 0xA800, 0xA800, 0xB800, 0xC801, 0xC001, 0xD001, 0xE802, 0xD001, 0xC801, 0xD002, 0xE001,
  0xC801, 0xB000, 0xE002, 0xF003, 0xF003, 0xE802, 0xE002, 0xE002, 0xE002, 0xE002, 0xE002, 0xE002, 0xF003, 0xF003, 0xF025, 0x632B,
  0x7186, 0x7800, 0x4801, 0xB801, 0x5041, 0x3001, 0x3800, 0x61C5, 0xD50B, 0xBCCC, 0xAC08, 0x9B88, 0xC4CA, 0xABA3, 0x8AE5, 0xBAEA,
  0x3800, 0x0000, 0x2821, 0x69E5, 0x2000, 0x2000, 0x2000, 0x1000, 0x0000, 0x5800, 0xF003, 0xE002, 0xF003, 0xF184, 0xF022, 0xD801,
  0xD801, 0xD801, 0xD800, 0xE001, 0xF225, 0xF2E6, 0xF265, 0xF124, 0xD9E3, 0x5403, 0x5B43, 0x6B03, 0x7325, 0x7B26, 0x8346, 0x8387,
  0x8BA8, 0x93EA, 0x9C0A, 0x9C2A, 0xA44A, 0xA46B, 0xAC8B, 0xACAC, 0xACAB, 0xA4A9, 0x9C88, 0x9CA8, 0x73C5, 0x19C0, 0x3A40, 0x8BE8,
  0x9448, 0x9489, 0xA4AA, 0xACAA, 0xACCB, 0xA4CA, 0xA4CA, 0x9CCA, 0x7B85, 0x7B85, 0x7365, 0x7366, 0x7366, 0x7386, 0x7BC7, 0x7BA7,
  0x7B86, 0x7345, 0x7325, 0x72E5, 0x6AC4, 0x6AC4, 0x6284, 0x5A84, 0x5B04, 0x9000, 0xA800, 0xA800, 0xA800, 0xC001, 0xD021, 0xC801,
  0xB801, 0xB000, 0xB800, 0xD822, 0xF144, 0xE8A2, 0xE041, 0xD821, 0xD021, 0xE081, 0xF0E2, 0xF163, 0xF163, 0xD802, 0xC000, 0xD001,
  0xE002, 0xD001, 0xD001, 0xE002, 0xE802, 0xC801, 0xC801, 0xF003, 0xF002, 0xE002, 0xE002, 0xE802, 0xD802, 0xD002, 0xE002, 0xE802,
  0xE803, 0xF003, 0xE804, 0xE002, 0xF003, 0xF004, 0x9801, 0x6800, 0xE003, 0x6001, 0x50E6, 0xDD8A, 0xC4AB, 0xABE7, 0xABE9, 0xDD49,
  0x71C5, 0xE631, 0xF62B, 0x7100, 0x1800, 0x0000, 0x1800, 0x4842, 0x3800, 0x2000, 0x0000, 0x0020, 0x3800, 0xF003, 0xF003, 0xF0E4,
  0xF124, 0xF043, 0xE802, 0xD800, 0xD000, 0xE001, 0xD801, 0xF083, 0xF2A5, 0xF205, 0xF1A4, 0xE1A3, 0x63A4, 0x6BE3, 0x6B43, 0x6B24,
  0x7325, 0x7B46, 0x8367, 0x8386, 0x93C8, 0x9C0A, 0x9C0A, 0x9C2A, 0x9C2A, 0x9C2A, 0xA46B, 0xA48A, 0xA48A, 0x9C88, 0x9468, 0x9CA7,
  0x8445, 0x5B03, 0x6B25, 0xA429, 0xB50B, 0xAD0C, 0xA4AA, 0xA4AA, 0xA4AA, 0xA4AA, 0x9CAA, 0x9CC9, 0x7365, 0x7365, 0x7365, 0x7366,
  0x7366, 0x7387, 0x7BA7, 0x7B86, 0x7366, 0x7325, 0x7B25, 0x7B26, 0x72E6, 0x6AC5, 0x6A84, 0x62C4, 0x5B03, 0xA000, 0xB800, 0xB800,
  0xC821, 0xE0A2, 0xE903, 0xD8A2, 0xC841, 0xC001, 0xD062, 0xE903, 0xE0C2, 0xB800, 0xB000, 0xA800, 0xA000, 0xA800, 0xC001, 0xD801,
  0xF0A2, 0xF083, 0xF083, 0xF063, 0xF043, 0xE803, 0xD802, 0xD801, 0xE002, 0xD801, 0xC801, 0xE002, 0xE002, 0xE802, 0xE802, 0xE802,
  0xD803, 0xD002, 0xD002, 0xE002, 0xE002, 0xE003, 0xF003, 0xF003, 0xF003, 0xF004, 0xE004, 0x4060, 0x4800, 0x6800, 0x5000, 0xAB8B,
  0x9B26, 0xC4E7, 0x8AA8, 0xEE0D, 0xC4EA, 0x8AE9, 0xD4AB, 0x68A0, 0x2000, 0x0000, 0x2000, 0x4042, 0x8B8E, 0x0841, 0x0000, 0x1000,
  0xB801, 0xF004, 0xF143, 0xF164, 0xF083, 0xE802, 0xD000, 0xE001, 0xF003, 0xF104, 0xF1E5, 0xF246, 0xF1E5, 0xF1C5, 0x9B06, 0x63A5,
  0x6BC4, 0x73C4, 0x6B63, 0x6B24, 0x7B25, 0x7B46, 0x8387, 0x8B86, 0x93C8, 0x9C0A, 0x9C2A, 0x9C2A, 0x9C09, 0x9C2A, 0x9C4A, 0x9C6A,
  0x9C69, 0x9447, 0x9467, 0x9487, 0xA4A9, 0xA44B, 0x93EA, 0xA46A, 0xC58D, 0xBDAE, 0xA4CA, 0xA4A9, 0x9C89, 0xA489, 0x9CA9, 0x9CA9,
  0x6B24, 0x7345, 0x7366, 0x7366, 0x7386, 0x7387, 0x7B87, 0x7B86, 0x7345, 0x7B46, 0x7B26, 0x7B06, 0x72E5, 0x72C5, 0x6AA5, 0x62E5,
  0x6324, 0x9800, 0xB000, 0xB800, 0xB000, 0xA800, 0xB801, 0xD022, 0xD8A3, 0xF165, 0xF1A5, 0xE924, 0xE945, 0xC801, 0xD001, 0xE8A2,
  0xF0E3, 0xE041, 0xC801, 0xB800, 0xB000, 0x9000, 0xA000, 0xF0C3, 0xF0E3, 0xF063, 0xE803, 0xE002, 0xD001, 0xC801, 0xD001, 0xE002,
  0xD801, 0xD801, 0xE002, 0xE802, 0xE002, 0xE002, 0xE003, 0xE002, 0xE002, 0xE002, 0xE003, 0xF003, 0xE804, 0xE804, 0xF004, 0x9043,
  0xA001, 0x3000, 0x0000, 0x4044, 0xB384, 0xF754, 0xABCA, 0xC4A9, 0xF66D, 0x6920, 0x5841, 0x81C4, 0x0000, 0x2801, 0x2000, 0x1000,
  0x69C7, 0x3800, 0x8000, 0xF002, 0xF084, 0xF144, 0xF103, 0xF063, 0xF002, 0xC800, 0xF002, 0xF1E5, 0xF204, 0xF1C4, 0xF225, 0xF2E9,
  0xF267, 0xA388, 0x6C28, 0x7BA6, 0x7BC5, 0x73C4, 0x7363, 0x7344, 0x7B45, 0x8346, 0x8386, 0x8BA7, 0x93E8, 0xA409, 0x9C2A, 0x9C2A,
  0x9C09, 0x9C29, 0x9429, 0x9429, 0x8C48, 0x8446, 0x9447, 0x9C49, 0x9C2C, 0x8BCC, 0x8BCA, 0xB52D, 0xDE51, 0x9D0A, 0x8C87, 0xA4A9,
  0x9CC9, 0x9C89, 0x9C89, 0x9CA8, 0x6B04, 0x6B24, 0x6B45, 0x6B66, 0x7366, 0x7367, 0x7B87, 0x7366, 0x7325, 0x7B26, 0x7B26, 0x7AE5,
  0x7AE5, 0x72E5, 0x72C5, 0x6AE5, 0x62E3, 0x8000, 0x9000, 0xD041, 0xE0A2, 0xE903, 0xF144, 0xF124, 0xF124, 0xE944, 0xE124, 0xE904,
  0xD8C3, 0xC801, 0xE0C2, 0xE8E3, 0xE082, 0xE8E3, 0xF143, 0xF143, 0xE8E2, 0xD8A1, 0xC000, 0xD802, 0xF063, 0xD001, 0xC000, 0xD001,
  0xE002, 0xC801, 0xC001, 0xC801, 0xD802, 0xD001, 0xC000, 0xD002, 0xE002, 0xF003, 0xF003, 0xE003, 0xC802, 0xE002, 0xF003, 0xF003,
  0xF004, 0xE002, 0xF002, 0x79C8, 0xA000, 0xB800, 0x7000, 0x3000, 0x5040, 0x9B26, 0x8A46, 0x6124, 0x69A4, 0x5080, 0x60A1, 0x58A0,
  0x3926, 0x4105, 0x0000, 0x4002, 0x5002, 0x9000, 0xD801, 0xF125, 0xF123, 0xF0A3, 0xF0A3, 0xF003, 0xD000, 0xD801, 0xF184, 0xF204,
  0xF164, 0xF184, 0xF185, 0xF226, 0xAB89, 0x7BE8, 0x8BC7, 0x83A6, 0x7BA5, 0x7383, 0x6B63, 0x7344, 0x7B45, 0x8366, 0x8386, 0x8BA7,
  0x9BE9, 0xA40A, 0x9C09, 0x9C29, 0x9409, 0x9429, 0x9408, 0x9428, 0x8C26, 0x8446, 0x9C69, 0x9C0A, 0x7B2A, 0x940B, 0xBD4D, 0xDE11,
  0xD610, 0x6424, 0x63C2, 0xA4A9, 0xA4C9, 0x9C89, 0x9C68, 0x9C88, 0x6303, 0x6324, 0x6325, 0x6B46, 0x7367, 0x7367, 0x7367, 0x7346,
  0x7325, 0x7B26, 0x7B06, 0x7AE5, 0x7AE5, 0x7AE5, 0x72C5, 0x6B05, 0x5A83, 0x9800, 0xC841, 0xB801, 0xA000, 0xB800, 0xD041, 0xD8A2,
  0xE0A2, 0xE8C3, 0xE8A2, 0xE903, 0xE0E3, 0xD862, 0xD021, 0xD001, 0xD001, 0xD021, 0xD021, 0xD841, 0xD801, 0xE842, 0xE021, 0xB800,
  0xD002, 0xC000, 0xC801, 0xD001, 0xD801, 0xD001, 0xD001, 0xC801, 0xC801, 0xD002, 0xC001, 0xB801, 0xC801, 0xD001, 0xE803, 0xF004,
  0xF003, 0xD001, 0x9000, 0xA001, 0x9001, 0x9000, 0xA000, 0x30A2, 0x9063, 0xD802, 0xC001, 0x4000, 0x0800, 0x4041, 0x68E3, 0x5881,
  0x50C1, 0x50E2, 0x58A1, 0x2000, 0x2062, 0x5164, 0x2000, 0x3104, 0x92CB, 0xF002, 0xF145, 0xF143, 0xF0A3, 0xF043, 0xF023, 0xF002,
  0xC000, 0xF0E4, 0xF224, 0xF184, 0xF144, 0xF124, 0xF184, 0x9B27, 0x6B87, 0x7B46, 0x8386, 0x8385, 0x7B85, 0x7383, 0x7383, 0x7B45,
  0x8347, 0x8B67, 0x8B87, 0x8B86, 0x93C8, 0x9C0A, 0x9409, 0x93E8, 0x93E8, 0x9408, 0x9408, 0x8C27, 0x8425, 0x8C67, 0xBCEC, 0xBD0E,
  0xBD0E, 0xDDF1, 0xEE71, 0xBD8D, 0x7424, 0x4B60, 0x4B40, 0x8C07, 0xACA9, 0xA489, 0x9C68, 0x9468, 0x5AE2, 0x6304, 0x6325, 0x6B46,
  0x7367, 0x7367, 0x7367, 0x7B46, 0x7305, 0x7B06, 0x7AE6, 0x7AE5, 0x7AE6, 0x7AE6, 0x7AE5, 0x6B26, 0x7306, 0xF0E2, 0xF103, 0xD8C2,
  0xE0E2, 0xE903, 0xE903, 0xF163, 0xF143, 0xF145, 0xF144, 0xF1A5, 0xF164, 0xE8E2, 0xF163, 0xF122, 0xE082, 0xE0A2, 0xE081, 0xD841,
  0xD821, 0xD001, 0xB800, 0x8800, 0x8800, 0xB000, 0xD802, 0xC800, 0xD001, 0xD801, 0xD802, 0xE803, 0xE802, 0xE002, 0xD001, 0xB800,
  0xB000, 0xB000, 0xC001, 0xD802, 0xF003, 0xD801, 0x5000, 0x0800, 0x0000, 0x1020, 0x50A2, 0x3000, 0x4082, 0x2800, 0x6000, 0x3800,
  0x1800, 0x1000, 0x38A2, 0x3860, 0x48C2, 0x3882, 0x4062, 0x3083, 0x3042, 0x0000, 0x1800, 0xB002, 0xE083, 0xF083, 0xF083, 0xF083,
  0xF043, 0xF003, 0xF003, 0xC000, 0xE001, 0xF225, 0xF265, 0xF205, 0xF144, 0xF0E2, 0x8AA5, 0x5B67, 0x7B26, 0x7B46, 0x7B65, 0x7B85,
  0x7B85, 0x7383, 0x7B83, 0x7B65, 0x8347, 0x8B67, 0x8B86, 0x8B87, 0x93C8, 0x9BE9, 0x93E8, 0x8BC7, 0x8BC7, 0x8BE7, 0x8C07, 0x8406,
  0x7C25, 0x8C66, 0xBD4D, 0xD5CF, 0xE650, 0xC5AE, 0x94A7, 0x5380, 0x4300, 0x4320, 0x3280, 0x6B44, 0x9C69, 0x9C89, 0x9448, 0x9468,
  0x52E2, 0x6325, 0x6B46, 0x6B47, 0x7347, 0x7368, 0x7347, 0x7B47, 0x7306, 0x72E5, 0x7AE6, 0x7AE6, 0x8306, 0x7B06, 0x7B46, 0x7B88,
  0x7345, 0xA000, 0xB800, 0xC840, 0xD882, 0xE0C2, 0xE903, 0xF163, 0xF164, 0xF1A4, 0xF164, 0xF103, 0xF143, 0xE8C2, 0xE8E2, 0xE0A2,
  0xD841, 0xD021, 0xC800, 0xC000, 0xC000, 0xC800, 0xD001, 0xC000, 0xA000, 0xA000, 0xB801, 0xB800, 0xC000, 0xC801, 0xC801, 0xE002,
  0xF003, 0xF003, 0xF003, 0xD001, 0xB000, 0xA000, 0xA000, 0xA800, 0xC000, 0xB800, 0x4000, 0x1800, 0x2000, 0x1000, 0x4082, 0x3800,
  0x1000, 0x2841, 0x1800, 0x0000, 0x0000, 0x30A3, 0x5A08, 0x0000, 0x5208, 0x4124, 0x61E8, 0x0000, 0x0000, 0x0000, 0x3800, 0xF002,
  0xF104, 0xF0C3, 0xF023, 0xF043, 0xF023, 0xF003, 0xE802, 0xB800, 0xF063, 0xF2E6, 0xF225, 0xF164, 0xF1C3, 0x7305, 0x6387, 0x7326,
  0x7B47, 0x83A7, 0x7B86, 0x7B65, 0x7B85, 0x7383, 0x7363, 0x7B45, 0x7B46, 0x8346, 0x8346, 0x8B87, 0x8BA8, 0x8BC8, 0x8BA7, 0x7B86,
  0x83A6, 0x83C6, 0x83E5, 0x8405, 0x7C25, 0x8C65, 0x9487, 0x7C06, 0x5B43, 0x42C0, 0x2A60, 0x3260, 0x3A80, 0x3220, 0x19A0, 0x52E2,
  0x9468, 0x9C89, 0x9447, 0x8C47, 0x52C2, 0x6325, 0x7367, 0x7347, 0x7368, 0x7B88, 0x7348, 0x7B47, 0x7B07, 0x72A5, 0x7AE5, 0x8306,
  0x8B06, 0x8306, 0x8327, 0x7B88, 0x6B05, 0xE0A2, 0xF143, 0xF163, 0xF163, 0xF1A4, 0xF1E5, 0xF184, 0xF184, 0xF184, 0xF184, 0xF1E5,
  0xF206, 0xF143, 0xF123, 0xE8E2, 0xE8C2, 0xE902, 0xF123, 0xF1C4, 0xF184, 0xF184, 0xF204, 0xF103, 0xA800, 0x9800, 0xC001, 0xA800,
  0xB000, 0xD001, 0xD001, 0xD001, 0xE002, 0xE802, 0xF002, 0xF003, 0xE802, 0xB000, 0x9000, 0x9800, 0xA000, 0x9000, 0x4800, 0x1000,
  0x1000, 0x0800, 0x1000, 0x1000, 0x0000, 0x30A2, 0x38A1, 0x2021, 0x4082, 0x1800, 0x2883, 0x3000, 0x4841, 0x3000, 0x4881, 0x0000,
  0x0000, 0x8001, 0xF043, 0xF124, 0xF124, 0xF0A3, 0xF083, 0xF023, 0xF003, 0xF002, 0xD000, 0xE802, 0xF164, 0xF124, 0xF162, 0xA261,
  0x63A5, 0x5325, 0x7B27, 0x7B27, 0x7B47, 0x7B66, 0x7B86, 0x8386, 0x7B85, 0x7383, 0x7363, 0x7B24, 0x7B25, 0x7B26, 0x7B26, 0x8346,
  0x8387, 0x8BA7, 0x8386, 0x8385, 0x83A5, 0x83C5, 0x8405, 0x8425, 0x8445, 0x8C86, 0x9486, 0x6BA2, 0x21E0, 0x1160, 0x29E0, 0x29E0,
  0x21A0, 0x1960, 0x1960, 0x5B22, 0x9C88, 0x9488, 0x8C47, 0x8C47, 0x52C2, 0x6325, 0x7388, 0x7368, 0x7B88, 0x7B88, 0x7B48, 0x7B27,
  0x7B27, 0x72C5, 0x7AC5, 0x7AE6, 0x7AE6, 0x7B06, 0x7B47, 0x7346, 0x6386, 0xE9A4, 0xF123, 0xF1A3, 0xF1A4, 0xF244, 0xF204, 0xF205,
  0xF245, 0xF265, 0xF1E4, 0xF1E5, 0xF267, 0xF1C4, 0xF184, 0xF1A4, 0xF1C4, 0xF1A4, 0xF163, 0xF123, 0xE8A2, 0xE082, 0xE042, 0xC800,
  0xA000, 0x9000, 0xA800, 0xB800, 0xA800, 0xC001, 0xE002, 0xD801, 0xD001, 0xE003, 0xF003, 0xF003, 0xF004, 0xE802, 0xB801, 0x9000,
  0x9800, 0x7000, 0x1800, 0x0800, 0x1800, 0x1000, 0x1800, 0x0000, 0x0800, 0x2000, 0x5924, 0x50C4, 0x4063, 0x5966, 0x4123, 0x3000,
  0x2800, 0x0000, 0x0000, 0x0061, 0x8801, 0xF024, 0xF0A4, 0xF003, 0xF002, 0xF002, 0xF002, 0xE802, 0xE001, 0xD801, 0xF043, 0xF124,
  0xF001, 0xD964, 0x4B84, 0x3B82, 0x5B44, 0x62C4, 0x6AE5, 0x72E5, 0x7326, 0x7325, 0x7345, 0x7B66, 0x7385, 0x7383, 0x7363, 0x7324,
  0x7305, 0x7B05, 0x7B25, 0x7B25, 0x8367, 0x8386, 0x8385, 0x8385, 0x83A5, 0x83C5, 0x8405, 0x8C45, 0x8C45, 0x8C66, 0x9CA7, 0xA4C7,
  0x7C05, 0x4280, 0x1960, 0x1100, 0x1100, 0x1100, 0x21E0, 0x7BE4, 0x94A8, 0x8C67, 0x8427, 0x8427, 0x52A2, 0x6326, 0x7B88, 0x7B68,
  0x7B88, 0x7B88, 0x7B68, 0x7B48, 0x7B48, 0x72E6, 0x72C5, 0x72C6, 0x72E6, 0x7B06, 0x7B06, 0x7305, 0x5B84, 0x9000, 0xE0A4, 0xF247,
  0xF206, 0xF1A5, 0xF206, 0xF1E4, 0xF1C4, 0xF123, 0xF123, 0xF164, 0xF1A5, 0xD081, 0xB800, 0xB000, 0x9800, 0xA000, 0xC000, 0xD082,
  0xE0A2, 0xF0C4, 0xF144, 0xD841, 0xA800, 0x9000, 0x8800, 0x8800, 0xA800, 0xA000, 0xC802, 0xF004, 0xD802, 0xC801, 0xF024, 0xF0A4,
  0xF003, 0xF003, 0xF003, 0xD001, 0xA800, 0x8000, 0x5800, 0x3800, 0x1800, 0x1800, 0x2000, 0x3861, 0x1800, 0x1000, 0x1000, 0x2000,
  0x2000, 0x2820, 0x3881, 0x48E2, 0x2000, 0x0800, 0x0000, 0x7000, 0xF0C5, 0xF064, 0xF003, 0xE802, 0xD000, 0xE001, 0xE801, 0xE801,
  0xF103, 0xF1C5, 0xF0A4, 0xD000, 0xE821, 0x8BC8, 0x4B65, 0x6323, 0x6304, 0x62A4, 0x6AE5, 0x6AE5, 0x6AE5, 0x6B05, 0x7325, 0x7345,
  0x7364, 0x73A3, 0x7343, 0x7324, 0x7305, 0x7B06, 0x7B05, 0x7B25, 0x7B66, 0x8385, 0x8385, 0x83A5, 0x83C5, 0x83E5, 0x8405, 0x8C25,
  0x8C45, 0x9466, 0x9C87, 0xA4C9, 0xAD0A, 0x9488, 0x5B23, 0x21A0, 0x1980, 0x21C0, 0x31E0, 0x7B84, 0x9488, 0x8427, 0x8427, 0x8427,
  0x5282, 0x6305, 0x7BA8, 0x7B68, 0x7B88, 0x8388, 0x8388, 0x8368, 0x7B48, 0x72E6, 0x72C5, 0x72C6, 0x72C6, 0x72E7, 0x72E5, 0x7305,
  0x5B64, 0xA923, 0xE883, 0xC8A2, 0xB842, 0xB001, 0xB801, 0xB800, 0xC821, 0xD041, 0xE082, 0xB800, 0x8800, 0x8800, 0x9000, 0xA001,
  0xD082, 0xF104, 0xF164, 0xD862, 0xD062, 0xC861, 0xB800, 0xA000, 0xA000, 0x9000, 0x8800, 0x8800, 0x9800, 0xA800, 0xA800, 0xD802,
  0xF084, 0xE802, 0xD802, 0xF0A4, 0xF003, 0xE802, 0xE802, 0xF004, 0xF003, 0xC801, 0xA800, 0x6000, 0x0800, 0x0000, 0x0000, 0x1800,
  0x3840, 0x2000, 0x0000, 0x1800, 0x5062, 0x9801, 0x6000, 0x4000, 0x9000, 0x0800, 0x2000, 0xF044, 0xF104, 0xF003, 0xF002, 0xD000,
  0xF083, 0xF245, 0xF225, 0xF346, 0xF327, 0xE822, 0xD800, 0xE000, 0xA3C8, 0x5408, 0x6325, 0x6323, 0x6304, 0x62A5, 0x62C5, 0x6285,
  0x6AE5, 0x6B04, 0x6B24, 0x6B24, 0x7344, 0x6B83, 0x6B63, 0x7324, 0x7305, 0x7305, 0x7325, 0x7325, 0x7B65, 0x7B85, 0x83C5, 0x83E5,
  0x83E5, 0x83E4, 0x8404, 0x8C25, 0x8C45, 0x9466, 0x94A7, 0xA4C9, 0xA4E9, 0xAD2A, 0x9CA9, 0x5B43, 0x4AE0, 0x5B21, 0x4221, 0x4A22,
  0x83E7, 0x8C48, 0x8407, 0x8407, 0x5282, 0x62E4, 0x7B89, 0x83A9, 0x8388, 0x8388, 0x8388, 0x8388, 0x8349, 0x7B27, 0x6AA5, 0x6AC6,
  0x72C6, 0x72E6, 0x6AE5, 0x6AC4, 0x5B84, 0x8040, 0x9000, 0x7000, 0x7000, 0x7000, 0x7000, 0x7000, 0x7000, 0x7800, 0x7000, 0x8000,
  0xB801, 0xC842, 0xB000, 0xA800, 0xA000, 0xB800, 0xA000, 0xA000, 0xC802, 0xD062, 0xE882, 0xD001, 0xA800, 0x9800, 0xA000, 0xA000,
  0xA000, 0x9800, 0x9000, 0xA800, 0xE803, 0xF023, 0xD802, 0xD802, 0xF003, 0xF044, 0xE803, 0xE803, 0xF044, 0xF004, 0xF004, 0xC001,
  0x7000, 0x4000, 0x2800, 0x3000, 0x0000, 0x0000, 0x2000, 0xA000, 0xF003, 0xF003, 0x7800, 0x7800, 0xA800, 0x7000, 0xF022, 0xF104,
  0xF084, 0xF002, 0xC800, 0xE801, 0xF1C5, 0xF204, 0xF245, 0xF1A4, 0xF000, 0xE800, 0xE922, 0x9B25, 0x6468, 0x6B87, 0x6B45, 0x6B24,
  0x6B25, 0x6B05, 0x6AC5, 0x6285, 0x62C4, 0x62E4, 0x6B04, 0x6B24, 0x6B44, 0x6B62, 0x6B42, 0x6B04, 0x6AC4, 0x7305, 0x7325, 0x7B45,
  0x7B85, 0x7BA5, 0x8425, 0x8425, 0x8404, 0x8404, 0x8404, 0x8C25, 0x8C45, 0x8C66, 0x94A7, 0xA4C9, 0xA4E9, 0x9D09, 0x9CE8, 0x6BC6,
  0x5343, 0x73A4, 0x6324, 0x3A00, 0x6B65, 0x8428, 0x8407, 0x8407, 0x5AA3, 0x5AA3, 0x7347, 0x83A9, 0x8368, 0x8368, 0x8388, 0x83A9,
  0x8389, 0x7B48, 0x6AC5, 0x6AC5, 0x6AC5, 0x6AC5, 0x62C4, 0x62A3, 0x5B64, 0x70E0, 0x9000, 0x7800, 0x8000, 0x8800, 0x8800, 0x8800,
  0x8800, 0x8800, 0x8800, 0x9000, 0x8800, 0x8000, 0x7800, 0x7000, 0xA000, 0xA800, 0xC000, 0xD841, 0xD861, 0xD883, 0xE8E3, 0xE061,
  0xD821, 0xB000, 0x9800, 0x9800, 0x9800, 0xA800, 0x9000, 0x9800, 0xB000, 0xB801, 0xD001, 0xC001, 0xB800, 0xD802, 0xF003, 0xF023,
  0xF003, 0xE002, 0xD802, 0xF003, 0xF003, 0xF003, 0xB801, 0x3000, 0x1000, 0x5800, 0xE802, 0xF002, 0xD002, 0xE803, 0x8801, 0xA800,
  0xC001, 0xF084, 0xF0E4, 0xF044, 0xF002, 0xC800, 0xD000, 0xF1E5, 0xF204, 0xF124, 0xF123, 0xF082, 0xD082, 0xB2E5, 0x7426, 0x6426,
  0x73C6, 0x6B65, 0x6B65, 0x6324, 0x6B25, 0x7B47, 0x7307, 0x6AE5, 0x6AE5, 0x6AE4, 0x6B04, 0x6324, 0x6B44, 0x6B82, 0x6341, 0x62C3,
  0x6284, 0x72C5, 0x7325, 0x7B85, 0x7BA5, 0x83E5, 0x8C26, 0x8C65, 0x8424, 0x8404, 0x8404, 0x8C25, 0x8C45, 0x8C46, 0x9487, 0x9CC9,
  0xA509, 0x9D08, 0x9D08, 0x7405, 0x5322, 0x73A4, 0x8447, 0x5B23, 0x5303, 0x73A6, 0x8C29, 0x8C09, 0x5AA4, 0x5262, 0x6AE6, 0x7B68,
  0x7B68, 0x7B68, 0x8388, 0x83A8, 0x8368, 0x7B28, 0x6AE6, 0x62C5, 0x62C5, 0x62C4, 0x62C4, 0x5A83, 0x4AE2, 0x5A80, 0x9000, 0x8000,
  0x8000, 0x8800, 0x8800, 0x8800, 0x8800, 0x8800, 0x8800, 0x8800, 0x8000, 0x7800, 0x7000, 0xA000, 0xD864, 0xE0E5, 0xF1A7, 0xF1A6,
  0xF1A6, 0xF1E7, 0xF269, 0xF185, 0xD002, 0x9000, 0x9000, 0x9800, 0xB000, 0xD803, 0xD004, 0x9000, 0x9000, 0x9000, 0xA800, 0xE003,
  0xF043, 0xE823, 0xF083, 0xF0C4, 0xF0A4, 0xF0E4, 0xF023, 0xD801, 0xB000, 0xC801, 0xE802, 0xD801, 0xF003, 0xF005, 0xF005, 0xF005,
  0xE803, 0xF044, 0xF145, 0xF023, 0xF124, 0xF0C4, 0xF063, 0xF003, 0xC800, 0xC800, 0xF104, 0xF2C6, 0xF1C5, 0xF103, 0xB46A, 0x954B,
  0x958D, 0x852B, 0x6BE6, 0x7C06, 0x73A6, 0x7386, 0x7387, 0x6324, 0x7304, 0x7B47, 0x7307, 0x6AE6, 0x6AE5, 0x6B05, 0x6B24, 0x6303,
  0x6323, 0x6361, 0x6321, 0x62C3, 0x6284, 0x7306, 0x7B66, 0x7BC6, 0x83E6, 0x8C26, 0x9466, 0x8C45, 0x8444, 0x8404, 0x8404, 0x8404,
  0x8425, 0x8C46, 0x8C87, 0x94A8, 0x94C8, 0x9D08, 0x9D08, 0x7C26, 0x5321, 0x6342, 0x8C48, 0x7BE6, 0x5B03, 0x4AE3, 0x7BA7, 0x9C4B,
  0x5AA4, 0x4A21, 0x5AA4, 0x7327, 0x8347, 0x8368, 0x7B68, 0x8368, 0x7B68, 0x7327, 0x6B06, 0x62E5, 0x62C5, 0x62C4, 0x5AA3, 0x5282,
  0x4A41, 0x32E0, 0x7040, 0x9000, 0x7000, 0x7000, 0x7000, 0x7800, 0x8000, 0x8000, 0x7800, 0x7000, 0x7000, 0xA044, 0xE9E8, 0xF226,
  0xF2EA, 0xF36D, 0xF34C, 0xF289, 0xE904, 0xD8E5, 0xF2AA, 0xE904, 0xC001, 0x9800, 0x9800, 0xA000, 0xC001, 0xD803, 0xE044, 0xA800,
  0x9800, 0x9800, 0x9000, 0x8800, 0xA800, 0xD001, 0xE802, 0xF022, 0xF063, 0xF043, 0xF0C4, 0xF0A4, 0xF003, 0xE002, 0xB802, 0xB801,
  0xC001, 0xA800, 0xB801, 0xF003, 0xF0C4, 0xF104, 0xF104, 0xF103, 0xF083, 0xF043, 0xF003, 0xE000, 0xF001, 0xF1E5, 0xF2A6, 0xF145,
  0xF0A1, 0xA427, 0x8E0C, 0x9D8B, 0x9D6C, 0x94EB, 0x8427, 0x7BE7, 0x7385, 0x83A7, 0x73C6, 0x6304, 0x7325, 0x8327, 0x72E6, 0x6AC5,
  0x6AC4, 0x62E4, 0x62E3, 0x62C2, 0x6322, 0x6B82, 0x6362, 0x7345, 0x7B26, 0x8387, 0x83C7, 0x83E7, 0x8C06, 0x8C46, 0x8C66, 0x8C65,
  0x8444, 0x8404, 0x8404, 0x8404, 0x8445, 0x8C66, 0x8C67, 0x8C87, 0x8CA8, 0x94C8, 0x94E8, 0x7C67, 0x5322, 0x5300, 0x73C4, 0x8406,
  0x7386, 0x5AC2, 0x6305, 0x942A, 0x5AC5, 0x4A21, 0x5242, 0x6B07, 0x7327, 0x7327, 0x7326, 0x7347, 0x7347, 0x7348, 0x6B26, 0x62E5,
  0x62C4, 0x5AC4, 0x5A83, 0x5262, 0x4A20, 0x3260, 0x4A40, 0xB000, 0xB001, 0xB000, 0x8800, 0x7800, 0x8000, 0x7800, 0x9001, 0xC926,
  0xF2AB, 0xF3AD, 0xF36C, 0xF288, 0xF183, 0xF164, 0xE146, 0xD8A4, 0xD905, 0xF287, 0xF1C4, 0xF228, 0xE966, 0xA800, 0xA000, 0xA800,
  0xB000, 0xC802, 0xD803, 0xB001, 0x8800, 0x9000, 0x9800, 0x8800, 0x8000, 0x7000, 0x7800, 0xB801, 0xE002, 0xE823, 0xE803, 0xF003,
  0xF0C4, 0xF0C4, 0xF064, 0xF064, 0xF064, 0xE063, 0xF0A3, 0xF0A3, 0xF063, 0xF043, 0xF023, 0xF083, 0xF083, 0xF063, 0xF103, 0xF165,
  0xF205, 0xF1E4, 0xF082, 0xC040, 0x18E0, 0x4342, 0xA54A, 0x9D0A, 0xA56C, 0x9D0A, 0x8468, 0x7C07, 0x7385, 0x8C08, 0x73C6, 0x6B04,
  0x7B26, 0x8347, 0x6AC5, 0x5A43, 0x5A63, 0x62C3, 0x62E2, 0x6303, 0x7363, 0x73C3, 0x6B82, 0x7B85, 0x8BA9, 0x8BC9, 0x9428, 0x9428,
  0x9447, 0x9467, 0x9467, 0x8C66, 0x8443, 0x8403, 0x8404, 0x8445, 0x8445, 0x8445, 0x8446, 0x8C87, 0x8CA7, 0x8CA8, 0x8CC8, 0x84A7,
  0x5322, 0x4AC0, 0x6B63, 0x7BA6, 0x83A7, 0x7B66, 0x6B04, 0x7B87, 0x62E6, 0x5221, 0x4A01, 0x6AE6, 0x72E7, 0x6AE6, 0x6AE6, 0x6B06,
  0x6B26, 0x7326, 0x6B26, 0x62E5, 0x62E4, 0x5AC4, 0x5A83, 0x5262, 0x4A20, 0x4200, 0x1A60, 0x5920, 0xF064, 0xF1A6, 0xF185, 0xE9A7,
  0xD966, 0xEA28, 0xF2CA, 0xF2CA, 0xF30A, 0xF267, 0xF289, 0xF2EB, 0xF206, 0xE860, 0xE8A1, 0xF227, 0xF249, 0xF28A, 0xF2C9, 0xF1C4,
  0xD062, 0xA000, 0xB001, 0xB001, 0xA800, 0xB001, 0xB001, 0xA000, 0x9000, 0x9800, 0x9000, 0x8800, 0x8800, 0x6800, 0x7800, 0xB800,
  0xD001, 0xF023, 0xF104, 0xF043, 0xF0A3, 0xF124, 0xF144, 0xF1A4, 0xF1E5, 0xF124, 0xF002, 0xF002, 0xF043, 0xF0E3, 0xF0E4, 0xF0C3,
  0xF063, 0xF164, 0xF225, 0xF0E2, 0xC0A1, 0xA324, 0xA3C6, 0x3220, 0x00C0, 0x2140, 0x7BE6, 0xAD6B, 0x9D0A, 0x950A, 0x8CCA, 0x7C27,
  0x7BA5, 0x9428, 0x7BE6, 0x6B24, 0x7B27, 0x8327, 0x6AC6, 0x6264, 0x6263, 0x62C3, 0x6303, 0x6B44, 0x7B85, 0x7BE3, 0x73A2, 0x83C6,
  0x9BEA, 0x9C0A, 0x9C49, 0x9C49, 0x9468, 0x9467, 0x9467, 0x8C65, 0x8444, 0x8444, 0x7C45, 0x7C45, 0x7C25, 0x7C45, 0x7C45, 0x8466,
  0x8487, 0x8487, 0x8CA7, 0x84A7, 0x5B42, 0x4A80, 0x6B42, 0x7B65, 0x7B86, 0x93A8, 0x8386, 0x7B86, 0x6AE6, 0x5221, 0x41E0, 0x5A84,
  0x6AE6, 0x62C5, 0x62C5, 0x62E5, 0x6B05, 0x6B25, 0x6B25, 0x62E5, 0x62E5, 0x62E4, 0x5A83, 0x5262, 0x4A21, 0x4200, 0x39E0, 0x1240,
  0xB945, 0xF165, 0xC0A2, 0xC0A3, 0xD9A7, 0xF2A9, 0xF1E5, 0xF1A6, 0xE9C7, 0xE1A6, 0xE186, 0xD924, 0xC862, 0xD926, 0xF207, 0xF228,
  0xF228, 0xF38E, 0xF36C, 0xF102, 0xD801, 0x9800, 0xA001, 0xB802, 0xB802, 0x9800, 0x9000, 0xC002, 0xA000, 0x8800, 0x8800, 0x8000,
  0x7800, 0xA000, 0xD000, 0xD000, 0xD000, 0xD001, 0xE801, 0xF002, 0xE802, 0xF043, 0xF124, 0xF0A4, 0xF003, 0xF002, 0xF003, 0xF043,
  0xF043, 0xF002, 0xF001, 0xE801, 0xF023, 0xF123, 0xC0A0, 0x8243, 0x74A7, 0x7507, 0x7CA7, 0x8C87, 0x2960, 0x10E0, 0x39C0, 0x9488,
  0x9D0A, 0x9D0B, 0x8CEB, 0x8469, 0x83C6, 0x8C28, 0x7BA5, 0x6323, 0x7B26, 0x7B07, 0x72C6, 0x6285, 0x62C4, 0x62E4, 0x6B24, 0x7B85,
  0x7BA5, 0x7BC3, 0x73C3, 0x8C06, 0x9C09, 0x9C29, 0x9C4A, 0x9C69, 0x9C69, 0x9468, 0x9487, 0x8C66, 0x8465, 0x7C45, 0x7C25, 0x7C25,
  0x7C25, 0x7C25, 0x7C45, 0x7C46, 0x7C66, 0x8466, 0x8446, 0x8446, 0x5B83, 0x4280, 0x6301, 0x7B45, 0x8386, 0x8BA7, 0x8BA8, 0x8BA9,
  0x62E6, 0x5242, 0x41E0, 0x5243, 0x5A85, 0x5AA4, 0x5AA4, 0x62C4, 0x62E5, 0x6B25, 0x6B26, 0x6305, 0x62E5, 0x62E4, 0x5AA4, 0x5263,
  0x4A21, 0x4200, 0x39E0, 0x2200, 0x41C0, 0xD802, 0xD082, 0xD145, 0xF289, 0xF1C5, 0xD0A1, 0xA000, 0xB000, 0xC062, 0xC8A3, 0xD0A3,
  0xE9A7, 0xF2EC, 0xF34D, 0xF268, 0xF2AB, 0xF228, 0xF1C5, 0xF165, 0xD042, 0xA000, 0xA000, 0xB801, 0xC003, 0xB001, 0xA800, 0xC001,
  0xA800, 0x8000, 0x8000, 0x8800, 0xB000, 0xD000, 0xC800, 0xC000, 0xC000, 0xC000, 0xB800, 0xB800, 0xB800, 0xC000, 0xD001, 0xB800,
  0xC000, 0xD801, 0xE802, 0xD800, 0xE802, 0xF1C5, 0xF104, 0xF002, 0xF001, 0xA222, 0x6446, 0x7D09, 0x8CA7, 0x8C66, 0x8C45, 0x9CE6,
  0x83A4, 0x1900, 0x08A0, 0x52C2, 0x9D0C, 0x9D4B, 0x9D0C, 0x94EB, 0x8C48, 0x83E7, 0x7384, 0x6324, 0x6AE5, 0x7AE7, 0x72E6, 0x62A5,
  0x6AE4, 0x6B24, 0x7385, 0x83A6, 0x83C5, 0x7BE3, 0x7BE3, 0x9407, 0xA429, 0xA44B, 0xA46A, 0xA48A, 0xA489, 0x9468, 0x9488, 0x8465,
  0x7C65, 0x7C45, 0x7C24, 0x7C25, 0x7C05, 0x7C25, 0x7C46, 0x7C46, 0x7C46, 0x8446, 0x8426, 0x8C47, 0x6B83, 0x42A0, 0x5AE1, 0x7B65,
  0x8385, 0x8386, 0x8B87, 0x8BA8, 0x62C5, 0x5242, 0x4201, 0x5222, 0x5263, 0x5A84, 0x5A83, 0x5AC4, 0x62E5, 0x6B26, 0x7326, 0x6B25,
  0x6B05, 0x62E5, 0x62C4, 0x5A83, 0x4A22, 0x4200, 0x39C0, 0x39C0, 0x09C0, 0x7A04, 0xF1C7, 0xF164, 0xC924, 0xB061, 0xA000, 0xC0A2,
  0xE943, 0xF124, 0xF208, 0xF2EB, 0xF36C, 0xF36C, 0xF30B, 0xF247, 0xE965, 0xE985, 0xF1E6, 0xF1A6, 0xC823, 0xA801, 0xB001, 0xC002,
  0xC003, 0xC001, 0xA800, 0xA000, 0xA000, 0x8000, 0x9000, 0xC000, 0xC000, 0xC000, 0xB800, 0xB800, 0xC000, 0xC800, 0xC000, 0xC000,
  0xC000, 0xB800, 0xB000, 0xB800, 0xD001, 0xC000, 0xC800, 0xF002, 0xF1A4, 0xF103, 0xF001, 0xF101, 0xA2C3, 0x5446, 0x7407, 0x8C08,
  0x8C07, 0x8C06, 0x8C05, 0x8C45, 0x9467, 0x5AA1, 0x10E0, 0x1940, 0x7BE8, 0x94EB, 0x94EB, 0x94EB, 0xA50C, 0x8C08, 0x6B63, 0x5B04,
  0x6AE6, 0x72E7, 0x72E6, 0x7305, 0x7B45, 0x7B85, 0x7BA5, 0x83C5, 0x8C06, 0x8403, 0x8404, 0x9428, 0xA44A, 0xAC6B, 0xAC8B, 0xAC8B,
  0xA489, 0x9C89, 0x8C67, 0x7C45, 0x7C45, 0x7C45, 0x7C25, 0x7C25, 0x7C25, 0x7C25, 0x7C26, 0x7C46, 0x8466, 0x8447, 0x8426, 0x8C26,
  0x73A3, 0x4AC0, 0x52C0, 0x7B65, 0x8BA6, 0x8386, 0x8386, 0x8BC8, 0x62C5, 0x5242, 0x4201, 0x4A21, 0x5242, 0x5242, 0x5263, 0x5AA4,
  0x5AE4, 0x6B25, 0x7346, 0x6B26, 0x6B25, 0x6B05, 0x62E5, 0x5A84, 0x5243, 0x41E1, 0x39E0, 0x39C0, 0x31C0, 0x1200, 0x9983, 0xF0A4,
  0xF1A6, 0xF207, 0xE1A5, 0xF1C5, 0xF1C5, 0xF247, 0xF2E9, 0xF268, 0xF206, 0xF1E6, 0xF184, 0xF183, 0xE104, 0xE9A7, 0xF30B, 0xF226,
  0xD002, 0xA000, 0xA000, 0xA800, 0xB802, 0xC002, 0xA000, 0x9000, 0x8000, 0x9000, 0xC000, 0xC000, 0xB000, 0xA800, 0xB000, 0xC800,
  0xC800, 0xC800, 0xC800, 0xC000, 0xC800, 0xC800, 0xC800, 0xD000, 0xC800, 0xD001, 0xF001, 0xF143, 0xD9E4, 0xA265, 0x9B26, 0x7C06,
  0x6406, 0x73C6, 0x83A7, 0x83A8, 0x8BC8, 0x8BC7, 0x8BC6, 0x83C6, 0x8BE5, 0x8C06, 0x39C0, 0x1900, 0x29A0, 0x8C6B, 0x8CAB, 0x94EB,
  0xA52C, 0x946A, 0x6B63, 0x5AE3, 0x6B06, 0x6AC6, 0x72E6, 0x7B66, 0x8BA6, 0x8BA5, 0x83A5, 0x83E5, 0x8C26, 0x8C25, 0x8424, 0x9448,
  0xA46A, 0xAC6B, 0xA48B, 0xA48A, 0x9C89, 0x9469, 0x8427, 0x7C25, 0x7425, 0x7C25, 0x7C25, 0x8446, 0x7C46, 0x7C26, 0x7C46, 0x8446,
  0x8446, 0x8C46, 0x8C06, 0x8C06, 0x7BE4, 0x4AE0, 0x4AA0, 0x7B44, 0x93E7, 0x83A6, 0x83A7, 0x8BC7, 0x62A4, 0x5262, 0x4A21, 0x4220,
  0x4A21, 0x4A21, 0x4A62, 0x52A3, 0x5AC4, 0x6305, 0x7326, 0x6B26, 0x6B26, 0x6B06, 0x62C5, 0x5A64, 0x5244, 0x4A01, 0x41E0, 0x39C0,
  0x39C0, 0x31C0, 0x09E0, 0xA204, 0xF145, 0xF248, 0xF32A, 0xF247, 0xF2A8, 0xF2C9, 0xF32B, 0xF2EA, 0xF28A, 0xF2AA, 0xF268, 0xE943,
  0xC801, 0xE104, 0xE944, 0xC041, 0xA000, 0xA000, 0x9800, 0xA000, 0xA000, 0xA000, 0x9000, 0x7800, 0x7800, 0xA800, 0xB800, 0xB000,
  0xB000, 0xF104, 0xF022, 0xB800, 0xB800, 0xC000, 0xC800, 0xC800, 0xC800, 0xC000, 0xC000, 0xC800, 0xE801, 0xF001, 0xF1A3, 0x9B05,
  0x3B89, 0x5C8B, 0x74AA, 0x73E7, 0x7BA6, 0x7BA6, 0x7BA7, 0x8BA9, 0x8BC8, 0x8BC8, 0x8BC7, 0x8BE7, 0x8BC6, 0x8C07, 0x6B23, 0x2120,
  0x1900, 0x4220, 0x846C, 0x950B, 0xA52C, 0x9D0B, 0x7C06, 0x5B05, 0x6306, 0x6AE6, 0x7B46, 0x8BA7, 0x8BC6, 0x8BC6, 0x8BC5, 0x8C05,
  0x8C25, 0x8C65, 0x8424, 0x8C27, 0xA44A, 0xA46A, 0x9C69, 0x9C69, 0x9468, 0x8C48, 0x8426, 0x7C05, 0x7405, 0x7C05, 0x7C25, 0x8446,
  0x8467, 0x8466, 0x8426, 0x8425, 0x8426, 0x8C26, 0x8C26, 0x8C06, 0x7BE4, 0x5300, 0x4AA0, 0x6B23, 0x93C6, 0x8BC7, 0x8BC7, 0x83E7,
  0x5AA4, 0x5283, 0x4A41, 0x4220, 0x4A20, 0x4A41, 0x4A61, 0x5283, 0x5AC4, 0x6305, 0x6B25, 0x6B26, 0x6B26, 0x7307, 0x6AE6, 0x5A84,
  0x5244, 0x4A01, 0x41C0, 0x39C0, 0x39C0, 0x39A0, 0x29A0, 0x09C0, 0x8981, 0xF22A, 0xF2A9, 0xF1A4, 0xF183, 0xF1C4, 0xF206, 0xF248,
  0xF2EB, 0xF2EB, 0xF32C, 0xF2EA, 0xE103, 0x9000, 0x8000, 0x8800, 0xC001, 0xB000, 0x9800, 0x9800, 0x9800, 0x8800, 0x7000, 0x8800,
  0xB801, 0xE022, 0xB800, 0xB000, 0xC801, 0xF043, 0xE802, 0xF042, 0xE801, 0xC800, 0xB800, 0xB800, 0xB800, 0xC801, 0xF002, 0xF062,
  0xE161, 0xBA83, 0x84E9, 0x43E8, 0x42E7, 0x6BA9, 0x8429, 0x83C7, 0x83A6, 0x83A7, 0x8C09, 0x93EA, 0x8BC9, 0x8BE8, 0x8BC8, 0x8BE7,
  0x8BE7, 0x83C6, 0x8C28, 0x5AE3, 0x1900, 0x2140, 0x5B24, 0x950C, 0xA52D, 0xA52C, 0x8CA9, 0x6366, 0x6B27, 0x7B87, 0x8BA8, 0x93C7,
  0x8BE7, 0x8BE6, 0x8BE5, 0x8C05, 0x8C05, 0x8424, 0x7C04, 0x8C07, 0x9429, 0x9428, 0x9C49, 0x9C49, 0x8C28, 0x8427, 0x7C05, 0x6BE5,
  0x73E5, 0x7C05, 0x7C26, 0x8446, 0x8467, 0x7C05, 0x7BE4, 0x83E5, 0x8426, 0x8C26, 0x8C27, 0x9427, 0x83E4, 0x5320, 0x42A0, 0x6321,
  0x8385, 0x83A7, 0x83E7, 0x83E7, 0x5AA4, 0x5282, 0x5260, 0x4200, 0x4A40, 0x5281, 0x52A1, 0x52A3, 0x5AE4, 0x6305, 0x6B25, 0x6B25,
  0x6B26, 0x6AE6, 0x6B06, 0x62A5, 0x5223, 0x41C0, 0x41A0, 0x39A0, 0x3980, 0x3180, 0x3180, 0x29A0, 0x0A00, 0xA287, 0xF249, 0xF1C5,
  0xF1C4, 0xF1C5, 0xE924, 0xF184, 0xF207, 0xF227, 0xF1C6, 0xF164, 0xA000, 0x8000, 0x8000, 0xB800, 0xC001, 0xA000, 0x8800, 0xA000,
  0x9800, 0x8800, 0xD862, 0xF227, 0xF205, 0xF0C3, 0xC000, 0xC001, 0xA800, 0xB000, 0xC801, 0xF0C3, 0xF123, 0xF063, 0xF002, 0xD801,
  0xF003, 0xF083, 0xE9E3, 0x9324, 0x4BC3, 0x5427, 0x7CEA, 0x6387, 0x4AC6, 0x6388, 0x8409, 0x8BE8, 0x83C7, 0x83C8, 0x942A, 0x9C0A,
  0x940A, 0x940A, 0x93E8, 0x8C08, 0x8C07, 0x8C48, 0x8468, 0x7BE8, 0x4240, 0x1920, 0x2980, 0x73E8, 0x9D4D, 0x9D0B, 0x8CCA, 0x73E8,
  0x7BC8, 0x83E8, 0x93E9, 0x93E7, 0x9407, 0x9406, 0x8C06, 0x8C05, 0x8404, 0x7BE3, 0x73E3, 0x8C07, 0x9408, 0x9428, 0x9449, 0x9449,
  0x8427, 0x7C06, 0x73E5, 0x6BE4, 0x73C4, 0x73E5, 0x7C26, 0x7C07, 0x7BE6, 0x7BC6, 0x7BC5, 0x7BE5, 0x8405, 0x8405, 0x8C06, 0x8BE6,
  0x83C4, 0x5B40, 0x42A0, 0x62E0, 0x7B65, 0x83A7, 0x83E6, 0x83E6, 0x52A2, 0x52A2, 0x5280, 0x4A20, 0x4A80, 0x52A1, 0x52C2, 0x5AE4,
  0x5AE5, 0x6305, 0x6B26, 0x6B45, 0x6B05, 0x62C5, 0x6AE6, 0x5A84, 0x5222, 0x41C1, 0x41A0, 0x3980, 0x3160, 0x3160, 0x3180, 0x39C0,
  0x4220, 0x2B03, 0x82E6, 0xF165, 0xF082, 0xD001, 0xE8C2, 0xE902, 0xE0E2, 0xE903, 0xC861, 0x9800, 0x8000, 0x8000, 0xA000, 0xB800,
  0xC800, 0xA800, 0x9800, 0xA000, 0x8800, 0xE883, 0xF308, 0xF104, 0xC800, 0xC800, 0xE862, 0xD801, 0xD822, 0xF0E3, 0xF0C3, 0xF1C4,
  0xF1A3, 0xF0E2, 0xF163, 0xF0C1, 0xD960, 0x9A62, 0x63A6, 0x5C07, 0x63A5, 0x73A6, 0x8CCA, 0x6BE8, 0x42A6, 0x5B27, 0x8409, 0x8C08,
  0x8BC8, 0x83C8, 0x8BE9, 0x940A, 0x9C2C, 0x9C2B, 0x9409, 0x9408, 0x9428, 0x9489, 0x8C68, 0x73C7, 0x6B66, 0x39C0, 0x1100, 0x29A0,
  0x846B, 0x94EC, 0x84A9, 0x7C29, 0x842A, 0x944A, 0x9409, 0x93E7, 0x9407, 0x9C27, 0x9426, 0x8405, 0x83E4, 0x73C1, 0x6BC2, 0x83E7,
  0x9408, 0x9428, 0x9448, 0x8C28, 0x8406, 0x73E5, 0x73E4, 0x6BC4, 0x6BA4, 0x73C5, 0x73A5, 0x7BA6, 0x7BC6, 0x7BC6, 0x83C6, 0x7BE5,
  0x7BC4, 0x83E5, 0x83E5, 0x8C06, 0x7BA4, 0x6320, 0x42A0, 0x52C0, 0x7345, 0x83C7, 0x7BE6, 0x7BE5, 0x52A1, 0x5AC1, 0x5280, 0x4A40,
  0x52A0, 0x52E1, 0x52C2, 0x52C2, 0x5AE3, 0x5AE4, 0x6305, 0x6325, 0x62C4, 0x5A84, 0x5A84, 0x5A63, 0x5202, 0x49C1, 0x41A0, 0x3960,
  0x3140, 0x3140, 0x39A0, 0x4200, 0x4A82, 0x52A3, 0x3B03, 0x52E3, 0xA1C4, 0xE124, 0xF0A3, 0xD000, 0xD800, 0xC800, 0xA000, 0xA000,
  0xB000, 0xC801, 0xC802, 0xF1C8, 0xF269, 0xF104, 0xA000, 0x68C1, 0xE1E5, 0xF2C7, 0xF184, 0xD000, 0xF164, 0xF266, 0xF145, 0xF1E6,
  0xF265, 0xF245, 0xF267, 0xF328, 0xB3CA, 0xA3C9, 0x8B67, 0x3A80, 0x0A20, 0x3302, 0x7387, 0x7BA6, 0x7364, 0x7385, 0x8CAB, 0x8429,
  0x3AA6, 0x4B06, 0x7BE9, 0x8C09, 0x8BC7, 0x8BE8, 0x9409, 0x9C0B, 0xA42C, 0x9C2A, 0x9429, 0x9448, 0x9469, 0x9CAA, 0x8447, 0x6B86,
  0x5B26, 0x5A82, 0x2160, 0x1100, 0x3A20, 0x94EC, 0x8CAA, 0x7C29, 0x848B, 0x8C2A, 0x8C08, 0x93E7, 0x9427, 0x9C47, 0x8C25, 0x8404,
  0x7BC3, 0x6BA1, 0x6BA2, 0x83C7, 0x9408, 0x8C28, 0x8C28, 0x8C07, 0x7C06, 0x73E4, 0x6BA3, 0x6B83, 0x6B83, 0x6B84, 0x7365, 0x7385,
  0x7385, 0x7B85, 0x7BA5, 0x7BC5, 0x7BA4, 0x7BA4, 0x7BC4, 0x83C5, 0x7B84, 0x6340, 0x42C0, 0x4A80, 0x6B24, 0x83C7, 0x83E6, 0x8406,
  0x4A80, 0x52A0, 0x4A80, 0x52A0, 0x52C0, 0x5301, 0x52E1, 0x52C0, 0x52C2, 0x5AC3, 0x5AE4, 0x62C4, 0x5AA4, 0x5263, 0x5263, 0x5222,
  0x49E1, 0x49C1, 0x41A0, 0x3960, 0x3120, 0x3960, 0x39E1, 0x4A43, 0x5283, 0x4A83, 0x5AE4, 0x6B86, 0x74A8, 0x94CA, 0xA449, 0xAB88,
  0xA264, 0x8162, 0x8901, 0xA163, 0xCAE7, 0xABC7, 0x9408, 0x9C69, 0x9449, 0x7C48, 0x4467, 0xA346, 0xF286, 0xF226, 0xF0C3, 0xF266,
  0xF2A5, 0xF0A3, 0xF084, 0xF246, 0xC327, 0xB368, 0x8BEA, 0x740A, 0x6C0A, 0x7C2B, 0x7BEA, 0x3AA0, 0x19E0, 0x3A80, 0x7346, 0x7B66,
  0x7345, 0x6B44, 0x8C6A, 0x8C8A, 0x4AE6, 0x3AA6, 0x73C8, 0x9429, 0x8BE8, 0x8BE8, 0x9409, 0x9C2B, 0x9C4C, 0x9C4B, 0x9C4A, 0x9C69,
  0xA4CA, 0x9CCA, 0x8427, 0x6B85, 0x4AC3, 0x5AC4, 0x5AE2, 0x31A0, 0x2140, 0x4A82, 0x8CAB, 0x844A, 0x8CAB, 0x8C29, 0x8C08, 0x9407,
  0x9407, 0x9426, 0x8404, 0x6BA1, 0x73A2, 0x73A3, 0x6BA2, 0x7BC5, 0x93E8, 0x8BE7, 0x8C07, 0x8C47, 0x7BE5, 0x73C3, 0x6B82, 0x5B42,
  0x6343, 0x6B44, 0x6B45, 0x6B45, 0x7345, 0x7384, 0x7384, 0x73A4, 0x73A5, 0x7384, 0x7BA4, 0x7BA4, 0x7B84, 0x6B62, 0x5300, 0x4280,
  0x6344, 0x83E7, 0x8C27, 0x9427, 0x4A80, 0x4A80, 0x4AA0, 0x4AC0, 0x52C0, 0x5B01, 0x5300, 0x52E0, 0x52C1, 0x5AC2, 0x5AA3, 0x5283,
  0x5263, 0x5222, 0x4A22, 0x4A01, 0x49C1, 0x49C1, 0x41A0, 0x3960, 0x41A1, 0x4202, 0x4202, 0x4A63, 0x5A84, 0x5AC5, 0x7326, 0x8BC7,
  0x93E8, 0x9C89, 0xA54B, 0xA5AB, 0x9DEB, 0xA60B, 0xA64C, 0x9E4B, 0x8E0A, 0x8DAA, 0x8529, 0x7467, 0x6C06, 0x4BE5, 0x7AC4, 0xF1C5,
  0xF247, 0xF207, 0xF205, 0xF1A4, 0xE800, 0xE861, 0xA285, 0x6BA8, 0x63E9, 0x73C9, 0x73A8, 0x7B88, 0x8388, 0x83A9, 0x7B47, 0x5AC2,
  0x3220, 0x3240, 0x6B26, 0x7325, 0x7325, 0x6B24, 0x8449, 0x94AB, 0x5306, 0x3285, 0x6B88, 0x9429, 0x8BE8, 0x8BE9, 0x940A, 0x9C2B,
  0xA44C, 0xA48C, 0x9C6A, 0x9C89, 0xA4E9, 0x9CA9, 0x8427, 0x6385, 0x52C3, 0x62C4, 0x83A8, 0x5AC3, 0x2160, 0x1100, 0x52E4, 0x9CED,
  0x8CAB, 0x8429, 0x8407, 0x8C27, 0x8C06, 0x8C26, 0x7BC3, 0x5B60, 0x73A3, 0x73C4, 0x6BA2, 0x7BC5, 0x8BE7, 0x8BE8, 0x8C08, 0x8426,
  0x73C3, 0x6BA2, 0x6361, 0x6322, 0x6323, 0x6324, 0x6B25, 0x6B25, 0x6B25, 0x6B44, 0x6B63, 0x7384, 0x7385, 0x7384, 0x73A3, 0x7BA5,
  0x83A5, 0x73A4, 0x6320, 0x42A0, 0x6344, 0x83C6, 0x8C07, 0x8C07, 0x4A60, 0x4AA0, 0x52E0, 0x52E0, 0x52E0, 0x6362, 0x5B21, 0x5AE0,
  0x5AE2, 0x5AC2, 0x5282, 0x5262, 0x5242, 0x4A01, 0x49E1, 0x41C1, 0x41C1, 0x41C1, 0x41C0, 0x41A1, 0x4A23, 0x4A02, 0x4202, 0x5264,
  0x6AE6, 0x6AE6, 0x7B46, 0x8BC8, 0x9428, 0xA469, 0xACA9, 0xACC9, 0xACC9, 0xAD0A, 0xA52A, 0x9D09, 0x9CE9, 0x9488, 0x8C48, 0x8407,
  0x6BE6, 0x6B44, 0xF1C4, 0xF227, 0xF2EB, 0xF0C4, 0xE061, 0xC800, 0xB000, 0x6B47, 0x5BA9, 0x7B89, 0x8B89, 0x8B89, 0x8389, 0x8388,
  0x7B69, 0x7327, 0x6AE5, 0x62C3, 0x4280, 0x2200, 0x5B04, 0x7B67, 0x7345, 0x7325, 0x83E8, 0x948B, 0x5B47, 0x2A64, 0x5B47, 0x942A,
  0x93E9, 0x9409, 0x942A, 0x9C2B, 0xA46C, 0xA46C, 0x9C6A, 0x9C89, 0xA4E9, 0x9488, 0x7C06, 0x6345, 0x6303, 0x7345, 0x7B87, 0x7BA9,
  0x4A40, 0x1100, 0x2140, 0x6BA6, 0x9D4D, 0x846A, 0x7BE7, 0x9448, 0x8C47, 0x7C05, 0x6360, 0x6380, 0x7BC5, 0x7BC4, 0x6BA3, 0x7BC4,
  0x8BE6, 0x8C08, 0x8BE7, 0x7BC5, 0x73A3, 0x6B82, 0x6322, 0x6322, 0x6302, 0x6303, 0x6B05, 0x6B05, 0x6B25, 0x6324, 0x6B43, 0x7364,
  0x7385, 0x7B84, 0x7BA5, 0x83A5, 0x83A6, 0x7B85, 0x6B42, 0x4AC0, 0x5B43, 0x7BA6, 0x8C07, 0x9407, 0x4AA0, 0x4AC0, 0x5300, 0x5300,
  0x5B20, 0x6B62, 0x6342, 0x6322, 0x6323, 0x5AC2, 0x5262, 0x4A42, 0x4A21, 0x4A01, 0x49E1, 0x41C1, 0x41A1, 0x41A0, 0x41C1, 0x4A03,
  0x4A23, 0x4A22, 0x5243, 0x5A84, 0x62C5, 0x6AE5, 0x7B47, 0x93E8, 0x9C49, 0xA48A, 0xACCA, 0xACE9, 0xAD2A, 0xB56B, 0xA54A, 0x9D09,
  0x94C9, 0x8C68, 0x8427, 0x7C06, 0x53C5, 0xF225, 0xF1C5, 0xF2C8, 0xF1A7, 0xB000, 0x9000, 0x9800, 0x7923, 0x5BE9, 0x8328, 0x8369,
  0x8B89, 0x8B89, 0x8389, 0x8389, 0x7B27, 0x6AA5, 0x6283, 0x62A4, 0x52A0, 0x2200, 0x3A80, 0x7B67, 0x7346, 0x7325, 0x73A7, 0x8C6A,
  0x6367, 0x2A44, 0x52E7, 0x8BE9, 0x8BC8, 0x942A, 0x9C2B, 0x9C2B, 0x9C4B, 0x9C4A, 0x9C69, 0x9C89, 0xA4CA, 0x8C47, 0x73C6, 0x5B23,
  0x7345, 0x93E7, 0x7B86, 0x6B27, 0x83C9, 0x4200, 0x2140, 0x29A0, 0x7409, 0x94AC, 0x8469, 0x8CA9, 0x94A9, 0x73E3, 0x5B40, 0x73A2,
  0x83C6, 0x83E6, 0x7BC4, 0x73C4, 0x8BE7, 0x8BE8, 0x83C7, 0x73A4, 0x7383, 0x6B42, 0x6322, 0x6301, 0x5B01, 0x6304, 0x6B25, 0x6B05,
  0x6B25, 0x6B25, 0x7344, 0x7365, 0x7385, 0x7BA5, 0x83A5, 0x8BC6, 0x8BA7, 0x7B84, 0x6B62, 0x52C0, 0x5B22, 0x7385, 0x8C07, 0x93E7,
  0xF81F, 0x52E0, 0x5320, 0x5B40, 0x5B20, 0x6321, 0x6322, 0x6B44, 0x6B24, 0x5AC3, 0x5242, 0x4A21, 0x4201, 0x41E1, 0x41C1, 0x41A1,
  0x41A1, 0x41C1, 0x4A02, 0x4A03, 0x5224, 0x5243, 0x5A64, 0x5A64, 0x6284, 0x6285, 0x7B26, 0x8BC8, 0x9C49, 0xACAA, 0xB4EA, 0xBD2B,
  0xBD8C, 0xB56B, 0xA52A, 0x9CE9, 0x94A8, 0x8C47, 0x8407, 0x53E5, 0xBAC5, 0xF185, 0xF245, 0xF286, 0xC800, 0x9800, 0x9000, 0xA800,
  0x72E7, 0x7BA9, 0x8348, 0x8369, 0x8B89, 0x8B89, 0x8B89, 0x8348, 0x7327, 0x6AC5, 0x6AC5, 0x6AC5, 0x6AE4, 0x3A80, 0x2220, 0x6325,
  0x7B46, 0x6B25, 0x7366, 0x844A, 0x6367, 0x2A44, 0x42A5, 0x7B88, 0x8B88, 0x93E9, 0x942A, 0x9C2B, 0x9C2A, 0x9C29, 0x9C49, 0x9CAA,
  0x9CA9, 0x8427, 0x6BA5, 0x5B23, 0x7B85, 0xA469, 0x83C6, 0x5AE4, 0x7388, 0x83E8, 0x31A0, 0x1900, 0x2980, 0x8C8B, 0x9D0C, 0x950A,
  0x8CCA, 0x7445, 0x6380, 0x7BC4, 0x83E7, 0x8BE7, 0x7BC4, 0x7BE4, 0x83E7, 0x8BE8, 0x83C6, 0x7B85, 0x73A4, 0x6B23, 0x5AC2, 0x5B02,
  0x6304, 0x6B25, 0x7326, 0x7326, 0x7346, 0x7366, 0x7B66, 0x7B86, 0x7BA6, 0x83A6, 0x83C6, 0x8BC7, 0x8BC7, 0x83A5, 0x7383, 0x52E0,
  0x5B22, 0x7364, 0x8BA6, 0xF81F, 0xF81F, 0x5320, 0x5B20, 0x5B40, 0x5B20, 0x5B21, 0x6322, 0x6323, 0x62E3, 0x5AA3, 0x5242, 0x4A00,
  0x41E0, 0x41E1, 0x41A1, 0x3981, 0x41A1, 0x49E2, 0x4A02, 0x4A03, 0x5243, 0x5A84, 0x6284, 0x5A64, 0x5A44, 0x5A44, 0x7306, 0x8BC9,
  0x9C4A, 0xACAA, 0xB50C, 0xBD8D, 0xBDAC, 0xB56B, 0xA52A, 0x9CC8, 0x8C88, 0x8427, 0x6C06, 0x6B64, 0xF1C5, 0xF267, 0xF2C7, 0xE862,
  0xA800, 0xA000, 0xA000, 0xA801, 0x63C8, 0x83A9, 0x8B89, 0x93AA, 0x93AA, 0x93AA, 0x8B89, 0x8348, 0x7B27, 0x72E6, 0x72E6, 0x72E6,
  0x7AE7, 0x62C3, 0x2A20, 0x42A0, 0x6B26, 0x62E4, 0x6B25, 0x73C7, 0x5B67, 0x2A44, 0x3264, 0x7326, 0x8387, 0x8BC8, 0x9409, 0x9C2A,
  0x9C2A, 0x9408, 0x9428, 0x9C89, 0x9468, 0x7BE6, 0x6B85, 0x6323, 0x83C5, 0x9C88, 0x8C06, 0x6304, 0x5AC5, 0x7BC8, 0x83A6, 0x29A0,
  0x10E0, 0x4AA2, 0xA56E, 0x950C, 0x952B, 0x84C8, 0x7425, 0x7BE5, 0x7BA6, 0x83C7, 0x7BE5, 0x83E5, 0x83E6, 0x8BC7, 0x83A6, 0x7BA5,
  0x7385, 0x62E3, 0x5AC2, 0x6B24, 0x7346, 0x7325, 0x7326, 0x7B67, 0x8388, 0x8B87, 0x83A6, 0x83A7, 0x8BE7, 0x8BE7, 0x8BE7, 0x93E7,
  0x93E8, 0x8BE5, 0x73C4, 0x5B20, 0x5B21, 0x6304, 0x83A6, 0xF81F, 0xF81F, 0x5320, 0x5B40, 0x5B60, 0x5B20, 0x5B21, 0x5B02, 0x62E3,
  0x62C3, 0x5A83, 0x5243, 0x4A22, 0x49E2, 0x41C2, 0x41A1, 0x3981, 0x41C1, 0x4A02, 0x4A02, 0x4A02, 0x5223, 0x5A44, 0x6284, 0x5A44,
  0x5A23, 0x5A23, 0x7B28, 0x93C9, 0xA46A, 0xB4EB, 0xB52C, 0xBD8D, 0xB58C, 0xAD4A, 0x9D09, 0x94A8, 0x8447, 0x7BE6, 0x53E5, 0xC264,
  0xF1C6, 0xF245, 0xD801, 0xB800, 0x9800, 0xA000, 0xB800, 0x9944, 0x6BE8, 0x8BCA, 0x9C0B, 0x9BEB, 0x9BEB, 0x93CA, 0x8B89, 0x8368,
  0x8348, 0x7B28, 0x7B07, 0x7B07, 0x7AE7, 0x7B26, 0x4280, 0x2A20, 0x52C2, 0x5AC3, 0x62E4, 0x6B66, 0x5B26, 0x2A44, 0x2A24, 0x6305,
  0x7B66, 0x83A7, 0x9428, 0x9C29, 0x9C49, 0x8BE6, 0x8C07, 0x9469, 0x8C07, 0x6BC6, 0x5B64, 0x6B84, 0x8C46, 0x9487, 0x8C27, 0x7365,
  0x52C3, 0x6324, 0x942A, 0x6B25, 0x1100, 0x10E0, 0x73C8, 0x9D6F, 0x9D6D, 0x954C, 0x8CE9, 0x8407, 0x7B65, 0x83C6, 0x83E6, 0x8406,
  0x83E6, 0x8BC7, 0x8BC7, 0x83C6, 0x7B85, 0x6B25, 0x7345, 0x7B45, 0x7B46, 0x7B46, 0x7B46, 0x8367, 0x8388, 0x83A7, 0x8BA7, 0x8BC7,
  0x9408, 0x9C29, 0x9428, 0x9408, 0x9C08, 0x9406, 0x7BE4, 0x5B40, 0x52E1, 0x5B03, 0x8BA7, 0xF81F, 0xF81F, 0xF81F, 0x5B40, 0x6360,
  0x5B21, 0x5B01, 0x5AE3, 0x62E3, 0x62A4, 0x6284, 0x5243, 0x5223, 0x4A03, 0x49E2, 0x41C2, 0x41C2, 0x49E2, 0x4A02, 0x5222, 0x5223,
  0x5223, 0x5A24, 0x5A44, 0x5A24, 0x5A23, 0x51E3, 0x72E6, 0x8BC8, 0xACCB, 0xB52B, 0xB54B, 0xB56B, 0xAD8B, 0xA52A, 0x94E8, 0x8C87,
  0x7C06, 0x73C5, 0x53A4, 0xF2CA, 0xF248, 0xC000, 0xB800, 0xA800, 0x9800, 0xA000, 0xB800, 0x9266, 0x6BE8, 0x8BA9, 0xA42B, 0xA42C,
  0xA40C, 0x9BCA, 0x938A, 0x9389, 0x938A, 0x8348, 0x8328, 0x7B27, 0x7B07, 0x7B06, 0x5AC1, 0x2220, 0x3A80, 0x52A1, 0x62E3, 0x6B24,
  0x5AE5, 0x2A04, 0x2A24, 0x5B05, 0x7B65, 0x83A6, 0x8C07, 0x9428, 0x9428, 0x83C6, 0x8BE7, 0x8C28, 0x73C6, 0x6365, 0x5B63, 0x73E4,
  0x8C87, 0x9467, 0x8C26, 0x83A5, 0x5AC3, 0x4AA1, 0x7BA8, 0xA4AD, 0x4A20, 0x10E0, 0x31E0, 0x9D4F, 0xA5AF, 0x9D8E, 0x952C, 0x8C89,
  0x7BC7, 0x83A6, 0x8407, 0x8C07, 0x8BE6, 0x8BE7, 0x8BE7, 0x8BE6, 0x83A6, 0x8386, 0x7B66, 0x7B46, 0x7B46, 0x7B47, 0x8367, 0x8388,
  0x8B88, 0x8BC7, 0x8BC7, 0x93E8, 0x9428, 0xA44A, 0x9C49, 0x9C28, 0xA42A, 0x9408, 0x7BC4, 0x6382, 0x5B22, 0x5B23, 0xF81F, 0xF81F,
  0xF81F, 0xF81F, 0x5320, 0x5B20, 0x5B01, 0x52E2, 0x5AC4, 0x62C4, 0x6284, 0x5A44, 0x5204, 0x4A03, 0x4A03, 0x4A03, 0x49E2, 0x49E2,
  0x49E2, 0x5223, 0x5A24, 0x5A44, 0x5A23, 0x5203, 0x5203, 0x5203, 0x51A2, 0x49A2, 0x72E6, 0x8BC8, 0x9C8A, 0xAD2B, 0xAD4B, 0xAD8B,
  0xAD6C, 0xA52A, 0x94C8, 0x8447, 0x7BC6, 0x6384, 0x63A5, 0xF30C, 0xF042, 0xB000, 0xB800, 0xA000, 0xA000, 0xA000, 0xB800, 0x8388,
  0x7388, 0x8BA9, 0xA42C, 0xAC4C, 0xA42B, 0xA3EB, 0x9BCA, 0x93AA, 0x9389, 0x8B48, 0x8348, 0x8327, 0x7B07, 0x72E6, 0x6B05, 0x3A60,
  0x3260, 0x4AA0, 0x62E4, 0x6304, 0x4A84, 0x21E3, 0x2203, 0x5B24, 0x7B85, 0x83C5, 0x8BE6, 0x9428, 0x8C06, 0x83C5, 0x8BC7, 0x7BA6,
  0x6344, 0x5B45, 0x63A3, 0x7C24, 0x8C65, 0x8445, 0x8405, 0x83C5, 0x6304, 0x4AC1, 0x7387, 0xAC8C, 0x9C2B, 0x2160, 0x08C0, 0x63A7,
  0xA5F1, 0xA5AF, 0x9D8E, 0x94EB, 0x8C49, 0x83C6, 0x83E6, 0x9427, 0x9427, 0x9427, 0x9408, 0x8BE7, 0x8BA7, 0x8B87, 0x8366, 0x8367,
  0x8367, 0x8367, 0x8388, 0x8BA8, 0x8BC8, 0x93E8, 0x9408, 0x9C28, 0x9C49, 0x9C69, 0x9C49, 0x9C49, 0x9C29, 0x9428, 0x7BE4, 0x6BA3,
  0x6384, 0x6B85, 0xF81F, 0xF81F, 0xF81F, 0xF81F, 0xF81F, 0x52E0, 0x52E1, 0x52A2, 0x5A83, 0x5A83, 0x5A64, 0x51E4, 0x51E4, 0x5224,
  0x4A03, 0x4A03, 0x4A02, 0x49E2, 0x5202, 0x5223, 0x5A24, 0x5A44, 0x5A23, 0x5203, 0x51C2, 0x4962, 0x4100, 0x49C2, 0x6AE6, 0x83C8,
  0x9CAA, 0xAD2B, 0xAD8B, 0xAD6B, 0xAD4B, 0x9CEA, 0x8C88, 0x7C27, 0x73A5, 0x5BA4, 0x8B44, 0xE801, 0xA000, 0xB800, 0xB000, 0xB000,
  0xA000, 0xA000, 0xB000, 0x844A, 0x83A8, 0x93CA, 0xAC4C, 0xAC4B, 0xAC2C, 0xA40B, 0xA3EB, 0x9BEA, 0x9BCA, 0x8B68, 0x8B48, 0x8348,
  0x8327, 0x7B06, 0x7B26, 0x52A0, 0x2A20, 0x3A80, 0x6323, 0x6304, 0x4A83, 0x29E3, 0x21C3, 0x5304, 0x7BC4, 0x83C5, 0x83C5, 0x8BE5,
  0x83C4, 0x83C5, 0x83C5, 0x6B84, 0x5B04, 0x63A4, 0x7403, 0x8485, 0x8444, 0x7C23, 0x8405, 0x8407, 0x7386, 0x5B03, 0x7386, 0x9C4A,
  0xBD0E, 0x62E5, 0x08C0, 0x29C0, 0x8CCE, 0xA5B0, 0xADF0, 0x952D, 0x8CAB, 0x8C28, 0x83C6, 0x8C27, 0x9C47, 0x9C48, 0x9C28, 0x9407,
  0x93C7, 0x8BA7, 0x8B87, 0x8B87, 0x8367, 0x8387, 0x8BA8, 0x93EA, 0x9BEA, 0x9408, 0x9C28, 0x9C29, 0x9C69, 0xA469, 0x9C69, 0x9448,
  0x9428, 0x8C07, 0x7BE4, 0x73C3, 0x6BA4, 0xF81F, 0xF81F, 0xF81F, 0xF81F, 0xF81F, 0xF81F, 0xF81F, 0x4A80, 0x4A61, 0x5263, 0x5243,
  0x5224, 0x51E4, 0x5204, 0x5224, 0x5203, 0x4A03, 0x49E1, 0x4A02, 0x5202, 0x5223, 0x5A23, 0x5A23, 0x5A03, 0x51E3, 0x51C2, 0x4141,
  0x4121, 0x51E3, 0x62C5, 0x8409, 0x9CCA, 0xA52B, 0xAD4C, 0xAD6C, 0xA50B, 0x94C9, 0x8C68, 0x7C07, 0x7385, 0x5BE5, 0x91A0, 0xB000,
  0xA000, 0xB000, 0xB800, 0xB000, 0x9800, 0xB000, 0xA862, 0x8C8B, 0x9389, 0x9BEA, 0xAC4B, 0xAC4B, 0xAC2B, 0xA40B, 0xA3EB, 0xA3EB,
  0xA3EA, 0x9389, 0x8B68, 0x8B48, 0x8B48, 0x8B27, 0x8348, 0x6AE3, 0x3220, 0x3240, 0x5B01, 0x6B24, 0x5284, 0x3203, 0x19C3, 0x4AE4,
  0x7BE4, 0x8404, 0x83A3, 0x7BA3, 0x83A3, 0x83E4, 0x7B85, 0x6324, 0x5B24, 0x6BE4, 0x7C85, 0x8CA6, 0x8444, 0x7C22, 0x7C24, 0x8C27,
  0x83A7, 0x6B44, 0x5B64, 0x8C09, 0xA4AC, 0xACAC, 0x2980, 0x08A0, 0x63A7, 0xB611, 0xADD1, 0xA5B0, 0x94EC, 0x948A, 0x8407, 0x83E6,
  0xA467, 0xAC89, 0xA469, 0x9C28, 0x9BE8, 0x93C8, 0x9387, 0x8B87, 0x8347, 0x8367, 0x8BA8, 0x93E9, 0x940A, 0x9C29, 0x9C49, 0x9C49,
  0xA48A, 0xA489, 0x9C69, 0x9469, 0x9449, 0x8C28, 0x7C04, 0x73C3, 0xF81F, 0xF81F, 0xF81F, 0xF81F, 0xF81F, 0xF81F, 0xF81F, 0xF81F,
  0xF81F, 0x4221, 0x4A22, 0x4A23, 0x5224, 0x5224, 0x5224, 0x5224, 0x5203, 0x49E3, 0x49C1, 0x49E2, 0x49E2, 0x5202, 0x5203, 0x5A03,
  0x51E3, 0x51E3, 0x51C3, 0x4983, 0x51A4, 0x5A65, 0x6B05, 0x8428, 0x94CA, 0xA52B, 0xA52C, 0xA52B, 0x9CEA, 0x94A9, 0x8C68, 0x8407,
  0x7385, 0x6BC5, 0x6B02, 0xA800, 0xB000, 0xA800, 0xB800, 0xA800, 0x9800, 0xC000, 0x9A25, 0x7C0A, 0x9389, 0x9BCA, 0xA40B, 0xAC2B,
  0xAC0B, 0xA40B, 0xA3EB, 0xA3EB, 0x9BCB, 0x9389, 0x8B48, 0x9368, 0x9389, 0x9369, 0x8327, 0x7B05, 0x4280, 0x2220, 0x4AC0, 0x6B64,
  0x62E5, 0x3A04, 0x19A3, 0x42A4, 0x73C4, 0x8424, 0x7BA3, 0x7BA2, 0x7B82, 0x7BA4, 0x6B64, 0x5B03, 0x5B84, 0x7405, 0x84A5, 0x8CA6,
  0x7C43, 0x7C42, 0x8445, 0x8C48, 0x8C09, 0x7385, 0x5303, 0x7BC8, 0x9C6B, 0xBD0E, 0x62C3, 0x0080, 0x3A61, 0xADD1, 0xADD0, 0xA5F1,
  0x9D6F, 0x94EB, 0x8C88, 0x8BE6, 0xA468, 0xACA9, 0xAC69, 0xA428, 0x9C08, 0x9BE8, 0x93C8, 0x8B87, 0x8347, 0x8387, 0x8BA8, 0x8BC8,
  0x9408, 0x9C6A, 0xA48A, 0xA48A, 0xA4AA, 0xA4A9, 0x9C89, 0x9489, 0x946A, 0x8C48, 0x7C04, 0xF81F, 0xF81F, 0xF81F, 0xF81F, 0xF81F,
  0xF81F, 0xF81F, 0xF81F, 0xF81F, 0xF81F, 0xF81F, 0x39A1, 0x4A03, 0x5244, 0x5245, 0x5A45, 0x5225, 0x5224, 0x49E3, 0x49C2, 0x49C1,
  0x49C1, 0x49E2, 0x51E3, 0x51E3, 0x51E3, 0x51E4, 0x59E4, 0x51C5, 0x6286, 0x7306, 0x7B87, 0x8C28, 0x94A9, 0xA50B, 0xAD2B, 0xA52B,
  0x9CCA, 0x9489, 0x8C28, 0x83E7, 0x7BA6, 0x7365, 0x5C66, 0x89A1, 0xC800, 0xA000, 0xB000, 0xA800, 0x9800, 0xC000, 0x7BA8, 0x8389,
  0x93AA, 0x9BCA, 0xA42B, 0xAC0B, 0xA40B, 0xA3EB, 0xA3CB, 0xA3CB, 0x9BAA, 0x9369, 0x8327, 0x9389, 0x9BAA, 0x9389, 0x8348, 0x8326,
  0x5AC0, 0x2A00, 0x3A60, 0x5B01, 0x6B05, 0x4244, 0x1182, 0x3A63, 0x7384, 0x8C24, 0x83C3, 0x7BA3, 0x73A2, 0x7BA3, 0x6303, 0x5B24,
  0x63C5, 0x7425, 0x8CA6, 0x8485, 0x7C42, 0x8464, 0x8C87, 0x8427, 0x8BE8, 0x73A5, 0x4B02, 0x6366, 0x9C6B, 0xA48C, 0x8BE9, 0x1920,
  0x1920, 0x84AC, 0xADD0, 0xADD1, 0xADD1, 0x9D6E, 0x8CC9, 0x8C27, 0xA468, 0xACA9, 0xAC89, 0xA448, 0xA428, 0xA408, 0x9BE8, 0x8B88,
  0x7B87, 0x83A7, 0x83A7, 0x83A7, 0x9429, 0xA46A, 0xA4CB, 0xA4AB, 0xA4AA, 0xA4CA, 0x9CAA, 0x9489, 0x948A, 0x8C88, 0xF81F, 0xF81F,
  0xF81F, 0xF81F, 0xF81F, 0xF81F, 0xF81F, 0xF81F, 0xF81F, 0xF81F, 0xF81F, 0xF81F, 0xF81F, 0x4A23, 0x5245, 0x5A66, 0x5A66, 0x5A65,
  0x5224, 0x51E3, 0x49C2, 0x49C2, 0x49C1, 0x49C2, 0x5203, 0x51C3, 0x51C4, 0x5A05, 0x6226, 0x6247, 0x7B49, 0x83A9, 0x8BE9, 0x9469,
  0x94CA, 0xA52B, 0xAD4C, 0xA50B, 0x9CCA, 0x9449, 0x83E8, 0x83E8, 0x7BA7, 0x7385, 0x63E5, 0x6B43, 0x9800, 0xA800, 0xB000, 0xA800,
  0xA000, 0xA944, 0x73E9, 0x8B69, 0x938A, 0xA3CA, 0xA42B, 0xA40B, 0xA3EB, 0xA3EB, 0xA3CB, 0x9BCB, 0x9BAA, 0x9369, 0x8328, 0x8B89,
  0x93C9, 0x93C8, 0x8BA7, 0x8BA7, 0x7343, 0x3A60, 0x2A20, 0x4AC0, 0x6B45, 0x4A64, 0x1161, 0x3224, 0x6B65, 0x8425, 0x8C04, 0x7BA3,
  0x7BA3, 0x7383, 0x5AE2, 0x5B84, 0x6BE5, 0x7C66, 0x8CE7, 0x8465, 0x8443, 0x8465, 0x8C66, 0x8447, 0x83E7, 0x83C7, 0x5302, 0x5B05,
  0x8C2A, 0xA4AB, 0xA4AC, 0x4200, 0x1900, 0x5305, 0xADB0, 0xA5B0, 0xADF2, 0xA5D1, 0x950C, 0x8C68, 0xA488, 0xB4A9, 0xAC89, 0xAC69,
  0xA449, 0xAC29, 0xA3E9, 0x8BA8, 0x8BA8, 0x83A7, 0x83A7, 0x942B, 0xA46C, 0xA4AC, 0xACCC, 0xA4CB, 0xA4CB, 0xAD0B, 0x9CCA, 0x9489,
  0x8C89, 0xF81F, 0xF81F, 0xF81F, 0xF81F, 0xF81F, 0xF81F, 0xF81F, 0xF81F, 0xF81F, 0xF81F, 0xF81F, 0xF81F, 0xF81F, 0xF81F, 0xF81F,
  0xF81F, 0x5A65, 0x5A65, 0x6265, 0x5A25, 0x5204, 0x49C2, 0x49C2, 0x41A1, 0x3980, 0x49A2, 0x49A3, 0x51E4, 0x6247, 0x6A67, 0x72E8,
  0x8B8A, 0x942A, 0x9C8A, 0x94AA, 0x9CEB, 0xA52C, 0xAD4C, 0xA4EB, 0x9CAA, 0x9449, 0x83C8, 0x83C8, 0x7BA6, 0x7365, 0x6B44, 0x43C4,
  0xA983, 0xB800, 0x9800, 0xA800, 0xA000, 0x8348, 0x7327, 0x8B48, 0x9B8A, 0x9BAA, 0xA3EB, 0xAC0B, 0xA3EB, 0x9BCB, 0x9BCA, 0x93AA,
  0x93AA, 0x8B69, 0x8328, 0x93A9, 0x93E9, 0x9C49, 0x8BE8, 0x93C7, 0x8BE5, 0x5B00, 0x2A00, 0x3A80, 0x6345, 0x52E6, 0x1182, 0x2A04,
  0x6345, 0x83E5, 0x8BC4, 0x7BA3, 0x7BC3, 0x6B42, 0x5B03, 0x6BC6, 0x7426, 0x8486, 0x8CC7, 0x8464, 0x8445, 0x8465, 0x8C66, 0x8C47,
  0x8407, 0x9428, 0x6324, 0x5AE4, 0x7BE9, 0x9CA9, 0xB50C, 0x7364, 0x08C0, 0x29A0, 0x8CCC, 0xA54F, 0xADB1, 0xADD1, 0x9D6F, 0x94CA,
  0xA4A8, 0xB4C9, 0xACA9, 0xAC89, 0xAC8A, 0xAC4A, 0x9C0A, 0x93E9, 0x8BC9, 0x8BE8, 0x944C, 0xA4AE, 0xACAE, 0xB4ED, 0xB50D, 0xAD0D,
  0xACED, 0xACEC, 0x9CAA, 0xF81F, 0xF81F, 0xF81F, 0xF81F, 0xF81F, 0xF81F, 0xF81F, 0xF81F, 0xF81F, 0xF81F, 0xF81F, 0xF81F, 0xF81F,
  0xF81F, 0xF81F, 0xF81F, 0xF81F, 0xF81F, 0xF81F, 0xF81F, 0xF81F, 0x5A25, 0x5204, 0x49C3, 0x49C4, 0x41A2, 0x2900, 0x3120, 0x41A3,
  0x5206, 0x6267, 0x6AA8, 0x7B29, 0x8BAA, 0x946B, 0x9CCC, 0xA50C, 0xA52C, 0xA52C, 0xA50C, 0x9CCB, 0x9CAB, 0x9429, 0x8BC8, 0x83A7,
  0x7B86, 0x7345, 0x5B24, 0x72A5, 0xF30C, 0xF227, 0xB000, 0x9000, 0x6346, 0x6B68, 0x8307, 0x9369, 0xA3AA, 0x9BAA, 0xA3CB, 0xAC2C,
  0xA3EB, 0x9BCB, 0x9BAA, 0x8B89, 0x9389, 0x8B89, 0x8B88, 0x93CA, 0x9449, 0x9449, 0x9428, 0x9447, 0x9C67, 0x73A2, 0x3A60, 0x3220,
  0x5302, 0x5B26, 0x19A2, 0x21E4, 0x5AE6, 0x83C6, 0x8BE5, 0x7BA3, 0x73A3, 0x6322, 0x6384, 0x7447, 0x7C67, 0x8CA8, 0x8486, 0x7C43,
  0x8445, 0x8466, 0x8C66, 0x8C47, 0x8407, 0x9428, 0x7365, 0x5AC4, 0x73A7, 0x8C68, 0xA4EA, 0x9468, 0x2180, 0x1100, 0x6364, 0xA54E,
  0xA54F, 0x9D6F, 0x9570, 0x94EB, 0xA4EA, 0xB4E9, 0xACC9, 0xACA9, 0xAC8A, 0xAC8B, 0x9C2A, 0x93E9, 0x83E8, 0x942B, 0xA4CF, 0xB4F0,
  0xB4EF, 0xBD0E, 0xBD4E, 0xBD4E, 0xF81F, 0xF81F, 0xF81F, 0xF81F, 0xF81F, 0xF81F, 0xF81F, 0xF81F, 0xF81F, 0xF81F, 0xF81F, 0xF81F,
};

static constexpr uint16_t EAGLE_FLIGHT_0_WIDTH = 112;
static constexpr uint16_t EAGLE_FLIGHT_0_HEIGHT = 72;
static const uint16_t PROGMEM EAGLE_FLIGHT_0[] = {
  0xF81F, 0xF81F, 0xF81F, 0xF81F, 0xF81F, 0xF81F, 0xF81F, 0xF81F, 0xF81F, 0xF81F, 0xF81F, 0xF81F, 0xF81F, 0xF81F, 0xF81F, 0xF81F,
  0xF81F, 0xF81F, 0xF81F, 0xF81F, 0xF81F, 0xF81F, 0xF81F, 0xF81F, 0xF81F, 0xF81F, 0xF81F, 0xF81F, 0xF81F, 0xF81F, 0xF81F, 0xF81F,
  0xF81F, 0xF81F, 0xF81F, 0xF81F, 0xF81F, 0xF81F, 0xF81F, 0xF81F, 0xF81F, 0xF81F, 0xF81F, 0xF81F, 0xF81F, 0xF81F, 0xF81F, 0xF81F,
  0xF81F, 0xF81F, 0xF81F, 0xF81F, 0xF81F, 0xF81F, 0xF81F, 0xF81F, 0xF81F, 0xF81F, 0xF81F, 0xF81F, 0xF81F, 0xF81F, 0xF81F, 0xF81F,
  0xF81F, 0xF81F, 0xF81F, 0xF81F, 0xF81F, 0xF81F, 0xF81F, 0xF81F, 0xF81F, 0xF81F, 0xF81F, 0xF81F, 0xF81F, 0xF81F, 0xF81F, 0xF81F,
  0xF81F, 0xF81F, 0xF81F, 0xF81F, 0xF81F, 0xF81F, 0xF81F, 0xF81F, 0xF81F, 0xF81F, 0xF81F, 0xF81F, 0xF81F, 0xF81F, 0xF81F, 0xF81F,
  0xF81F, 0xF81F, 0xF81F, 0xF81F, 0xF81F, 0xF81F, 0xF81F, 0xF81F, 0xF81F, 0xF81F, 0xF81F, 0xF81F, 0xF81F, 0xF81F, 0xF81F, 0xF81F,
  0xF81F, 0xF81F, 0xF81F, 0xF81F, 0xF81F, 0xF81F, 0xF81F, 0xF81F, 0xF81F, 0xF81F, 0xF81F, 0xF81F, 0xF81F, 0xF81F, 0xF81F, 0xF81F,
  0xF81F, 0xF81F, 0xF81F, 0xF81F, 0xF81F, 0xF81F, 0xF81F, 0xF81F, 0xF81F, 0xF81F, 0xF81F, 0xF81F, 0xF81F, 0xF81F, 0xF81F, 0xF81F,
  0xF81F, 0xF81F, 0xF81F, 0xF81F, 0xF81F, 0xF81F, 0xF81F, 0xF81F, 0xF81F, 0xF81F, 0xF81F, 0xF81F, 0xF81F, 0xF81F, 0xF81F, 0xF81F,
  0xF81F, 0xF81F, 0xF81F, 0xF81F, 0xF81F, 0xF81F, 0xF81F, 0xF81F, 0xF81F, 0xF81F, 0xF81F, 0xF81F, 0xF81F, 0xF81F, 0xF81F, 0xF81F,
  0xF81F, 0xF81F, 0xF81F, 0xF81F, 0xF81F, 0xF81F, 0xF81F, 0xF81F, 0xF81F, 0xF81F, 0xF81F, 0xF81F, 0xF81F, 0xF81F, 0xF81F, 0xF81F,
  0xF81F, 0xF81F, 0xF81F, 0xF81F, 0xF81F, 0xF81F, 0xF81F, 0xF81F, 0xF81F, 0xF81F, 0xF81F, 0xF81F, 0xF81F, 0xF81F, 0xF81F, 0xF81F,
  0xF81F, 0xF81F, 0xF81F, 0xF81F, 0xF81F, 0xF81F, 0xF81F, 0xF81F, 0xF81F, 0xF81F, 0xF81F, 0xF81F, 0xF81F, 0xF81F, 0xF81F, 0xF81F,
  0xF81F, 0xF81F, 0xF81F, 0xF81F, 0xF81F, 0xF81F, 0xF81F, 0xF81F, 0xF81F, 0xF81F, 0xF81F, 0xF81F, 0xF81F, 0xF81F, 0xF81F, 0xF81F,
  0xF81F, 0xF81F, 0xF81F, 0xF81F, 0xF81F, 0xF81F, 0xF81F, 0xF81F, 0xF81F, 0xF81F, 0xF81F, 0xF81F, 0xF81F, 0xF81F, 0xF81F, 0xF81F,
  0xF81F, 0xF81F, 0xF81F, 0xF81F, 0xF81F, 0xF81F, 0xF81F, 0xF81F, 0xF81F, 0xF81F, 0xF81F, 0xF81F, 0xF81F, 0xF81F, 0xF81F, 0xF81F,
  0xF81F, 0xF81F, 0xF81F, 0xF81F, 0xF81F, 0xF81F, 0xF81F, 0xF81F, 0xF81F, 0xF81F, 0xF81F, 0xF81F, 0xF81F, 0xF81F, 0xF81F, 0xF81F,
  0xF81F, 0xF81F, 0xF81F, 0xF81F, 0xF81F, 0xF81F, 0xF81F, 0xF81F, 0xF81F, 0xF81F, 0xF81F, 0xF81F, 0xF81F, 0xF81F, 0xF81F, 0xF81F,
  0xF81F, 0xF81F, 0xF81F, 0xF81F, 0xF81F, 0xF81F, 0xF81F, 0xF81F, 0xF81F, 0xF81F, 0xF81F, 0xF81F, 0xF81F, 0xF81F, 0xF81F, 0xF81F,
  0xF81F, 0xF81F, 0xF81F, 0xF81F, 0xF81F, 0xF81F, 0xF81F, 0xF81F, 0xF81F, 0xF81F, 0xF81F, 0xF81F, 0xF81F, 0xF81F, 0xF81F, 0xF81F,
  0xF81F, 0xF81F, 0xF81F, 0xF81F, 0xF81F, 0xF81F, 0xF81F, 0xF81F, 0xF81F, 0xF81F, 0xF81F, 0xF81F, 0xF81F, 0xF81F, 0xF81F, 0xF81F,
  0xF81F, 0xF81F, 0xF81F, 0xF81F, 0xF81F, 0xF81F, 0xF81F, 0xF81F, 0xF81F, 0xF81F, 0xF81F, 0xF81F, 0xF81F, 0xF81F, 0x50E2, 0xF81F,
  0xF81F, 0xF81F, 0xF81F, 0xF81F, 0xF81F, 0xF81F, 0xF81F, 0xF81F, 0xF81F, 0xF81F, 0xF81F, 0xF81F, 0xF81F, 0xF81F, 0xF81F, 0xF81F,
  0xF81F, 0xF81F, 0xF81F, 0xF81F, 0xF81F, 0xF81F, 0xF81F, 0xF81F, 0xF81F, 0xF81F, 0xF81F, 0xF81F, 0xF81F, 0xF81F, 0xF81F, 0xF81F,
  0xF81F, 0xF81F, 0xF81F, 0xF81F, 0xF81F, 0xF81F, 0xF81F, 0xF81F, 0xF81F, 0xF81F, 0xF81F, 0xF81F, 0xF81F, 0xF81F, 0xF81F, 0xF81F,
  0xF81F, 0xF81F, 0xF81F, 0xF81F, 0xF81F, 0xF81F, 0xF81F, 0xF81F, 0xF81F, 0xF81F, 0xF81F, 0xF81F, 0xF81F, 0xF81F, 0xF81F, 0xF81F,
  0xF81F, 0xF81F, 0xF81F, 0xF81F, 0xF81F, 0xF81F, 0xF81F, 0xF81F, 0xF81F, 0xF81F, 0xF81F, 0xF81F, 0xF81F, 0xF81F, 0xF81F, 0xF81F,
  0xF81F, 0xF81F, 0xF81F, 0xF81F, 0xF81F, 0xF81F, 0xF81F, 0xF81F, 0xF81F, 0xF81F, 0xF81F, 0xF81F, 0xF81F, 0xF81F, 0xF81F, 0xF81F,
  0xF81F, 0xF81F, 0xF81F, 0xF81F, 0xF81F, 0xF81F, 0xF81F, 0xF81F, 0x3861, 0x48E2, 0xF81F, 0xF81F, 0xF81F, 0xF81F, 0x3922, 0xF81F,
  0xF81F, 0xF81F, 0xF81F, 0xF81F, 0xF81F, 0xF81F, 0xF81F, 0xF81F, 0xF81F, 0xF81F, 0xF81F, 0xF81F, 0xF81F, 0xF81F, 0xF81F, 0xF81F,
  0xF81F, 0xF81F, 0xF81F, 0xF81F, 0xF81F, 0xF81F, 0xF81F, 0xF81F, 0xF81F, 0xF81F, 0xF81F, 0xF81F, 0xF81F, 0xF81F, 0xF81F, 0xF81F,
  0xF81F, 0xF81F, 0xF81F, 0xF81F, 0xF81F, 0xF81F, 0xF81F, 0xF81F, 0xF81F, 0xF81F, 0xF81F, 0xF81F, 0xF81F, 0xF81F, 0xF81F, 0xF81F,
  0xF81F, 0xF81F, 0xF81F, 0xF81F, 0xF81F, 0xF81F, 0xF81F, 0xF81F, 0xF81F, 0xF81F, 0xF81F, 0xF81F, 0xF81F, 0xF81F, 0xF81F, 0xF81F,
  0xF81F, 0xF81F, 0xF81F, 0xF81F, 0xF81F, 0xF81F, 0xF81F, 0xF81F, 0xF81F, 0xF81F, 0xF81F, 0xF81F, 0xF81F, 0xF81F, 0xF81F, 0xF81F,
  0xF81F, 0xF81F, 0xF81F, 0xF81F, 0xF81F, 0xF81F, 0xF81F, 0xF81F, 0xF81F, 0xF81F, 0xF81F, 0xF81F, 0xF81F, 0xF81F, 0xF81F, 0xF81F,
  0xF81F, 0xF81F, 0xF81F, 0xF81F, 0xF81F, 0xF81F, 0xF81F, 0xF81F, 0x3841, 0x3102, 0xF81F, 0xF81F, 0xF81F, 0xF81F, 0x28E2, 0x6142,
  0xF81F, 0xF81F, 0xF81F, 0xF81F, 0xF81F, 0xF81F, 0xF81F, 0xF81F, 0xF81F, 0xF81F, 0xF81F, 0xF81F, 0xF81F, 0xF81F, 0xF81F, 0xF81F,
  0xF81F, 0xF81F, 0xF81F, 0xF81F, 0xF81F, 0xF81F, 0xF81F, 0xF81F, 0xF81F, 0xF81F, 0xF81F, 0xF81F, 0xF81F, 0xF81F, 0xF81F, 0xF81F,
  0xF81F, 0xF81F, 0xF81F, 0xF81F, 0xF81F, 0xF81F, 0xF81F, 0xF81F, 0xF81F, 0xF81F, 0xF81F, 0xF81F, 0xF81F, 0xF81F, 0xF81F, 0xF81F,
  0xF81F, 0xF81F, 0xF81F, 0xF81F, 0xF81F, 0xF81F, 0xF81F, 0xF81F, 0xF81F, 0xF81F, 0xF81F, 0xF81F, 0xF81F, 0xF81F, 0xF81F, 0xF81F,
  0xF81F, 0xF81F, 0xF81F, 0xF81F, 0xF81F, 0xF81F, 0xF81F, 0xF81F, 0xF81F, 0xF81F, 0xF81F, 0xF81F, 0xF81F, 0xF81F, 0xF81F, 0xF81F,
  0xF81F, 0xF81F, 0xF81F, 0xF81F, 0xF81F, 0xF81F, 0xF81F, 0xF81F, 0xF81F, 0xF81F, 0xF81F, 0xF81F, 0xF81F, 0xF81F, 0xF81F, 0xF81F,
  0xF81F, 0xF81F, 0xF81F, 0xF81F, 0xF81F, 0xF81F, 0xF81F, 0xF81F, 0xF81F, 0x20C2, 0x5122, 0xF81F, 0xF81F, 0xF81F, 0x20A2, 0x4122,
  0xF81F, 0xF81F, 0xF81F, 0xF81F, 0xF81F, 0x6122, 0xF81F, 0xF81F, 0xF81F, 0xF81F, 0xF81F, 0xF81F, 0xF81F, 0xF81F, 0xF81F, 0xF81F,
  0xF81F, 0xF81F, 0xF81F, 0xF81F, 0xF81F, 0xF81F, 0xF81F, 0xF81F, 0xF81F, 0xF81F, 0xF81F, 0xF81F, 0xF81F, 0xF81F, 0xF81F, 0xF81F,
  0xF81F, 0xF81F, 0xF81F, 0xF81F, 0xF81F, 0xF81F, 0xF81F, 0xF81F, 0xF81F, 0xF81F, 0xF81F, 0xF81F, 0xF81F, 0xF81F, 0xF81F, 0xF81F,
  0xF81F, 0xF81F, 0xF81F, 0xF81F, 0xF81F, 0xF81F, 0xF81F, 0xF81F, 0xF81F, 0xF81F, 0xF81F, 0xF81F, 0xF81F, 0xF81F, 0xF81F, 0xF81F,
  0xF81F, 0xF81F, 0xF81F, 0xF81F, 0xF81F, 0xF81F, 0xF81F, 0xF81F, 0xF81F, 0xF81F, 0xF81F, 0xF81F, 0xF81F, 0xF81F, 0xF81F, 0xF81F,
  0xF81F, 0xF81F, 0xF81F, 0xF81F, 0xF81F, 0xF81F, 0xF81F, 0xF81F, 0xF81F, 0xF81F, 0xF81F, 0xF81F, 0xF81F, 0xF81F, 0xF81F, 0xF81F,
  0xF81F, 0xF81F, 0xF81F, 0x3861, 0x50A2, 0xF81F, 0xF81F, 0xF81F, 0xF81F, 0x1882, 0x28E2, 0xF81F, 0xF81F, 0xF81F, 0x2882, 0x28E2,
  0x6983, 0xF81F, 0xF81F, 0xF81F, 0x4041, 0x4942, 0xF81F, 0xF81F, 0xF81F, 0xF81F, 0xF81F, 0xF81F, 0xF81F, 0xF81F, 0xF81F, 0xF81F,
  0xF81F, 0xF81F, 0xF81F, 0xF81F, 0xF81F, 0xF81F, 0xF81F, 0xF81F, 0xF81F, 0xF81F, 0xF81F, 0xF81F, 0xF81F, 0xF81F, 0xF81F, 0xF81F,
  0xF81F, 0xF81F, 0xF81F, 0xF81F, 0xF81F, 0xF81F, 0xF81F, 0xF81F, 0xF81F, 0xF81F, 0xF81F, 0xF81F, 0xF81F, 0xF81F, 0xF81F, 0xF81F,
  0xF81F, 0x3103, 0xF81F, 0xF81F, 0xF81F, 0xF81F, 0xF81F, 0xF81F, 0xF81F, 0xF81F, 0xF81F, 0xF81F, 0xF81F, 0xF81F, 0xF81F, 0xF81F,
  0xF81F, 0xF81F, 0xF81F, 0xF81F, 0xF81F, 0xF81F, 0xF81F, 0xF81F, 0xF81F, 0xF81F, 0xF81F, 0xF81F, 0xF81F, 0xF81F, 0xF81F, 0xF81F,
  0xF81F, 0xF81F, 0xF81F, 0xF81F, 0xF81F, 0xF81F, 0xF81F, 0xF81F, 0xF81F, 0xF81F, 0xF81F, 0xF81F, 0xF81F, 0xF81F, 0xF81F, 0xF81F,
  0xF81F, 0xF81F, 0xF81F, 0x4021, 0x28E2, 0xF81F, 0xF81F, 0xF81F, 0xF81F, 0x2882, 0x18A2, 0x4943, 0xF81F, 0xF81F, 0x3882, 0x18A2,
  0x4163, 0xF81F, 0xF81F, 0xF81F, 0x4042, 0x3942, 0xF81F, 0xF81F, 0xF81F, 0xF81F, 0xF81F, 0xF81F, 0xF81F, 0xF81F, 0xF81F, 0xF81F,
  0xF81F, 0xF81F, 0xF81F, 0xF81F, 0xF81F, 0xF81F, 0xF81F, 0xF81F, 0xF81F, 0xF81F, 0xF81F, 0xF81F, 0xF81F, 0xF81F, 0xF81F, 0xF81F,
  0xF81F, 0xF81F, 0xF81F, 0xF81F, 0xF81F, 0xF81F, 0xF81F, 0xF81F, 0xF81F, 0xF81F, 0xF81F, 0xF81F, 0xF81F, 0xF81F, 0xF81F, 0xF81F,
  0xF81F, 0x28C3, 0x3923, 0xF81F, 0xF81F, 0x4862, 0x40C2, 0xF81F, 0xF81F, 0xF81F, 0xF81F, 0xF81F, 0xF81F, 0xF81F, 0xF81F, 0xF81F,
  0xF81F, 0xF81F, 0xF81F, 0xF81F, 0xF81F, 0xF81F, 0xF81F, 0xF81F, 0xF81F, 0xF81F, 0xF81F, 0xF81F, 0xF81F, 0xF81F, 0xF81F, 0xF81F,
  0xF81F, 0xF81F, 0xF81F, 0xF81F, 0xF81F, 0xF81F, 0xF81F, 0xF81F, 0xF81F, 0xF81F, 0xF81F, 0xF81F, 0xF81F, 0xF81F, 0xF81F, 0xF81F,
  0xF81F, 0xF81F, 0xF81F, 0xF81F, 0x1082, 0x3922, 0xF81F, 0xF81F, 0xF81F, 0x4041, 0x18C3, 0x18C2, 0x6183, 0xF81F, 0xF81F, 0x28E3,
  0x20A2, 0x69E4, 0xF81F, 0xF81F, 0xF81F, 0x3103, 0x6162, 0xF81F, 0xF81F, 0xF81F, 0xF81F, 0xF81F, 0xF81F, 0xF81F, 0xF81F, 0xF81F,
  0xF81F, 0xF81F, 0xF81F, 0xF81F, 0xF81F, 0xF81F, 0xF81F, 0xF81F, 0xF81F, 0xF81F, 0xF81F, 0xF81F, 0xF81F, 0xF81F, 0xF81F, 0xF81F,
  0xF81F, 0xF81F, 0xF81F, 0xF81F, 0xF81F, 0xF81F, 0xF81F, 0xF81F, 0xF81F, 0xF81F, 0xF81F, 0xF81F, 0xF81F, 0xF81F, 0x2904, 0x5082,
  0xF81F, 0x3882, 0x3124, 0x50E3, 0xF81F, 0xF81F, 0x3923, 0xF81F, 0xF81F, 0xF81F, 0xF81F, 0xF81F, 0xF81F, 0xF81F, 0xF81F, 0xF81F,
  0xF81F, 0xF81F, 0xF81F, 0xF81F, 0xF81F, 0xF81F, 0xF81F, 0xF81F, 0xF81F, 0xF81F, 0xF81F, 0xF81F, 0xF81F, 0xF81F, 0xF81F, 0xF81F,
  0xF81F, 0xF81F, 0xF81F, 0xF81F, 0xF81F, 0xF81F, 0xF81F, 0xF81F, 0xF81F, 0xF81F, 0xF81F, 0xF81F, 0xF81F, 0xF81F, 0xF81F, 0xF81F,
  0xF81F, 0xF81F, 0xF81F, 0xF81F, 0x3062, 0x18A2, 0x4122, 0xF81F, 0xF81F, 0xF81F, 0x28A2, 0x18C3, 0x28E2, 0x71A3, 0xF81F, 0x3082,
  0x20E3, 0x3122, 0x7183, 0xF81F, 0xF81F, 0x28C2, 0x51A3, 0xF81F, 0xF81F, 0xF81F, 0xF81F, 0xF81F, 0xF81F, 0xF81F, 0xF81F, 0xF81F,
  0xF81F, 0xF81F, 0xF81F, 0xF81F, 0xF81F, 0xF81F, 0xF81F, 0xF81F, 0xF81F, 0xF81F, 0xF81F, 0xF81F, 0xF81F, 0xF81F, 0xF81F, 0xF81F,
  0xF81F, 0xF81F, 0xF81F, 0xF81F, 0xF81F, 0xF81F, 0xF81F, 0xF81F, 0xF81F, 0xF81F, 0xF81F, 0xF81F, 0xF81F, 0xF81F, 0x30E3, 0x3144,
  0xF81F, 0xF81F, 0x2924, 0x3944, 0xF81F, 0xF81F, 0x3144, 0x58E3, 0xF81F, 0xF81F, 0xF81F, 0xF81F, 0xF81F, 0xF81F, 0xF81F, 0xF81F,
  0xF81F, 0xF81F, 0xF81F, 0xF81F, 0xF81F, 0xF81F, 0xF81F, 0xF81F, 0xF81F, 0xF81F, 0xF81F, 0xF81F, 0xF81F, 0xF81F, 0xF81F, 0xF81F,
  0xF81F, 0xF81F, 0xF81F, 0xF81F, 0xF81F, 0xF81F, 0xF81F, 0xF81F, 0xF81F, 0xF81F, 0xF81F, 0xF81F, 0xF81F, 0xF81F, 0xF81F, 0xF81F,
  0xF81F, 0xF81F, 0xF81F, 0xF81F, 0xF81F, 0x18A2, 0x1082, 0x4963, 0xF81F, 0xF81F, 0xF81F, 0x20E3, 0x18A3, 0x3943, 0x81C3, 0xF81F,
  0x28E3, 0x20C3, 0x49A3, 0xF81F, 0xF81F, 0x38E2, 0x3123, 0x6963, 0xF81F, 0xF81F, 0xF81F, 0xF81F, 0xF81F, 0xF81F, 0xF81F, 0xF81F,
  0xF81F, 0xF81F, 0xF81F, 0xF81F, 0xF81F, 0xF81F, 0xF81F, 0xF81F, 0xF81F, 0xF81F, 0xF81F, 0xF81F, 0xF81F, 0xF81F, 0xF81F, 0xF81F,
  0xF81F, 0xF81F, 0xF81F, 0xF81F, 0xF81F, 0xF81F, 0xF81F, 0xF81F, 0xF81F, 0xF81F, 0xF81F, 0x4862, 0xF81F, 0xF81F, 0x38A3, 0x3144,
  0x4124, 0xF81F, 0x3103, 0x3124, 0x5123, 0xF81F, 0x3124, 0x4984, 0xF81F, 0xF81F, 0xF81F, 0xF81F, 0xF81F, 0xF81F, 0xF81F, 0xF81F,
  0xF81F, 0xF81F, 0xF81F, 0xF81F, 0xF81F, 0xF81F, 0xF81F, 0xF81F, 0xF81F, 0xF81F, 0xF81F, 0xF81F, 0xF81F, 0xF81F, 0xF81F, 0xF81F,
  0xF81F, 0xF81F, 0xF81F, 0xF81F, 0xF81F, 0xF81F, 0xF81F, 0xF81F, 0xF81F, 0xF81F, 0xF81F, 0xF81F, 0xF81F, 0xF81F, 0xF81F, 0x3861,
  0xF81F, 0xF81F, 0xF81F, 0xF81F, 0xF81F, 0x3862, 0x18C3, 0x1882, 0x4143, 0x7143, 0xF81F, 0x3842, 0x2924, 0x18A3, 0x3963, 0x79A3,
  0x4062, 0x2904, 0x20C3, 0x59E4, 0xF81F, 0x4842, 0x2903, 0x4983, 0xF81F, 0xF81F, 0xF81F, 0xF81F, 0xF81F, 0xF81F, 0xF81F, 0xF81F,
  0xF81F, 0xF81F, 0xF81F, 0xF81F, 0xF81F, 0xF81F, 0xF81F, 0xF81F, 0xF81F, 0xF81F, 0xF81F, 0xF81F, 0xF81F, 0xF81F, 0xF81F, 0xF81F,
  0xF81F, 0xF81F, 0xF81F, 0xF81F, 0xF81F, 0xF81F, 0xF81F, 0xF81F, 0xF81F, 0xF81F, 0xF81F, 0x38A3, 0x3924, 0xF81F, 0xF81F, 0x2924,
  0x3124, 0x5124, 0x40C3, 0x3144, 0x4164, 0xF81F, 0x30E3, 0x4184, 0xF81F, 0xF81F, 0xF81F, 0xF81F, 0xF81F, 0xF81F, 0xF81F, 0xF81F,
  0xF81F, 0xF81F, 0xF81F, 0xF81F, 0xF81F, 0xF81F, 0xF81F, 0xF81F, 0xF81F, 0xF81F, 0xF81F, 0xF81F, 0xF81F, 0xF81F, 0xF81F, 0xF81F,
  0xF81F, 0xF81F, 0xF81F, 0xF81F, 0xF81F, 0xF81F, 0xF81F, 0xF81F, 0xF81F, 0xF81F, 0xF81F, 0xF81F, 0xF81F, 0xF81F, 0xF81F, 0xF81F,
  0x20C2, 0x50C2, 0xF81F, 0xF81F, 0xF81F, 0xF81F, 0x2882, 0x18C3, 0x1082, 0x3143, 0x71C3, 0xF81F, 0x3062, 0x2904, 0x18A3, 0x3943,
  0x79C3, 0x48E3, 0x28E4, 0x28E3, 0x6A04, 0xF81F, 0x30C3, 0x3123, 0x71C3, 0xF81F, 0xF81F, 0xF81F, 0xF81F, 0xF81F, 0xF81F, 0xF81F,
  0xF81F, 0xF81F, 0xF81F, 0xF81F, 0xF81F, 0xF81F, 0xF81F, 0xF81F, 0xF81F, 0xF81F, 0xF81F, 0xF81F, 0xF81F, 0xF81F, 0xF81F, 0xF81F,
  0xF81F, 0xF81F, 0xF81F, 0xF81F, 0xF81F, 0xF81F, 0xF81F, 0xF81F, 0xF81F, 0xF81F, 0xF81F, 0xF81F, 0x2924, 0x3944, 0xF81F, 0x38A3,
  0x3144, 0x3964, 0x5144, 0x3104, 0x3144, 0x5984, 0x4103, 0x4164, 0x6143, 0xF81F, 0x48A2, 0xF81F, 0xF81F, 0xF81F, 0xF81F, 0xF81F,
  0xF81F, 0xF81F, 0xF81F, 0xF81F, 0xF81F, 0xF81F, 0xF81F, 0xF81F, 0xF81F, 0xF81F, 0xF81F, 0xF81F, 0xF81F, 0xF81F, 0xF81F, 0xF81F,
  0xF81F, 0xF81F, 0xF81F, 0xF81F, 0xF81F, 0xF81F, 0xF81F, 0xF81F, 0xF81F, 0xF81F, 0xF81F, 0xF81F, 0xF81F, 0xF81F, 0xF81F, 0xF81F,
  0x2842, 0x20C2, 0x3902, 0x60E2, 0xF81F, 0xF81F, 0xF81F, 0x28A2, 0x2103, 0x18A3, 0x20E3, 0x59C3, 0x7163, 0x38C2, 0x2903, 0x20E3,
  0x3123, 0x7203, 0x4963, 0x20E3, 0x3123, 0x69A2, 0x50C2, 0x28E3, 0x49A3, 0xF81F, 0xF81F, 0xF81F, 0xF81F, 0xF81F, 0xF81F, 0xF81F,
  0xF81F, 0xF81F, 0xF81F, 0xF81F, 0xF81F, 0xF81F, 0xF81F, 0xF81F, 0xF81F, 0xF81F, 0xF81F, 0xF81F, 0xF81F, 0xF81F, 0xF81F, 0xF81F,
  0xF81F, 0xF81F, 0xF81F, 0xF81F, 0xF81F, 0xF81F, 0xF81F, 0xF81F, 0xF81F, 0xF81F, 0xF81F, 0xF81F, 0x30E3, 0x3124, 0x3944, 0x48C3,
  0x3124, 0x3144, 0x4984, 0x3964, 0x3144, 0x4984, 0x4143, 0x3964, 0x61A4, 0xF81F, 0x3903, 0x58C2, 0xF81F, 0xF81F, 0xF81F, 0xF81F,
  0xF81F, 0xF81F, 0xF81F, 0xF81F, 0xF81F, 0xF81F, 0xF81F, 0xF81F, 0xF81F, 0xF81F, 0xF81F, 0xF81F, 0xF81F, 0xF81F, 0xF81F, 0xF81F,
  0xF81F, 0xF81F, 0xF81F, 0xF81F, 0xF81F, 0xF81F, 0xF81F, 0xF81F, 0xF81F, 0xF81F, 0xF81F, 0xF81F, 0xF81F, 0xF81F, 0xF81F, 0xF81F,
  0xF81F, 0x20A2, 0x18A2, 0x28E2, 0x5163, 0x7123, 0xF81F, 0xF81F, 0x2862, 0x2903, 0x28E3, 0x18A2, 0x4163, 0x61A3, 0x4122, 0x2923,
  0x28E3, 0x1861, 0x7263, 0x6243, 0x18A2, 0x4962, 0x7A23, 0x5163, 0x28E2, 0x61C3, 0xF81F, 0xF81F, 0xF81F, 0xF81F, 0xF81F, 0xF81F,
  0xF81F, 0xF81F, 0xF81F, 0xF81F, 0xF81F, 0xF81F, 0xF81F, 0xF81F, 0xF81F, 0xF81F, 0xF81F, 0xF81F, 0xF81F, 0xF81F, 0xF81F, 0xF81F,
  0xF81F, 0xF81F, 0xF81F, 0xF81F, 0xF81F, 0xF81F, 0xF81F, 0xF81F, 0xF81F, 0x30C3, 0xF81F, 0xF81F, 0xF81F, 0x2924, 0x3124, 0x4164,
  0x3944, 0x3144, 0x3964, 0x49A4, 0x3944, 0x4164, 0x4184, 0x3144, 0x59C4, 0xF81F, 0x3943, 0x6123, 0xF81F, 0xF81F, 0xF81F, 0xF81F,
  0xF81F, 0xF81F, 0xF81F, 0xF81F, 0xF81F, 0xF81F, 0xF81F, 0xF81F, 0xF81F, 0xF81F, 0xF81F, 0xF81F, 0xF81F, 0xF81F, 0xF81F, 0xF81F,
  0xF81F, 0xF81F, 0xF81F, 0xF81F, 0xF81F, 0xF81F, 0xF81F, 0xF81F, 0xF81F, 0xF81F, 0xF81F, 0xF81F, 0xF81F, 0xF81F, 0xF81F, 0xF81F,
  0xF81F, 0xF81F, 0x20A2, 0x18C3, 0x18A2, 0x3123, 0x59A3, 0x7183, 0xF81F, 0x4082, 0x28E3, 0x2924, 0x20E3, 0x28E2, 0x3943, 0x3103,
  0x59E4, 0x5A04, 0x4121, 0xCC46, 0x9346, 0x6A02, 0xAB64, 0x8AA3, 0x4143, 0x30E2, 0x71E3, 0xF81F, 0xF81F, 0xF81F, 0xF81F, 0xF81F,
  0xF81F, 0xF81F, 0xF81F, 0xF81F, 0xF81F, 0xF81F, 0xF81F, 0xF81F, 0xF81F, 0xF81F, 0xF81F, 0xF81F, 0xF81F, 0xF81F, 0xF81F, 0xF81F,
  0xF81F, 0xF81F, 0xF81F, 0xF81F, 0xF81F, 0xF81F, 0xF81F, 0xF81F, 0xF81F, 0x2904, 0x3144, 0x3904, 0xF81F, 0x4082, 0x3144, 0x3944,
  0x41A5, 0x3964, 0x3944, 0x49C4, 0x4184, 0x4164, 0x49A4, 0x3964, 0x51C4, 0x58C2, 0x3964, 0x6123, 0xF81F, 0xF81F, 0xF81F, 0xF81F,
  0xF81F, 0xF81F, 0xF81F, 0xF81F, 0xF81F, 0xF81F, 0xF81F, 0xF81F, 0xF81F, 0xF81F, 0xF81F, 0xF81F, 0xF81F, 0xF81F, 0xF81F, 0xF81F,
  0xF81F, 0xF81F, 0xF81F, 0xF81F, 0xF81F, 0xF81F, 0xF81F, 0xF81F, 0xF81F, 0xF81F, 0xF81F, 0xF81F, 0xF81F, 0xF81F, 0xF81F, 0xF81F,
  0xF81F, 0xF81F, 0xF81F, 0x28A2, 0x20E3, 0x18A3, 0x18A3, 0x2903, 0x51C4, 0x71C4, 0x5983, 0x3143, 0x3103, 0x2903, 0x28E2, 0x28E1,
  0x38E0, 0xDCE8, 0xD54C, 0xABC6, 0xEDAB, 0xD4E9, 0xD486, 0xD4A8, 0x9B44, 0x7A42, 0x7A62, 0x7183, 0xF81F, 0xF81F, 0xF81F, 0xF81F,
  0xF81F, 0xF81F, 0xF81F, 0xF81F, 0xF81F, 0xF81F, 0xF81F, 0xF81F, 0xF81F, 0xF81F, 0xF81F, 0xF81F, 0xF81F, 0xF81F, 0xF81F, 0xF81F,
  0xF81F, 0xF81F, 0xF81F, 0xF81F, 0xF81F, 0xF81F, 0xF81F, 0xF81F, 0xF81F, 0xF81F, 0x2944, 0x3124, 0x3144, 0x4924, 0x3124, 0x3144,
  0x3944, 0x49A5, 0x3123, 0x4184, 0x49A4, 0x3923, 0x51C4, 0x3943, 0x4984, 0x5143, 0x41A5, 0x6943, 0xF81F, 0xF81F, 0xF81F, 0xF81F,
  0xF81F, 0xF81F, 0xF81F, 0xF81F, 0xF81F, 0xF81F, 0xF81F, 0xF81F, 0xF81F, 0xF81F, 0xF81F, 0xF81F, 0xF81F, 0xF81F, 0xF81F, 0xF81F,
  0xF81F, 0xF81F, 0xF81F, 0xF81F, 0xF81F, 0xF81F, 0xF81F, 0xF81F, 0xF81F, 0xF81F, 0xF81F, 0xF81F, 0xF81F, 0xF81F, 0x3882, 0x4082,
  0xF81F, 0xF81F, 0xF81F, 0xF81F, 0x3062, 0x20E3, 0x2904, 0x20E3, 0x18C3, 0x28E3, 0x3943, 0x49A3, 0x4164, 0x28E3, 0x6A44, 0xDD2A,
  0xAC4B, 0xABC8, 0xE5AD, 0xF671, 0xDD6D, 0xDD4C, 0xC426, 0xD4E9, 0xE58B, 0xC426, 0xCC45, 0xA344, 0x81A2, 0xF81F, 0x7122, 0xF81F,
  0xF81F, 0xF81F, 0xF81F, 0xF81F, 0xF81F, 0xF81F, 0xF81F, 0xF81F, 0xF81F, 0xF81F, 0xF81F, 0xF81F, 0xF81F, 0xF81F, 0xF81F, 0xF81F,
  0xF81F, 0xF81F, 0xF81F, 0xF81F, 0xF81F, 0xF81F, 0xF81F, 0xF81F, 0xF81F, 0xF81F, 0x4062, 0x3124, 0x3124, 0x3964, 0x49C5, 0x3984,
  0x2903, 0x49A4, 0x6A44, 0x28E2, 0x82E5, 0x51C3, 0x4163, 0x4162, 0x4163, 0x4983, 0x51C5, 0x6902, 0xF81F, 0xF81F, 0xF81F, 0xF81F,
  0xF81F, 0xF81F, 0xF81F, 0xF81F, 0xF81F, 0xF81F, 0xF81F, 0xF81F, 0xF81F, 0xF81F, 0xF81F, 0xF81F, 0xF81F, 0xF81F, 0xF81F, 0xF81F,
  0xF81F, 0xF81F, 0xF81F, 0xF81F, 0xF81F, 0xF81F, 0xF81F, 0xF81F, 0xF81F, 0xF81F, 0xF81F, 0xF81F, 0xF81F, 0xF81F, 0xF81F, 0x18A2,
  0x20C2, 0x38E2, 0x50E2, 0xF81F, 0xF81F, 0xF81F, 0x3082, 0x20C3, 0x20E3, 0x2924, 0x2903, 0x28E3, 0x3123, 0x3103, 0x1860, 0x8B26,
  0xFE92, 0xF693, 0xDD8E, 0xD54D, 0xDDAE, 0xC489, 0xBBE7, 0xA343, 0xAB44, 0xAB43, 0xAB64, 0xE569, 0xDD07, 0x9A85, 0x4840, 0x7A24,
  0xF81F, 0xF81F, 0xF81F, 0xF81F, 0xF81F, 0xF81F, 0xF81F, 0xF81F, 0xF81F, 0xF81F, 0xF81F, 0xF81F, 0xF81F, 0xF81F, 0xF81F, 0xF81F,
  0xF81F, 0xF81F, 0xF81F, 0xF81F, 0xF81F, 0xF81F, 0xF81F, 0x38C3, 0x38C3, 0x40C3, 0x48A3, 0x40E3, 0x3944, 0x3944, 0x3144, 0x5A05,
  0x5A04, 0x4142, 0xED89, 0x7284, 0xCC87, 0xAC28, 0x59C3, 0xB447, 0x49A3, 0x4163, 0x49A4, 0xF81F, 0xF81F, 0xF81F, 0xF81F, 0xF81F,
  0xF81F, 0xF81F, 0xF81F, 0xF81F, 0xF81F, 0xF81F, 0xF81F, 0xF81F, 0xF81F, 0xF81F, 0xF81F, 0xF81F, 0xF81F, 0xF81F, 0xF81F, 0xF81F,
  0xF81F, 0xF81F, 0xF81F, 0xF81F, 0xF81F, 0xF81F, 0xF81F, 0xF81F, 0xF81F, 0xF81F, 0xF81F, 0xF81F, 0xF81F, 0xF81F, 0xF81F, 0xF81F,
  0x18A2, 0x18C3, 0x20C3, 0x2903, 0x3943, 0x5983, 0x6983, 0x6983, 0x5183, 0x4164, 0x3164, 0x3144, 0x28E3, 0x3942, 0x6245, 0x6A86,
  0xB429, 0xDD6D, 0xEE73, 0xE5EF, 0xC489, 0xBC28, 0xBC07, 0x9AE3, 0x7A01, 0x8221, 0xB383, 0xC404, 0xDCC5, 0xED27, 0x9AA3, 0x4900,
  0x92A5, 0xF81F, 0xF81F, 0xF81F, 0xF81F, 0xF81F, 0xF81F, 0xF81F, 0xF81F, 0xF81F, 0xF81F, 0xF81F, 0xF81F, 0xF81F, 0xF81F, 0xF81F,
  0xF81F, 0xF81F, 0xF81F, 0xF81F, 0xF81F, 0xF81F, 0xF81F, 0x30C3, 0x2924, 0x3144, 0x3965, 0x3965, 0x4184, 0x49C5, 0x3963, 0x4141,
  0xED8A, 0xA3C7, 0xE54A, 0xE62F, 0xE5CC, 0xDDEE, 0xBC47, 0xF64D, 0x4962, 0x7284, 0x59C3, 0xF81F, 0xF81F, 0xF81F, 0xF81F, 0xF81F,
  0xF81F, 0xF81F, 0xF81F, 0xF81F, 0xF81F, 0xF81F, 0xF81F, 0xF81F, 0xF81F, 0xF81F, 0xF81F, 0xF81F, 0xF81F, 0xF81F, 0xF81F, 0xF81F,
  0xF81F, 0xF81F, 0xF81F, 0xF81F, 0xF81F, 0xF81F, 0xF81F, 0xF81F, 0xF81F, 0xF81F, 0xF81F, 0xF81F, 0xF81F, 0xF81F, 0xF81F, 0xF81F,
  0xF81F, 0x2882, 0x18C3, 0x18C3, 0x18C3, 0x18C3, 0x28E3, 0x3943, 0x4983, 0x49A4, 0x49A4, 0x41A5, 0x3123, 0x59E3, 0xEDCC, 0xFED2,
  0xEE72, 0xE611, 0xD54C, 0xCCEA, 0xCD0B, 0xB407, 0x8A62, 0x9AC2, 0xAB43, 0xB364, 0x9282, 0x9281, 0x9AA1, 0x9A61, 0xB362, 0x7A21,
  0x4941, 0x9AA4, 0xF81F, 0xF81F, 0xF81F, 0xF81F, 0xF81F, 0xF81F, 0xF81F, 0xF81F, 0xF81F, 0xF81F, 0xF81F, 0xF81F, 0xF81F, 0xF81F,
  0xF81F, 0xF81F, 0xF81F, 0xF81F, 0xF81F, 0xF81F, 0xF81F, 0xF81F, 0x4862, 0x30E3, 0x3124, 0x3144, 0x2923, 0x28C3, 0xAB85, 0xB469,
  0xC466, 0xFECF, 0xDD4A, 0xF64D, 0xE548, 0xE58A, 0xEDAA, 0xD56B, 0xA364, 0xE56A, 0x5901, 0xF81F, 0xF81F, 0xF81F, 0xF81F, 0xF81F,
  0xF81F, 0xF81F, 0xF81F, 0xF81F, 0xF81F, 0xF81F, 0xF81F, 0xF81F, 0xF81F, 0xF81F, 0xF81F, 0xF81F, 0xF81F, 0xF81F, 0xF81F, 0xF81F,
  0xF81F, 0xF81F, 0xF81F, 0xF81F, 0xF81F, 0xF81F, 0xF81F, 0xF81F, 0xF81F, 0xF81F, 0xF81F, 0xF81F, 0xF81F, 0xF81F, 0xF81F, 0xF81F,
  0xF81F, 0xF81F, 0x4042, 0x28C3, 0x2903, 0x2924, 0x2924, 0x2924, 0x2903, 0x28E3, 0x28E2, 0x3102, 0x3943, 0x20A1, 0x28C1, 0xA409,
  0xE5F0, 0xEE52, 0xEE31, 0xD56D, 0xB408, 0x9B25, 0x9AE3, 0x9AC2, 0xA2C2, 0x92A2, 0x92A2, 0x7A01, 0x71C0, 0x69C1, 0x40E0, 0x7222,
  0x61C1, 0x7AA3, 0xA2A4, 0xF81F, 0xF81F, 0xF81F, 0xF81F, 0xF81F, 0xF81F, 0xF81F, 0xF81F, 0xF81F, 0xF81F, 0xF81F, 0xF81F, 0xF81F,
  0xF81F, 0xF81F, 0xF81F, 0xF81F, 0xF81F, 0xF81F, 0xF81F, 0x40A3, 0x40E3, 0x4144, 0x3944, 0x4924, 0x79C3, 0x9BA7, 0x9BA6, 0xF5CB,
  0xEE0C, 0xED8A, 0xCC67, 0xC3A2, 0xCC65, 0xCC24, 0xDD07, 0xCC65, 0xFE6D, 0xABC6, 0x5040, 0xF81F, 0xF81F, 0xF81F, 0xF81F, 0xF81F,
  0xF81F, 0xF81F, 0xF81F, 0xF81F, 0xF81F, 0xF81F, 0xF81F, 0xF81F, 0xF81F, 0xF81F, 0xF81F, 0xF81F, 0xF81F, 0xF81F, 0xF81F, 0xF81F,
  0xF81F, 0xF81F, 0xF81F, 0xF81F, 0xF81F, 0xF81F, 0xF81F, 0xF81F, 0xF81F, 0xF81F, 0xF81F, 0xF81F, 0xF81F, 0xF81F, 0xF81F, 0xF81F,
  0xF81F, 0xF81F, 0xF81F, 0xF81F, 0xF81F, 0x3882, 0x28A3, 0x20E3, 0x2903, 0x3964, 0x3965, 0x3144, 0x20C2, 0x4983, 0xBC8A, 0xE611,
  0xE631, 0xDDCF, 0xDD6D, 0xCD0B, 0xB408, 0x92C3, 0xAB22, 0xBBA4, 0xAB23, 0x71E1, 0xA2E2, 0x9AA1, 0x6180, 0x8A61, 0x71C0, 0x4900,
  0x71A0, 0x71E2, 0xF5EB, 0x9224, 0xF81F, 0xF81F, 0xF81F, 0xF81F, 0xF81F, 0xF81F, 0xF81F, 0xF81F, 0xF81F, 0xF81F, 0xF81F, 0xF81F,
  0xF81F, 0xF81F, 0xF81F, 0xF81F, 0xF81F, 0xF81F, 0x3124, 0x2924, 0x2924, 0x2924, 0x2944, 0x38A2, 0x6080, 0xC405, 0xF62E, 0xEE50,
  0xE528, 0xB322, 0xD444, 0xDCE7, 0xF5EA, 0xEDEB, 0xE58A, 0xCC25, 0xCCA7, 0x7201, 0xF81F, 0xF81F, 0xF81F, 0xF81F, 0xF81F, 0xF81F,
  0xF81F, 0xF81F, 0xF81F, 0xF81F, 0xF81F, 0xF81F, 0xF81F, 0xF81F, 0xF81F, 0xF81F, 0xF81F, 0xF81F, 0xF81F, 0xF81F, 0xF81F, 0xF81F,
  0xF81F, 0xF81F, 0xF81F, 0xF81F, 0xF81F, 0xF81F, 0xF81F, 0xF81F, 0xF81F, 0xF81F, 0xF81F, 0xF81F, 0xF81F, 0xF81F, 0xF81F, 0xF81F,
  0x28A2, 0x30A2, 0x38A2, 0x40A2, 0x50A2, 0x58C2, 0x5922, 0x5963, 0x5183, 0x4164, 0x3944, 0x3964, 0x3144, 0x3942, 0x9366, 0xCD2D,
  0xE611, 0xEE94, 0xEE52, 0xD56D, 0xBC89, 0xABA6, 0x8A82, 0x92A2, 0xB384, 0xA2E2, 0x8220, 0x5960, 0x69C1, 0x7A01, 0x9281, 0x79E1,
  0x69A0, 0x40C0, 0xB3E6, 0xFECF, 0xF81F, 0xF81F, 0xF81F, 0xF81F, 0xF81F, 0xF81F, 0xF81F, 0xF81F, 0xF81F, 0xF81F, 0xF81F, 0xF81F,
  0xF81F, 0xF81F, 0xF81F, 0xF81F, 0xF81F, 0xF81F, 0xF81F, 0x38C3, 0x2924, 0x38E3, 0x8061, 0xB1C2, 0xC407, 0xCCEB, 0xDD6B, 0xCCA8,
  0xBB83, 0xD4C7, 0xE58A, 0xEDA8, 0xE526, 0xED66, 0xEDCA, 0xEDEC, 0x7A21, 0x79E1, 0xF81F, 0xF81F, 0xF81F, 0xF81F, 0xF81F, 0xF81F,
  0xF81F, 0xF81F, 0xF81F, 0xF81F, 0xF81F, 0xF81F, 0xF81F, 0xF81F, 0xF81F, 0xF81F, 0xF81F, 0xF81F, 0xF81F, 0xF81F, 0xF81F, 0xF81F,
  0xF81F, 0xF81F, 0xF81F, 0xF81F, 0xF81F, 0xF81F, 0xF81F, 0xF81F, 0xF81F, 0xF81F, 0xF81F, 0xF81F, 0xF81F, 0xF81F, 0xF81F, 0xF81F,
  0x4042, 0x18A2, 0x20C3, 0x20E3, 0x20E3, 0x28E3, 0x2903, 0x3143, 0x3143, 0x3123, 0x3123, 0x3923, 0x3943, 0x28C2, 0x1020, 0x72A6,
  0xD56E, 0xE611, 0xE611, 0xDD8E, 0xCD0C, 0xA3A7, 0xA323, 0xB383, 0xAB43, 0xA2E2, 0x7A01, 0x5960, 0x9281, 0x8A21, 0x8A61, 0x69C1,
  0x6180, 0x71E1, 0xAAE0, 0xFEAE, 0xDD6D, 0xF81F, 0xF81F, 0xF81F, 0xF81F, 0xF81F, 0xF81F, 0xF81F, 0xF81F, 0xF81F, 0xF81F, 0xF81F,
  0xF81F, 0xF81F, 0xF81F, 0xF81F, 0xF81F, 0xF81F, 0x4862, 0x3903, 0x4923, 0x7881, 0x8800, 0x8080, 0xB386, 0xEDEC, 0xE58A, 0xA302,
  0xD485, 0xED88, 0xDD06, 0xDD07, 0xEDEA, 0xF66C, 0xF64B, 0xD465, 0x8201, 0xF81F, 0xF81F, 0xF81F, 0xF81F, 0xF81F, 0xF81F, 0xF81F,
  0xF81F, 0xF81F, 0xF81F, 0xF81F, 0xF81F, 0xF81F, 0xF81F, 0xF81F, 0xF81F, 0xF81F, 0xF81F, 0xF81F, 0xF81F, 0xF81F, 0xF81F, 0xF81F,
  0xF81F, 0xF81F, 0xF81F, 0xF81F, 0xF81F, 0xF81F, 0xF81F, 0xF81F, 0xF81F, 0xF81F, 0xF81F, 0xF81F, 0xF81F, 0xF81F, 0xF81F, 0xF81F,
  0xF81F, 0xF81F, 0x3082, 0x20C3, 0x20E3, 0x2904, 0x2924, 0x2924, 0x3144, 0x3944, 0x3964, 0x3144, 0x3144, 0x20E2, 0x82E4, 0xFE91,
  0xFF15, 0xEE52, 0xEE31, 0xE611, 0xD56E, 0xC4AA, 0x9B66, 0x8263, 0x8AA2, 0xCC45, 0xBB83, 0x8221, 0x6180, 0x6181, 0x8A62, 0x6980,
  0x69A0, 0x6180, 0x8A40, 0xE506, 0xFED0, 0xF81F, 0xF81F, 0xF81F, 0xF81F, 0xF81F, 0xF81F, 0xF81F, 0xF81F, 0xF81F, 0xF81F, 0xF81F,
  0xF81F, 0xF81F, 0xF81F, 0xF81F, 0xF81F, 0x38C3, 0x3124, 0x2923, 0x50C2, 0x9860, 0xA962, 0xCC28, 0xE5AD, 0xDD4B, 0xAB43, 0xCC86,
  0xE547, 0xCC03, 0xDCE6, 0xFE6B, 0xFF33, 0xFEEF, 0xF587, 0xA2E2, 0xF81F, 0xF81F, 0xF81F, 0xF81F, 0xF81F, 0xF81F, 0xF81F, 0xF81F,
  0xF81F, 0xF81F, 0xF81F, 0xF81F, 0xF81F, 0xF81F, 0xF81F, 0xF81F, 0xF81F, 0xF81F, 0xF81F, 0xF81F, 0xF81F, 0xF81F, 0xF81F, 0xF81F,
  0xF81F, 0xF81F, 0xF81F, 0xF81F, 0xF81F, 0xF81F, 0xF81F, 0xF81F, 0xF81F, 0xF81F, 0xF81F, 0xF81F, 0xF81F, 0xF81F, 0xF81F, 0xF81F,
  0xF81F, 0xF81F, 0xF81F, 0xF81F, 0xF81F, 0x3882, 0x30C3, 0x28E3, 0x2903, 0x3964, 0x3964, 0x3964, 0x3964, 0x4184, 0x4142, 0x4183,
  0x7AE7, 0xD58E, 0xEE72, 0xEEB4, 0xEE73, 0xDDAE, 0xC489, 0x9B44, 0xCC04, 0xD444, 0xC3E4, 0x9AA2, 0x69C0, 0x8241, 0x8221, 0x9AA1,
  0x71A0, 0x61A0, 0x71E0, 0xB321, 0xFECF, 0xCD0D, 0xF81F, 0xF81F, 0xF81F, 0xF81F, 0xF81F, 0xF81F, 0xF81F, 0xF81F, 0xF81F, 0xF81F,
  0xF81F, 0xF81F, 0xF81F, 0xF81F, 0x4082, 0x2903, 0x3103, 0x68C2, 0xA060, 0xA020, 0xA1C3, 0xDD0B, 0xEDCC, 0xBC05, 0xB3A3, 0xDCA5,
  0xC3A3, 0xDCE6, 0xF5E9, 0xFF31, 0xFECE, 0xD463, 0x8A21, 0xF81F, 0xF81F, 0xF81F, 0xF81F, 0xF81F, 0xF81F, 0xF81F, 0xF81F, 0xF81F,
  0xF81F, 0xF81F, 0xF81F, 0xF81F, 0xF81F, 0xF81F, 0xF81F, 0xF81F, 0xF81F, 0xF81F, 0xF81F, 0xF81F, 0xF81F, 0xF81F, 0xF81F, 0xF81F,
  0xF81F, 0xF81F, 0xF81F, 0xF81F, 0xF81F, 0xF81F, 0xF81F, 0xF81F, 0xF81F, 0xF81F, 0xF81F, 0xF81F, 0xF81F, 0xF81F, 0xF81F, 0xF81F,
  0xF81F, 0xF81F, 0xF81F, 0xF81F, 0x4862, 0x40A2, 0x38E2, 0x3103, 0x3123, 0x3123, 0x3143, 0x3943, 0x4923, 0x5102, 0x48A2, 0x3000,
  0x92A4, 0xE5EF, 0xE5F2, 0xD54E, 0xD54D, 0xD52C, 0xCCEA, 0xBC48, 0x92C3, 0x71E1, 0x8262, 0xA323, 0x9AA2, 0x9261, 0x8221, 0x69C1,
  0x71E0, 0x5960, 0x8241, 0x9A60, 0xE506, 0xFFB5, 0x9AA7, 0xF81F, 0xF81F, 0xF81F, 0xF81F, 0xF81F, 0xF81F, 0xF81F, 0xF81F, 0xF81F,
  0xF81F, 0xF81F, 0xF81F, 0xF81F, 0xF81F, 0x30E3, 0x38E3, 0x60A1, 0x7880, 0x99A2, 0xD4CA, 0xE5CD, 0xC447, 0xA302, 0xCBE3, 0xBBC3,
  0xC404, 0xED87, 0xF6CE, 0xFE8B, 0xC3A1, 0x6900, 0xF81F, 0xF81F, 0xF81F, 0xF81F, 0xF81F, 0xF81F, 0xF81F, 0xF81F, 0xF81F, 0xF81F,
  0xF81F, 0xF81F, 0xF81F, 0xF81F, 0xF81F, 0xF81F, 0xF81F, 0xF81F, 0xF81F, 0xF81F, 0xF81F, 0xF81F, 0xF81F, 0xF81F, 0xF81F, 0xF81F,
  0xF81F, 0xF81F, 0xF81F, 0xF81F, 0xF81F, 0xF81F, 0xF81F, 0xF81F, 0xF81F, 0xF81F, 0xF81F, 0xF81F, 0xF81F, 0xF81F, 0xF81F, 0xF81F,
  0xF81F, 0xF81F, 0x4042, 0x20C3, 0x2103, 0x20E3, 0x28E3, 0x3103, 0x3923, 0x4123, 0x5103, 0x60A2, 0x7082, 0x8061, 0x9860, 0xB0C0,
  0xA060, 0x7820, 0x7921, 0xD52B, 0xF6D3, 0xEE72, 0xDD6C, 0xBC48, 0xABC7, 0x8AE4, 0xAB42, 0xB363, 0xA2E2, 0xA2C2, 0x71C0, 0x7A21,
  0x8A61, 0x6160, 0x69A0, 0x8A41, 0xAB01, 0xF62B, 0xF734, 0xF81F, 0xF81F, 0xF81F, 0xF81F, 0xF81F, 0xF81F, 0xF81F, 0xF81F, 0xF81F,
  0xF81F, 0xF81F, 0xF81F, 0xF81F, 0x28E3, 0x28E3, 0x4122, 0x80E1, 0xB020, 0xA1C3, 0xDD2B, 0xD50A, 0xAB64, 0xD465, 0xBBA3, 0xB363,
  0xED25, 0xF66C, 0xFEEE, 0xCC02, 0x60C1, 0xF81F, 0xF81F, 0xF81F, 0xF81F, 0xF81F, 0xF81F, 0xF81F, 0xF81F, 0xF81F, 0xF81F, 0xF81F,
  0xF81F, 0xF81F, 0xF81F, 0xF81F, 0xF81F, 0xF81F, 0xF81F, 0xF81F, 0xF81F, 0xF81F, 0xF81F, 0xF81F, 0xF81F, 0xF81F, 0xF81F, 0xF81F,
  0xF81F, 0xF81F, 0xF81F, 0xF81F, 0xF81F, 0xF81F, 0xF81F, 0xF81F, 0xF81F, 0xF81F, 0xF81F, 0xF81F, 0xF81F, 0xF81F, 0xF81F, 0xF81F,
  0xF81F, 0xF81F, 0xF81F, 0xF81F, 0x3862, 0x28A3, 0x28E3, 0x30E3, 0x3903, 0x38E3, 0x5082, 0x8020, 0xB060, 0xD8C0, 0xD0C0, 0xB860,
  0x9800, 0x6800, 0xAA43, 0xDCAB, 0xBBE9, 0xD4CA, 0xDDCF, 0xDD8E, 0xC469, 0x9B24, 0x7A42, 0x92A2, 0xC3C3, 0xA302, 0x79E1, 0x6160,
  0x7A01, 0x7A01, 0x5140, 0x71E0, 0x8221, 0xB321, 0xFECE, 0xEEB2, 0xF81F, 0xF81F, 0xF81F, 0xF81F, 0xF81F, 0xF81F, 0xF81F, 0xF81F,
  0xF81F, 0xF81F, 0xF81F, 0x30C2, 0x2923, 0x3923, 0x5102, 0x9040, 0xA244, 0xD52B, 0xD50A, 0x9AE3, 0xBB82, 0xBBA3, 0xB383, 0xDC84,
  0xFE4B, 0xFF30, 0xE4E4, 0x7120, 0xF81F, 0xF81F, 0xF81F, 0xF81F, 0xF81F, 0xF81F, 0xF81F, 0xF81F, 0xF81F, 0xF81F, 0xF81F, 0xF81F,
  0xF81F, 0xF81F, 0xF81F, 0xF81F, 0xF81F, 0xF81F, 0xF81F, 0xF81F, 0xF81F, 0xF81F, 0xF81F, 0xF81F, 0xF81F, 0xF81F, 0xF81F, 0xF81F,
  0xF81F, 0xF81F, 0xF81F, 0xF81F, 0xF81F, 0xF81F, 0xF81F, 0xF81F, 0xF81F, 0xF81F, 0xF81F, 0xF81F, 0xF81F, 0xF81F, 0xF81F, 0xF81F,
  0xF81F, 0xF81F, 0xF81F, 0xF81F, 0xF81F, 0xF81F, 0xF81F, 0x3882, 0x20C2, 0x38A2, 0x7840, 0xA820, 0xB840, 0x9840, 0x7800, 0x8800,
  0xA880, 0xC8A0, 0x9820, 0x6000, 0xB3A7, 0xFF13, 0xE631, 0xD50A, 0xC468, 0xC469, 0xA365, 0xB383, 0xAB63, 0x8A41, 0x9261, 0x8200,
  0x9281, 0x8221, 0x5960, 0x71C0, 0x69A0, 0x8221, 0xBB82, 0xFF32, 0xE611, 0xF81F, 0xF81F, 0xF81F, 0xF81F, 0xF81F, 0xF81F, 0xF81F,
  0xF81F, 0xF81F, 0xF81F, 0x30E3, 0x2103, 0x48C1, 0xA060, 0xA820, 0xC2C6, 0xD50B, 0xB3E6, 0xAB42, 0xB383, 0xAB43, 0xC3E3, 0xF587,
  0xFEEF, 0xEDC8, 0x81C0, 0xF81F, 0xF81F, 0xF81F, 0xF81F, 0xF81F, 0xF81F, 0xF81F, 0xF81F, 0xF81F, 0xF81F, 0xF81F, 0xF81F, 0xF81F,
  0xF81F, 0xF81F, 0xF81F, 0xF81F, 0xF81F, 0xF81F, 0xF81F, 0xF81F, 0xF81F, 0xF81F, 0xF81F, 0xF81F, 0xF81F, 0xF81F, 0xF81F, 0xF81F,
  0xF81F, 0xF81F, 0xF81F, 0xF81F, 0xF81F, 0xF81F, 0xF81F, 0xF81F, 0xF81F, 0xF81F, 0xF81F, 0xF81F, 0xF81F, 0xF81F, 0xF81F, 0xF81F,
  0xF81F, 0xF81F, 0xF81F, 0xF81F, 0xF81F, 0x4842, 0x28C3, 0x28E3, 0x2903, 0x38E3, 0x40E3, 0x38E2, 0x28C2, 0x3840, 0xA060, 0xE100,
  0xD0A0, 0xA040, 0x8000, 0x9901, 0xD467, 0xB3E8, 0xCCCB, 0xE5EF, 0xE5CF, 0xBC49, 0x9B24, 0x7A22, 0x69C1, 0xB3A3, 0xB363, 0x7A01,
  0x4100, 0x69E1, 0x9281, 0x5940, 0x8A41, 0x71C0, 0x9AA1, 0xC3C2, 0xFEF0, 0xE610, 0xF81F, 0xF81F, 0xF81F, 0xF81F, 0xF81F, 0xF81F,
  0xF81F, 0xF81F, 0x28E3, 0x20E3, 0x6081, 0xB020, 0x9840, 0x9A24, 0xD4EA, 0xBC48, 0xA302, 0xB342, 0x92A2, 0x9281, 0xDC84, 0xF66D,
  0xFEEE, 0xC3C2, 0xF81F, 0xF81F, 0xF81F, 0xF81F, 0xF81F, 0xF81F, 0xF81F, 0xF81F, 0xF81F, 0xF81F, 0xF81F, 0xF81F, 0xF81F, 0xF81F,
  0xF81F, 0xF81F, 0xF81F, 0xF81F, 0xF81F, 0xF81F, 0xF81F, 0xF81F, 0xF81F, 0xF81F, 0xF81F, 0xF81F, 0xF81F, 0xF81F, 0xF81F, 0xF81F,
  0xF81F, 0xF81F, 0xF81F, 0xF81F, 0xF81F, 0xF81F, 0xF81F, 0xF81F, 0xF81F, 0xF81F, 0xF81F, 0xF81F, 0xF81F, 0xF81F, 0xF81F, 0xF81F,
  0xF81F, 0xF81F, 0xF81F, 0xF81F, 0xF81F, 0xF81F, 0x3082, 0x28C2, 0x28C3, 0x30E3, 0x28E3, 0x20E2, 0x4861, 0xA820, 0xC080, 0xA060,
  0x5800, 0x8000, 0xC8A0, 0xC080, 0x5800, 0x9307, 0xFF15, 0xEE73, 0xD50B, 0xC468, 0xBC28, 0x8B05, 0xAB63, 0xE4C6, 0xA2E2, 0x8221,
  0x69C1, 0x8A61, 0x9AA1, 0x6180, 0x69A0, 0x8201, 0x8201, 0x8200, 0xBB82, 0xFF31, 0xE631, 0xF81F, 0xF81F, 0xF81F, 0xF81F, 0xF81F,
  0xF81F, 0xF81F, 0x28E3, 0x48C2, 0x8800, 0x9000, 0x88A0, 0xBC07, 0xBC89, 0x9AE3, 0xBBA3, 0x92C2, 0x8A81, 0xC3E3, 0xED67, 0xFF31,
  0xED87, 0x7960, 0xF81F, 0xF81F, 0xF81F, 0xF81F, 0xF81F, 0xF81F, 0xF81F, 0xF81F, 0xF81F, 0xF81F, 0xF81F, 0xF81F, 0xF81F, 0xF81F,
  0xF81F, 0xF81F, 0xF81F, 0xF81F, 0xF81F, 0xF81F, 0xF81F, 0xF81F, 0xF81F, 0xF81F, 0xF81F, 0xF81F, 0xF81F, 0xF81F, 0xF81F, 0xF81F,
  0xF81F, 0xF81F, 0xF81F, 0xF81F, 0xF81F, 0xF81F, 0xF81F, 0xF81F, 0xF81F, 0xF81F, 0xF81F, 0xF81F, 0xF81F, 0xF81F, 0xF81F, 0xF81F,
  0xF81F, 0xF81F, 0xF81F, 0xF81F, 0xF81F, 0xF81F, 0xF81F, 0xF81F, 0xF81F, 0x3882, 0x28E2, 0x38E2, 0x50C2, 0x40E2, 0x30A1, 0x1881,
  0x8060, 0xD060, 0xB060, 0x5800, 0x8102, 0xFED1, 0xE630, 0xD52C, 0xE5EF, 0xE5CE, 0xC4AA, 0xA345, 0xAB44, 0x7A21, 0x9282, 0xBBA4,
  0x8221, 0x69A0, 0x5960, 0x8A61, 0x6180, 0x7A01, 0x71C0, 0x6180, 0x9261, 0xC3C2, 0xFF72, 0xEED2, 0xF81F, 0xF81F, 0xF81F, 0xF81F,
  0xF81F, 0x40A2, 0x20E3, 0x4861, 0x9840, 0x9800, 0x99E4, 0xCCCB, 0xA365, 0x8A41, 0x8241, 0x9AA1, 0xB342, 0xD444, 0xFE6C, 0xFE6B,
  0xAB21, 0xF81F, 0xF81F, 0xF81F, 0xF81F, 0xF81F, 0xF81F, 0xF81F, 0xF81F, 0xF81F, 0xF81F, 0xF81F, 0xF81F, 0xF81F, 0xF81F, 0xF81F,
  0xF81F, 0xF81F, 0xF81F, 0xF81F, 0xF81F, 0xF81F, 0xF81F, 0xF81F, 0xF81F, 0xF81F, 0xF81F, 0xF81F, 0xF81F, 0xF81F, 0xF81F, 0xF81F,
  0xF81F, 0xF81F, 0xF81F, 0xF81F, 0xF81F, 0xF81F, 0xF81F, 0xF81F, 0xF81F, 0xF81F, 0xF81F, 0xF81F, 0xF81F, 0xF81F, 0xF81F, 0xF81F,
  0xF81F, 0xF81F, 0xF81F, 0xF81F, 0xF81F, 0xF81F, 0xF81F, 0xF81F, 0x30A2, 0x2903, 0x2903, 0x3124, 0x2903, 0x20E2, 0x28E2, 0x70A1,
  0xA081, 0x7881, 0x4860, 0x7000, 0xC1A2, 0xAB06, 0xAB06, 0xEE71, 0xF6B3, 0xE5CF, 0xC489, 0xC469, 0x8B05, 0x7A22, 0xD465, 0xB383,
  0x8221, 0x7A01, 0x69E0, 0xAB22, 0x9AA1, 0x4900, 0x7A01, 0x71E1, 0x69C0, 0x9281, 0xB341, 0xF66E, 0xF712, 0x9224, 0xF81F, 0xF81F,
  0x3882, 0x18C2, 0x3881, 0x9020, 0x9800, 0x70E1, 0xBC49, 0xA3A7, 0x7A21, 0x7201, 0x8221, 0x9281, 0xCBE3, 0xED67, 0xFEEF, 0xE506,
  0x6901, 0xF81F, 0xF81F, 0xF81F, 0xF81F, 0xF81F, 0xF81F, 0xF81F, 0xF81F, 0xF81F, 0xF81F, 0xF81F, 0xF81F, 0xF81F, 0xF81F, 0xF81F,
  0xF81F, 0xF81F, 0xF81F, 0xF81F, 0xF81F, 0xF81F, 0xF81F, 0xF81F, 0xF81F, 0xF81F, 0xF81F, 0xF81F, 0xF81F, 0xF81F, 0xF81F, 0xF81F,
  0xF81F, 0xF81F, 0xF81F, 0xF81F, 0xF81F, 0xF81F, 0xF81F, 0xF81F, 0xF81F, 0xF81F, 0xF81F, 0xF81F, 0xF81F, 0xF81F, 0xF81F, 0xF81F,
  0xF81F, 0xF81F, 0xF81F, 0xF81F, 0xF81F, 0xF81F, 0xF81F, 0xF81F, 0xF81F, 0xF81F, 0xF81F, 0x4062, 0x28C2, 0x30E3, 0x4123, 0x58C2,
  0x28C2, 0x18C1, 0x5881, 0xD060, 0xA820, 0x6800, 0xDCED, 0xFF35, 0xE631, 0xD52C, 0xE5EF, 0xCCEB, 0xA386, 0xA344, 0xAB22, 0x92A2,
  0xC3E4, 0xA2E2, 0x5120, 0x7A00, 0x71E1, 0x8A61, 0x6180, 0x79E0, 0x9AA1, 0x5960, 0x8221, 0x9280, 0xF64D, 0xFF95, 0xAB47, 0xF81F,
  0x30C2, 0x30E3, 0x6820, 0x8000, 0x6800, 0x8A64, 0xA3C8, 0x7A43, 0x7A01, 0x7A21, 0x71E1, 0x8A61, 0xCBE2, 0xF5E9, 0xED67, 0x9AC1,
  0xF81F, 0xF81F, 0xF81F, 0xF81F, 0xF81F, 0xF81F, 0xF81F, 0xF81F, 0xF81F, 0xF81F, 0xF81F, 0xF81F, 0xF81F, 0xF81F, 0xF81F, 0xF81F,
  0xF81F, 0xF81F, 0xF81F, 0xF81F, 0xF81F, 0xF81F, 0xF81F, 0xF81F, 0xF81F, 0xF81F, 0xF81F, 0xF81F, 0xF81F, 0xF81F, 0xF81F, 0xF81F,
  0xF81F, 0xF81F, 0xF81F, 0xF81F, 0xF81F, 0xF81F, 0xF81F, 0xF81F, 0xF81F, 0xF81F, 0xF81F, 0xF81F, 0xF81F, 0xF81F, 0xF81F, 0xF81F,
  0xF81F, 0xF81F, 0xF81F, 0xF81F, 0xF81F, 0xF81F, 0xF81F, 0xF81F, 0xF81F, 0xF81F, 0xF81F, 0x28C2, 0x2903, 0x2903, 0x30C3, 0x20C2,
  0x28E2, 0x3102, 0xB040, 0xB820, 0x6000, 0x9A05, 0xFEB0, 0xDD2D, 0xC3E8, 0xEE51, 0xE632, 0xCCAA, 0xBC49, 0xA366, 0x7202, 0xA344,
  0xD465, 0x9282, 0x69A0, 0x5980, 0x4920, 0xAB22, 0x8A41, 0x79E0, 0x69A0, 0x6180, 0x5940, 0x69C1, 0x9A80, 0xDD28, 0xFF72, 0xC48C,
  0x38E2, 0x2061, 0x6041, 0x6000, 0x6142, 0xA3C7, 0x82A4, 0x69A0, 0x71C1, 0x6980, 0x6980, 0x8A82, 0xBC68, 0xEE2F, 0xEED6, 0xEF19,
  0xEEF8, 0xDE35, 0xB40D, 0xF81F, 0xF81F, 0xF81F, 0xF81F, 0xF81F, 0xF81F, 0xF81F, 0xF81F, 0xF81F, 0xF81F, 0xF81F, 0xF81F, 0xF81F,
  0xF81F, 0xF81F, 0xF81F, 0xF81F, 0xF81F, 0xF81F, 0xF81F, 0xF81F, 0xF81F, 0xF81F, 0xF81F, 0xF81F, 0xF81F, 0xF81F, 0xF81F, 0xF81F,
  0xF81F, 0xF81F, 0xF81F, 0xF81F, 0xF81F, 0xF81F, 0xF81F, 0xF81F, 0xF81F, 0xF81F, 0xF81F, 0xF81F, 0xF81F, 0xF81F, 0xF81F, 0xF81F,
  0xF81F, 0xF81F, 0xF81F, 0xF81F, 0xF81F, 0xF81F, 0xF81F, 0xF81F, 0xF81F, 0xF81F, 0xF81F, 0xF81F, 0xF81F, 0xF81F, 0x38A2, 0x3103,
  0x2923, 0x68A1, 0x9800, 0x4061, 0x6061, 0x9142, 0x81E3, 0x9060, 0xD44B, 0xF736, 0xDD6E, 0xE5AE, 0xCCEC, 0xBC08, 0x9B66, 0xAB63,
  0x9B02, 0x69C1, 0x92A2, 0x8242, 0x6180, 0x5960, 0xA2C1, 0x7A01, 0x7A01, 0x6160, 0x5940, 0x61A0, 0x6180, 0x9260, 0xD486, 0xFF74,
  0xE670, 0x71E2, 0x5000, 0x4800, 0x7A44, 0x7A84, 0x5161, 0x4100, 0x4920, 0x82C6, 0xC4ED, 0xF6F6, 0xFFBA, 0xFFDB, 0xFFDB, 0xFF9A,
  0xF759, 0xE6D8, 0xFFBB, 0xFF55, 0xAB48, 0xF81F, 0xF81F, 0xF81F, 0xF81F, 0xF81F, 0xF81F, 0xF81F, 0xF81F, 0xF81F, 0xF81F, 0xF81F,
  0xF81F, 0xF81F, 0xF81F, 0xF81F, 0xF81F, 0xF81F, 0xF81F, 0xF81F, 0xF81F, 0xF81F, 0xF81F, 0xF81F, 0xF81F, 0xF81F, 0xF81F, 0xF81F,
  0xF81F, 0xF81F, 0xF81F, 0xF81F, 0xF81F, 0xF81F, 0xF81F, 0xF81F, 0xF81F, 0xF81F, 0xF81F, 0xF81F, 0xF81F, 0xF81F, 0xF81F, 0xF81F,
  0xF81F, 0xF81F, 0xF81F, 0xF81F, 0xF81F, 0xF81F, 0xF81F, 0xF81F, 0xF81F, 0xF81F, 0xF81F, 0xF81F, 0xF81F, 0xF81F, 0x28E3, 0x2903,
  0x2903, 0x5861, 0x30A1, 0x2943, 0x70C2, 0x3020, 0x7000, 0xA8C1, 0xF691, 0xE5CE, 0xE611, 0xEE52, 0xD52C, 0xCCEB, 0xABC7, 0x9304,
  0x7A64, 0x92C2, 0xB363, 0x9281, 0x71E1, 0x69C1, 0x4920, 0x4940, 0x8261, 0x8221, 0x8A41, 0x5980, 0x5960, 0x69C1, 0x79E0, 0xBB82,
  0xF66C, 0xFF94, 0xBCCB, 0x6A02, 0x59C1, 0x40E0, 0x4940, 0x9305, 0xC54E, 0xF6F5, 0xFFBA, 0xFF99, 0xFF57, 0xF716, 0xFEF4, 0xF6D4,
  0xB48B, 0x5140, 0x3921, 0x7AA6, 0xE588, 0xBC68, 0xF81F, 0xF81F, 0xF81F, 0xF81F, 0xF81F, 0xF81F, 0xF81F, 0xF81F, 0xF81F, 0xF81F,
  0xF81F, 0xF81F, 0xF81F, 0xF81F, 0xF81F, 0xF81F, 0xF81F, 0xF81F, 0xF81F, 0xF81F, 0xF81F, 0xF81F, 0xF81F, 0xF81F, 0xF81F, 0xF81F,
  0xF81F, 0xF81F, 0xF81F, 0xF81F, 0xF81F, 0xF81F, 0xF81F, 0xF81F, 0xF81F, 0xF81F, 0xF81F, 0xF81F, 0xF81F, 0xF81F, 0xF81F, 0xF81F,
  0xF81F, 0xF81F, 0xF81F, 0xF81F, 0xF81F, 0xF81F, 0xF81F, 0xF81F, 0xF81F, 0xF81F, 0xF81F, 0xF81F, 0xF81F, 0xF81F, 0x30A2, 0x38A2,
  0x4062, 0x28E3, 0x2903, 0x3944, 0x30C2, 0x5881, 0xC000, 0x8943, 0xAB27, 0xAB67, 0xFF15, 0xE5F1, 0xDD8E, 0xDDB0, 0xBC29, 0xB408,
  0x9326, 0x92C3, 0xAB02, 0x61A1, 0x9AE2, 0x9282, 0x69A1, 0x5140, 0x4900, 0x71E1, 0x8201, 0x8A61, 0x5960, 0x5140, 0x5960, 0x69C1,
  0xA2C0, 0xD4A6, 0xFF0F, 0xFF31, 0xE62F, 0xC4E9, 0xDCC6, 0xDD6C, 0xF6F6, 0xFF37, 0xF737, 0xFF58, 0xF6F4, 0xF692, 0xFF15, 0xFF98,
  0xFF77, 0xBC49, 0x8262, 0xBC46, 0xF5E6, 0xFEE7, 0xEDE9, 0xF81F, 0xF81F, 0xF81F, 0xF81F, 0xF81F, 0xF81F, 0xF81F, 0xF81F, 0xF81F,
  0xF81F, 0xF81F, 0xF81F, 0xF81F, 0xF81F, 0xF81F, 0xF81F, 0xF81F, 0xF81F, 0xF81F, 0xF81F, 0xF81F, 0xF81F, 0xF81F, 0xF81F, 0xF81F,
  0xF81F, 0xF81F, 0xF81F, 0xF81F, 0xF81F, 0xF81F, 0xF81F, 0xF81F, 0xF81F, 0xF81F, 0xF81F, 0xF81F, 0xF81F, 0xF81F, 0xF81F, 0xF81F,
  0xF81F, 0xF81F, 0xF81F, 0xF81F, 0xF81F, 0xF81F, 0xF81F, 0xF81F, 0xF81F, 0xF81F, 0xF81F, 0xF81F, 0xF81F, 0xF81F, 0xF81F, 0xF81F,
  0xF81F, 0x2903, 0x3123, 0x28E2, 0x20E2, 0x9840, 0x9000, 0x8040, 0x7800, 0xB3EB, 0xFF36, 0xE5CF, 0xEE52, 0xE611, 0xCCCB, 0xCD0C,
  0xA387, 0xA386, 0x82A4, 0x6A02, 0xBB63, 0x9282, 0x71E1, 0x8241, 0x79E1, 0x4100, 0x4120, 0x92A2, 0x8241, 0x69E1, 0x71E1, 0x61A0,
  0x6180, 0x79E0, 0x9A80, 0xC425, 0xF62C, 0xFECF, 0xEDA9, 0xC48A, 0xEED7, 0xFF38, 0xFF57, 0xFF57, 0xFF16, 0xEE92, 0xE5CF, 0xDD6D,
  0xDD8F, 0xCCEB, 0xA3A4, 0xA3A3, 0xB3A2, 0xC3E0, 0xE481, 0xF81F, 0xF81F, 0xF81F, 0xF81F, 0xF81F, 0xF81F, 0xF81F, 0xF81F, 0xF81F,
  0xF81F, 0xF81F, 0xF81F, 0xF81F, 0xF81F, 0xF81F, 0xF81F, 0xF81F, 0xF81F, 0xF81F, 0xF81F, 0xF81F, 0xF81F, 0xF81F, 0xF81F, 0xF81F,
  0xF81F, 0xF81F, 0xF81F, 0xF81F, 0xF81F, 0xF81F, 0xF81F, 0xF81F, 0xF81F, 0xF81F, 0xF81F, 0xF81F, 0xF81F, 0xF81F, 0xF81F, 0xF81F,
  0xF81F, 0xF81F, 0xF81F, 0xF81F, 0xF81F, 0xF81F, 0xF81F, 0xF81F, 0xF81F, 0xF81F, 0xF81F, 0xF81F, 0xF81F, 0xF81F, 0xF81F, 0xF81F,
  0xF81F, 0x2903, 0x3882, 0x28A2, 0x4103, 0x8061, 0x4861, 0xA840, 0x8000, 0xC48C, 0xF691, 0xDD2D, 0xF6F5, 0xDDD0, 0xDD8E, 0xDD6E,
  0xC489, 0xC4CB, 0x9347, 0x8AC4, 0x92A2, 0x5981, 0x92C2, 0xAB02, 0x71E1, 0x5960, 0x4920, 0x61A0, 0x69C0, 0x5960, 0x79E1, 0x69A0,
  0x5980, 0x61A1, 0x6180, 0x69A0, 0xA2A0, 0xC3A2, 0xCC03, 0xCCCB, 0xEE95, 0xFF59, 0xFF58, 0xFF36, 0xF715, 0xEE52, 0xCD0C, 0x9B67,
  0x82C4, 0x71E3, 0xF81F, 0xF81F, 0xF81F, 0xF81F, 0x79A0, 0xF81F, 0xF81F, 0xF81F, 0xF81F, 0xF81F, 0xF81F, 0xF81F, 0xF81F, 0xF81F,
  0xF81F, 0xF81F, 0xF81F, 0xF81F, 0xF81F, 0xF81F, 0xF81F, 0xF81F, 0xF81F, 0xF81F, 0xF81F, 0xF81F, 0xF81F, 0xF81F, 0xF81F, 0xF81F,
  0xF81F, 0xF81F, 0xF81F, 0xF81F, 0xF81F, 0xF81F, 0xF81F, 0xF81F, 0xF81F, 0xF81F, 0xF81F, 0xF81F, 0xF81F, 0xF81F, 0xF81F, 0xF81F,
  0xF81F, 0xF81F, 0xF81F, 0xF81F, 0xF81F, 0xF81F, 0xF81F, 0xF81F, 0xF81F, 0xF81F, 0xF81F, 0xF81F, 0xF81F, 0xF81F, 0xF81F, 0xF81F,
  0xF81F, 0xF81F, 0xF81F, 0x38C2, 0x3903, 0x28C2, 0x6040, 0xA020, 0x8800, 0xC2C6, 0x9224, 0xABAB, 0xFF76, 0xDD6D, 0xEE32, 0xDDAF,
  0xD56D, 0xD56E, 0xAC08, 0xB408, 0x8AE5, 0x6203, 0x92A2, 0x7A21, 0x5181, 0x69C1, 0x7A01, 0xB322, 0x8221, 0x71E1, 0x71E1, 0x5940,
  0x61A1, 0x71E1, 0x71E1, 0x5980, 0x6180, 0x71E1, 0xD465, 0xD50A, 0xEED5, 0xFF37, 0xF6F6, 0xF717, 0xF6B3, 0xDD6E, 0xB429, 0x9346,
  0x6163, 0xF81F, 0xF81F, 0xF81F, 0xF81F, 0xF81F, 0xF81F, 0xF81F, 0xF81F, 0xF81F, 0xF81F, 0xF81F, 0xF81F, 0xF81F, 0xF81F, 0xF81F,
  0xF81F, 0xF81F, 0xF81F, 0xF81F, 0xF81F, 0xF81F, 0xF81F, 0xF81F, 0xF81F, 0xF81F, 0xF81F, 0xF81F, 0xF81F, 0xF81F, 0xF81F, 0xF81F,
  0xF81F, 0xF81F, 0xF81F, 0xF81F, 0xF81F, 0xF81F, 0xF81F, 0xF81F, 0xF81F, 0xF81F, 0xF81F, 0xF81F, 0xF81F, 0xF81F, 0xF81F, 0xF81F,
  0xF81F, 0xF81F, 0xF81F, 0xF81F, 0xF81F, 0xF81F, 0xF81F, 0xF81F, 0xF81F, 0xF81F, 0xF81F, 0xF81F, 0xF81F, 0xF81F, 0xF81F, 0xF81F,
  0xF81F, 0xF81F, 0xF81F, 0x40A2, 0x28E2, 0x4081, 0x8041, 0x8000, 0x9000, 0xA020, 0x6000, 0xBB89, 0xF690, 0xAB67, 0xF693, 0xDD8E,
  0xE611, 0xDDAF, 0xC4EB, 0xD52D, 0xA3C8, 0x9346, 0x9346, 0x7AA5, 0x6A23, 0x6A03, 0x69E2, 0x4940, 0x5161, 0xB343, 0x8262, 0x71E1,
  0x7A21, 0x8241, 0x69C0, 0x5140, 0x69A0, 0xBBA3, 0xED46, 0xDD4A, 0xD58E, 0xEE73, 0xFF37, 0xF6F5, 0xEE52, 0xC4EC, 0xA3E8, 0x7A64,
  0xF81F, 0xF81F, 0xF81F, 0xF81F, 0xF81F, 0xF81F, 0xF81F, 0xF81F, 0xF81F, 0xF81F, 0xF81F, 0xF81F, 0xF81F, 0xF81F, 0xF81F, 0xF81F,
  0xF81F, 0xF81F, 0xF81F, 0xF81F, 0xF81F, 0xF81F, 0xF81F, 0xF81F, 0xF81F, 0xF81F, 0xF81F, 0xF81F, 0xF81F, 0xF81F, 0xF81F, 0xF81F,
  0xF81F, 0xF81F, 0xF81F, 0xF81F, 0xF81F, 0xF81F, 0xF81F, 0xF81F, 0xF81F, 0xF81F, 0xF81F, 0xF81F, 0xF81F, 0xF81F, 0xF81F, 0xF81F,
  0xF81F, 0xF81F, 0xF81F, 0xF81F, 0xF81F, 0xF81F, 0xF81F, 0xF81F, 0xF81F, 0xF81F, 0xF81F, 0xF81F, 0xF81F, 0xF81F, 0xF81F, 0xF81F,
  0xF81F, 0xF81F, 0xF81F, 0xF81F, 0xF81F, 0x5062, 0x6082, 0x6020, 0x9040, 0xA020, 0x8000, 0xA142, 0x99C3, 0x70A1, 0xFE8F, 0xD52C,
  0xEE74, 0xDDCF, 0xDD8E, 0xDDAF, 0xAC09, 0xBC6B, 0xBCAB, 0xB3E8, 0x9B67, 0x9347, 0x69E3, 0x5161, 0x59A1, 0x5161, 0x1840, 0x59A1,
  0x4941, 0x4941, 0x38C0, 0x5960, 0x9AA2, 0xCC04, 0xCC65, 0xDCA4, 0xD50B, 0xEEB5, 0xEE72, 0xEE31, 0xDDF0, 0xC4CC, 0x9BA8, 0xF81F,
  0xF81F, 0xF81F, 0xF81F, 0xF81F, 0xF81F, 0xF81F, 0xF81F, 0xF81F, 0xF81F, 0xF81F, 0xF81F, 0xF81F, 0xF81F, 0xF81F, 0xF81F, 0xF81F,
  0xF81F, 0xF81F, 0xF81F, 0xF81F, 0xF81F, 0xF81F, 0xF81F, 0xF81F, 0xF81F, 0xF81F, 0xF81F, 0xF81F, 0xF81F, 0xF81F, 0xF81F, 0xF81F,
  0xF81F, 0xF81F, 0xF81F, 0xF81F, 0xF81F, 0xF81F, 0xF81F, 0xF81F, 0xF81F, 0xF81F, 0xF81F, 0xF81F, 0xF81F, 0xF81F, 0xF81F, 0xF81F,
  0xF81F, 0xF81F, 0xF81F, 0xF81F, 0xF81F, 0xF81F, 0xF81F, 0xF81F, 0xF81F, 0xF81F, 0xF81F, 0xF81F, 0xF81F, 0xF81F, 0xF81F, 0xF81F,
  0xF81F, 0xF81F, 0xF81F, 0xF81F, 0xF81F, 0xF81F, 0x30E2, 0x5061, 0x7080, 0x6081, 0x9020, 0xA800, 0x8800, 0x8000, 0xB347, 0x69E4,
  0xE653, 0xDD8E, 0xE5F1, 0xE5F0, 0xC4AA, 0xDDAF, 0xD56F, 0xBCAB, 0xCD0D, 0x9B88, 0x82A5, 0x82A5, 0x61C2, 0x30A0, 0x2060, 0x1840,
  0x30A0, 0x4100, 0x7A21, 0x9AC2, 0xB363, 0xBB63, 0xDCC6, 0xDCA5, 0xD4A6, 0xB3E7, 0xE653, 0xE5F1, 0xCD0D, 0xAC09, 0x8AC5, 0xF81F,
  0xF81F, 0xF81F, 0xF81F, 0xF81F, 0xF81F, 0xF81F, 0xF81F, 0xF81F, 0xF81F, 0xF81F, 0xF81F, 0xF81F, 0xF81F, 0xF81F, 0xF81F, 0xF81F,
  0xF81F, 0xF81F, 0xF81F, 0xF81F, 0xF81F, 0xF81F, 0xF81F, 0xF81F, 0xF81F, 0xF81F, 0xF81F, 0xF81F, 0xF81F, 0xF81F, 0xF81F, 0xF81F,
  0xF81F, 0xF81F, 0xF81F, 0xF81F, 0xF81F, 0xF81F, 0xF81F, 0xF81F, 0xF81F, 0xF81F, 0xF81F, 0xF81F, 0xF81F, 0xF81F, 0xF81F, 0xF81F,
  0xF81F, 0xF81F, 0xF81F, 0xF81F, 0xF81F, 0xF81F, 0xF81F, 0xF81F, 0xF81F, 0xF81F, 0xF81F, 0xF81F, 0xF81F, 0xF81F, 0xF81F, 0xF81F,
  0xF81F, 0xF81F, 0xF81F, 0xF81F, 0xF81F, 0xF81F, 0xF81F, 0xF81F, 0x7040, 0x5080, 0xA840, 0xB820, 0x8800, 0x9000, 0x7800, 0x4800,
  0xB3CA, 0x9A85, 0xBC2B, 0xCD6D, 0xCD4E, 0xFEF5, 0xDDAF, 0xE5F0, 0xBCAC, 0x82E6, 0xA3C8, 0x6A23, 0x28A0, 0x2060, 0x30C0, 0x4940,
  0x61A0, 0x6180, 0x8A82, 0x8A81, 0xAB63, 0xB363, 0xAB02, 0xDCA5, 0xB362, 0xC404, 0xAB86, 0xBCCC, 0xBCAB, 0xA3C8, 0x7183, 0xF81F,
  0xF81F, 0xF81F, 0xF81F, 0xF81F, 0xF81F, 0xF81F, 0xF81F, 0xF81F, 0xF81F, 0xF81F, 0xF81F, 0xF81F, 0xF81F, 0xF81F, 0xF81F, 0xF81F,
  0xF81F, 0xF81F, 0xF81F, 0xF81F, 0xF81F, 0xF81F, 0xF81F, 0xF81F, 0xF81F, 0xF81F, 0xF81F, 0xF81F, 0xF81F, 0xF81F, 0xF81F, 0xF81F,
  0xF81F, 0xF81F, 0xF81F, 0xF81F, 0xF81F, 0xF81F, 0xF81F, 0xF81F, 0xF81F, 0xF81F, 0xF81F, 0xF81F, 0xF81F, 0xF81F, 0xF81F, 0xF81F,
  0xF81F, 0xF81F, 0xF81F, 0xF81F, 0xF81F, 0xF81F, 0xF81F, 0xF81F, 0xF81F, 0xF81F, 0xF81F, 0xF81F, 0xF81F, 0xF81F, 0xF81F, 0xF81F,
  0xF81F, 0xF81F, 0xF81F, 0xF81F, 0xF81F, 0xF81F, 0xF81F, 0xF81F, 0x6821, 0x5821, 0x9840, 0xB820, 0x8020, 0x9820, 0x8820, 0x7081,
  0x7020, 0x6000, 0x5123, 0x3942, 0xBD0E, 0xE652, 0xBCED, 0xB48B, 0x3122, 0x20C1, 0x3101, 0x30A0, 0x38E0, 0x4100, 0x4920, 0x5160,
  0x71E1, 0x8221, 0x8221, 0x9AE2, 0xA323, 0xA2E3, 0xC3E4, 0xA302, 0x8AA2, 0xA302, 0x8221, 0x8AC4, 0xA3A7, 0x7223, 0xF81F, 0xF81F,
  0xF81F, 0xF81F, 0xF81F, 0xF81F, 0xF81F, 0xF81F, 0xF81F, 0xF81F, 0xF81F, 0xF81F, 0xF81F, 0xF81F, 0xF81F, 0xF81F, 0xF81F, 0xF81F,
  0xF81F, 0xF81F, 0xF81F, 0xF81F, 0xF81F, 0xF81F, 0xF81F, 0xF81F, 0xF81F, 0xF81F, 0xF81F, 0xF81F, 0xF81F, 0xF81F, 0xF81F, 0xF81F,
  0xF81F, 0xF81F, 0xF81F, 0xF81F, 0xF81F, 0xF81F, 0xF81F, 0xF81F, 0xF81F, 0xF81F, 0xF81F, 0xF81F, 0xF81F, 0xF81F, 0xF81F, 0xF81F,
  0xF81F, 0xF81F, 0xF81F, 0xF81F, 0xF81F, 0xF81F, 0xF81F, 0xF81F, 0xF81F, 0xF81F, 0xF81F, 0xF81F, 0xF81F, 0xF81F, 0xF81F, 0xF81F,
  0xF81F, 0xF81F, 0xF81F, 0xF81F, 0xF81F, 0xF81F, 0xF81F, 0xF81F, 0xF81F, 0xF81F, 0xF81F, 0x8020, 0xF81F, 0x9040, 0x7040, 0x5081,
  0x60A1, 0x58A2, 0x38E2, 0x28C2, 0x49C4, 0x4163, 0x28C2, 0x3901, 0x38E0, 0x30A0, 0x30A0, 0x4920, 0x5160, 0x5960, 0x71E1, 0x69C0,
  0x69C1, 0x7A01, 0x8221, 0xA2E2, 0x71E1, 0x92A2, 0xA322, 0x69A0, 0x7A01, 0x71C0, 0x8200, 0x71C0, 0x6180, 0xF81F, 0xF81F, 0xF81F,
  0xF81F, 0xF81F, 0xF81F, 0xF81F, 0xF81F, 0xF81F, 0xF81F, 0xF81F, 0xF81F, 0xF81F, 0xF81F, 0xF81F, 0xF81F, 0xF81F, 0xF81F, 0xF81F,
  0xF81F, 0xF81F, 0xF81F, 0xF81F, 0xF81F, 0xF81F, 0xF81F, 0xF81F, 0xF81F, 0xF81F, 0xF81F, 0xF81F, 0xF81F, 0xF81F, 0xF81F, 0xF81F,
  0xF81F, 0xF81F, 0xF81F, 0xF81F, 0xF81F, 0xF81F, 0xF81F, 0xF81F, 0xF81F, 0xF81F, 0xF81F, 0xF81F, 0xF81F, 0xF81F, 0xF81F, 0xF81F,
  0xF81F, 0xF81F, 0xF81F, 0xF81F, 0xF81F, 0xF81F, 0xF81F, 0xF81F, 0xF81F, 0xF81F, 0xF81F, 0xF81F, 0xF81F, 0xF81F, 0xF81F, 0xF81F,
  0xF81F, 0xF81F, 0xF81F, 0xF81F, 0xF81F, 0xF81F, 0xF81F, 0xF81F, 0xF81F, 0xF81F, 0xF81F, 0xF81F, 0xF81F, 0xF81F, 0xF81F, 0xF81F,
  0xF81F, 0xF81F, 0xF81F, 0xF81F, 0xF81F, 0xF81F, 0x8A23, 0x9AA1, 0x8200, 0x7A01, 0x71E1, 0x4920, 0x69E1, 0x7A01, 0x92A2, 0xCBE4,
  0xD445, 0x8A62, 0x61A0, 0x69A0, 0x79E0, 0x61A0, 0x5140, 0x7A01, 0x79E0, 0x6180, 0x5960, 0x5960, 0x60A1, 0xF81F, 0xF81F, 0xF81F,
  0xF81F, 0xF81F, 0xF81F, 0xF81F, 0xF81F, 0xF81F, 0xF81F, 0xF81F, 0xF81F, 0xF81F, 0xF81F, 0xF81F, 0xF81F, 0xF81F, 0xF81F, 0xF81F,
  0xF81F, 0xF81F, 0xF81F, 0xF81F, 0xF81F, 0xF81F, 0xF81F, 0xF81F, 0xF81F, 0xF81F, 0xF81F, 0xF81F, 0xF81F, 0xF81F, 0xF81F, 0xF81F,
  0xF81F, 0xF81F, 0xF81F, 0xF81F, 0xF81F, 0xF81F, 0xF81F, 0xF81F, 0xF81F, 0xF81F, 0xF81F, 0xF81F, 0xF81F, 0xF81F, 0xF81F, 0xF81F,
  0xF81F, 0xF81F, 0xF81F, 0xF81F, 0xF81F, 0xF81F, 0xF81F, 0xF81F, 0xF81F, 0xF81F, 0xF81F, 0xF81F, 0xF81F, 0xF81F, 0xF81F, 0xF81F,
  0xF81F, 0xF81F, 0xF81F, 0xF81F, 0xF81F, 0xF81F, 0xF81F, 0xF81F, 0xF81F, 0xF81F, 0xF81F, 0xF81F, 0xF81F, 0xF81F, 0xF81F, 0xF81F,
  0xF81F, 0xF81F, 0xF81F, 0xF81F, 0x9AC8, 0xC448, 0x8AA3, 0x59A1, 0xA322, 0x92A2, 0x69C1, 0x71E1, 0x8A62, 0xAB23, 0xDC85, 0xED66,
  0xFECB, 0xAB63, 0x38A0, 0x5160, 0x4920, 0x5160, 0x6180, 0x5940, 0x5960, 0x6180, 0x5940, 0x60A1, 0xF81F, 0xF81F, 0xF81F, 0xF81F,
  0xF81F, 0xF81F, 0xF81F, 0xF81F, 0xF81F, 0xF81F, 0xF81F, 0xF81F, 0xF81F, 0xF81F, 0xF81F, 0xF81F, 0xF81F, 0xF81F, 0xF81F, 0xF81F,
  0xF81F, 0xF81F, 0xF81F, 0xF81F, 0xF81F, 0xF81F, 0xF81F, 0xF81F, 0xF81F, 0xF81F, 0xF81F, 0xF81F, 0xF81F, 0xF81F, 0xF81F, 0xF81F,
  0xF81F, 0xF81F, 0xF81F, 0xF81F, 0xF81F, 0xF81F, 0xF81F, 0xF81F, 0xF81F, 0xF81F, 0xF81F, 0xF81F, 0xF81F, 0xF81F, 0xF81F, 0xF81F,
  0xF81F, 0xF81F, 0xF81F, 0xF81F, 0xF81F, 0xF81F, 0xF81F, 0xF81F, 0xF81F, 0xF81F, 0xF81F, 0xF81F, 0xF81F, 0xF81F, 0xF81F, 0xF81F,
  0xF81F, 0xF81F, 0xF81F, 0xF81F, 0xF81F, 0xF81F, 0xF81F, 0xF81F, 0xF81F, 0xF81F, 0xF81F, 0xF81F, 0xF81F, 0xF81F, 0xF81F, 0xF81F,
  0xF81F, 0x8A26, 0xABAA, 0xBC4A, 0xABC7, 0x7202, 0x40C0, 0x8241, 0x8242, 0x7A01, 0x6180, 0x7A01, 0xAB63, 0xDC85, 0xED27, 0xF62B,
  0xFE8B, 0x92E3, 0x2880, 0x4900, 0x4920, 0x5960, 0x5940, 0x5120, 0x5940, 0x5900, 0xF81F, 0xF81F, 0xF81F, 0xF81F, 0xF81F, 0xF81F,
  0xF81F, 0xF81F, 0xF81F, 0xF81F, 0xF81F, 0xF81F, 0xF81F, 0xF81F, 0xF81F, 0xF81F, 0xF81F, 0xF81F, 0xF81F, 0xF81F, 0xF81F, 0xF81F,
  0xF81F, 0xF81F, 0xF81F, 0xF81F, 0xF81F, 0xF81F, 0xF81F, 0xF81F, 0xF81F, 0xF81F, 0xF81F, 0xF81F, 0xF81F, 0xF81F, 0xF81F, 0xF81F,
  0xF81F, 0xF81F, 0xF81F, 0xF81F, 0xF81F, 0xF81F, 0xF81F, 0xF81F, 0xF81F, 0xF81F, 0xF81F, 0xF81F, 0xF81F, 0xF81F, 0xF81F, 0xF81F,
  0xF81F, 0xF81F, 0xF81F, 0xF81F, 0xF81F, 0xF81F, 0xF81F, 0xF81F, 0xF81F, 0xF81F, 0xF81F, 0xF81F, 0xF81F, 0xF81F, 0xF81F, 0xF81F,
  0xF81F, 0xF81F, 0xF81F, 0xF81F, 0xF81F, 0xF81F, 0xF81F, 0xF81F, 0xF81F, 0xF81F, 0xF81F, 0xF81F, 0xF81F, 0xF81F, 0xAB69, 0xCCCD,
  0xDDAF, 0xE5AE, 0xCCCA, 0xABA6, 0x6A02, 0x4920, 0x7A01, 0x8A62, 0x8221, 0x4920, 0x61A1, 0x8A62, 0xBB84, 0xD445, 0xED27, 0xF609,
  0xF588, 0x5960, 0x2880, 0x4900, 0x4920, 0x4900, 0x5120, 0x5920, 0x5881, 0xF81F, 0xF81F, 0xF81F, 0xF81F, 0xF81F, 0xF81F, 0xF81F,
  0xF81F, 0xF81F, 0xF81F, 0xF81F, 0xF81F, 0xF81F, 0xF81F, 0xF81F, 0xF81F, 0xF81F, 0xF81F, 0xF81F, 0xF81F, 0xF81F, 0xF81F, 0xF81F,
  0xF81F, 0xF81F, 0xF81F, 0xF81F, 0xF81F, 0xF81F, 0xF81F, 0xF81F, 0xF81F, 0xF81F, 0xF81F, 0xF81F, 0xF81F, 0xF81F, 0xF81F, 0xF81F,
  0xF81F, 0xF81F, 0xF81F, 0xF81F, 0xF81F, 0xF81F, 0xF81F, 0xF81F, 0xF81F, 0xF81F, 0xF81F, 0xF81F, 0xF81F, 0xF81F, 0xF81F, 0xF81F,
  0xF81F, 0xF81F, 0xF81F, 0xF81F, 0xF81F, 0xF81F, 0xF81F, 0xF81F, 0xF81F, 0xF81F, 0xF81F, 0xF81F, 0xF81F, 0xF81F, 0xF81F, 0xF81F,
  0xF81F, 0xF81F, 0xF81F, 0xF81F, 0xF81F, 0xF81F, 0xF81F, 0xF81F, 0xF81F, 0xF81F, 0x8102, 0xAAE5, 0xCC8A, 0xEE51, 0xF693, 0xEE52,
  0xD58E, 0xC4AB, 0xABE7, 0x8AC5, 0x59A1, 0x5980, 0x5980, 0x69C1, 0x4920, 0x4100, 0x7A01, 0x8221, 0xC3A3, 0xDC85, 0xE4E6, 0xF546,
  0xC3E4, 0x2880, 0x38E0, 0x40E0, 0x4900, 0x4900, 0xF81F, 0xF81F, 0xF81F, 0xF81F, 0xF81F, 0xF81F, 0xF81F, 0xF81F, 0xF81F, 0xF81F,
  0xF81F, 0xF81F, 0xF81F, 0xF81F, 0xF81F, 0xF81F, 0xF81F, 0xF81F, 0xF81F, 0xF81F, 0xF81F, 0xF81F, 0xF81F, 0xF81F, 0xF81F, 0xF81F,
  0xF81F, 0xF81F, 0xF81F, 0xF81F, 0xF81F, 0xF81F, 0xF81F, 0xF81F, 0xF81F, 0xF81F, 0xF81F, 0xF81F, 0xF81F, 0xF81F, 0xF81F, 0xF81F,
  0xF81F, 0xF81F, 0xF81F, 0xF81F, 0xF81F, 0xF81F, 0xF81F, 0xF81F, 0xF81F, 0xF81F, 0xF81F, 0xF81F, 0xF81F, 0xF81F, 0xF81F, 0xF81F,
  0xF81F, 0xF81F, 0xF81F, 0xF81F, 0xF81F, 0xF81F, 0xF81F, 0xF81F, 0xF81F, 0xF81F, 0xF81F, 0xF81F, 0xF81F, 0xF81F, 0xF81F, 0xF81F,
  0xF81F, 0xF81F, 0xF81F, 0xF81F, 0xF81F, 0xF81F, 0xF81F, 0xF81F, 0x98A1, 0xB0C0, 0xA020, 0x8060, 0xA2A6, 0xD52D, 0xD54E, 0xD56E,
  0xD56E, 0xC4AA, 0xA3C7, 0x7243, 0x69C1, 0x5160, 0x61A1, 0x5980, 0x30A0, 0x61C1, 0x9282, 0x8A41, 0xBB83, 0xCBE4, 0xC3A4, 0xD444,
  0x7201, 0x1020, 0x30A0, 0x30A0, 0x5120, 0x58C0, 0xF81F, 0xF81F, 0xF81F, 0xF81F, 0xF81F, 0xF81F, 0xF81F, 0xF81F, 0xF81F, 0xF81F,
  0xF81F, 0xF81F, 0xF81F, 0xF81F, 0xF81F, 0xF81F, 0xF81F, 0xF81F, 0xF81F, 0xF81F, 0xF81F, 0xF81F, 0xF81F, 0xF81F, 0xF81F, 0xF81F,
  0xF81F, 0xF81F, 0xF81F, 0xF81F, 0xF81F, 0xF81F, 0xF81F, 0xF81F, 0xF81F, 0xF81F, 0xF81F, 0xF81F, 0xF81F, 0xF81F, 0xF81F, 0xF81F,
  0xF81F, 0xF81F, 0xF81F, 0xF81F, 0xF81F, 0xF81F, 0xF81F, 0xF81F, 0xF81F, 0xF81F, 0xF81F, 0xF81F, 0xF81F, 0xF81F, 0xF81F, 0xF81F,
  0xF81F, 0xF81F, 0xF81F, 0xF81F, 0xF81F, 0xF81F, 0xF81F, 0xF81F, 0xF81F, 0xF81F, 0xF81F, 0xF81F, 0xF81F, 0xF81F, 0xF81F, 0xF81F,
  0xF81F, 0xF81F, 0xF81F, 0xF81F, 0xF81F, 0xF81F, 0xF81F, 0x9880, 0x9800, 0x8000, 0x8881, 0xAA85, 0xDD2C, 0xEE72, 0xEE94, 0xDDF0,
  0xBC8A, 0xB408, 0x9B87, 0x7243, 0x5981, 0x5160, 0x38E0, 0x38E0, 0x28A0, 0x61A1, 0x8A62, 0x8A62, 0x9B03, 0xA2E2, 0xAB03, 0xA2C1,
  0x3900, 0x0820, 0x30A0, 0x5960, 0x79E0, 0xF81F, 0xF81F, 0xF81F, 0xF81F, 0xF81F, 0xF81F, 0xF81F, 0xF81F, 0xF81F, 0xF81F, 0xF81F,
  0xF81F, 0xF81F, 0xF81F, 0xF81F, 0xF81F, 0xF81F, 0xF81F, 0xF81F, 0xF81F, 0xF81F, 0xF81F, 0xF81F, 0xF81F, 0xF81F, 0xF81F, 0xF81F,
  0xF81F, 0xF81F, 0xF81F, 0xF81F, 0xF81F, 0xF81F, 0xF81F, 0xF81F, 0xF81F, 0xF81F, 0xF81F, 0xF81F, 0xF81F, 0xF81F, 0xF81F, 0xF81F,
  0xF81F, 0xF81F, 0xF81F, 0xF81F, 0xF81F, 0xF81F, 0xF81F, 0xF81F, 0xF81F, 0xF81F, 0xF81F, 0xF81F, 0xF81F, 0xF81F, 0xF81F, 0xF81F,
  0xF81F, 0xF81F, 0xF81F, 0xF81F, 0xF81F, 0xF81F, 0xF81F, 0xF81F, 0xF81F, 0xF81F, 0xF81F, 0xF81F, 0xF81F, 0xF81F, 0xF81F, 0xF81F,
  0xF81F, 0xF81F, 0xF81F, 0xF81F, 0xF81F, 0xF81F, 0xF81F, 0xF81F, 0xF81F, 0xAA64, 0xB264, 0xCC67, 0xDDAE, 0xD52E, 0xCCED, 0xC4CB,
  0xD56E, 0xCD0C, 0x9B66, 0x82A4, 0x69E1, 0x69A1, 0x4920, 0x4100, 0x38E0, 0x7201, 0x7A21, 0x92A3, 0x7A22, 0x9AE3, 0x8241, 0xC404,
  0x3900, 0x1820, 0x5940, 0x8A41, 0x68E1, 0xF81F, 0xF81F, 0xF81F, 0xF81F, 0xF81F, 0xF81F, 0xF81F, 0xF81F, 0xF81F, 0xF81F, 0xF81F,
  0xF81F, 0xF81F, 0xF81F, 0xF81F, 0xF81F, 0xF81F, 0xF81F, 0xF81F, 0xF81F, 0xF81F, 0xF81F, 0xF81F, 0xF81F, 0xF81F, 0xF81F, 0xF81F,
  0xF81F, 0xF81F, 0xF81F, 0xF81F, 0xF81F, 0xF81F, 0xF81F, 0xF81F, 0xF81F, 0xF81F, 0xF81F, 0xF81F, 0xF81F, 0xF81F, 0xF81F, 0xF81F,
  0xF81F, 0xF81F, 0xF81F, 0xF81F, 0xF81F, 0xF81F, 0xF81F, 0xF81F, 0xF81F, 0xF81F, 0xF81F, 0xF81F, 0xF81F, 0xF81F, 0xF81F, 0xF81F,
  0xF81F, 0xF81F, 0xF81F, 0xF81F, 0xF81F, 0xF81F, 0xF81F, 0xF81F, 0xF81F, 0xF81F, 0xF81F, 0xF81F, 0xF81F, 0xF81F, 0xF81F, 0xF81F,
  0xF81F, 0xF81F, 0xF81F, 0xF81F, 0xF81F, 0xF81F, 0xF81F, 0xA203, 0xC1C2, 0xB8C1, 0x8800, 0x7800, 0x78A1, 0xA327, 0xDDCF, 0xEE94,
  0xDDAF, 0xB449, 0xB429, 0x9326, 0x7223, 0x69E2, 0x61A2, 0x5982, 0x4961, 0x7A02, 0x7A01, 0x69C1, 0xA323, 0x8A41, 0xBB83, 0xFDA6,
  0xD548, 0x59E2, 0x40C0, 0x8200, 0xBB82, 0xF81F, 0xF81F, 0xF81F, 0xF81F, 0xF81F, 0xF81F, 0xF81F, 0xF81F, 0xF81F, 0xF81F, 0xF81F,
  0xF81F, 0xF81F, 0xF81F, 0xF81F, 0xF81F, 0xF81F, 0xF81F, 0xF81F, 0xF81F, 0xF81F, 0xF81F, 0xF81F, 0xF81F, 0xF81F, 0xF81F, 0xF81F,
  0xF81F, 0xF81F, 0xF81F, 0xF81F, 0xF81F, 0xF81F, 0xF81F, 0xF81F, 0xF81F, 0xF81F, 0xF81F, 0xF81F, 0xF81F, 0xF81F, 0xF81F, 0xF81F,
  0xF81F, 0xF81F, 0xF81F, 0xF81F, 0xF81F, 0xF81F, 0xF81F, 0xF81F, 0xF81F, 0xF81F, 0xF81F, 0xF81F, 0xF81F, 0xF81F, 0xF81F, 0xF81F,
  0xF81F, 0xF81F, 0xF81F, 0xF81F, 0xF81F, 0xF81F, 0xF81F, 0xF81F, 0xF81F, 0xF81F, 0xF81F, 0xF81F, 0xF81F, 0xF81F, 0xF81F, 0xF81F,
  0xF81F, 0xF81F, 0xF81F, 0xF81F, 0xF81F, 0xF81F, 0x8962, 0xB8C0, 0x9800, 0xA000, 0x8800, 0x8860, 0xCC27, 0xFEB1, 0xF6B3, 0xD56E,
  0xC4CB, 0xDDAF, 0xC4CB, 0xABC8, 0x9BA8, 0x82A5, 0x9B67, 0x9325, 0x82E5, 0x7202, 0x5940, 0x8241, 0x8A62, 0x9281, 0x9AC2, 0x92A0,
  0xD4A4, 0xEE08, 0xCD46, 0xB424, 0xDCE4, 0xF5E6, 0xD4C7, 0xF81F, 0xF81F, 0xF81F, 0xF81F, 0xF81F, 0xF81F, 0xF81F, 0xF81F, 0xF81F,
  0xF81F, 0xF81F, 0xF81F, 0xF81F, 0xF81F, 0xF81F, 0xF81F, 0xF81F, 0xF81F, 0xF81F, 0xF81F, 0xF81F, 0xF81F, 0xF81F, 0xF81F, 0xF81F,
  0xF81F, 0xF81F, 0xF81F, 0xF81F, 0xF81F, 0xF81F, 0xF81F, 0xF81F, 0xF81F, 0xF81F, 0xF81F, 0xF81F, 0xF81F, 0xF81F, 0xF81F, 0xF81F,
  0xF81F, 0xF81F, 0xF81F, 0xF81F, 0xF81F, 0xF81F, 0xF81F, 0xF81F, 0xF81F, 0xF81F, 0xF81F, 0xF81F, 0xF81F, 0xF81F, 0xF81F, 0xF81F,
  0xF81F, 0xF81F, 0xF81F, 0xF81F, 0xF81F, 0xF81F, 0xF81F, 0xF81F, 0xF81F, 0xF81F, 0xF81F, 0xF81F, 0xF81F, 0xF81F, 0xF81F, 0xF81F,
  0xF81F, 0xF81F, 0xF81F, 0xF81F, 0xF81F, 0xF81F, 0xF81F, 0x7800, 0x8020, 0x7801, 0x99C3, 0xBA63, 0xD426, 0xD4AB, 0xB307, 0xC469,
  0xEE52, 0xDDD0, 0xBC8A, 0xD54D, 0xB449, 0xBC6A, 0xB429, 0xABE8, 0xB44A, 0x82E6, 0x71C2, 0x8201, 0x61A0, 0x61A1, 0x5100, 0x3860,
  0x5080, 0x9A80, 0xED86, 0xE586, 0x69A0, 0x71C0, 0xED86, 0xCCA4, 0xF81F, 0xF81F, 0xF81F, 0xF81F, 0xF81F, 0xF81F, 0xF81F, 0xF81F,
  0xF81F, 0xF81F, 0xF81F, 0xF81F, 0xF81F, 0xF81F, 0xF81F, 0xF81F, 0xF81F, 0xF81F, 0xF81F, 0xF81F, 0xF81F, 0xF81F, 0xF81F, 0xF81F,
  0xF81F, 0xF81F, 0xF81F, 0xF81F, 0xF81F, 0xF81F, 0xF81F, 0xF81F, 0xF81F, 0xF81F, 0xF81F, 0xF81F, 0xF81F, 0xF81F, 0xF81F, 0xF81F,
  0xF81F, 0xF81F, 0xF81F, 0xF81F, 0xF81F, 0xF81F, 0xF81F, 0xF81F, 0xF81F, 0xF81F, 0xF81F, 0xF81F, 0xF81F, 0xF81F, 0xF81F, 0xF81F,
  0xF81F, 0xF81F, 0xF81F, 0xF81F, 0xF81F, 0xF81F, 0xF81F, 0xF81F, 0xF81F, 0xF81F, 0xF81F, 0xF81F, 0xF81F, 0xF81F, 0xF81F, 0xF81F,
  0xF81F, 0xF81F, 0xF81F, 0xF81F, 0xF81F, 0xF81F, 0xF81F, 0xF81F, 0xF81F, 0x9224, 0xC223, 0x9800, 0x8000, 0x7800, 0xC367, 0xFF13,
  0xDDCF, 0xC4AB, 0xE631, 0xD54D, 0xD50C, 0xE611, 0xBC4A, 0xCD2D, 0xCD0D, 0xBC49, 0xF81F, 0xF81F, 0x6901, 0xF81F, 0xF81F, 0xF81F,
  0xB382, 0x9280, 0x8220, 0xED85, 0x8242, 0x3060, 0xB3A2, 0xE524, 0xA2C2, 0xF81F, 0xF81F, 0xF81F, 0xF81F, 0xF81F, 0xF81F, 0xF81F,
  0xF81F, 0xF81F, 0xF81F, 0xF81F, 0xF81F, 0xF81F, 0xF81F, 0xF81F, 0xF81F, 0xF81F, 0xF81F, 0xF81F, 0xF81F, 0xF81F, 0xF81F, 0xF81F,
  0xF81F, 0xF81F, 0xF81F, 0xF81F, 0xF81F, 0xF81F, 0xF81F, 0xF81F, 0xF81F, 0xF81F, 0xF81F, 0xF81F, 0xF81F, 0xF81F, 0xF81F, 0xF81F,
  0xF81F, 0xF81F, 0xF81F, 0xF81F, 0xF81F, 0xF81F, 0xF81F, 0xF81F, 0xF81F, 0xF81F, 0xF81F, 0xF81F, 0xF81F, 0xF81F, 0xF81F, 0xF81F,
  0xF81F, 0xF81F, 0xF81F, 0xF81F, 0xF81F, 0xF81F, 0xF81F, 0xF81F, 0xF81F, 0xF81F, 0xF81F, 0xF81F, 0xF81F, 0xF81F, 0xF81F, 0xF81F,
  0xF81F, 0xF81F, 0xF81F, 0xF81F, 0xF81F, 0xF81F, 0xF81F, 0xF81F, 0x8162, 0xB1A2, 0x9000, 0x9800, 0x9041, 0xB2A4, 0xD468, 0xBBE9,
  0x9A44, 0xEE0F, 0xDDF1, 0xCC8A, 0xEE72, 0xD56E, 0xBBC8, 0xEE50, 0xAAC7, 0x89A3, 0xF81F, 0xF81F, 0xF81F, 0xF81F, 0xF81F, 0x3842,
  0x5981, 0xF81F, 0xF81F, 0xFDC6, 0x9A61, 0xF81F, 0x8201, 0x7A62, 0x79E1, 0xF81F, 0xF81F, 0xF81F, 0xF81F, 0xF81F, 0xF81F, 0xF81F,
  0xF81F, 0xF81F, 0xF81F, 0xF81F, 0xF81F, 0xF81F, 0xF81F, 0xF81F, 0xF81F, 0xF81F, 0xF81F, 0xF81F, 0xF81F, 0xF81F, 0xF81F, 0xF81F,
  0xF81F, 0xF81F, 0xF81F, 0xF81F, 0xF81F, 0xF81F, 0xF81F, 0xF81F, 0xF81F, 0xF81F, 0xF81F, 0xF81F, 0xF81F, 0xF81F, 0xF81F, 0xF81F,
  0xF81F, 0xF81F, 0xF81F, 0xF81F, 0xF81F, 0xF81F, 0xF81F, 0xF81F, 0xF81F, 0xF81F, 0xF81F, 0xF81F, 0xF81F, 0xF81F, 0xF81F, 0xF81F,
  0xF81F, 0xF81F, 0xF81F, 0xF81F, 0xF81F, 0xF81F, 0xF81F, 0xF81F, 0xF81F, 0xF81F, 0xF81F, 0xF81F, 0xF81F, 0xF81F, 0xF81F, 0xF81F,
  0xF81F, 0xF81F, 0xF81F, 0xF81F, 0xF81F, 0xF81F, 0xF81F, 0xF81F, 0xF81F, 0x7060, 0x8021, 0xF81F, 0xA243, 0xB962, 0x8800, 0x7800,
  0xA9C3, 0xCBE8, 0x8122, 0xCC6A, 0xE5CE, 0x8943, 0x9962, 0xB244, 0x9000, 0xF81F, 0xF81F, 0xF81F, 0xF81F, 0xF81F, 0xF81F, 0xF81F,
  0xF81F, 0xF81F, 0xF81F, 0x82A1, 0x7141, 0xF81F, 0x3882, 0x3922, 0x4081, 0xF81F, 0xF81F, 0xF81F, 0xF81F, 0xF81F, 0xF81F, 0xF81F,
  0xF81F, 0xF81F, 0xF81F, 0xF81F, 0xF81F, 0xF81F, 0xF81F, 0xF81F, 0xF81F, 0xF81F, 0xF81F, 0xF81F, 0xF81F, 0xF81F, 0xF81F, 0xF81F,
  0xF81F, 0xF81F, 0xF81F, 0xF81F, 0xF81F, 0xF81F, 0xF81F, 0xF81F, 0xF81F, 0xF81F, 0xF81F, 0xF81F, 0xF81F, 0xF81F, 0xF81F, 0xF81F,
  0xF81F, 0xF81F, 0xF81F, 0xF81F, 0xF81F, 0xF81F, 0xF81F, 0xF81F, 0xF81F, 0xF81F, 0xF81F, 0xF81F, 0xF81F, 0xF81F, 0xF81F, 0xF81F,
  0xF81F, 0xF81F, 0xF81F, 0xF81F, 0xF81F, 0xF81F, 0xF81F, 0xF81F, 0xF81F, 0xF81F, 0xF81F, 0xF81F, 0xF81F, 0xF81F, 0xF81F, 0xF81F,
  0xF81F, 0xF81F, 0xF81F, 0xF81F, 0xF81F, 0xF81F, 0xF81F, 0xF81F, 0xF81F, 0xF81F, 0xF81F, 0x7962, 0xC161, 0xA000, 0x9800, 0xA142,
  0xB161, 0x8800, 0x9000, 0xBA03, 0x9880, 0x8800, 0x98A0, 0xB000, 0xF81F, 0xF81F, 0xF81F, 0xF81F, 0xF81F, 0xF81F, 0xF81F, 0xF81F,
  0xF81F, 0xF81F, 0x4041, 0x2081, 0xF81F, 0xF81F, 0x3081, 0x38A1, 0xF81F, 0xF81F, 0xF81F, 0xF81F, 0xF81F, 0xF81F, 0xF81F, 0xF81F,
  0xF81F, 0xF81F, 0xF81F, 0xF81F, 0xF81F, 0xF81F, 0xF81F, 0xF81F, 0xF81F, 0xF81F, 0xF81F, 0xF81F, 0xF81F, 0xF81F, 0xF81F, 0xF81F,
  0xF81F, 0xF81F, 0xF81F, 0xF81F, 0xF81F, 0xF81F, 0xF81F, 0xF81F, 0xF81F, 0xF81F, 0xF81F, 0xF81F, 0xF81F, 0xF81F, 0xF81F, 0xF81F,
  0xF81F, 0xF81F, 0xF81F, 0xF81F, 0xF81F, 0xF81F, 0xF81F, 0xF81F, 0xF81F, 0xF81F, 0xF81F, 0xF81F, 0xF81F, 0xF81F, 0xF81F, 0xF81F,
  0xF81F, 0xF81F, 0xF81F, 0xF81F, 0xF81F, 0xF81F, 0xF81F, 0xF81F, 0xF81F, 0xF81F, 0xF81F, 0xF81F, 0xF81F, 0xF81F, 0xF81F, 0xF81F,
  0xF81F, 0xF81F, 0xF81F, 0xF81F, 0xF81F, 0xF81F, 0xF81F, 0xF81F, 0xF81F, 0xF81F, 0xF81F, 0xF81F, 0x8860, 0x8020, 0xF81F, 0xAA02,
  0xB820, 0x9800, 0xA161, 0xC880, 0xA000, 0xF81F, 0xF81F, 0xF81F, 0xF81F, 0xF81F, 0xF81F, 0xF81F, 0xF81F, 0xF81F, 0xF81F, 0xF81F,
  0xF81F, 0xF81F, 0x4041, 0xF81F, 0xF81F, 0xF81F, 0x4041, 0xF81F, 0xF81F, 0xF81F, 0xF81F, 0xF81F, 0xF81F, 0xF81F, 0xF81F, 0xF81F,
  0xF81F, 0xF81F, 0xF81F, 0xF81F, 0xF81F, 0xF81F, 0xF81F, 0xF81F, 0xF81F, 0xF81F, 0xF81F, 0xF81F, 0xF81F, 0xF81F, 0xF81F, 0xF81F,
  0xF81F, 0xF81F, 0xF81F, 0xF81F, 0xF81F, 0xF81F, 0xF81F, 0xF81F, 0xF81F, 0xF81F, 0xF81F, 0xF81F, 0xF81F, 0xF81F, 0xF81F, 0xF81F,
  0xF81F, 0xF81F, 0xF81F, 0xF81F, 0xF81F, 0xF81F, 0xF81F, 0xF81F, 0xF81F, 0xF81F, 0xF81F, 0xF81F, 0xF81F, 0xF81F, 0xF81F, 0xF81F,
  0xF81F, 0xF81F, 0xF81F, 0xF81F, 0xF81F, 0xF81F, 0xF81F, 0xF81F, 0xF81F, 0xF81F, 0xF81F, 0xF81F, 0xF81F, 0xF81F, 0xF81F, 0xF81F,
  0xF81F, 0xF81F, 0xF81F, 0xF81F, 0xF81F, 0xF81F, 0xF81F, 0xF81F, 0xF81F, 0xF81F, 0xF81F, 0xF81F, 0xF81F, 0xF81F, 0xF81F, 0x90E1,
  0x8800, 0xF81F, 0x78E1, 0x8841, 0xF81F, 0xF81F, 0xF81F, 0xF81F, 0xF81F, 0xF81F, 0xF81F, 0xF81F, 0xF81F, 0xF81F, 0xF81F, 0xF81F,
  0xF81F, 0xF81F, 0xF81F, 0xF81F, 0xF81F, 0xF81F, 0xF81F, 0xF81F, 0xF81F, 0xF81F, 0xF81F, 0xF81F, 0xF81F, 0xF81F, 0xF81F, 0xF81F,
  0xF81F, 0xF81F, 0xF81F, 0xF81F, 0xF81F, 0xF81F, 0xF81F, 0xF81F, 0xF81F, 0xF81F, 0xF81F, 0xF81F, 0xF81F, 0xF81F, 0xF81F, 0xF81F,
  0xF81F, 0xF81F, 0xF81F, 0xF81F, 0xF81F, 0xF81F, 0xF81F, 0xF81F, 0xF81F, 0xF81F, 0xF81F, 0xF81F, 0xF81F, 0xF81F, 0xF81F, 0xF81F,
  0xF81F, 0xF81F, 0xF81F, 0xF81F, 0xF81F, 0xF81F, 0xF81F, 0xF81F, 0xF81F, 0xF81F, 0xF81F, 0xF81F, 0xF81F, 0xF81F, 0xF81F, 0xF81F,
  0xF81F, 0xF81F, 0xF81F, 0xF81F, 0xF81F, 0xF81F, 0xF81F, 0xF81F, 0xF81F, 0xF81F, 0xF81F, 0xF81F, 0xF81F, 0xF81F, 0xF81F, 0xF81F,
  0xF81F, 0xF81F, 0xF81F, 0xF81F, 0xF81F, 0xF81F, 0xF81F, 0xF81F, 0xF81F, 0xF81F, 0xF81F, 0xF81F, 0xF81F, 0xF81F, 0xF81F, 0xF81F,
  0xF81F, 0xF81F, 0xF81F, 0xF81F, 0xF81F, 0xF81F, 0xF81F, 0xF81F, 0xF81F, 0xF81F, 0xF81F, 0xF81F, 0xF81F, 0xF81F, 0xF81F, 0xF81F,
  0xF81F, 0xF81F, 0xF81F, 0xF81F, 0xF81F, 0xF81F, 0xF81F, 0xF81F, 0xF81F, 0xF81F, 0xF81F, 0xF81F, 0xF81F, 0xF81F, 0xF81F, 0xF81F,
  0xF81F, 0xF81F, 0xF81F, 0xF81F, 0xF81F, 0xF81F, 0xF81F, 0xF81F, 0xF81F, 0xF81F, 0xF81F, 0xF81F, 0xF81F, 0xF81F, 0xF81F, 0xF81F,
  0xF81F, 0xF81F, 0xF81F, 0xF81F, 0xF81F, 0xF81F, 0xF81F, 0xF81F, 0xF81F, 0xF81F, 0xF81F, 0xF81F, 0xF81F, 0xF81F, 0xF81F, 0xF81F,
  0xF81F, 0xF81F, 0xF81F, 0xF81F, 0xF81F, 0xF81F, 0xF81F, 0xF81F, 0xF81F, 0xF81F, 0xF81F, 0xF81F, 0xF81F, 0xF81F, 0xF81F, 0xF81F,
  0xF81F, 0xF81F, 0xF81F, 0xF81F, 0xF81F, 0xF81F, 0xF81F, 0xF81F, 0xF81F, 0xF81F, 0xF81F, 0xF81F, 0xF81F, 0xF81F, 0xF81F, 0xF81F,
  0xF81F, 0xF81F, 0xF81F, 0xF81F, 0xF81F, 0xF81F, 0xF81F, 0xF81F, 0xF81F, 0xF81F, 0xF81F, 0xF81F, 0xF81F, 0xF81F, 0xF81F, 0xF81F,
  0xF81F, 0xF81F, 0xF81F, 0xF81F, 0xF81F, 0xF81F, 0xF81F, 0xF81F, 0xF81F, 0xF81F, 0xF81F, 0xF81F, 0xF81F, 0xF81F, 0xF81F, 0xF81F,
  0xF81F, 0xF81F, 0xF81F, 0xF81F, 0xF81F, 0xF81F, 0xF81F, 0xF81F, 0xF81F, 0xF81F, 0xF81F, 0xF81F, 0xF81F, 0xF81F, 0xF81F, 0xF81F,
  0xF81F, 0xF81F, 0xF81F, 0xF81F, 0xF81F, 0xF81F, 0xF81F, 0xF81F, 0xF81F, 0xF81F, 0xF81F, 0xF81F, 0xF81F, 0xF81F, 0xF81F, 0xF81F,
  0xF81F, 0xF81F, 0xF81F, 0xF81F, 0xF81F, 0xF81F, 0xF81F, 0xF81F, 0xF81F, 0xF81F, 0xF81F, 0xF81F, 0xF81F, 0xF81F, 0xF81F, 0xF81F,
  0xF81F, 0xF81F, 0xF81F, 0xF81F, 0xF81F, 0xF81F, 0xF81F, 0xF81F, 0xF81F, 0xF81F, 0xF81F, 0xF81F, 0xF81F, 0xF81F, 0xF81F, 0xF81F,
  0xF81F, 0xF81F, 0xF81F, 0xF81F, 0xF81F, 0xF81F, 0xF81F, 0xF81F, 0xF81F, 0xF81F, 0xF81F, 0xF81F, 0xF81F, 0xF81F, 0xF81F, 0xF81F,
  0xF81F, 0xF81F, 0xF81F, 0xF81F, 0xF81F, 0xF81F, 0xF81F, 0xF81F, 0xF81F, 0xF81F, 0xF81F, 0xF81F, 0xF81F, 0xF81F, 0xF81F, 0xF81F,
  0xF81F, 0xF81F, 0xF81F, 0xF81F, 0xF81F, 0xF81F, 0xF81F, 0xF81F, 0xF81F, 0xF81F, 0xF81F, 0xF81F, 0xF81F, 0xF81F, 0xF81F, 0xF81F,
  0xF81F, 0xF81F, 0xF81F, 0xF81F, 0xF81F, 0xF81F, 0xF81F, 0xF81F, 0xF81F, 0xF81F, 0xF81F, 0xF81F, 0xF81F, 0xF81F, 0xF81F, 0xF81F,
  0xF81F, 0xF81F, 0xF81F, 0xF81F, 0xF81F, 0xF81F, 0xF81F, 0xF81F, 0xF81F, 0xF81F, 0xF81F, 0xF81F, 0xF81F, 0xF81F, 0xF81F, 0xF81F,
  0xF81F, 0xF81F, 0xF81F, 0xF81F, 0xF81F, 0xF81F, 0xF81F, 0xF81F, 0xF81F, 0xF81F, 0xF81F, 0xF81F, 0xF81F, 0xF81F, 0xF81F, 0xF81F,
  0xF81F, 0xF81F, 0xF81F, 0xF81F, 0xF81F, 0xF81F, 0xF81F, 0xF81F, 0xF81F, 0xF81F, 0xF81F, 0xF81F, 0xF81F, 0xF81F, 0xF81F, 0xF81F,
  0xF81F, 0xF81F, 0xF81F, 0xF81F, 0xF81F, 0xF81F, 0xF81F, 0xF81F, 0xF81F, 0xF81F, 0xF81F, 0xF81F, 0xF81F, 0xF81F, 0xF81F, 0xF81F,
  0xF81F, 0xF81F, 0xF81F, 0xF81F, 0xF81F, 0xF81F, 0xF81F, 0xF81F, 0xF81F, 0xF81F, 0xF81F, 0xF81F, 0xF81F, 0xF81F, 0xF81F, 0xF81F,
  0xF81F, 0xF81F, 0xF81F, 0xF81F, 0xF81F, 0xF81F, 0xF81F, 0xF81F, 0xF81F, 0xF81F, 0xF81F, 0xF81F, 0xF81F, 0xF81F, 0xF81F, 0xF81F,
  0xF81F, 0xF81F, 0xF81F, 0xF81F, 0xF81F, 0xF81F, 0xF81F, 0xF81F, 0xF81F, 0xF81F, 0xF81F, 0xF81F, 0xF81F, 0xF81F, 0xF81F, 0xF81F,
  0xF81F, 0xF81F, 0xF81F, 0xF81F, 0xF81F, 0xF81F, 0xF81F, 0xF81F, 0xF81F, 0xF81F, 0xF81F, 0xF81F, 0xF81F, 0xF81F, 0xF81F, 0xF81F,
  0xF81F, 0xF81F, 0xF81F, 0xF81F, 0xF81F, 0xF81F, 0xF81F, 0xF81F, 0xF81F, 0xF81F, 0xF81F, 0xF81F, 0xF81F, 0xF81F, 0xF81F, 0xF81F,
  0xF81F, 0xF81F, 0xF81F, 0xF81F, 0xF81F, 0xF81F, 0xF81F, 0xF81F, 0xF81F, 0xF81F, 0xF81F, 0xF81F, 0xF81F, 0xF81F, 0xF81F, 0xF81F,
  0xF81F, 0xF81F, 0xF81F, 0xF81F, 0xF81F, 0xF81F, 0xF81F, 0xF81F, 0xF81F, 0xF81F, 0xF81F, 0xF81F, 0xF81F, 0xF81F, 0xF81F, 0xF81F,
  0xF81F, 0xF81F, 0xF81F, 0xF81F, 0xF81F, 0xF81F, 0xF81F, 0xF81F, 0xF81F, 0xF81F, 0xF81F, 0xF81F, 0xF81F, 0xF81F, 0xF81F, 0xF81F,
  0xF81F, 0xF81F, 0xF81F, 0xF81F, 0xF81F, 0xF81F, 0xF81F, 0xF81F, 0xF81F, 0xF81F, 0xF81F, 0xF81F, 0xF81F, 0xF81F, 0xF81F, 0xF81F,
  0xF81F, 0xF81F, 0xF81F, 0xF81F, 0xF81F, 0xF81F, 0xF81F, 0xF81F, 0xF81F, 0xF81F, 0xF81F, 0xF81F, 0xF81F, 0xF81F, 0xF81F, 0xF81F,
  0xF81F, 0xF81F, 0xF81F, 0xF81F, 0xF81F, 0xF81F, 0xF81F, 0xF81F, 0xF81F, 0xF81F, 0xF81F, 0xF81F, 0xF81F, 0xF81F, 0xF81F, 0xF81F,
  0xF81F, 0xF81F, 0xF81F, 0xF81F, 0xF81F, 0xF81F, 0xF81F, 0xF81F, 0xF81F, 0xF81F, 0xF81F, 0xF81F, 0xF81F, 0xF81F, 0xF81F, 0xF81F,
};

static constexpr uint16_t EAGLE_FLIGHT_1_WIDTH = 112;
static constexpr uint16_t EAGLE_FLIGHT_1_HEIGHT = 72;
static const uint16_t PROGMEM EAGLE_FLIGHT_1[] = {
  0xF81F, 0xF81F, 0xF81F, 0xF81F, 0xF81F, 0xF81F, 0xF81F, 0xF81F, 0xF81F, 0xF81F, 0xF81F, 0xF81F, 0xF81F, 0xF81F, 0xF81F, 0xF81F,
  0xF81F, 0xF81F, 0xF81F, 0xF81F, 0xF81F, 0xF81F, 0xF81F, 0xF81F, 0xF81F, 0xF81F, 0xF81F, 0xF81F, 0xF81F, 0xF81F, 0xF81F, 0xF81F,
  0xF81F, 0xF81F, 0xF81F, 0xF81F, 0xF81F, 0xF81F, 0xF81F, 0xF81F, 0xF81F, 0xF81F, 0xF81F, 0xF81F, 0xF81F, 0xF81F, 0xF81F, 0xF81F,
  0xF81F, 0xF81F, 0xF81F, 0xF81F, 0xF81F, 0xF81F, 0xF81F, 0xF81F, 0xF81F, 0xF81F, 0xF81F, 0xF81F, 0xF81F, 0xF81F, 0xF81F, 0xF81F,
  0xF81F, 0xF81F, 0xF81F, 0xF81F, 0xF81F, 0xF81F, 0xF81F, 0xF81F, 0xF81F, 0xF81F, 0xF81F, 0xF81F, 0xF81F, 0xF81F, 0xF81F, 0xF81F,
  0xF81F, 0xF81F, 0xF81F, 0xF81F, 0xF81F, 0xF81F, 0xF81F, 0xF81F, 0xF81F, 0xF81F, 0xF81F, 0xF81F, 0xF81F, 0xF81F, 0xF81F, 0xF81F,
  0xF81F, 0xF81F, 0xF81F, 0xF81F, 0xF81F, 0xF81F, 0xF81F, 0xF81F, 0xF81F, 0xF81F, 0xF81F, 0xF81F, 0xF81F, 0xF81F, 0xF81F, 0xF81F,
  0xF81F, 0xF81F, 0xF81F, 0xF81F, 0xF81F, 0xF81F, 0xF81F, 0xF81F, 0xF81F, 0xF81F, 0xF81F, 0xF81F, 0xF81F, 0xF81F, 0xF81F, 0xF81F,
  0xF81F, 0xF81F, 0xF81F, 0xF81F, 0xF81F, 0xF81F, 0xF81F, 0xF81F, 0xF81F, 0xF81F, 0xF81F, 0xF81F, 0xF81F, 0xF81F, 0xF81F, 0xF81F,
  0xF81F, 0xF81F, 0xF81F, 0xF81F, 0xF81F, 0xF81F, 0xF81F, 0xF81F, 0xF81F, 0xF81F, 0xF81F, 0xF81F, 0xF81F, 0xF81F, 0xF81F, 0xF81F,
  0xF81F, 0xF81F, 0xF81F, 0xF81F, 0xF81F, 0xF81F, 0xF81F, 0xF81F, 0xF81F, 0xF81F, 0xF81F, 0xF81F, 0xF81F, 0xF81F, 0xF81F, 0xF81F,
  0xF81F, 0xF81F, 0xF81F, 0xF81F, 0xF81F, 0xF81F, 0xF81F, 0xF81F, 0xF81F, 0xF81F, 0xF81F, 0xF81F, 0xF81F, 0xF81F, 0xF81F, 0xF81F,
  0xF81F, 0xF81F, 0xF81F, 0xF81F, 0xF81F, 0xF81F, 0xF81F, 0xF81F, 0xF81F, 0xF81F, 0xF81F, 0xF81F, 0xF81F, 0xF81F, 0xF81F, 0xF81F,
  0xF81F, 0xF81F, 0xF81F, 0xF81F, 0xF81F, 0xF81F, 0xF81F, 0xF81F, 0xF81F, 0xF81F, 0xF81F, 0xF81F, 0xF81F, 0xF81F, 0xF81F, 0xF81F,
  0xF81F, 0xF81F, 0xF81F, 0xF81F, 0xF81F, 0xF81F, 0xF81F, 0xF81F, 0xF81F, 0xF81F, 0xF81F, 0xF81F, 0xF81F, 0xF81F, 0xF81F, 0xF81F,
  0xF81F, 0xF81F, 0xF81F, 0xF81F, 0xF81F, 0xF81F, 0xF81F, 0xF81F, 0xF81F, 0xF81F, 0xF81F, 0xF81F, 0xF81F, 0xF81F, 0xF81F, 0xF81F,
  0xF81F, 0xF81F, 0xF81F, 0xF81F, 0xF81F, 0xF81F, 0xF81F, 0xF81F, 0xF81F, 0xF81F, 0xF81F, 0xF81F, 0xF81F, 0xF81F, 0xF81F, 0xF81F,
  0xF81F, 0xF81F, 0xF81F, 0xF81F, 0xF81F, 0xF81F, 0xF81F, 0xF81F, 0xF81F, 0xF81F, 0xF81F, 0xF81F, 0xF81F, 0xF81F, 0xF81F, 0xF81F,
  0xF81F, 0xF81F, 0xF81F, 0xF81F, 0xF81F, 0xF81F, 0xF81F, 0xF81F, 0xF81F, 0xF81F, 0xF81F, 0xF81F, 0xF81F, 0xF81F, 0xF81F, 0xF81F,
  0xF81F, 0xF81F, 0xF81F, 0xF81F, 0xF81F, 0xF81F, 0xF81F, 0xF81F, 0xF81F, 0xF81F, 0xF81F, 0xF81F, 0xF81F, 0xF81F, 0xF81F, 0xF81F,
  0xF81F, 0xF81F, 0xF81F, 0xF81F, 0xF81F, 0xF81F, 0xF81F, 0xF81F, 0xF81F, 0xF81F, 0xF81F, 0xF81F, 0xF81F, 0xF81F, 0xF81F, 0xF81F,
  0xF81F, 0xF81F, 0xF81F, 0xF81F, 0xF81F, 0xF81F, 0xF81F, 0xF81F, 0xF81F, 0xF81F, 0xF81F, 0xF81F, 0xF81F, 0xF81F, 0xF81F, 0xF81F,
  0xF81F, 0xF81F, 0xF81F, 0xF81F, 0xF81F, 0xF81F, 0xF81F, 0xF81F, 0xF81F, 0xF81F, 0xF81F, 0xF81F, 0xF81F, 0xF81F, 0xF81F, 0xF81F,
  0xF81F, 0xF81F, 0xF81F, 0xF81F, 0xF81F, 0xF81F, 0xF81F, 0xF81F, 0xF81F, 0xF81F, 0xF81F, 0xF81F, 0xF81F, 0xF81F, 0xF81F, 0xF81F,
  0xF81F, 0xF81F, 0xF81F, 0xF81F, 0xF81F, 0xF81F, 0xF81F, 0xF81F, 0xF81F, 0xF81F, 0xF81F, 0xF81F, 0xF81F, 0xF81F, 0xF81F, 0xF81F,
  0xF81F, 0xF81F, 0xF81F, 0xF81F, 0xF81F, 0xF81F, 0xF81F, 0xF81F, 0xF81F, 0xF81F, 0xF81F, 0xF81F, 0xF81F, 0xF81F, 0xF81F, 0xF81F,
  0xF81F, 0xF81F, 0xF81F, 0xF81F, 0xF81F, 0xF81F, 0xF81F, 0xF81F, 0xF81F, 0xF81F, 0xF81F, 0xF81F, 0xF81F, 0xF81F, 0xF81F, 0xF81F,
  0xF81F, 0xF81F, 0xF81F, 0xF81F, 0xF81F, 0xF81F, 0xF81F, 0xF81F, 0xF81F, 0xF81F, 0xF81F, 0xF81F, 0xF81F, 0xF81F, 0xF81F, 0xF81F,
  0xF81F, 0xF81F, 0xF81F, 0xF81F, 0xF81F, 0xF81F, 0xF81F, 0xF81F, 0xF81F, 0xF81F, 0xF81F, 0xF81F, 0xF81F, 0xF81F, 0xF81F, 0xF81F,
  0xF81F, 0xF81F, 0xF81F, 0xF81F, 0xF81F, 0xF81F, 0xF81F, 0xF81F, 0xF81F, 0xF81F, 0xF81F, 0xF81F, 0xF81F, 0xF81F, 0xF81F, 0xF81F,
  0xF81F, 0xF81F, 0xF81F, 0xF81F, 0xF81F, 0xF81F, 0xF81F, 0xF81F, 0xF81F, 0xF81F, 0xF81F, 0xF81F, 0xF81F, 0xF81F, 0xF81F, 0xF81F,
  0xF81F, 0xF81F, 0xF81F, 0xF81F, 0xF81F, 0xF81F, 0xF81F, 0xF81F, 0xF81F, 0xF81F, 0xF81F, 0xF81F, 0xF81F, 0xF81F, 0xF81F, 0xF81F,
  0xF81F, 0xF81F, 0xF81F, 0xF81F, 0xF81F, 0xF81F, 0xF81F, 0xF81F, 0xF81F, 0xF81F, 0xF81F, 0xF81F, 0xF81F, 0xF81F, 0xF81F, 0xF81F,
  0xF81F, 0xF81F, 0xF81F, 0xF81F, 0xF81F, 0xF81F, 0xF81F, 0xF81F, 0xF81F, 0xF81F, 0xF81F, 0xF81F, 0xF81F, 0xF81F, 0xF81F, 0xF81F,
  0xF81F, 0xF81F, 0xF81F, 0xF81F, 0xF81F, 0xF81F, 0xF81F, 0xF81F, 0xF81F, 0xF81F, 0xF81F, 0xF81F, 0xF81F, 0xF81F, 0xF81F, 0xF81F,
  0xF81F, 0xF81F, 0xF81F, 0xF81F, 0xF81F, 0xF81F, 0xF81F, 0xF81F, 0xF81F, 0xF81F, 0xF81F, 0xF81F, 0xF81F, 0xF81F, 0xF81F, 0xF81F,
  0xF81F, 0xF81F, 0xF81F, 0xF81F, 0xF81F, 0xF81F, 0xF81F, 0xF81F, 0xF81F, 0xF81F, 0xF81F, 0xF81F, 0xF81F, 0xF81F, 0xF81F, 0xF81F,
  0xF81F, 0xF81F, 0xF81F, 0xF81F, 0xF81F, 0xF81F, 0xF81F, 0xF81F, 0xF81F, 0xF81F, 0xF81F, 0xF81F, 0xF81F, 0xF81F, 0xF81F, 0xF81F,
  0xF81F, 0xF81F, 0xF81F, 0xF81F, 0xF81F, 0xF81F, 0xF81F, 0xF81F, 0xF81F, 0xF81F, 0xF81F, 0xF81F, 0xF81F, 0xF81F, 0xF81F, 0xF81F,
  0xF81F, 0xF81F, 0xF81F, 0xF81F, 0xF81F, 0xF81F, 0xF81F, 0xF81F, 0xF81F, 0xF81F, 0xF81F, 0xF81F, 0xF81F, 0xF81F, 0xF81F, 0xF81F,
  0xF81F, 0xF81F, 0xF81F, 0xF81F, 0xF81F, 0xF81F, 0xF81F, 0xF81F, 0xF81F, 0xF81F, 0xF81F, 0xF81F, 0xF81F, 0xF81F, 0xF81F, 0xF81F,
  0xF81F, 0xF81F, 0xF81F, 0xF81F, 0xF81F, 0xF81F, 0xF81F, 0xF81F, 0xF81F, 0xF81F, 0xF81F, 0xF81F, 0xF81F, 0xF81F, 0xF81F, 0xF81F,
  0xF81F, 0xF81F, 0xF81F, 0xF81F, 0xF81F, 0xF81F, 0xF81F, 0xF81F, 0xF81F, 0xF81F, 0xF81F, 0xF81F, 0xF81F, 0xF81F, 0xF81F, 0xF81F,
  0xF81F, 0xF81F, 0xF81F, 0xF81F, 0xF81F, 0xF81F, 0xF81F, 0xF81F, 0xF81F, 0xF81F, 0xF81F, 0xF81F, 0xF81F, 0xF81F, 0xF81F, 0xF81F,
  0xF81F, 0xF81F, 0xF81F, 0xF81F, 0xF81F, 0xF81F, 0xF81F, 0xF81F, 0xF81F, 0xF81F, 0xF81F, 0xF81F, 0xF81F, 0xF81F, 0xF81F, 0xF81F,
  0xF81F, 0xF81F, 0xF81F, 0xF81F, 0xF81F, 0xF81F, 0xF81F, 0xF81F, 0xF81F, 0xF81F, 0xF81F, 0xF81F, 0xF81F, 0xF81F, 0xF81F, 0xF81F,
  0xF81F, 0xF81F, 0xF81F, 0xF81F, 0xF81F, 0xF81F, 0xF81F, 0xF81F, 0xF81F, 0xF81F, 0xF81F, 0xF81F, 0xF81F, 0xF81F, 0xF81F, 0xF81F,
  0xF81F, 0xF81F, 0xF81F, 0xF81F, 0xF81F, 0xF81F, 0xF81F, 0xF81F, 0xF81F, 0xF81F, 0xF81F, 0xF81F, 0xF81F, 0xF81F, 0xF81F, 0xF81F,
  0xF81F, 0xF81F, 0xF81F, 0xF81F, 0xF81F, 0xF81F, 0xF81F, 0xF81F, 0xF81F, 0xF81F, 0xF81F, 0xF81F, 0xF81F, 0xF81F, 0xF81F, 0xF81F,
  0xF81F, 0xF81F, 0xF81F, 0xF81F, 0xF81F, 0xF81F, 0xF81F, 0xF81F, 0xF81F, 0xF81F, 0xF81F, 0xF81F, 0xF81F, 0xF81F, 0xF81F, 0xF81F,
  0xF81F, 0xF81F, 0xF81F, 0xF81F, 0xF81F, 0xF81F, 0xF81F, 0xF81F, 0xF81F, 0xF81F, 0xF81F, 0xF81F, 0xF81F, 0xF81F, 0xF81F, 0xF81F,
  0xF81F, 0xF81F, 0xF81F, 0xF81F, 0xF81F, 0xF81F, 0xF81F, 0xF81F, 0xF81F, 0xF81F, 0xF81F, 0xF81F, 0xF81F, 0xF81F, 0xF81F, 0xF81F,
  0xF81F, 0xF81F, 0xF81F, 0xF81F, 0xF81F, 0xF81F, 0xF81F, 0xF81F, 0xF81F, 0xF81F, 0xF81F, 0xF81F, 0xF81F, 0xF81F, 0xF81F, 0xF81F,
  0xF81F, 0xF81F, 0xF81F, 0xF81F, 0xF81F, 0xF81F, 0xF81F, 0xF81F, 0xF81F, 0xF81F, 0xF81F, 0xF81F, 0xF81F, 0xF81F, 0xF81F, 0xF81F,
  0xF81F, 0xF81F, 0xF81F, 0xF81F, 0xF81F, 0xF81F, 0xF81F, 0xF81F, 0xF81F, 0xF81F, 0xF81F, 0xF81F, 0xF81F, 0xF81F, 0xF81F, 0xF81F,
  0xF81F, 0xF81F, 0xF81F, 0xF81F, 0xF81F, 0xF81F, 0xF81F, 0xF81F, 0xF81F, 0xF81F, 0xF81F, 0xF81F, 0xF81F, 0xF81F, 0xF81F, 0xF81F,
  0xF81F, 0xF81F, 0xF81F, 0xF81F, 0xF81F, 0xF81F, 0xF81F, 0xF81F, 0xF81F, 0xF81F, 0xF81F, 0xF81F, 0xF81F, 0xF81F, 0xF81F, 0xF81F,
  0xF81F, 0xF81F, 0xF81F, 0xF81F, 0xF81F, 0xF81F, 0xF81F, 0xF81F, 0xF81F, 0xF81F, 0xF81F, 0xF81F, 0xF81F, 0xF81F, 0xF81F, 0xF81F,
  0xF81F, 0xF81F, 0xF81F, 0xF81F, 0xF81F, 0xF81F, 0xF81F, 0xF81F, 0xF81F, 0xF81F, 0xF81F, 0xF81F, 0xF81F, 0xF81F, 0xF81F, 0xF81F,
  0xF81F, 0xF81F, 0xF81F, 0xF81F, 0xF81F, 0xF81F, 0xF81F, 0xF81F, 0xF81F, 0xF81F, 0xF81F, 0xF81F, 0xF81F, 0xF81F, 0xF81F, 0xF81F,
  0xF81F, 0xF81F, 0xF81F, 0xF81F, 0xF81F, 0xF81F, 0xF81F, 0xF81F, 0xF81F, 0xF81F, 0xF81F, 0xF81F, 0xF81F, 0xF81F, 0xF81F, 0xF81F,
  0xF81F, 0xF81F, 0xF81F, 0xF81F, 0xF81F, 0xF81F, 0xF81F, 0xF81F, 0xF81F, 0xF81F, 0xF81F, 0xF81F, 0xF81F, 0xF81F, 0xF81F, 0xF81F,
  0xF81F, 0xF81F, 0xF81F, 0xF81F, 0xF81F, 0xF81F, 0xF81F, 0xF81F, 0xF81F, 0xF81F, 0xF81F, 0xF81F, 0xF81F, 0xF81F, 0xF81F, 0xF81F,
  0xF81F, 0xF81F, 0xF81F, 0xF81F, 0xF81F, 0xF81F, 0xF81F, 0xF81F, 0xF81F, 0xF81F, 0xF81F, 0xF81F, 0xF81F, 0xF81F, 0xF81F, 0xF81F,
  0xF81F, 0xF81F, 0xF81F, 0xF81F, 0xF81F, 0xF81F, 0xF81F, 0xF81F, 0xF81F, 0xF81F, 0xF81F, 0xF81F, 0xF81F, 0xF81F, 0xF81F, 0xF81F,
  0xF81F, 0xF81F, 0xF81F, 0xF81F, 0xF81F, 0xF81F, 0xF81F, 0xF81F, 0xF81F, 0xF81F, 0xF81F, 0xF81F, 0xF81F, 0xF81F, 0xF81F, 0xF81F,
  0xF81F, 0xF81F, 0xF81F, 0xF81F, 0xF81F, 0xF81F, 0xF81F, 0xF81F, 0xF81F, 0xF81F, 0xF81F, 0xF81F, 0xF81F, 0xF81F, 0xF81F, 0xF81F,
  0xF81F, 0xF81F, 0xF81F, 0xF81F, 0xF81F, 0xF81F, 0xF81F, 0xF81F, 0xF81F, 0xF81F, 0xF81F, 0xF81F, 0xF81F, 0xF81F, 0xF81F, 0xF81F,
  0xF81F, 0xF81F, 0xF81F, 0xF81F, 0xF81F, 0xF81F, 0xF81F, 0xF81F, 0xF81F, 0xF81F, 0xF81F, 0xF81F, 0xF81F, 0xF81F, 0xF81F, 0xF81F,
  0xF81F, 0xF81F, 0xF81F, 0xF81F, 0xF81F, 0xF81F, 0xF81F, 0xF81F, 0xF81F, 0xF81F, 0xF81F, 0xF81F, 0xF81F, 0xF81F, 0xF81F, 0xF81F,
  0xF81F, 0xF81F, 0xF81F, 0xF81F, 0xF81F, 0xF81F, 0xF81F, 0xF81F, 0xF81F, 0xF81F, 0xF81F, 0xF81F, 0xF81F, 0xF81F, 0xF81F, 0xF81F,
  0xF81F, 0xF81F, 0xF81F, 0xF81F, 0xF81F, 0xF81F, 0xF81F, 0xF81F, 0xF81F, 0xF81F, 0xF81F, 0xF81F, 0xF81F, 0xF81F, 0xF81F, 0xF81F,
  0xF81F, 0xF81F, 0xF81F, 0xF81F, 0xF81F, 0xF81F, 0xF81F, 0xF81F, 0xF81F, 0xF81F, 0xF81F, 0xF81F, 0xF81F, 0xF81F, 0xF81F, 0xF81F,
  0xF81F, 0xF81F, 0xF81F, 0xF81F, 0xF81F, 0xF81F, 0xF81F, 0xF81F, 0xF81F, 0xF81F, 0xF81F, 0xF81F, 0xF81F, 0xF81F, 0xF81F, 0xF81F,
  0xF81F, 0xF81F, 0xF81F, 0xF81F, 0xF81F, 0xF81F, 0xF81F, 0xF81F, 0xF81F, 0xF81F, 0xF81F, 0xF81F, 0xF81F, 0xF81F, 0xF81F, 0xF81F,
  0xF81F, 0xF81F, 0xF81F, 0xF81F, 0xF81F, 0xF81F, 0xF81F, 0xF81F, 0xF81F, 0xF81F, 0xF81F, 0xF81F, 0xF81F, 0xF81F, 0xF81F, 0xF81F,
  0xF81F, 0xF81F, 0xF81F, 0xF81F, 0xF81F, 0xF81F, 0xF81F, 0xF81F, 0xF81F, 0xF81F, 0xF81F, 0xF81F, 0xF81F, 0xF81F, 0xF81F, 0xF81F,
  0xF81F, 0xF81F, 0xF81F, 0xF81F, 0xF81F, 0xF81F, 0xF81F, 0xF81F, 0xF81F, 0xF81F, 0xF81F, 0xF81F, 0xF81F, 0xF81F, 0xF81F, 0xF81F,
  0xF81F, 0xF81F, 0xF81F, 0xF81F, 0xF81F, 0xF81F, 0xF81F, 0xF81F, 0xF81F, 0xF81F, 0xF81F, 0xF81F, 0xF81F, 0xF81F, 0xF81F, 0xF81F,
  0xF81F, 0xF81F, 0xF81F, 0xF81F, 0xF81F, 0xF81F, 0xF81F, 0xF81F, 0xF81F, 0xF81F, 0xF81F, 0xF81F, 0xF81F, 0xF81F, 0xF81F, 0xF81F,
  0xF81F, 0xF81F, 0xF81F, 0xF81F, 0xF81F, 0xF81F, 0xF81F, 0xF81F, 0xF81F, 0xF81F, 0xF81F, 0xF81F, 0xF81F, 0xF81F, 0xF81F, 0xF81F,
  0xF81F, 0xF81F, 0xF81F, 0xF81F, 0xF81F, 0xF81F, 0xF81F, 0xF81F, 0xF81F, 0xF81F, 0xF81F, 0xF81F, 0xF81F, 0xF81F, 0xF81F, 0xF81F,
  0xF81F, 0xF81F, 0xF81F, 0xF81F, 0xF81F, 0xF81F, 0xF81F, 0xF81F, 0xF81F, 0xF81F, 0xF81F, 0xF81F, 0xF81F, 0xF81F, 0xF81F, 0xF81F,
  0xF81F, 0xF81F, 0xF81F, 0xF81F, 0xF81F, 0xF81F, 0xF81F, 0xF81F, 0xF81F, 0xF81F, 0xF81F, 0xF81F, 0xF81F, 0xF81F, 0xF81F, 0xF81F,
  0xF81F, 0xF81F, 0xF81F, 0xF81F, 0xF81F, 0xF81F, 0xF81F, 0xF81F, 0xF81F, 0xF81F, 0xF81F, 0xF81F, 0xF81F, 0xF81F, 0xF81F, 0xF81F,
  0xF81F, 0xF81F, 0xF81F, 0xF81F, 0xF81F, 0xF81F, 0xF81F, 0xF81F, 0xF81F, 0xF81F, 0xF81F, 0xF81F, 0xF81F, 0xF81F, 0xF81F, 0xF81F,
  0xF81F, 0xF81F, 0xF81F, 0xF81F, 0xF81F, 0xF81F, 0xF81F, 0xF81F, 0xF81F, 0xF81F, 0xF81F, 0xF81F, 0xF81F, 0xF81F, 0xF81F, 0xF81F,
  0xF81F, 0xF81F, 0xF81F, 0xF81F, 0xF81F, 0xF81F, 0xF81F, 0xF81F, 0xF81F, 0xF81F, 0xF81F, 0xF81F, 0xF81F, 0xF81F, 0xF81F, 0xF81F,
  0xF81F, 0xF81F, 0xF81F, 0xF81F, 0xF81F, 0xF81F, 0xF81F, 0xF81F, 0xF81F, 0xF81F, 0xF81F, 0xF81F, 0xF81F, 0xF81F, 0xF81F, 0xF81F,
  0xF81F, 0xF81F, 0xF81F, 0xF81F, 0xF81F, 0xF81F, 0xF81F, 0xF81F, 0xF81F, 0xF81F, 0xF81F, 0xF81F, 0xF81F, 0xF81F, 0xF81F, 0xF81F,
  0xF81F, 0xF81F, 0xF81F, 0xF81F, 0xF81F, 0xF81F, 0xF81F, 0xF81F, 0xF81F, 0xF81F, 0xF81F, 0xF81F, 0xF81F, 0xF81F, 0xF81F, 0xF81F,
  0xF81F, 0xF81F, 0xF81F, 0xF81F, 0xF81F, 0xF81F, 0xF81F, 0xF81F, 0xF81F, 0xF81F, 0xF81F, 0xF81F, 0xF81F, 0xF81F, 0xF81F, 0xF81F,
  0xF81F, 0xF81F, 0xF81F, 0xF81F, 0xF81F, 0xF81F, 0xF81F, 0xF81F, 0xF81F, 0xF81F, 0xF81F, 0xF81F, 0xF81F, 0xF81F, 0xF81F, 0xF81F,
  0xF81F, 0xF81F, 0xF81F, 0xF81F, 0xF81F, 0xF81F, 0xF81F, 0xF81F, 0xF81F, 0xF81F, 0xF81F, 0xF81F, 0xF81F, 0xF81F, 0xF81F, 0xF81F,
  0xF81F, 0xF81F, 0xF81F, 0xF81F, 0xF81F, 0xF81F, 0xF81F, 0xF81F, 0xF81F, 0xF81F, 0xF81F, 0xF81F, 0xF81F, 0xF81F, 0xF81F, 0xF81F,
  0xF81F, 0xF81F, 0xF81F, 0xF81F, 0xF81F, 0xF81F, 0xF81F, 0xF81F, 0xF81F, 0xF81F, 0xF81F, 0xF81F, 0xF81F, 0xF81F, 0xF81F, 0xF81F,
  0xF81F, 0xF81F, 0xF81F, 0xF81F, 0xF81F, 0xF81F, 0xF81F, 0xF81F, 0xF81F, 0xF81F, 0xF81F, 0xF81F, 0xF81F, 0xF81F, 0xF81F, 0xF81F,
  0xF81F, 0xF81F, 0xF81F, 0xF81F, 0xF81F, 0xF81F, 0xF81F, 0xF81F, 0xF81F, 0xF81F, 0xF81F, 0xF81F, 0xF81F, 0xF81F, 0xF81F, 0xF81F,
  0xF81F, 0xF81F, 0xF81F, 0xF81F, 0xF81F, 0xF81F, 0xF81F, 0xF81F, 0xF81F, 0xF81F, 0xF81F, 0xF81F, 0xF81F, 0xF81F, 0xF81F, 0xF81F,
  0xF81F, 0xF81F, 0xF81F, 0xF81F, 0xF81F, 0xF81F, 0xF81F, 0xF81F, 0xF81F, 0xF81F, 0xF81F, 0xF81F, 0xF81F, 0xF81F, 0xF81F, 0xF81F,
  0xF81F, 0xF81F, 0xF81F, 0xF81F, 0xF81F, 0xF81F, 0xF81F, 0xF81F, 0xF81F, 0xF81F, 0xF81F, 0xF81F, 0xF81F, 0xF81F, 0xF81F, 0xF81F,
  0xF81F, 0xF81F, 0xF81F, 0xF81F, 0xF81F, 0xF81F, 0xF81F, 0xF81F, 0xF81F, 0xF81F, 0xF81F, 0xF81F, 0xF81F, 0xF81F, 0xF81F, 0xF81F,
  0xF81F, 0xF81F, 0xF81F, 0xF81F, 0xF81F, 0xF81F, 0xF81F, 0xF81F, 0xF81F, 0xF81F, 0xF81F, 0xF81F, 0xF81F, 0xF81F, 0xF81F, 0xF81F,
  0xF81F, 0xF81F, 0xF81F, 0xF81F, 0xF81F, 0xF81F, 0xF81F, 0xF81F, 0xF81F, 0xF81F, 0xF81F, 0xF81F, 0xF81F, 0xF81F, 0xF81F, 0xF81F,
  0xF81F, 0xF81F, 0xF81F, 0xF81F, 0xF81F, 0xF81F, 0xF81F, 0xF81F, 0xF81F, 0xF81F, 0xF81F, 0xF81F, 0xF81F, 0xF81F, 0xF81F, 0xF81F,
  0xF81F, 0xF81F, 0xF81F, 0xF81F, 0xF81F, 0xF81F, 0xF81F, 0xF81F, 0xF81F, 0xF81F, 0xF81F, 0xF81F, 0xF81F, 0xF81F, 0xF81F, 0xF81F,
  0xF81F, 0xF81F, 0xF81F, 0xF81F, 0xF81F, 0xF81F, 0xF81F, 0xF81F, 0xF81F, 0xF81F, 0xF81F, 0xF81F, 0xF81F, 0xF81F, 0xF81F, 0xF81F,
  0xF81F, 0xF81F, 0xF81F, 0xF81F, 0xF81F, 0xF81F, 0xF81F, 0xF81F, 0xF81F, 0xF81F, 0xF81F, 0xF81F, 0xF81F, 0xF81F, 0xF81F, 0xF81F,
  0xF81F, 0xF81F, 0xF81F, 0xF81F, 0xF81F, 0xF81F, 0xF81F, 0xF81F, 0xF81F, 0xF81F, 0xF81F, 0xF81F, 0xF81F, 0xF81F, 0xF81F, 0xF81F,
  0xF81F, 0xF81F, 0xF81F, 0xF81F, 0xF81F, 0xF81F, 0xF81F, 0xF81F, 0xF81F, 0xF81F, 0xF81F, 0xF81F, 0xF81F, 0xF81F, 0xF81F, 0xF81F,
  0xF81F, 0xF81F, 0xF81F, 0xF81F, 0xF81F, 0xF81F, 0xF81F, 0xF81F, 0xF81F, 0xF81F, 0xF81F, 0xF81F, 0xF81F, 0xF81F, 0xF81F, 0xF81F,
  0xF81F, 0xF81F, 0xF81F, 0xF81F, 0xF81F, 0xF81F, 0xF81F, 0xF81F, 0xF81F, 0xF81F, 0xF81F, 0xF81F, 0xF81F, 0xF81F, 0xF81F, 0xF81F,
  0xF81F, 0xF81F, 0xF81F, 0xF81F, 0xF81F, 0xF81F, 0xF81F, 0xF81F, 0xF81F, 0xF81F, 0xF81F, 0xF81F, 0xF81F, 0xF81F, 0xF81F, 0xF81F,
  0xF81F, 0xF81F, 0xF81F, 0xF81F, 0xF81F, 0xF81F, 0xF81F, 0xF81F, 0xF81F, 0xF81F, 0xF81F, 0xF81F, 0xF81F, 0xF81F, 0xF81F, 0xF81F,
  0xF81F, 0xF81F, 0xF81F, 0xF81F, 0xF81F, 0xF81F, 0xF81F, 0xF81F, 0xF81F, 0xF81F, 0xF81F, 0xF81F, 0xF81F, 0xF81F, 0xF81F, 0xF81F,
  0xF81F, 0xF81F, 0xF81F, 0xF81F, 0xF81F, 0xF81F, 0xF81F, 0xF81F, 0xF81F, 0xF81F, 0xF81F, 0xF81F, 0xF81F, 0xF81F, 0xF81F, 0xF81F,
  0xF81F, 0xF81F, 0xF81F, 0xF81F, 0xF81F, 0xF81F, 0xF81F, 0xF81F, 0xF81F, 0xF81F, 0xF81F, 0xF81F, 0xF81F, 0xF81F, 0xF81F, 0xF81F,
  0xF81F, 0xF81F, 0xF81F, 0xF81F, 0xF81F, 0xF81F, 0xF81F, 0xF81F, 0xF81F, 0xF81F, 0xF81F, 0xF81F, 0xF81F, 0xF81F, 0xF81F, 0xF81F,
  0xF81F, 0xF81F, 0xF81F, 0xF81F, 0xF81F, 0xF81F, 0xF81F, 0xF81F, 0xF81F, 0xF81F, 0xF81F, 0xF81F, 0xF81F, 0xF81F, 0xF81F, 0xF81F,
  0xF81F, 0xF81F, 0xF81F, 0xF81F, 0xF81F, 0xF81F, 0xF81F, 0xF81F, 0xF81F, 0xF81F, 0xF81F, 0xF81F, 0xF81F, 0xF81F, 0xF81F, 0xF81F,
  0xF81F, 0xF81F, 0xF81F, 0xF81F, 0xF81F, 0xF81F, 0xF81F, 0xF81F, 0xF81F, 0xF81F, 0xF81F, 0xF81F, 0xF81F, 0xF81F, 0xF81F, 0xF81F,
  0xF81F, 0xF81F, 0xF81F, 0xF81F, 0xF81F, 0xF81F, 0xF81F, 0xF81F, 0xF81F, 0xF81F, 0xF81F, 0xF81F, 0xF81F, 0xF81F, 0xF81F, 0xF81F,
  0xF81F, 0xF81F, 0xF81F, 0xF81F, 0xF81F, 0xF81F, 0xF81F, 0xF81F, 0xF81F, 0xF81F, 0xF81F, 0xF81F, 0xF81F, 0xF81F, 0xF81F, 0xF81F,
  0xF81F, 0xF81F, 0xF81F, 0xF81F, 0xF81F, 0xF81F, 0xF81F, 0xF81F, 0xF81F, 0xF81F, 0xF81F, 0xF81F, 0xF81F, 0xF81F, 0xF81F, 0xF81F,
  0xF81F, 0xF81F, 0xF81F, 0xF81F, 0xF81F, 0xF81F, 0xF81F, 0xF81F, 0xF81F, 0xF81F, 0xF81F, 0xF81F, 0xF81F, 0xF81F, 0xF81F, 0xF81F,
  0xF81F, 0xF81F, 0xF81F, 0xF81F, 0xF81F, 0xF81F, 0xF81F, 0xF81F, 0xF81F, 0xF81F, 0xF81F, 0xF81F, 0xF81F, 0xF81F, 0xF81F, 0xF81F,
  0xF81F, 0xF81F, 0xF81F, 0xF81F, 0xF81F, 0xF81F, 0xF81F, 0xF81F, 0xF81F, 0xF81F, 0xF81F, 0xF81F, 0xF81F, 0xF81F, 0xF81F, 0xF81F,
  0xF81F, 0xF81F, 0xF81F, 0xF81F, 0xF81F, 0xF81F, 0xF81F, 0xF81F, 0xF81F, 0xF81F, 0xF81F, 0xF81F, 0xF81F, 0xF81F, 0xF81F, 0xF81F,
  0xF81F, 0xF81F, 0xF81F, 0xF81F, 0xF81F, 0xF81F, 0xF81F, 0xF81F, 0xF81F, 0xF81F, 0xF81F, 0xF81F, 0xF81F, 0xF81F, 0xF81F, 0xF81F,
  0xF81F, 0xF81F, 0xF81F, 0xF81F, 0xF81F, 0xF81F, 0xF81F, 0xF81F, 0xF81F, 0xF81F, 0xF81F, 0xF81F, 0xF81F, 0xF81F, 0xF81F, 0xF81F,
  0xF81F, 0xF81F, 0xF81F, 0xF81F, 0xF81F, 0xF81F, 0xF81F, 0xF81F, 0xF81F, 0xF81F, 0xF81F, 0xF81F, 0xF81F, 0xF81F, 0xF81F, 0xF81F,
  0xF81F, 0xF81F, 0xF81F, 0xF81F, 0xF81F, 0xF81F, 0xF81F, 0xF81F, 0xF81F, 0xF81F, 0xF81F, 0xF81F, 0xF81F, 0xF81F, 0xF81F, 0xF81F,
  0xF81F, 0xF81F, 0xF81F, 0xF81F, 0xF81F, 0xF81F, 0xF81F, 0xF81F, 0xF81F, 0xF81F, 0xF81F, 0xF81F, 0xF81F, 0xF81F, 0xF81F, 0xF81F,
  0xF81F, 0xF81F, 0xF81F, 0xF81F, 0xF81F, 0xF81F, 0xF81F, 0xF81F, 0xF81F, 0xF81F, 0xF81F, 0xF81F, 0xF81F, 0xF81F, 0xF81F, 0xF81F,
  0xF81F, 0xF81F, 0xF81F, 0xF81F, 0xF81F, 0xF81F, 0xF81F, 0xF81F, 0xF81F, 0xF81F, 0xF81F, 0xF81F, 0xF81F, 0xF81F, 0xF81F, 0xF81F,
  0xF81F, 0xF81F, 0xF81F, 0xF81F, 0xF81F, 0xF81F, 0xF81F, 0xF81F, 0xF81F, 0xF81F, 0xF81F, 0xF81F, 0xF81F, 0xF81F, 0xF81F, 0xF81F,
  0xF81F, 0xF81F, 0xF81F, 0xF81F, 0xF81F, 0xF81F, 0xF81F, 0xF81F, 0xF81F, 0xF81F, 0xF81F, 0xF81F, 0xF81F, 0xF81F, 0xF81F, 0xF81F,
  0xF81F, 0xF81F, 0xF81F, 0xF81F, 0xF81F, 0xF81F, 0xF81F, 0xF81F, 0xF81F, 0xF81F, 0xF81F, 0xF81F, 0xF81F, 0xF81F, 0xF81F, 0xF81F,
  0xF81F, 0xF81F, 0xF81F, 0xF81F, 0xF81F, 0xF81F, 0xF81F, 0xF81F, 0xF81F, 0xF81F, 0xF81F, 0xF81F, 0xF81F, 0xF81F, 0xF81F, 0xF81F,
  0xF81F, 0xF81F, 0xF81F, 0xF81F, 0xF81F, 0xF81F, 0xF81F, 0xF81F, 0xF81F, 0xF81F, 0xF81F, 0xF81F, 0xF81F, 0xF81F, 0xF81F, 0xF81F,
  0xF81F, 0xF81F, 0xF81F, 0xF81F, 0xF81F, 0xF81F, 0xF81F, 0xF81F, 0xF81F, 0xF81F, 0xF81F, 0xF81F, 0xF81F, 0xF81F, 0xF81F, 0xF81F,
  0xF81F, 0xF81F, 0xF81F, 0xF81F, 0xF81F, 0xF81F, 0xF81F, 0xF81F, 0xF81F, 0xF81F, 0xF81F, 0xF81F, 0xF81F, 0xF81F, 0xF81F, 0xF81F,
  0xF81F, 0xF81F, 0xF81F, 0xF81F, 0xF81F, 0xF81F, 0xF81F, 0xF81F, 0xF81F, 0xF81F, 0xF81F, 0xF81F, 0xF81F, 0xF81F, 0xF81F, 0xF81F,
  0xF81F, 0xF81F, 0xF81F, 0xF81F, 0xF81F, 0xF81F, 0xF81F, 0xF81F, 0xF81F, 0xF81F, 0xF81F, 0xF81F, 0xF81F, 0xF81F, 0xF81F, 0xF81F,
  0xF81F, 0xF81F, 0xF81F, 0xF81F, 0xF81F, 0xF81F, 0xF81F, 0xF81F, 0xF81F, 0xF81F, 0xF81F, 0xF81F, 0xF81F, 0xF81F, 0xF81F, 0xF81F,
  0xF81F, 0xF81F, 0xF81F, 0xF81F, 0xF81F, 0xF81F, 0xF81F, 0xF81F, 0xF81F, 0xF81F, 0xF81F, 0xF81F, 0xF81F, 0xF81F, 0xF81F, 0xF81F,
  0xF81F, 0xF81F, 0xF81F, 0xF81F, 0xF81F, 0xF81F, 0xF81F, 0xF81F, 0xF81F, 0xF81F, 0xF81F, 0xF81F, 0xF81F, 0xF81F, 0xF81F, 0xF81F,
  0xF81F, 0xF81F, 0xF81F, 0xF81F, 0xF81F, 0xF81F, 0xF81F, 0xF81F, 0xF81F, 0xF81F, 0xF81F, 0xF81F, 0xF81F, 0xF81F, 0xF81F, 0xF81F,
  0xF81F, 0xF81F, 0xF81F, 0xF81F, 0xF81F, 0xF81F, 0xF81F, 0xF81F, 0xF81F, 0xF81F, 0xF81F, 0xF81F, 0xF81F, 0xF81F, 0xF81F, 0xF81F,
  0xF81F, 0xF81F, 0xF81F, 0xF81F, 0xF81F, 0xF81F, 0xF81F, 0xF81F, 0xF81F, 0xF81F, 0xF81F, 0xF81F, 0xF81F, 0xF81F, 0xF81F, 0xF81F,
  0xF81F, 0xF81F, 0xF81F, 0xF81F, 0xF81F, 0xF81F, 0xF81F, 0xF81F, 0xF81F, 0xF81F, 0xF81F, 0xF81F, 0xF81F, 0xF81F, 0xF81F, 0xF81F,
  0xF81F, 0xF81F, 0xF81F, 0xF81F, 0xF81F, 0xF81F, 0xF81F, 0xF81F, 0xF81F, 0xF81F, 0xF81F, 0xF81F, 0xF81F, 0xF81F, 0xF81F, 0xF81F,
  0xF81F, 0xF81F, 0xF81F, 0xF81F, 0xF81F, 0xF81F, 0xF81F, 0xF81F, 0xF81F, 0xF81F, 0xF81F, 0xF81F, 0xF81F, 0xF81F, 0xF81F, 0xF81F,
  0xF81F, 0xF81F, 0xF81F, 0xF81F, 0xF81F, 0xF81F, 0xF81F, 0xF81F, 0xF81F, 0xF81F, 0xF81F, 0xF81F, 0xF81F, 0xF81F, 0xF81F, 0xF81F,
  0xF81F, 0xF81F, 0xF81F, 0xF81F, 0xF81F, 0xF81F, 0xF81F, 0xF81F, 0xF81F, 0xF81F, 0xF81F, 0xF81F, 0xF81F, 0xF81F, 0xF81F, 0xF81F,
  0xF81F, 0xF81F, 0xF81F, 0xF81F, 0xF81F, 0xF81F, 0xF81F, 0xF81F, 0xF81F, 0xF81F, 0xF81F, 0xF81F, 0xF81F, 0xF81F, 0xF81F, 0xF81F,
  0xF81F, 0xF81F, 0xF81F, 0xF81F, 0xF81F, 0xF81F, 0xF81F, 0xF81F, 0xF81F, 0xF81F, 0xF81F, 0xF81F, 0xF81F, 0xF81F, 0xF81F, 0xF81F,
  0xF81F, 0xF81F, 0xF81F, 0xF81F, 0xF81F, 0xF81F, 0xF81F, 0xF81F, 0xF81F, 0xF81F, 0xF81F, 0xF81F, 0xF81F, 0xF81F, 0xF81F, 0xF81F,
  0xF81F, 0xF81F, 0xF81F, 0xF81F, 0xF81F, 0xF81F, 0xF81F, 0xF81F, 0xF81F, 0xF81F, 0xF81F, 0xF81F, 0xF81F, 0xF81F, 0xF81F, 0xF81F,
  0xF81F, 0xF81F, 0xF81F, 0xF81F, 0xF81F, 0xF81F, 0xF81F, 0xF81F, 0xF81F, 0xF81F, 0xF81F, 0xF81F, 0xF81F, 0xF81F, 0xF81F, 0xF81F,
  0xF81F, 0xF81F, 0xF81F, 0xF81F, 0xF81F, 0xF81F, 0xF81F, 0xF81F, 0xF81F, 0xF81F, 0xF81F, 0xF81F, 0xF81F, 0xF81F, 0xF81F, 0xF81F,
  0xF81F, 0xF81F, 0xF81F, 0xF81F, 0xF81F, 0xF81F, 0xF81F, 0xF81F, 0xF81F, 0xF81F, 0xF81F, 0xF81F, 0xF81F, 0xF81F, 0xF81F, 0xF81F,
  0xF81F, 0xF81F, 0xF81F, 0xF81F, 0xF81F, 0xF81F, 0xF81F, 0xF81F, 0xF81F, 0xF81F, 0xF81F, 0xF81F, 0xF81F, 0xF81F, 0xF81F, 0xF81F,
  0xF81F, 0xF81F, 0xF81F, 0xF81F, 0xF81F, 0xF81F, 0xF81F, 0xF81F, 0xF81F, 0xF81F, 0xF81F, 0xF81F, 0xF81F, 0xF81F, 0xF81F, 0xF81F,
  0xF81F, 0xF81F, 0xF81F, 0xF81F, 0xF81F, 0xF81F, 0xF81F, 0xF81F, 0xF81F, 0xF81F, 0xF81F, 0xF81F, 0xF81F, 0xF81F, 0xF81F, 0xF81F,
  0xF81F, 0xF81F, 0xF81F, 0xF81F, 0xF81F, 0xF81F, 0xF81F, 0xF81F, 0xF81F, 0xF81F, 0xF81F, 0xF81F, 0xF81F, 0xF81F, 0xF81F, 0xF81F,
  0xF81F, 0xF81F, 0xF81F, 0xF81F, 0xF81F, 0xF81F, 0xF81F, 0xF81F, 0xF81F, 0xF81F, 0xF81F, 0xF81F, 0xF81F, 0xF81F, 0xF81F, 0xF81F,
  0xF81F, 0xF81F, 0xF81F, 0xF81F, 0xF81F, 0xF81F, 0xF81F, 0xF81F, 0xF81F, 0xF81F, 0xF81F, 0xF81F, 0xF81F, 0xF81F, 0xF81F, 0xF81F,
  0xF81F, 0xF81F, 0xF81F, 0xF81F, 0xF81F, 0xF81F, 0xF81F, 0xF81F, 0xF81F, 0xF81F, 0xF81F, 0xF81F, 0xF81F, 0xF81F, 0xF81F, 0xF81F,
  0xF81F, 0xF81F, 0xF81F, 0xF81F, 0xF81F, 0xF81F, 0xF81F, 0xF81F, 0xF81F, 0xF81F, 0xF81F, 0xF81F, 0xF81F, 0xF81F, 0xF81F, 0xF81F,
  0xF81F, 0xF81F, 0xF81F, 0xF81F, 0xF81F, 0xF81F, 0xF81F, 0xF81F, 0xF81F, 0xF81F, 0xF81F, 0xF81F, 0xF81F, 0xF81F, 0xF81F, 0xF81F,
  0xF81F, 0xF81F, 0xF81F, 0xF81F, 0xF81F, 0xF81F, 0xF81F, 0xF81F, 0xF81F, 0xF81F, 0xF81F, 0xF81F, 0xF81F, 0xF81F, 0xF81F, 0xF81F,
  0xF81F, 0xF81F, 0xF81F, 0xF81F, 0xF81F, 0xF81F, 0xF81F, 0xF81F, 0xF81F, 0xF81F, 0xF81F, 0xF81F, 0xF81F, 0xF81F, 0xF81F, 0xF81F,
  0xF81F, 0xF81F, 0xF81F, 0xF81F, 0xF81F, 0xF81F, 0xF81F, 0xF81F, 0xF81F, 0xF81F, 0xF81F, 0xF81F, 0xF81F, 0xF81F, 0xF81F, 0xF81F,
  0xF81F, 0xF81F, 0xF81F, 0xF81F, 0xF81F, 0xF81F, 0xF81F, 0xF81F, 0xF81F, 0xF81F, 0xF81F, 0xF81F, 0xF81F, 0xF81F, 0xF81F, 0xF81F,
  0xF81F, 0xF81F, 0xF81F, 0xF81F, 0xF81F, 0xF81F, 0xF81F, 0xF81F, 0xF81F, 0xF81F, 0xF81F, 0xF81F, 0xF81F, 0xF81F, 0xF81F, 0xF81F,
  0xF81F, 0xF81F, 0xF81F, 0xF81F, 0xF81F, 0xF81F, 0xF81F, 0xF81F, 0xF81F, 0xF81F, 0xF81F, 0xF81F, 0xF81F, 0xF81F, 0xF81F, 0x6902,
  0xF81F, 0xF81F, 0xF81F, 0xF81F, 0xF81F, 0xF81F, 0xF81F, 0xF81F, 0xF81F, 0xF81F, 0xF81F, 0xF81F, 0xF81F, 0xF81F, 0xF81F, 0xF81F,
  0xF81F, 0xF81F, 0xF81F, 0xF81F, 0xF81F, 0xF81F, 0xF81F, 0xF81F, 0xF81F, 0xF81F, 0xF81F, 0xF81F, 0xF81F, 0xF81F, 0xF81F, 0xF81F,
  0xF81F, 0xF81F, 0xF81F, 0xF81F, 0xF81F, 0xF81F, 0xF81F, 0xF81F, 0xF81F, 0xF81F, 0xF81F, 0xF81F, 0xF81F, 0xF81F, 0xF81F, 0xF81F,
  0xF81F, 0xF81F, 0xF81F, 0xF81F, 0xF81F, 0xF81F, 0xF81F, 0xF81F, 0xF81F, 0xF81F, 0xF81F, 0xF81F, 0xF81F, 0xF81F, 0xF81F, 0xF81F,
  0xF81F, 0xF81F, 0xF81F, 0xF81F, 0xF81F, 0xF81F, 0xF81F, 0xF81F, 0xF81F, 0xF81F, 0xF81F, 0xF81F, 0xF81F, 0xF81F, 0xF81F, 0xF81F,
  0xF81F, 0xF81F, 0xF81F, 0xF81F, 0xF81F, 0xF81F, 0xF81F, 0xF81F, 0xF81F, 0xF81F, 0xF81F, 0xF81F, 0xF81F, 0xF81F, 0xF81F, 0xF81F,
  0xF81F, 0xF81F, 0x38C2, 0x4102, 0x5122, 0x6122, 0x6902, 0xF81F, 0xF81F, 0xF81F, 0xF81F, 0xF81F, 0xF81F, 0xF81F, 0x7982, 0x7202,
  0x8262, 0x7222, 0x6203, 0x7AE5, 0xBCAA, 0xE5EE, 0xEE0E, 0xDD8D, 0xCD0D, 0xBC6B, 0xAB48, 0xF81F, 0xF81F, 0xF81F, 0xF81F, 0xF81F,
  0xF81F, 0xF81F, 0xF81F, 0xF81F, 0xF81F, 0xF81F, 0xF81F, 0xF81F, 0xF81F, 0xF81F, 0xF81F, 0xF81F, 0xF81F, 0xF81F, 0xF81F, 0xF81F,
  0xF81F, 0xF81F, 0xF81F, 0xF81F, 0xF81F, 0xF81F, 0xF81F, 0xF81F, 0xF81F, 0xF81F, 0xF81F, 0xF81F, 0xF81F, 0xF81F, 0xF81F, 0xF81F,
  0xF81F, 0xF81F, 0xF81F, 0xF81F, 0xF81F, 0xF81F, 0xF81F, 0xF81F, 0xF81F, 0xF81F, 0xF81F, 0xF81F, 0xF81F, 0xF81F, 0xF81F, 0xF81F,
  0xF81F, 0xF81F, 0xF81F, 0xF81F, 0xF81F, 0xF81F, 0xF81F, 0xF81F, 0xF81F, 0xF81F, 0xF81F, 0xF81F, 0xF81F, 0xF81F, 0xF81F, 0xF81F,
  0xF81F, 0xF81F, 0xF81F, 0xF81F, 0xF81F, 0xF81F, 0xF81F, 0xF81F, 0xF81F, 0xF81F, 0xF81F, 0xF81F, 0xF81F, 0xF81F, 0xF81F, 0xF81F,
  0xF81F, 0xF81F, 0xF81F, 0xF81F, 0x3882, 0x30E2, 0x3122, 0x3943, 0x4183, 0x51C3, 0x51A3, 0x6202, 0x8AA2, 0xB3C5, 0xCC67, 0xC405,
  0xA303, 0x8A41, 0x9261, 0x7A01, 0x7243, 0x7AC5, 0xAC28, 0xDD6B, 0xF64D, 0xFF71, 0xFFF6, 0xFFF6, 0xFF96, 0xE652, 0xB40C, 0xF81F,
  0xF81F, 0xF81F, 0xF81F, 0xF81F, 0xF81F, 0xF81F, 0xF81F, 0xF81F, 0xF81F, 0xF81F, 0xF81F, 0xF81F, 0xF81F, 0xF81F, 0xF81F, 0xF81F,
  0xF81F, 0xF81F, 0xF81F, 0xF81F, 0xF81F, 0xF81F, 0xF81F, 0xF81F, 0xF81F, 0xF81F, 0xF81F, 0xF81F, 0xF81F, 0xF81F, 0xF81F, 0xF81F,
  0xF81F, 0xF81F, 0xF81F, 0xF81F, 0xF81F, 0xF81F, 0xF81F, 0xF81F, 0xF81F, 0xF81F, 0xF81F, 0xF81F, 0xF81F, 0xF81F, 0xF81F, 0xF81F,
  0xF81F, 0xF81F, 0xF81F, 0xF81F, 0xF81F, 0xF81F, 0xF81F, 0xF81F, 0xF81F, 0xF81F, 0xF81F, 0xF81F, 0xF81F, 0xF81F, 0xF81F, 0xF81F,
  0xF81F, 0xF81F, 0xF81F, 0xF81F, 0xF81F, 0xF81F, 0xF81F, 0xF81F, 0xF81F, 0xF81F, 0xF81F, 0xF81F, 0xF81F, 0xF81F, 0x28C2, 0x3102,
  0x38E2, 0x4902, 0x5922, 0x5922, 0x6142, 0x5942, 0x4942, 0x4122, 0x28E2, 0x20A2, 0x28E2, 0x7263, 0xC426, 0xE54B, 0xE58D, 0xC428,
  0x8AA3, 0x92A1, 0x92A2, 0x92C2, 0x71A0, 0x71E1, 0x9AE2, 0xB342, 0x79E0, 0x9281, 0xB3C5, 0xCC86, 0xD4E8, 0xFE6C, 0xFFD4, 0xF733,
  0xF81F, 0xF81F, 0xF81F, 0xF81F, 0xF81F, 0xF81F, 0xF81F, 0xF81F, 0xF81F, 0xF81F, 0xF81F, 0xF81F, 0xF81F, 0xF81F, 0xF81F, 0xF81F,
  0xF81F, 0xF81F, 0xF81F, 0xF81F, 0xF81F, 0xF81F, 0xF81F, 0xF81F, 0xF81F, 0xF81F, 0xF81F, 0xF81F, 0xF81F, 0xF81F, 0xF81F, 0xF81F,
  0xF81F, 0xF81F, 0xF81F, 0xF81F, 0xF81F, 0xF81F, 0xF81F, 0xF81F, 0xF81F, 0xF81F, 0xF81F, 0xF81F, 0xF81F, 0xF81F, 0xF81F, 0xF81F,
  0xF81F, 0xF81F, 0xF81F, 0xF81F, 0xF81F, 0xF81F, 0xF81F, 0xF81F, 0xF81F, 0xF81F, 0xF81F, 0xF81F, 0xF81F, 0xF81F, 0xF81F, 0xF81F,
  0xF81F, 0xF81F, 0xF81F, 0xF81F, 0xF81F, 0xF81F, 0xF81F, 0xF81F, 0xF81F, 0xF81F, 0xF81F, 0xF81F, 0xF81F, 0xF81F, 0xF81F, 0x3862,
  0x20A2, 0x20C3, 0x20C3, 0x20E3, 0x2903, 0x28E3, 0x2903, 0x3123, 0x3102, 0x6A23, 0xB407, 0xD54C, 0xDDCF, 0xDD6D, 0xCCAA, 0xB3C7,
  0x8221, 0x69C0, 0x7A01, 0x7201, 0x9AE2, 0x8A41, 0x79E0, 0x69A0, 0x9281, 0x79C0, 0x7180, 0x69A0, 0x71A0, 0x9A80, 0xB361, 0xEDA9,
  0xFE8E, 0xF81F, 0xF81F, 0xF81F, 0xF81F, 0xF81F, 0xF81F, 0xF81F, 0xF81F, 0xF81F, 0xF81F, 0xF81F, 0xF81F, 0xF81F, 0xF81F, 0xF81F,
  0xF81F, 0xF81F, 0xF81F, 0xF81F, 0xF81F, 0xF81F, 0xF81F, 0xF81F, 0xF81F, 0xF81F, 0xF81F, 0xF81F, 0xF81F, 0xF81F, 0xF81F, 0xF81F,
  0xF81F, 0xF81F, 0xF81F, 0xF81F, 0xF81F, 0xF81F, 0xF81F, 0xF81F, 0xF81F, 0xF81F, 0xF81F, 0xF81F, 0xF81F, 0xF81F, 0xF81F, 0xF81F,
  0xF81F, 0xF81F, 0xF81F, 0xF81F, 0xF81F, 0xF81F, 0xF81F, 0xF81F, 0xF81F, 0xF81F, 0xF81F, 0xF81F, 0xF81F, 0xF81F, 0xF81F, 0xF81F,
  0xF81F, 0xF81F, 0xF81F, 0xF81F, 0xF81F, 0xF81F, 0xF81F, 0xF81F, 0xF81F, 0xF81F, 0xF81F, 0xF81F, 0xF81F, 0xF81F, 0xF81F, 0xF81F,
  0xF81F, 0xF81F, 0x4862, 0x48E3, 0x4123, 0x3943, 0x3964, 0x3943, 0x20A2, 0x3941, 0x9BC8, 0xDD8E, 0xE611, 0xE5CE, 0xCCA9, 0xB408,
  0x8AE4, 0x7201, 0x6980, 0x79E0, 0x9281, 0xBB82, 0xA2C1, 0x61C0, 0x8A61, 0x71E1, 0x7A01, 0x69A0, 0x69A0, 0x79E1, 0x79E0, 0x9A60,
  0xF609, 0xDD8C, 0xF81F, 0xF81F, 0xF81F, 0xF81F, 0xF81F, 0xF81F, 0xF81F, 0xF81F, 0xF81F, 0xF81F, 0xF81F, 0xF81F, 0xF81F, 0xF81F,
  0xF81F, 0xF81F, 0xF81F, 0xF81F, 0xF81F, 0xF81F, 0xF81F, 0xF81F, 0xF81F, 0xF81F, 0xF81F, 0xF81F, 0xF81F, 0xF81F, 0xF81F, 0xF81F,
  0xF81F, 0xF81F, 0xF81F, 0xF81F, 0xF81F, 0xF81F, 0xF81F, 0xF81F, 0xF81F, 0xF81F, 0xF81F, 0xF81F, 0xF81F, 0xF81F, 0xF81F, 0xF81F,
  0xF81F, 0xF81F, 0xF81F, 0xF81F, 0xF81F, 0xF81F, 0xF81F, 0xF81F, 0xF81F, 0xF81F, 0xF81F, 0xF81F, 0xF81F, 0xF81F, 0xF81F, 0xF81F,
  0xF81F, 0xF81F, 0xF81F, 0xF81F, 0xF81F, 0xF81F, 0xF81F, 0xF81F, 0xF81F, 0xF81F, 0xF81F, 0xF81F, 0xF81F, 0xF81F, 0xF81F, 0xF81F,
  0x58C2, 0x58E2, 0x5943, 0x5143, 0x4142, 0x3923, 0x3123, 0x28E2, 0x3102, 0xABC6, 0xDD6C, 0xDDCF, 0xE5CF, 0xDD4D, 0xD54D, 0xCCEA,
  0xB3E7, 0x8AA3, 0x8AA2, 0x9AA1, 0x9AA1, 0x8241, 0x9AE2, 0xAB02, 0x69A0, 0x79E1, 0x8A41, 0x7A00, 0x79E0, 0x6180, 0x6180, 0x71C0,
  0xC3A2, 0xFF71, 0xBC2A, 0xF81F, 0xF81F, 0xF81F, 0xF81F, 0xF81F, 0xF81F, 0xF81F, 0xF81F, 0xF81F, 0xF81F, 0xF81F, 0xF81F, 0xF81F,
  0xF81F, 0xF81F, 0xF81F, 0xF81F, 0xF81F, 0xF81F, 0xF81F, 0xF81F, 0xF81F, 0xF81F, 0xF81F, 0xF81F, 0xF81F, 0xF81F, 0xF81F, 0xF81F,
  0xF81F, 0xF81F, 0xF81F, 0xF81F, 0xF81F, 0xF81F, 0xF81F, 0xF81F, 0xF81F, 0xF81F, 0xF81F, 0xF81F, 0xF81F, 0xF81F, 0xF81F, 0xF81F,
  0xF81F, 0xF81F, 0xF81F, 0xF81F, 0xF81F, 0xF81F, 0xF81F, 0xF81F, 0xF81F, 0xF81F, 0xF81F, 0xF81F, 0xF81F, 0xF81F, 0xF81F, 0xF81F,
  0xF81F, 0xF81F, 0xF81F, 0xF81F, 0xF81F, 0xF81F, 0xF81F, 0xF81F, 0xF81F, 0xF81F, 0xF81F, 0x3062, 0x20A2, 0x20E2, 0x28E3, 0x2903,
  0x2903, 0x2903, 0x2903, 0x20E3, 0x2904, 0x3124, 0x3144, 0x3144, 0x3942, 0x2080, 0x6265, 0xDD8E, 0xF692, 0xF693, 0xE5CE, 0xCCA9,
  0xC4AA, 0xCCEB, 0xAB85, 0x92E3, 0x7222, 0x69C0, 0xAB02, 0x8A61, 0xA2E1, 0xAB01, 0x71C0, 0x6180, 0x8A41, 0x5940, 0x5940, 0x6180,
  0x8A20, 0xCC44, 0xFF92, 0xA306, 0xF81F, 0xF81F, 0xF81F, 0xF81F, 0xF81F, 0xF81F, 0xF81F, 0xF81F, 0xF81F, 0xF81F, 0xF81F, 0xF81F,
  0xF81F, 0xF81F, 0xF81F, 0xF81F, 0xF81F, 0xF81F, 0xF81F, 0xF81F, 0xF81F, 0xF81F, 0xF81F, 0xF81F, 0xF81F, 0xF81F, 0xF81F, 0xF81F,
  0xF81F, 0xF81F, 0xF81F, 0xF81F, 0xF81F, 0xF81F, 0xF81F, 0xF81F, 0xF81F, 0xF81F, 0xF81F, 0xF81F, 0xF81F, 0xF81F, 0xF81F, 0xF81F,
  0xF81F, 0xF81F, 0xF81F, 0xF81F, 0xF81F, 0xF81F, 0xF81F, 0xF81F, 0xF81F, 0xF81F, 0xF81F, 0xF81F, 0xF81F, 0xF81F, 0xF81F, 0xF81F,
  0xF81F, 0xF81F, 0xF81F, 0xF81F, 0xF81F, 0xF81F, 0xF81F, 0xF81F, 0xF81F, 0xF81F, 0xF81F, 0xF81F, 0xF81F, 0x3862, 0x2882, 0x20A2,
  0x20C3, 0x20A3, 0x28A3, 0x3903, 0x3944, 0x3984, 0x3964, 0x3943, 0x20A1, 0x6223, 0xF60F, 0xF693, 0xD56E, 0xCCCA, 0xDD6D, 0xF693,
  0xE5F0, 0xBC48, 0xC489, 0xC448, 0x9B05, 0x9B04, 0x7A22, 0x7A21, 0xC3A2, 0x9281, 0x8221, 0x6180, 0x69A0, 0x7A00, 0x5940, 0x69A0,
  0x79E1, 0x9A80, 0xE547, 0xFF95, 0x9266, 0xF81F, 0xF81F, 0xF81F, 0xF81F, 0xF81F, 0xF81F, 0xF81F, 0xF81F, 0xF81F, 0xF81F, 0xF81F,
  0xF81F, 0xF81F, 0xF81F, 0xF81F, 0xF81F, 0xF81F, 0xF81F, 0xF81F, 0xF81F, 0xF81F, 0xF81F, 0xF81F, 0xF81F, 0xF81F, 0xF81F, 0xF81F,
  0xF81F, 0xF81F, 0xF81F, 0xF81F, 0xF81F, 0xF81F, 0xF81F, 0xF81F, 0xF81F, 0xF81F, 0xF81F, 0xF81F, 0xF81F, 0xF81F, 0xF81F, 0xF81F,
  0xF81F, 0xF81F, 0xF81F, 0xF81F, 0xF81F, 0xF81F, 0xF81F, 0xF81F, 0xF81F, 0xF81F, 0xF81F, 0xF81F, 0xF81F, 0xF81F, 0xF81F, 0xF81F,
  0xF81F, 0xF81F, 0xF81F, 0xF81F, 0xF81F, 0xF81F, 0xF81F, 0xF81F, 0xF81F, 0xF81F, 0xF81F, 0xF81F, 0xF81F, 0xF81F, 0xF81F, 0xF81F,
  0xF81F, 0xF81F, 0x6163, 0x5183, 0x3943, 0x3103, 0x3103, 0x3123, 0x3123, 0x59E3, 0x59E3, 0x3922, 0xA3E8, 0xF6B3, 0xFEF5, 0xDD8D,
  0xD50C, 0xEE31, 0xDDAE, 0xBC27, 0xCCAA, 0xBC27, 0xABA5, 0xAB85, 0x61A1, 0x8241, 0x9AC2, 0x71C1, 0x71E0, 0x6180, 0x8A41, 0x5140,
  0x5960, 0x71E1, 0xB341, 0xEDA9, 0xFFB5, 0x9245, 0xF81F, 0xF81F, 0xF81F, 0xF81F, 0xF81F, 0xF81F, 0xF81F, 0xF81F, 0xF81F, 0xF81F,
  0xF81F, 0xF81F, 0xF81F, 0xF81F, 0xF81F, 0xF81F, 0xF81F, 0xF81F, 0xF81F, 0xF81F, 0xF81F, 0xF81F, 0xF81F, 0xF81F, 0xF81F, 0xF81F,
  0xF81F, 0xF81F, 0xF81F, 0xF81F, 0xF81F, 0xF81F, 0xF81F, 0xF81F, 0xF81F, 0xF81F, 0xF81F, 0xF81F, 0xF81F, 0xF81F, 0xF81F, 0xF81F,
  0xF81F, 0xF81F, 0xF81F, 0xF81F, 0xF81F, 0xF81F, 0xF81F, 0xF81F, 0xF81F, 0xF81F, 0xF81F, 0xF81F, 0xF81F, 0xF81F, 0xF81F, 0xF81F,
  0xF81F, 0xF81F, 0xF81F, 0xF81F, 0xF81F, 0xF81F, 0xF81F, 0xF81F, 0xF81F, 0xF81F, 0xF81F, 0xF81F, 0xF81F, 0x4862, 0x40A2, 0x40C2,
  0x3902, 0x3123, 0x2903, 0x2903, 0x2904, 0x3144, 0x3985, 0x3984, 0x3963, 0x3122, 0x1860, 0x9367, 0xFEF1, 0xD5AF, 0xBC49, 0xDD8E,
  0xFF15, 0xE610, 0xCCEB, 0xE5F0, 0xD52C, 0xC489, 0xCCCA, 0x9B25, 0x8263, 0x7202, 0x7A21, 0xB342, 0x7A01, 0x69C1, 0x7A21, 0x5940,
  0x71E1, 0x8200, 0x8A41, 0xBB82, 0xF60B, 0xFF74, 0x9A86, 0xF81F, 0xF81F, 0xF81F, 0xF81F, 0xF81F, 0xF81F, 0xF81F, 0xF81F, 0xF81F,
  0xF81F, 0xF81F, 0xF81F, 0xF81F, 0xF81F, 0xF81F, 0xF81F, 0xF81F, 0xF81F, 0xF81F, 0xF81F, 0xF81F, 0xF81F, 0xF81F, 0xF81F, 0xF81F,
  0xF81F, 0xF81F, 0xF81F, 0xF81F, 0xF81F, 0xF81F, 0xF81F, 0xF81F, 0xF81F, 0xF81F, 0xF81F, 0xF81F, 0xF81F, 0xF81F, 0xF81F, 0xF81F,
  0xF81F, 0xF81F, 0xF81F, 0xF81F, 0xF81F, 0xF81F, 0xF81F, 0xF81F, 0xF81F, 0xF81F, 0xF81F, 0xF81F, 0xF81F, 0xF81F, 0xF81F, 0xF81F,
  0xF81F, 0xF81F, 0xF81F, 0xF81F, 0xF81F, 0xF81F, 0xF81F, 0xF81F, 0xF81F, 0xF81F, 0x3082, 0x18A2, 0x20C2, 0x20C3, 0x18C3, 0x18C3,
  0x20E3, 0x20E3, 0x2904, 0x2924, 0x3944, 0x3965, 0x3964, 0x3923, 0x3102, 0x3103, 0x4163, 0x9325, 0x5A03, 0x4162, 0xDDCF, 0xFF36,
  0xDDCF, 0xD52C, 0xF6B4, 0xE5F0, 0xD52C, 0xE5F0, 0xC488, 0xAB85, 0xA346, 0x7222, 0xAB42, 0x9AC1, 0x8221, 0x6980, 0x5940, 0x8A41,
  0x5140, 0x8221, 0x8A41, 0x7A00, 0xAAC0, 0xF5CA, 0xFFF6, 0xAB68, 0xF81F, 0xF81F, 0xF81F, 0xF81F, 0xF81F, 0xF81F, 0xF81F, 0xF81F,
  0xF81F, 0xF81F, 0xF81F, 0xF81F, 0xF81F, 0xF81F, 0xF81F, 0xF81F, 0xF81F, 0xF81F, 0xF81F, 0xF81F, 0xF81F, 0xF81F, 0xF81F, 0xF81F,
  0xF81F, 0xF81F, 0xF81F, 0xF81F, 0xF81F, 0xF81F, 0xF81F, 0xF81F, 0xF81F, 0xF81F, 0xF81F, 0xF81F, 0xF81F, 0xF81F, 0xF81F, 0xF81F,
  0xF81F, 0xF81F, 0xF81F, 0xF81F, 0xF81F, 0xF81F, 0xF81F, 0xF81F, 0xF81F, 0xF81F, 0xF81F, 0xF81F, 0xF81F, 0xF81F, 0xF81F, 0xF81F,
  0xF81F, 0xF81F, 0xF81F, 0xF81F, 0xF81F, 0xF81F, 0xF81F, 0xF81F, 0xF81F, 0xF81F, 0xF81F, 0xF81F, 0x3842, 0x3062, 0x2882, 0x30A2,
  0x3082, 0x3882, 0x40A2, 0x4943, 0x4184, 0x3143, 0x3103, 0x3124, 0x3964, 0x3943, 0x3122, 0x20A1, 0x1040, 0xB429, 0xEE2F, 0x9B67,
  0xB3C8, 0xFF56, 0xF6B4, 0xCD0B, 0xF6D5, 0xDDAE, 0xABA6, 0xCCA9, 0xB3A6, 0xAB85, 0x7202, 0x8A82, 0xB363, 0x71C0, 0x8A41, 0x8241,
  0x71E1, 0x6180, 0x71C1, 0x69C0, 0x8241, 0xAB01, 0xED89, 0xFFF7, 0xBC2A, 0xF81F, 0xF81F, 0xF81F, 0xF81F, 0xF81F, 0xF81F, 0xF81F,
  0xF81F, 0xF81F, 0xF81F, 0xF81F, 0xF81F, 0xF81F, 0xF81F, 0xF81F, 0xF81F, 0xF81F, 0xF81F, 0x9A43, 0xAB67, 0xB40A, 0xAB48, 0xF81F,
  0xF81F, 0xF81F, 0xF81F, 0xF81F, 0xF81F, 0xF81F, 0xF81F, 0xF81F, 0xF81F, 0xF81F, 0xF81F, 0xF81F, 0xF81F, 0xF81F, 0xF81F, 0xF81F,
  0xF81F, 0xF81F, 0xF81F, 0xF81F, 0xF81F, 0xF81F, 0xF81F, 0xF81F, 0xF81F, 0xF81F, 0xF81F, 0xF81F, 0xF81F, 0xF81F, 0xF81F, 0xF81F,
  0xF81F, 0xF81F, 0xF81F, 0xF81F, 0xF81F, 0xF81F, 0xF81F, 0xF81F, 0xF81F, 0xF81F, 0xF81F, 0xF81F, 0xF81F, 0xF81F, 0xF81F, 0xF81F,
  0xF81F, 0x50E2, 0x4123, 0x3103, 0x2903, 0x3944, 0x3965, 0x3964, 0x3943, 0x3102, 0x28E2, 0x3123, 0x4983, 0x71C3, 0x5880, 0x8080,
  0xF670, 0xE610, 0x9B06, 0xF671, 0xEE51, 0x9B05, 0xD56D, 0xCCEB, 0xCCAA, 0xABC7, 0x82A4, 0xA303, 0x8A61, 0xB342, 0x6980, 0x5960,
  0x9281, 0x4900, 0x7A01, 0x8A40, 0x71C0, 0x8241, 0xA2C1, 0xD4A6, 0xFFD4, 0xD54D, 0xF81F, 0xF81F, 0xF81F, 0xF81F, 0xF81F, 0xF81F,
  0xF81F, 0xF81F, 0xF81F, 0xF81F, 0xF81F, 0xF81F, 0xF81F, 0x89C2, 0xAAE2, 0xD464, 0xFE6C, 0xFF92, 0xFFF6, 0xFFF6, 0xFFF6, 0xFF52,
  0xF66E, 0xC407, 0x8182, 0xF81F, 0xF81F, 0xF81F, 0xF81F, 0xF81F, 0xF81F, 0xF81F, 0xF81F, 0xF81F, 0xF81F, 0xF81F, 0xF81F, 0xF81F,
  0xF81F, 0xF81F, 0xF81F, 0xF81F, 0xF81F, 0xF81F, 0xF81F, 0xF81F, 0xF81F, 0xF81F, 0xF81F, 0xF81F, 0xF81F, 0xF81F, 0xF81F, 0xF81F,
  0xF81F, 0xF81F, 0xF81F, 0xF81F, 0xF81F, 0xF81F, 0xF81F, 0xF81F, 0xF81F, 0xF81F, 0xF81F, 0xF81F, 0xF81F, 0xF81F, 0xF81F, 0x40C2,
  0x3103, 0x2903, 0x2903, 0x2904, 0x3144, 0x3124, 0x3103, 0x3922, 0x3923, 0x2923, 0x3144, 0x5164, 0x58A2, 0x5020, 0x9800, 0xC182,
  0xA346, 0x70A1, 0x9983, 0xCD0B, 0x7122, 0xBB47, 0xE5ED, 0xD50C, 0xD54D, 0xB3E7, 0x9B45, 0x71E1, 0xBBC4, 0xAB22, 0x8200, 0x71E0,
  0x7A01, 0x8A61, 0x69A0, 0x5960, 0x9281, 0x69A0, 0x61C1, 0x9281, 0xC404, 0xFF72, 0xEE71, 0xF81F, 0xF81F, 0xF81F, 0xF81F, 0xF81F,
  0xF81F, 0xF81F, 0xF81F, 0xF81F, 0x81A1, 0xA302, 0xD444, 0xE505, 0xFE2A, 0xFF10, 0xFF51, 0xFEAF, 0xED88, 0xCC23, 0xB3A3, 0xCC03,
  0xE548, 0xF5C9, 0xFE0A, 0xDD28, 0x9222, 0xF81F, 0xF81F, 0xF81F, 0xF81F, 0xF81F, 0xF81F, 0xF81F, 0xF81F, 0xF81F, 0xF81F, 0xF81F,
  0xF81F, 0xF81F, 0xF81F, 0xF81F, 0xF81F, 0xF81F, 0xF81F, 0xF81F, 0xF81F, 0xF81F, 0xF81F, 0xF81F, 0xF81F, 0xF81F, 0xF81F, 0xF81F,
  0xF81F, 0xF81F, 0xF81F, 0xF81F, 0xF81F, 0xF81F, 0xF81F, 0xF81F, 0xF81F, 0xF81F, 0xF81F, 0xF81F, 0x3882, 0x20A2, 0x20C3, 0x20C3,
  0x20E3, 0x2103, 0x30E3, 0x30E3, 0x28E3, 0x28E3, 0x3123, 0x3144, 0x3144, 0x40E2, 0x6123, 0x48C2, 0x3861, 0xA020, 0xC840, 0x7800,
  0x4800, 0xB840, 0xC0E1, 0x5800, 0x8800, 0xC347, 0xAB47, 0xE5F0, 0xD54D, 0xC4AB, 0xABA6, 0xA385, 0x92A2, 0x92A2, 0xAB22, 0x6160,
  0x69C0, 0xBB42, 0x7A00, 0x7A01, 0x4920, 0x7201, 0x6180, 0x71E1, 0x9261, 0xB362, 0xF68F, 0xF733, 0x9225, 0xF81F, 0xF81F, 0xF81F,
  0x7101, 0x79A1, 0x8A21, 0xA2E1, 0xB362, 0xDC64, 0xED67, 0xFEEC, 0xFF0F, 0xFE6B, 0xDCC5, 0xAB21, 0x71A0, 0x5940, 0x5120, 0x6980,
  0x6980, 0x8A20, 0x92A2, 0xE527, 0xC444, 0x8A81, 0x89C1, 0xF81F, 0xF81F, 0xF81F, 0xF81F, 0xF81F, 0xF81F, 0xF81F, 0xF81F, 0xF81F,
  0xF81F, 0xF81F, 0xF81F, 0xF81F, 0xF81F, 0xF81F, 0xF81F, 0xF81F, 0xF81F, 0xF81F, 0xF81F, 0xF81F, 0xF81F, 0xF81F, 0xF81F, 0xF81F,
  0xF81F, 0xF81F, 0xF81F, 0xF81F, 0xF81F, 0xF81F, 0xF81F, 0xF81F, 0xF81F, 0xF81F, 0xF81F, 0xF81F, 0xF81F, 0x3842, 0x3862, 0x4062,
  0xF81F, 0xF81F, 0x4062, 0x28C3, 0x28E3, 0x2903, 0x3124, 0x2923, 0x38A2, 0x5081, 0x38E2, 0x20C2, 0x9020, 0xB840, 0x8020, 0x2861,
  0xA080, 0xD040, 0x7000, 0x9820, 0xC060, 0x6000, 0xA2E7, 0xEDEE, 0xDDAF, 0xCCEB, 0xCCEB, 0xA386, 0x7A22, 0xBBA3, 0x8A61, 0x8A41,
  0x71E0, 0x5960, 0x4100, 0xAB02, 0x7A01, 0x69C0, 0x71E0, 0x69C0, 0x71E1, 0x6180, 0xA2E1, 0xE569, 0xFFD5, 0xB42A, 0x6940, 0x6160,
  0x7A01, 0x71C0, 0x8A61, 0x9A81, 0xB362, 0xCBC2, 0xE505, 0xE527, 0xCC43, 0x9240, 0x5100, 0x30A0, 0x40E0, 0x4920, 0x5980, 0x6180,
  0x5960, 0x6180, 0x6180, 0x40E0, 0x8241, 0x6A01, 0x6180, 0x7A01, 0xF81F, 0xF81F, 0xF81F, 0xF81F, 0xF81F, 0xF81F, 0xF81F, 0xF81F,
  0xF81F, 0xF81F, 0xF81F, 0xF81F, 0xF81F, 0xF81F, 0xF81F, 0xF81F, 0xF81F, 0xF81F, 0xF81F, 0xF81F, 0xF81F, 0xF81F, 0xF81F, 0xF81F,
  0xF81F, 0xF81F, 0xF81F, 0xF81F, 0xF81F, 0xF81F, 0xF81F, 0xF81F, 0xF81F, 0xF81F, 0xF81F, 0xF81F, 0xF81F, 0xF81F, 0xF81F, 0xF81F,
  0xF81F, 0x30A2, 0x20E3, 0x2103, 0x2904, 0x30E3, 0x20C2, 0x20A2, 0x3103, 0x2924, 0x28E3, 0x6041, 0x7861, 0x48A1, 0x18A1, 0x48E2,
  0xA060, 0x5040, 0x5081, 0xD060, 0x9020, 0x8000, 0xA9E3, 0xDD4D, 0xEE31, 0xE5AF, 0xD52C, 0xB3C6, 0xA366, 0x8242, 0x9AA2, 0xB343,
  0x7A01, 0x5980, 0x5960, 0x6180, 0x4100, 0x9AE2, 0x8220, 0x5960, 0x61A1, 0x5960, 0x5940, 0x9281, 0xDCE7, 0xFFB5, 0xE691, 0x8B04,
  0x7A00, 0x7A21, 0x8282, 0x9B45, 0x9B66, 0xBC28, 0xC4A9, 0xCCCA, 0xB46A, 0x7B28, 0x5A05, 0x38E0, 0x38A0, 0x5960, 0x61A0, 0x5960,
  0x5160, 0x5960, 0x7A01, 0x5140, 0x5140, 0x8220, 0x71C0, 0x61A1, 0x69A1, 0xF81F, 0xF81F, 0xF81F, 0xF81F, 0xF81F, 0xF81F, 0xF81F,
  0xF81F, 0xF81F, 0xF81F, 0xF81F, 0xF81F, 0xF81F, 0xF81F, 0xF81F, 0xF81F, 0xF81F, 0xF81F, 0xF81F, 0xF81F, 0xF81F, 0xF81F, 0xF81F,
  0xF81F, 0xF81F, 0xF81F, 0xF81F, 0xF81F, 0xF81F, 0xF81F, 0xF81F, 0xF81F, 0xF81F, 0xF81F, 0xF81F, 0xF81F, 0xF81F, 0xF81F, 0xF81F,
  0x28A3, 0x28C2, 0x30A2, 0x3882, 0xF81F, 0x3082, 0x20E3, 0x2903, 0x2903, 0x28C2, 0x30A2, 0x40E2, 0x2103, 0x18C2, 0x2903, 0x4103,
  0x2881, 0x10C2, 0x7081, 0x8820, 0x6020, 0xB000, 0x8840, 0xC40A, 0xD52E, 0xEE72, 0xCCEC, 0xD52C, 0xB408, 0x8AC5, 0xB363, 0x9281,
  0x61A0, 0x92A2, 0x8A41, 0x6180, 0x4100, 0x4100, 0x8A82, 0x8A82, 0x5160, 0x71E1, 0x5980, 0x6180, 0x9281, 0xC404, 0xEE4D, 0xFF92,
  0xEDEB, 0xE507, 0xDDCF, 0xFF36, 0xFF56, 0xFFBA, 0xFFFD, 0xFFFD, 0xFFFD, 0xFFFF, 0xFFFF, 0xEF38, 0x9C2C, 0x59A1, 0x69C0, 0x69C1,
  0x7201, 0x71E1, 0x69C1, 0x8A61, 0x61A1, 0x7A01, 0x71E1, 0x9B03, 0x9AE2, 0x81A2, 0xF81F, 0xF81F, 0xF81F, 0xF81F, 0xF81F, 0xF81F,
  0xF81F, 0xF81F, 0xF81F, 0xF81F, 0xF81F, 0xF81F, 0xF81F, 0xF81F, 0xF81F, 0xF81F, 0xF81F, 0xF81F, 0xF81F, 0xF81F, 0xF81F, 0xF81F,
  0xF81F, 0xF81F, 0xF81F, 0xF81F, 0xF81F, 0xF81F, 0xF81F, 0xF81F, 0xF81F, 0xF81F, 0xF81F, 0xF81F, 0xF81F, 0xF81F, 0xF81F, 0xF81F,
  0xF81F, 0xF81F, 0xF81F, 0xF81F, 0x3862, 0x20E3, 0x28A2, 0x3882, 0x4062, 0x28E3, 0x2903, 0x38A2, 0x38A2, 0x3103, 0x3103, 0x28C2,
  0x28E2, 0x3123, 0x4061, 0x1881, 0x7060, 0x9820, 0xB040, 0x7000, 0xDD6F, 0xEE30, 0xDD8E, 0xE5CF, 0xB408, 0xABC7, 0x92E3, 0x61C1,
  0x8262, 0xB363, 0x8221, 0x61A0, 0x69C1, 0x40E0, 0x71E1, 0x8241, 0x8221, 0x5960, 0x61A0, 0x5980, 0x5940, 0x6180, 0x9AA0, 0xD4C6,
  0xF62B, 0xDCE8, 0xCD71, 0xFF78, 0xFF58, 0xFF79, 0xF759, 0xF6F5, 0xF6F5, 0xEE73, 0xBD50, 0xD636, 0xFFFB, 0xDDCF, 0x5161, 0x59A2,
  0x7242, 0x7201, 0x59A1, 0x92C2, 0x7201, 0x7A43, 0x7201, 0xC468, 0xE529, 0x92A2, 0x5921, 0xF81F, 0xF81F, 0xF81F, 0xF81F, 0xF81F,
  0xF81F, 0xF81F, 0xF81F, 0xF81F, 0xF81F, 0xF81F, 0xF81F, 0xF81F, 0xF81F, 0xF81F, 0xF81F, 0xF81F, 0xF81F, 0xF81F, 0xF81F, 0xF81F,
  0xF81F, 0xF81F, 0xF81F, 0xF81F, 0xF81F, 0xF81F, 0xF81F, 0xF81F, 0xF81F, 0xF81F, 0xF81F, 0xF81F, 0xF81F, 0xF81F, 0xF81F, 0xF81F,
  0xF81F, 0xF81F, 0xF81F, 0xF81F, 0xF81F, 0xF81F, 0xF81F, 0xF81F, 0xF81F, 0x4862, 0xF81F, 0xF81F, 0x40A2, 0x40C2, 0xF81F, 0x38A2,
  0x3103, 0x30E2, 0x28E2, 0x3903, 0x4861, 0x6040, 0xA820, 0x9800, 0xD489, 0xCD0B, 0xEE11, 0xDD8E, 0xC48A, 0xCCEB, 0xA386, 0x8284,
  0x92C3, 0x7A42, 0x5161, 0x8242, 0x5960, 0x69A0, 0xAB02, 0x7A01, 0x6160, 0x69A0, 0x5980, 0x4920, 0x61A0, 0x5980, 0x69A0, 0x8200,
  0xAAE0, 0xBC06, 0xE654, 0xFF58, 0xFF79, 0xFF58, 0xFEF5, 0xF6D3, 0xFF58, 0xF6D5, 0x8283, 0x4120, 0x4963, 0xC4A8, 0xC528, 0x7A84,
  0x7A84, 0x8AE5, 0x8AE5, 0x9346, 0x8AE5, 0xABE8, 0xBC08, 0xBC28, 0xEDCE, 0xD50B, 0x4962, 0x4922, 0xF81F, 0xF81F, 0xF81F, 0xF81F,
  0xF81F, 0xF81F, 0xF81F, 0xF81F, 0xF81F, 0xF81F, 0xF81F, 0xF81F, 0xF81F, 0xF81F, 0xF81F, 0xF81F, 0xF81F, 0xF81F, 0xF81F, 0xF81F,
  0xF81F, 0xF81F, 0xF81F, 0xF81F, 0xF81F, 0xF81F, 0xF81F, 0xF81F, 0xF81F, 0xF81F, 0xF81F, 0xF81F, 0xF81F, 0xF81F, 0xF81F, 0xF81F,
  0xF81F, 0xF81F, 0xF81F, 0xF81F, 0xF81F, 0xF81F, 0xF81F, 0xF81F, 0xF81F, 0xF81F, 0xF81F, 0xF81F, 0xF81F, 0xF81F, 0xF81F, 0xF81F,
  0xF81F, 0x4862, 0x3123, 0x3103, 0x18A2, 0x6840, 0x9020, 0xB060, 0x80A0, 0xA308, 0xF6D3, 0xD54D, 0xDD8E, 0xDD8E, 0xA3A7, 0xA3C8,
  0x9B87, 0x82C5, 0x8284, 0x7223, 0x5981, 0x5981, 0x30C0, 0x38E0, 0x8262, 0x8241, 0x8A41, 0x8241, 0x69E1, 0x5980, 0x4100, 0x9281,
  0xD464, 0xCD4D, 0xEEB4, 0xFF37, 0xFF58, 0xFF37, 0xF6B3, 0xF693, 0xF6F5, 0xFF98, 0xDDCF, 0x8AC2, 0x9325, 0xE566, 0xF6A9, 0xEE8D,
  0x9B66, 0xA387, 0xABC8, 0xABE8, 0xC48A, 0xBC29, 0xDD8E, 0xCCCB, 0xB3E7, 0xE5CF, 0xCC89, 0x28E1, 0x3102, 0x58E2, 0xF81F, 0xF81F,
  0xF81F, 0xF81F, 0xF81F, 0xF81F, 0xF81F, 0xF81F, 0xF81F, 0xF81F, 0xF81F, 0xF81F, 0xF81F, 0xF81F, 0xF81F, 0xF81F, 0xF81F, 0xF81F,
  0xF81F, 0xF81F, 0xF81F, 0xF81F, 0xF81F, 0xF81F, 0xF81F, 0xF81F, 0xF81F, 0xF81F, 0xF81F, 0xF81F, 0xF81F, 0xF81F, 0xF81F, 0xF81F,
  0xF81F, 0xF81F, 0xF81F, 0xF81F, 0xF81F, 0xF81F, 0xF81F, 0xF81F, 0xF81F, 0xF81F, 0xF81F, 0xF81F, 0xF81F, 0xF81F, 0xF81F, 0xF81F,
  0xF81F, 0xF81F, 0x38C3, 0x30C2, 0x3103, 0x4081, 0x5861, 0xA840, 0x7000, 0xB2E7, 0xFED2, 0xD4EB, 0xE610, 0xD52C, 0xBC07, 0xCD0C,
  0xBC8A, 0xABC8, 0xA3A8, 0x7A85, 0x61A2, 0x4941, 0x4940, 0x4100, 0x1840, 0x38E0, 0x8261, 0x4120, 0x4920, 0x5960, 0x7A21, 0xBBC4,
  0xE4E5, 0xCCEB, 0xF716, 0xFF16, 0xFF36, 0xF6F5, 0xF693, 0xE5CF, 0xCCCB, 0xC4AA, 0xCCEB, 0xBC46, 0xB424, 0xC463, 0xE4C1, 0xFDC4,
  0xC467, 0x9B67, 0xBC8A, 0xBC6A, 0xDD6E, 0xCCCB, 0xC4AB, 0xEE52, 0xD50C, 0x59E3, 0x59C3, 0x3922, 0x2903, 0x3123, 0x3922, 0x58C2,
  0xF81F, 0xF81F, 0xF81F, 0xF81F, 0xF81F, 0xF81F, 0xF81F, 0xF81F, 0xF81F, 0xF81F, 0xF81F, 0xF81F, 0xF81F, 0xF81F, 0xF81F, 0xF81F,
  0xF81F, 0xF81F, 0xF81F, 0xF81F, 0xF81F, 0xF81F, 0xF81F, 0xF81F, 0xF81F, 0xF81F, 0xF81F, 0xF81F, 0xF81F, 0xF81F, 0xF81F, 0xF81F,
  0xF81F, 0xF81F, 0xF81F, 0xF81F, 0xF81F, 0xF81F, 0xF81F, 0xF81F, 0xF81F, 0xF81F, 0xF81F, 0xF81F, 0xF81F, 0xF81F, 0xF81F, 0xF81F,
  0xF81F, 0xF81F, 0xF81F, 0x4862, 0x3103, 0x20C2, 0x50A2, 0x8020, 0x7800, 0xA9A3, 0xA366, 0xB389, 0xF6D3, 0xC4AA, 0xD56D, 0xDDAF,
  0xBC6A, 0xC4CC, 0xAC09, 0x82C5, 0x7243, 0x7243, 0x4941, 0x2060, 0x30A0, 0x30A0, 0x2060, 0x38E0, 0x61A1, 0x8241, 0xA302, 0xDCC5,
  0xDCE6, 0xDDAE, 0xE653, 0xF6F6, 0xF717, 0xF693, 0xE5CF, 0xC48A, 0x9B66, 0x82C4, 0x59C2, 0x4982, 0x5182, 0x61E2, 0x8263, 0x9AC0,
  0xABA6, 0xB46A, 0xC4EC, 0xC4EC, 0xCCEB, 0xE611, 0xC4AA, 0xCD2D, 0xFE71, 0xA3C7, 0x0820, 0x20E2, 0x3902, 0x4103, 0x28E3, 0x3123,
  0x3922, 0x40C2, 0x5081, 0xF81F, 0xF81F, 0xF81F, 0xF81F, 0xF81F, 0xF81F, 0xF81F, 0xF81F, 0xF81F, 0xF81F, 0xF81F, 0xF81F, 0xF81F,
  0xF81F, 0xF81F, 0xF81F, 0xF81F, 0xF81F, 0xF81F, 0xF81F, 0xF81F, 0xF81F, 0xF81F, 0xF81F, 0xF81F, 0xF81F, 0xF81F, 0xF81F, 0xF81F,
  0xF81F, 0xF81F, 0xF81F, 0xF81F, 0xF81F, 0xF81F, 0xF81F, 0xF81F, 0xF81F, 0xF81F, 0xF81F, 0xF81F, 0xF81F, 0xF81F, 0xF81F, 0xF81F,
  0xF81F, 0xF81F, 0xF81F, 0xF81F, 0xF81F, 0x40A2, 0x4103, 0x4881, 0xA020, 0x8040, 0x5000, 0xA266, 0xD52C, 0xB3A8, 0xF6B3, 0xE5F0,
  0xD52C, 0xBC6A, 0x6A24, 0x6203, 0x7A63, 0x5981, 0x28A0, 0x28A0, 0x38C0, 0x5140, 0x6180, 0x7A01, 0x79E1, 0xA322, 0xBB83, 0xBBC4,
  0xE547, 0xCC44, 0xDDF0, 0xF6F5, 0xEE94, 0xE631, 0xCD0C, 0xA3C8, 0x8AE5, 0x51C3, 0x4982, 0x59E4, 0x7285, 0x9326, 0x9B88, 0x82C6,
  0xAC09, 0xCD4E, 0xBC8B, 0xDD8F, 0xC4AB, 0xE611, 0xDDAF, 0x82C5, 0x8327, 0xD4EA, 0x6A24, 0x20C3, 0x20E3, 0x38E2, 0x50A2, 0xF81F,
  0x3882, 0x38A2, 0x3881, 0xF81F, 0xF81F, 0xF81F, 0xF81F, 0xF81F, 0xF81F, 0xF81F, 0xF81F, 0xF81F, 0xF81F, 0xF81F, 0xF81F, 0xF81F,
  0xF81F, 0xF81F, 0xF81F, 0xF81F, 0xF81F, 0xF81F, 0xF81F, 0xF81F, 0xF81F, 0xF81F, 0xF81F, 0xF81F, 0xF81F, 0xF81F, 0xF81F, 0xF81F,
  0xF81F, 0xF81F, 0xF81F, 0xF81F, 0xF81F, 0xF81F, 0xF81F, 0xF81F, 0xF81F, 0xF81F, 0xF81F, 0xF81F, 0xF81F, 0xF81F, 0xF81F, 0xF81F,
  0xF81F, 0xF81F, 0xF81F, 0xF81F, 0xF81F, 0xF81F, 0x3903, 0x48E2, 0x48C2, 0x5820, 0x8820, 0x6881, 0x5860, 0xAB89, 0xEE71, 0x8B28,
  0x8BA9, 0x30E1, 0x0820, 0x20A0, 0x2080, 0x40E0, 0x4920, 0x4120, 0x5140, 0x5940, 0x71E0, 0x8A61, 0xA302, 0x9AC2, 0x9AA1, 0xAB22,
  0xDC84, 0xD4E9, 0xCD2E, 0xCD2D, 0xE5CF, 0xCD0C, 0xB48B, 0xA3A7, 0x51C3, 0x49A3, 0x7244, 0x82C6, 0x7A45, 0x71A3, 0x7224, 0xC4CB,
  0xA3C9, 0xD5AF, 0xB44A, 0xDDD0, 0xCD0D, 0xB429, 0xEE31, 0xC4AA, 0x2080, 0x3102, 0x3922, 0x28E2, 0x2903, 0x2903, 0x3102, 0x58E2,
  0xF81F, 0xF81F, 0xF81F, 0xF81F, 0xF81F, 0xF81F, 0xF81F, 0xF81F, 0xF81F, 0xF81F, 0xF81F, 0xF81F, 0xF81F, 0xF81F, 0xF81F, 0xF81F,
  0xF81F, 0xF81F, 0xF81F, 0xF81F, 0xF81F, 0xF81F, 0xF81F, 0xF81F, 0xF81F, 0xF81F, 0xF81F, 0xF81F, 0xF81F, 0xF81F, 0xF81F, 0xF81F,
  0xF81F, 0xF81F, 0xF81F, 0xF81F, 0xF81F, 0xF81F, 0xF81F, 0xF81F, 0xF81F, 0xF81F, 0xF81F, 0xF81F, 0xF81F, 0xF81F, 0xF81F, 0xF81F,
  0xF81F, 0xF81F, 0xF81F, 0xF81F, 0xF81F, 0xF81F, 0xF81F, 0xF81F, 0x38C2, 0x48C2, 0x68A1, 0x5881, 0x5841, 0x5963, 0x4143, 0x1061,
  0x1860, 0x2080, 0x4100, 0x38E0, 0x4920, 0x5981, 0x79E1, 0x8A41, 0x9281, 0x8A41, 0x61A0, 0x7A21, 0x8241, 0x9AA2, 0x9AE2, 0xBB83,
  0x8A82, 0xC3A2, 0xAB22, 0xCD4E, 0xCCEC, 0xB46A, 0xA3E8, 0x7204, 0x4902, 0x6163, 0x6983, 0x6963, 0x6902, 0x6800, 0x5820, 0xB3A8,
  0x6162, 0xB48B, 0xB46B, 0xB48C, 0xF631, 0x82C6, 0x8328, 0xEDAD, 0x6223, 0x1061, 0x20E2, 0x28E2, 0x3923, 0x3123, 0x2903, 0x2903,
  0x4102, 0xF81F, 0xF81F, 0xF81F, 0xF81F, 0xF81F, 0xF81F, 0xF81F, 0xF81F, 0xF81F, 0xF81F, 0xF81F, 0xF81F, 0xF81F, 0xF81F, 0xF81F,
  0xF81F, 0xF81F, 0xF81F, 0xF81F, 0xF81F, 0xF81F, 0xF81F, 0xF81F, 0xF81F, 0xF81F, 0xF81F, 0xF81F, 0xF81F, 0xF81F, 0xF81F, 0xF81F,
  0xF81F, 0xF81F, 0xF81F, 0xF81F, 0xF81F, 0xF81F, 0xF81F, 0xF81F, 0xF81F, 0xF81F, 0xF81F, 0xF81F, 0xF81F, 0xF81F, 0xF81F, 0xF81F,
  0xF81F, 0xF81F, 0xF81F, 0xF81F, 0xF81F, 0xF81F, 0xF81F, 0xF81F, 0xF81F, 0xF81F, 0x5841, 0x5841, 0x4081, 0x4081, 0x5142, 0x61E1,
  0x69E1, 0x61A1, 0x5140, 0x61A0, 0x7A21, 0x8262, 0xA2E2, 0xCC24, 0xF587, 0xE4A4, 0x69A0, 0x69C0, 0x6180, 0x71E1, 0x8A61, 0x8241,
  0x9281, 0x7A21, 0x8262, 0x8A83, 0xABE9, 0xA3C7, 0x7224, 0x3020, 0x4020, 0x5840, 0x5020, 0x5000, 0x6000, 0x9020, 0x6000, 0x6880,
  0x6040, 0x4142, 0x7AA5, 0x3942, 0xE5CF, 0xB429, 0x0800, 0x4163, 0x51A2, 0x20C2, 0x3144, 0x2903, 0x28E2, 0x4102, 0x38C3, 0x2924,
  0x2903, 0x30E2, 0x48C2, 0xF81F, 0xF81F, 0xF81F, 0xF81F, 0xF81F, 0xF81F, 0xF81F, 0xF81F, 0xF81F, 0xF81F, 0xF81F, 0xF81F, 0xF81F,
  0xF81F, 0xF81F, 0xF81F, 0xF81F, 0xF81F, 0xF81F, 0xF81F, 0xF81F, 0xF81F, 0xF81F, 0xF81F, 0xF81F, 0xF81F, 0xF81F, 0xF81F, 0xF81F,
  0xF81F, 0xF81F, 0xF81F, 0xF81F, 0xF81F, 0xF81F, 0xF81F, 0xF81F, 0xF81F, 0xF81F, 0xF81F, 0xF81F, 0xF81F, 0xF81F, 0xF81F, 0xF81F,
  0xF81F, 0xF81F, 0xF81F, 0xF81F, 0xF81F, 0xF81F, 0xF81F, 0xF81F, 0xF81F, 0xF81F, 0xF81F, 0xF81F, 0x9B08, 0xC449, 0xAB43, 0x7A01,
  0x8A82, 0x8221, 0x6180, 0x6980, 0x8A82, 0xAB22, 0xCC04, 0xED67, 0xFE6C, 0xF5E9, 0x5940, 0x4100, 0x61A0, 0x71C1, 0x6160, 0x71E1,
  0x69C0, 0x69A0, 0x6980, 0x69C1, 0x69C1, 0x6962, 0x4861, 0x4081, 0x4041, 0x5041, 0x5800, 0x7021, 0x7000, 0x8820, 0x7800, 0x8000,
  0x7800, 0x2840, 0x1881, 0x1881, 0x49C4, 0x9346, 0x20A1, 0x18C2, 0x18A2, 0x20E2, 0x28E2, 0x3123, 0x28E3, 0x28E2, 0x48C2, 0xF81F,
  0x38C3, 0x28E3, 0x28E3, 0x30E2, 0x38C1, 0x4861, 0xF81F, 0xF81F, 0xF81F, 0xF81F, 0xF81F, 0xF81F, 0xF81F, 0xF81F, 0xF81F, 0xF81F,
  0xF81F, 0xF81F, 0xF81F, 0xF81F, 0xF81F, 0xF81F, 0xF81F, 0xF81F, 0xF81F, 0xF81F, 0xF81F, 0xF81F, 0xF81F, 0xF81F, 0xF81F, 0xF81F,
  0xF81F, 0xF81F, 0xF81F, 0xF81F, 0xF81F, 0xF81F, 0xF81F, 0xF81F, 0xF81F, 0xF81F, 0xF81F, 0xF81F, 0xF81F, 0xF81F, 0xF81F, 0xF81F,
  0xF81F, 0xF81F, 0xF81F, 0xF81F, 0xF81F, 0x9AA7, 0xA328, 0xAB89, 0xABA9, 0xB40A, 0xBC4B, 0xB429, 0x8B26, 0x5182, 0x38E0, 0x8261,
  0x92A2, 0x6181, 0x5940, 0x8221, 0x9AC2, 0xC3E4, 0xDCA5, 0xF5C9, 0xFE8C, 0xD4A5, 0x3080, 0x4920, 0x4940, 0x5140, 0x5960, 0x5120,
  0x4900, 0x5140, 0x5960, 0x6160, 0x5881, 0xF81F, 0xF81F, 0xF81F, 0x5021, 0x4861, 0x6040, 0x50C2, 0x6020, 0x6840, 0x7020, 0x8820,
  0x7040, 0x5061, 0x20E2, 0x28E2, 0x18A2, 0x20C2, 0x20C2, 0x2903, 0x3144, 0x2903, 0x2902, 0x30E2, 0x2924, 0x28E3, 0x28E2, 0x50C2,
  0xF81F, 0xF81F, 0x4862, 0x3862, 0x3861, 0x4061, 0xF81F, 0xF81F, 0xF81F, 0xF81F, 0xF81F, 0xF81F, 0xF81F, 0xF81F, 0xF81F, 0xF81F,
  0xF81F, 0xF81F, 0xF81F, 0xF81F, 0xF81F, 0xF81F, 0xF81F, 0xF81F, 0xF81F, 0xF81F, 0xF81F, 0xF81F, 0xF81F, 0xF81F, 0xF81F, 0xF81F,
  0xF81F, 0xF81F, 0xF81F, 0xF81F, 0xF81F, 0xF81F, 0xF81F, 0xF81F, 0xF81F, 0xF81F, 0xF81F, 0xF81F, 0xF81F, 0xF81F, 0xF81F, 0xF81F,
  0xF81F, 0x9204, 0xB2E5, 0xCC49, 0xE5EF, 0xF693, 0xF6B4, 0xEE52, 0xDD8F, 0xC4AB, 0xABC7, 0x82A4, 0x5140, 0x5940, 0x71E1, 0x71E1,
  0x69A0, 0x4920, 0x5981, 0x71E1, 0x9AC2, 0xCC04, 0xE506, 0xED68, 0xFDC9, 0x8A62, 0x2040, 0x38E0, 0x4100, 0x4920, 0x4100, 0x5940,
  0x6160, 0x5940, 0x60C1, 0xF81F, 0xF81F, 0xF81F, 0xF81F, 0xF81F, 0xF81F, 0x5841, 0x6021, 0x48A2, 0x4861, 0x4081, 0x4061, 0x7020,
  0x5881, 0x5861, 0x2903, 0x3102, 0x28E2, 0x2923, 0x28E2, 0x2902, 0x2903, 0x3144, 0x20E3, 0x30E2, 0x38A2, 0x2924, 0x28E3, 0x28E2,
  0x48E2, 0xF81F, 0xF81F, 0xF81F, 0xF81F, 0xF81F, 0xF81F, 0xF81F, 0xF81F, 0xF81F, 0xF81F, 0xF81F, 0xF81F, 0xF81F, 0xF81F, 0xF81F,
  0xF81F, 0xF81F, 0xF81F, 0xF81F, 0xF81F, 0xF81F, 0xF81F, 0xF81F, 0xF81F, 0xF81F, 0xF81F, 0xF81F, 0xF81F, 0xF81F, 0xF81F, 0xF81F,
  0xF81F, 0xF81F, 0xF81F, 0xF81F, 0xF81F, 0xF81F, 0xF81F, 0xF81F, 0xF81F, 0xF81F, 0xF81F, 0xF81F, 0xF81F, 0xF81F, 0xF81F, 0xA080,
  0xA040, 0x9122, 0xB347, 0xD54E, 0xDDF1, 0xDDF2, 0xD56F, 0xCD4E, 0xC4AB, 0xABE8, 0x82C5, 0x5981, 0x5940, 0x4920, 0x5140, 0x6180,
  0x5140, 0x38E0, 0x7201, 0x8242, 0xAB02, 0xCC04, 0xD444, 0xE4C5, 0xCC04, 0x38C0, 0x2880, 0x38E0, 0x4920, 0x4920, 0x5120, 0x58E0,
  0xF81F, 0xF81F, 0xF81F, 0xF81F, 0xF81F, 0xF81F, 0xF81F, 0xF81F, 0xF81F, 0xF81F, 0xF81F, 0xF81F, 0x5021, 0x4082, 0x4861, 0x5020,
  0x48A1, 0x4881, 0x30E2, 0x3123, 0x28E2, 0x2903, 0x3124, 0x28E2, 0x30E2, 0x3104, 0x2903, 0x20E2, 0x40C2, 0xF81F, 0x28E3, 0x28E3,
  0x20E2, 0x40E2, 0xF81F, 0xF81F, 0xF81F, 0xF81F, 0xF81F, 0xF81F, 0xF81F, 0xF81F, 0xF81F, 0xF81F, 0xF81F, 0xF81F, 0xF81F, 0xF81F,
  0xF81F, 0xF81F, 0xF81F, 0xF81F, 0xF81F, 0xF81F, 0xF81F, 0xF81F, 0xF81F, 0xF81F, 0xF81F, 0xF81F, 0xF81F, 0xF81F, 0xF81F, 0xF81F,
  0xF81F, 0xF81F, 0xF81F, 0xF81F, 0xF81F, 0xF81F, 0xF81F, 0xF81F, 0xF81F, 0xF81F, 0xF81F, 0xF81F, 0xF81F, 0xF81F, 0x8820, 0x8000,
  0x8020, 0x8102, 0xB3C9, 0xE5CE, 0xE611, 0xE632, 0xDDD0, 0xCCEC, 0xBC6A, 0x9B87, 0x6A03, 0x69C1, 0x69C1, 0x5140, 0x6180, 0x5140,
  0x30C0, 0x5161, 0x71E1, 0x8201, 0x9281, 0xB384, 0xB383, 0xB363, 0x8241, 0x1840, 0x28A0, 0x30A0, 0x4100, 0x5100, 0xF81F, 0xF81F,
  0xF81F, 0xF81F, 0xF81F, 0xF81F, 0xF81F, 0xF81F, 0xF81F, 0xF81F, 0xF81F, 0xF81F, 0xF81F, 0xF81F, 0xF81F, 0xF81F, 0x38C2, 0x4841,
  0x4881, 0x30C2, 0x30C2, 0x2923, 0x28E2, 0x20C2, 0x3124, 0x28E3, 0x30E2, 0x40C2, 0x2903, 0x20E3, 0x20C2, 0x48A1, 0xF81F, 0x30C2,
  0x28E3, 0x28E2, 0x30C2, 0xF81F, 0xF81F, 0xF81F, 0xF81F, 0xF81F, 0xF81F, 0xF81F, 0xF81F, 0xF81F, 0xF81F, 0xF81F, 0xF81F, 0xF81F,
  0xF81F, 0xF81F, 0xF81F, 0xF81F, 0xF81F, 0xF81F, 0xF81F, 0xF81F, 0xF81F, 0xF81F, 0xF81F, 0xF81F, 0xF81F, 0xF81F, 0xF81F, 0xF81F,
  0xF81F, 0xF81F, 0xF81F, 0xF81F, 0xF81F, 0xF81F, 0xF81F, 0xF81F, 0xF81F, 0xF81F, 0xF81F, 0xF81F, 0xF81F, 0xF81F, 0xF81F, 0x91E4,
  0xB1E4, 0xB243, 0xCCCA, 0xD590, 0xD56F, 0xCCED, 0xBC8B, 0xC4AB, 0xC4CB, 0xA3C8, 0x6A02, 0x5981, 0x5140, 0x4100, 0x4100, 0x4100,
  0x2880, 0x5161, 0x8242, 0x9AC2, 0x8A41, 0xA2E2, 0x9282, 0xB342, 0x61A0, 0x0800, 0x30A0, 0x40E0, 0x69A0, 0xF81F, 0xF81F, 0xF81F,
  0xF81F, 0xF81F, 0xF81F, 0xF81F, 0xF81F, 0xF81F, 0xF81F, 0xF81F, 0xF81F, 0xF81F, 0xF81F, 0xF81F, 0xF81F, 0xF81F, 0x3082, 0x4061,
  0x4041, 0x28E3, 0x28A2, 0x28E3, 0x28E3, 0x28C2, 0x28C2, 0x2903, 0x20E3, 0x40E2, 0x4862, 0x2903, 0x20C3, 0x28E2, 0x5081, 0xF81F,
  0x4062, 0x30A2, 0x28C2, 0x28E2, 0x4081, 0xF81F, 0xF81F, 0xF81F, 0xF81F, 0xF81F, 0xF81F, 0xF81F, 0xF81F, 0xF81F, 0xF81F, 0xF81F,
  0xF81F, 0xF81F, 0xF81F, 0xF81F, 0xF81F, 0xF81F, 0xF81F, 0xF81F, 0xF81F, 0xF81F, 0xF81F, 0xF81F, 0xF81F, 0xF81F, 0xF81F, 0xF81F,
  0xF81F, 0xF81F, 0xF81F, 0xF81F, 0xF81F, 0xF81F, 0xF81F, 0xF81F, 0xF81F, 0xF81F, 0xF81F, 0xF81F, 0xF81F, 0x8942, 0xB9C2, 0xB0C1,
  0xA020, 0x7800, 0x6000, 0x81C4, 0xBC49, 0xDD6E, 0xEE53, 0xDD8E, 0xAC08, 0xA3C7, 0x8AE5, 0x69C1, 0x6181, 0x5140, 0x5960, 0x4920,
  0x2880, 0x5961, 0x92A2, 0x7201, 0x8A61, 0x8A61, 0x92C2, 0xFDC8, 0xA3A5, 0x1000, 0x5100, 0x8241, 0x6940, 0xF81F, 0xF81F, 0xF81F,
  0xF81F, 0xF81F, 0xF81F, 0xF81F, 0xF81F, 0xF81F, 0xF81F, 0xF81F, 0xF81F, 0xF81F, 0xF81F, 0xF81F, 0xF81F, 0xF81F, 0xF81F, 0xF81F,
  0xF81F, 0x28C2, 0x28A2, 0x3882, 0x28E3, 0x28C2, 0x3861, 0x28E3, 0x28E3, 0x28E2, 0x5061, 0xF81F, 0x28E3, 0x20C3, 0x28E2, 0x5061,
  0xF81F, 0xF81F, 0xF81F, 0x3862, 0x3081, 0x4841, 0xF81F, 0xF81F, 0xF81F, 0xF81F, 0xF81F, 0xF81F, 0xF81F, 0xF81F, 0xF81F, 0xF81F,
  0xF81F, 0xF81F, 0xF81F, 0xF81F, 0xF81F, 0xF81F, 0xF81F, 0xF81F, 0xF81F, 0xF81F, 0xF81F, 0xF81F, 0xF81F, 0xF81F, 0xF81F, 0xF81F,
  0xF81F, 0xF81F, 0xF81F, 0xF81F, 0xF81F, 0xF81F, 0xF81F, 0xF81F, 0xF81F, 0xF81F, 0xF81F, 0xF81F, 0xF81F, 0x88A1, 0xA000, 0x9000,
  0x8800, 0x8881, 0x9A22, 0xE5AC, 0xFEF4, 0xF6B4, 0xD56E, 0xC48B, 0xC4CB, 0xBC8A, 0x9325, 0x82C4, 0x61C2, 0x61A1, 0x59A2, 0x59A2,
  0x6A03, 0x69E1, 0x71E1, 0x69C1, 0xAB43, 0x8A61, 0xB363, 0xCC24, 0xF608, 0xAC46, 0x61E1, 0x7A00, 0xC3E2, 0xF81F, 0xF81F, 0xF81F,
  0xF81F, 0xF81F, 0xF81F, 0xF81F, 0xF81F, 0xF81F, 0xF81F, 0xF81F, 0xF81F, 0xF81F, 0xF81F, 0xF81F, 0xF81F, 0xF81F, 0xF81F, 0xF81F,
  0xF81F, 0xF81F, 0x30A2, 0xF81F, 0x3082, 0x28E3, 0x3082, 0xF81F, 0x2903, 0x20C2, 0x28E2, 0xF81F, 0xF81F, 0x30C2, 0x20E2, 0x28E2,
  0xF81F, 0xF81F, 0xF81F, 0xF81F, 0xF81F, 0xF81F, 0xF81F, 0xF81F, 0xF81F, 0xF81F, 0xF81F, 0xF81F, 0xF81F, 0xF81F, 0xF81F, 0xF81F,
  0xF81F, 0xF81F, 0xF81F, 0xF81F, 0xF81F, 0xF81F, 0xF81F, 0xF81F, 0xF81F, 0xF81F, 0xF81F, 0xF81F, 0xF81F, 0xF81F, 0xF81F, 0xF81F,
  0xF81F, 0xF81F, 0xF81F, 0xF81F, 0xF81F, 0xF81F, 0xF81F, 0xF81F, 0xF81F, 0xF81F, 0xF81F, 0xF81F, 0xF81F, 0xF81F, 0xF81F, 0xF81F,
  0x99C3, 0xBA03, 0xB282, 0xCC69, 0xBC2B, 0xAB66, 0xCCCB, 0xE632, 0xDDD0, 0xABE8, 0xB429, 0x9BA7, 0x8B05, 0xA387, 0x7A84, 0x8B06,
  0x8AE5, 0x7203, 0x5120, 0x71E1, 0x8241, 0x7A21, 0x71E1, 0x40E0, 0x6980, 0xDCE4, 0xFECA, 0xCCE5, 0xCC84, 0xE565, 0xDD08, 0xF81F,
  0xF81F, 0xF81F, 0xF81F, 0xF81F, 0xF81F, 0xF81F, 0xF81F, 0xF81F, 0xF81F, 0xF81F, 0xF81F, 0xF81F, 0xF81F, 0xF81F, 0xF81F, 0xF81F,
  0xF81F, 0xF81F, 0xF81F, 0xF81F, 0xF81F, 0x30A2, 0x28E2, 0xF81F, 0xF81F, 0x28E2, 0x20C2, 0x38C1, 0xF81F, 0xF81F, 0x3882, 0x28C2,
  0x30E2, 0x4861, 0xF81F, 0xF81F, 0xF81F, 0xF81F, 0xF81F, 0xF81F, 0xF81F, 0xF81F, 0xF81F, 0xF81F, 0xF81F, 0xF81F, 0xF81F, 0xF81F,
  0xF81F, 0xF81F, 0xF81F, 0xF81F, 0xF81F, 0xF81F, 0xF81F, 0xF81F, 0xF81F, 0xF81F, 0xF81F, 0xF81F, 0xF81F, 0xF81F, 0xF81F, 0xF81F,
  0xF81F, 0xF81F, 0xF81F, 0xF81F, 0xF81F, 0xF81F, 0xF81F, 0xF81F, 0xF81F, 0xF81F, 0xF81F, 0xF81F, 0xF81F, 0xF81F, 0xF81F, 0x99E3,
  0xB962, 0x9800, 0x8800, 0x7000, 0x8880, 0xDD0C, 0xF6D4, 0xDDAF, 0xBC6A, 0xDD8F, 0xCD2D, 0xABE8, 0xC4EB, 0xB429, 0xB429, 0xAC09,
  0xA3A7, 0x79C4, 0xF81F, 0x6121, 0x6180, 0x50C1, 0x50A1, 0xF81F, 0x8A01, 0xA2E0, 0xE524, 0xC485, 0x5100, 0x71A0, 0xDD26, 0xE546,
  0xF81F, 0xF81F, 0xF81F, 0xF81F, 0xF81F, 0xF81F, 0xF81F, 0xF81F, 0xF81F, 0xF81F, 0xF81F, 0xF81F, 0xF81F, 0xF81F, 0xF81F, 0xF81F,
  0xF81F, 0xF81F, 0xF81F, 0xF81F, 0xF81F, 0xF81F, 0x3882, 0x4061, 0xF81F, 0xF81F, 0x28C2, 0x28C2, 0x4081, 0xF81F, 0xF81F, 0xF81F,
  0x4062, 0x3881, 0xF81F, 0xF81F, 0xF81F, 0xF81F, 0xF81F, 0xF81F, 0xF81F, 0xF81F, 0xF81F, 0xF81F, 0xF81F, 0xF81F, 0xF81F, 0xF81F,
  0xF81F, 0xF81F, 0xF81F, 0xF81F, 0xF81F, 0xF81F, 0xF81F, 0xF81F, 0xF81F, 0xF81F, 0xF81F, 0xF81F, 0xF81F, 0xF81F, 0xF81F, 0xF81F,
  0xF81F, 0xF81F, 0xF81F, 0xF81F, 0xF81F, 0xF81F, 0xF81F, 0xF81F, 0xF81F, 0xF81F, 0xF81F, 0xF81F, 0xF81F, 0xF81F, 0x8162, 0xA8E0,
  0x9800, 0x9820, 0x9000, 0x9942, 0xCC05, 0xE5ED, 0xBC4B, 0xAB87, 0xDDF0, 0xE5F0, 0xBC8A, 0xDDF1, 0xCD2D, 0xB429, 0xDD8F, 0xC4AB,
  0xB408, 0xF81F, 0xF81F, 0xF81F, 0xF81F, 0xF81F, 0xF81F, 0x5922, 0xCC01, 0x6120, 0x9B02, 0xF607, 0x81C2, 0x48C1, 0xB3A2, 0xCC44,
  0xC3E3, 0xF81F, 0xF81F, 0xF81F, 0xF81F, 0xF81F, 0xF81F, 0xF81F, 0xF81F, 0xF81F, 0xF81F, 0xF81F, 0xF81F, 0xF81F, 0xF81F, 0xF81F,
  0xF81F, 0xF81F, 0xF81F, 0xF81F, 0xF81F, 0xF81F, 0xF81F, 0xF81F, 0xF81F, 0xF81F, 0xF81F, 0x3862, 0x28C2, 0x4841, 0xF81F, 0xF81F,
  0xF81F, 0xF81F, 0xF81F, 0xF81F, 0xF81F, 0xF81F, 0xF81F, 0xF81F, 0xF81F, 0xF81F, 0xF81F, 0xF81F, 0xF81F, 0xF81F, 0xF81F, 0xF81F,
  0xF81F, 0xF81F, 0xF81F, 0xF81F, 0xF81F, 0xF81F, 0xF81F, 0xF81F, 0xF81F, 0xF81F, 0xF81F, 0xF81F, 0xF81F, 0xF81F, 0xF81F, 0xF81F,
  0xF81F, 0xF81F, 0xF81F, 0xF81F, 0xF81F, 0xF81F, 0xF81F, 0xF81F, 0xF81F, 0xF81F, 0xF81F, 0xF81F, 0xF81F, 0xF81F, 0xF81F, 0xF81F,
  0x7821, 0xF81F, 0x91C3, 0xCA03, 0xA0E0, 0x80A0, 0x7800, 0xD4EC, 0xDDCF, 0x9B26, 0xDD6E, 0xEE92, 0xB3E9, 0xD52D, 0xD58E, 0xA2A5,
  0x89C3, 0xF81F, 0xF81F, 0xF81F, 0xF81F, 0xF81F, 0xF81F, 0x3081, 0xF81F, 0xF81F, 0xAB01, 0xF584, 0xF81F, 0xF81F, 0x7A61, 0x59A1,
  0xAB82, 0xF81F, 0xF81F, 0xF81F, 0xF81F, 0xF81F, 0xF81F, 0xF81F, 0xF81F, 0xF81F, 0xF81F, 0xF81F, 0xF81F, 0xF81F, 0xF81F, 0xF81F,
  0xF81F, 0xF81F, 0xF81F, 0xF81F, 0xF81F, 0xF81F, 0xF81F, 0xF81F, 0xF81F, 0xF81F, 0xF81F, 0xF81F, 0xF81F, 0xF81F, 0xF81F, 0xF81F,
  0xF81F, 0xF81F, 0xF81F, 0xF81F, 0xF81F, 0xF81F, 0xF81F, 0xF81F, 0xF81F, 0xF81F, 0xF81F, 0xF81F, 0xF81F, 0xF81F, 0xF81F, 0xF81F,
  0xF81F, 0xF81F, 0xF81F, 0xF81F, 0xF81F, 0xF81F, 0xF81F, 0xF81F, 0xF81F, 0xF81F, 0xF81F, 0xF81F, 0xF81F, 0xF81F, 0xF81F, 0xF81F,
  0xF81F, 0xF81F, 0xF81F, 0xF81F, 0xF81F, 0xF81F, 0xF81F, 0xF81F, 0xF81F, 0xF81F, 0xF81F, 0xF81F, 0xF81F, 0xF81F, 0xF81F, 0xF81F,
  0xF81F, 0xF81F, 0xBA02, 0x9800, 0xA000, 0x9000, 0xA9C2, 0xAA44, 0x7080, 0x8963, 0xE5CD, 0xA326, 0x7081, 0xBBC7, 0x9983, 0x7800,
  0xF81F, 0xF81F, 0xF81F, 0xF81F, 0xF81F, 0xF81F, 0xF81F, 0xF81F, 0xF81F, 0xF81F, 0x7A01, 0x7221, 0xF81F, 0xF81F, 0x28C1, 0x3901,
  0x40E2, 0xF81F, 0xF81F, 0xF81F, 0xF81F, 0xF81F, 0xF81F, 0xF81F, 0xF81F, 0xF81F, 0xF81F, 0xF81F, 0xF81F, 0xF81F, 0xF81F, 0xF81F,
  0xF81F, 0xF81F, 0xF81F, 0xF81F, 0xF81F, 0xF81F, 0xF81F, 0xF81F, 0xF81F, 0xF81F, 0xF81F, 0xF81F, 0xF81F, 0xF81F, 0xF81F, 0xF81F,
  0xF81F, 0xF81F, 0xF81F, 0xF81F, 0xF81F, 0xF81F, 0xF81F, 0xF81F, 0xF81F, 0xF81F, 0xF81F, 0xF81F, 0xF81F, 0xF81F, 0xF81F, 0xF81F,
  0xF81F, 0xF81F, 0xF81F, 0xF81F, 0xF81F, 0xF81F, 0xF81F, 0xF81F, 0xF81F, 0xF81F, 0xF81F, 0xF81F, 0xF81F, 0xF81F, 0xF81F, 0xF81F,
  0xF81F, 0xF81F, 0xF81F, 0xF81F, 0xF81F, 0xF81F, 0xF81F, 0xF81F, 0xF81F, 0xF81F, 0xF81F, 0xF81F, 0xF81F, 0xF81F, 0xF81F, 0xF81F,
  0xF81F, 0x78E1, 0x9040, 0x9000, 0x7800, 0x91A2, 0xB941, 0x9800, 0x8000, 0x9941, 0x9121, 0x8000, 0x7820, 0xA080, 0x9800, 0xF81F,
  0xF81F, 0xF81F, 0xF81F, 0xF81F, 0xF81F, 0xF81F, 0xF81F, 0xF81F, 0xF81F, 0xF81F, 0x2061, 0xF81F, 0xF81F, 0xF81F, 0x4041, 0x3861,
  0xF81F, 0xF81F, 0xF81F, 0xF81F, 0xF81F, 0xF81F, 0xF81F, 0xF81F, 0xF81F, 0xF81F, 0xF81F, 0xF81F, 0xF81F, 0xF81F, 0xF81F, 0xF81F,
  0xF81F, 0xF81F, 0xF81F, 0xF81F, 0xF81F, 0xF81F, 0xF81F, 0xF81F, 0xF81F, 0xF81F, 0xF81F, 0xF81F, 0xF81F, 0xF81F, 0xF81F, 0xF81F,
  0xF81F, 0xF81F, 0xF81F, 0xF81F, 0xF81F, 0xF81F, 0xF81F, 0xF81F, 0xF81F, 0xF81F, 0xF81F, 0xF81F, 0xF81F, 0xF81F, 0xF81F, 0xF81F,
  0xF81F, 0xF81F, 0xF81F, 0xF81F, 0xF81F, 0xF81F, 0xF81F, 0xF81F, 0xF81F, 0xF81F, 0xF81F, 0xF81F, 0xF81F, 0xF81F, 0xF81F, 0xF81F,
  0xF81F, 0xF81F, 0xF81F, 0xF81F, 0xF81F, 0xF81F, 0xF81F, 0xF81F, 0xF81F, 0xF81F, 0xF81F, 0xF81F, 0xF81F, 0xF81F, 0xF81F, 0xF81F,
  0xF81F, 0xF81F, 0xF81F, 0xF81F, 0xF81F, 0xA161, 0xA800, 0x9820, 0x8081, 0xB0C0, 0xA800, 0x9820, 0xF81F, 0x9061, 0xF81F, 0xF81F,
  0xF81F, 0xF81F, 0xF81F, 0xF81F, 0xF81F, 0xF81F, 0xF81F, 0xF81F, 0xF81F, 0xF81F, 0xF81F, 0xF81F, 0xF81F, 0xF81F, 0xF81F, 0xF81F,
  0xF81F, 0xF81F, 0xF81F, 0xF81F, 0xF81F, 0xF81F, 0xF81F, 0xF81F, 0xF81F, 0xF81F, 0xF81F, 0xF81F, 0xF81F, 0xF81F, 0xF81F, 0xF81F,
  0xF81F, 0xF81F, 0xF81F, 0xF81F, 0xF81F, 0xF81F, 0xF81F, 0xF81F, 0xF81F, 0xF81F, 0xF81F, 0xF81F, 0xF81F, 0xF81F, 0xF81F, 0xF81F,
  0xF81F, 0xF81F, 0xF81F, 0xF81F, 0xF81F, 0xF81F, 0xF81F, 0xF81F, 0xF81F, 0xF81F, 0xF81F, 0xF81F, 0xF81F, 0xF81F, 0xF81F, 0xF81F,
  0xF81F, 0xF81F, 0xF81F, 0xF81F, 0xF81F, 0xF81F, 0xF81F, 0xF81F, 0xF81F, 0xF81F, 0xF81F, 0xF81F, 0xF81F, 0xF81F, 0xF81F, 0xF81F,
  0xF81F, 0xF81F, 0xF81F, 0xF81F, 0xF81F, 0xF81F, 0xF81F, 0xF81F, 0xF81F, 0xF81F, 0xF81F, 0xF81F, 0xF81F, 0xF81F, 0xF81F, 0xF81F,
  0xF81F, 0xF81F, 0xF81F, 0xF81F, 0xF81F, 0xF81F, 0xF81F, 0xF81F, 0xF81F, 0xA0A1, 0x8001, 0xF81F, 0xF81F, 0xF81F, 0xF81F, 0xF81F,
  0xF81F, 0xF81F, 0xF81F, 0xF81F, 0xF81F, 0xF81F, 0xF81F, 0xF81F, 0xF81F, 0xF81F, 0xF81F, 0xF81F, 0xF81F, 0xF81F, 0xF81F, 0xF81F,
  0xF81F, 0xF81F, 0xF81F, 0xF81F, 0xF81F, 0xF81F, 0xF81F, 0xF81F, 0xF81F, 0xF81F, 0xF81F, 0xF81F, 0xF81F, 0xF81F, 0xF81F, 0xF81F,
  0xF81F, 0xF81F, 0xF81F, 0xF81F, 0xF81F, 0xF81F, 0xF81F, 0xF81F, 0xF81F, 0xF81F, 0xF81F, 0xF81F, 0xF81F, 0xF81F, 0xF81F, 0xF81F,
  0xF81F, 0xF81F, 0xF81F, 0xF81F, 0xF81F, 0xF81F, 0xF81F, 0xF81F, 0xF81F, 0xF81F, 0xF81F, 0xF81F, 0xF81F, 0xF81F, 0xF81F, 0xF81F,
  0xF81F, 0xF81F, 0xF81F, 0xF81F, 0xF81F, 0xF81F, 0xF81F, 0xF81F, 0xF81F, 0xF81F, 0xF81F, 0xF81F, 0xF81F, 0xF81F, 0xF81F, 0xF81F,
  0xF81F, 0xF81F, 0xF81F, 0xF81F, 0xF81F, 0xF81F, 0xF81F, 0xF81F, 0xF81F, 0xF81F, 0xF81F, 0xF81F, 0xF81F, 0xF81F, 0xF81F, 0xF81F,
  0xF81F, 0xF81F, 0xF81F, 0xF81F, 0xF81F, 0xF81F, 0xF81F, 0xF81F, 0xF81F, 0xF81F, 0xF81F, 0xF81F, 0xF81F, 0xF81F, 0xF81F, 0xF81F,
  0xF81F, 0xF81F, 0xF81F, 0xF81F, 0xF81F, 0xF81F, 0xF81F, 0xF81F, 0xF81F, 0xF81F, 0xF81F, 0xF81F, 0xF81F, 0xF81F, 0xF81F, 0xF81F,
  0xF81F, 0xF81F, 0xF81F, 0xF81F, 0xF81F, 0xF81F, 0xF81F, 0xF81F, 0xF81F, 0xF81F, 0xF81F, 0xF81F, 0xF81F, 0xF81F, 0xF81F, 0xF81F,
  0xF81F, 0xF81F, 0xF81F, 0xF81F, 0xF81F, 0xF81F, 0xF81F, 0xF81F, 0xF81F, 0xF81F, 0xF81F, 0xF81F, 0xF81F, 0xF81F, 0xF81F, 0xF81F,
  0xF81F, 0xF81F, 0xF81F, 0xF81F, 0xF81F, 0xF81F, 0xF81F, 0xF81F, 0xF81F, 0xF81F, 0xF81F, 0xF81F, 0xF81F, 0xF81F, 0xF81F, 0xF81F,
  0xF81F, 0xF81F, 0xF81F, 0xF81F, 0xF81F, 0xF81F, 0xF81F, 0xF81F, 0xF81F, 0xF81F, 0xF81F, 0xF81F, 0xF81F, 0xF81F, 0xF81F, 0xF81F,
  0xF81F, 0xF81F, 0xF81F, 0xF81F, 0xF81F, 0xF81F, 0xF81F, 0xF81F, 0xF81F, 0xF81F, 0xF81F, 0xF81F, 0xF81F, 0xF81F, 0xF81F, 0xF81F,
  0xF81F, 0xF81F, 0xF81F, 0xF81F, 0xF81F, 0xF81F, 0xF81F, 0xF81F, 0xF81F, 0xF81F, 0xF81F, 0xF81F, 0xF81F, 0xF81F, 0xF81F, 0xF81F,
  0xF81F, 0xF81F, 0xF81F, 0xF81F, 0xF81F, 0xF81F, 0xF81F, 0xF81F, 0xF81F, 0xF81F, 0xF81F, 0xF81F, 0xF81F, 0xF81F, 0xF81F, 0xF81F,
  0xF81F, 0xF81F, 0xF81F, 0xF81F, 0xF81F, 0xF81F, 0xF81F, 0xF81F, 0xF81F, 0xF81F, 0xF81F, 0xF81F, 0xF81F, 0xF81F, 0xF81F, 0xF81F,
  0xF81F, 0xF81F, 0xF81F, 0xF81F, 0xF81F, 0xF81F, 0xF81F, 0xF81F, 0xF81F, 0xF81F, 0xF81F, 0xF81F, 0xF81F, 0xF81F, 0xF81F, 0xF81F,
  0xF81F, 0xF81F, 0xF81F, 0xF81F, 0xF81F, 0xF81F, 0xF81F, 0xF81F, 0xF81F, 0xF81F, 0xF81F, 0xF81F, 0xF81F, 0xF81F, 0xF81F, 0xF81F,
  0xF81F, 0xF81F, 0xF81F, 0xF81F, 0xF81F, 0xF81F, 0xF81F, 0xF81F, 0xF81F, 0xF81F, 0xF81F, 0xF81F, 0xF81F, 0xF81F, 0xF81F, 0xF81F,
  0xF81F, 0xF81F, 0xF81F, 0xF81F, 0xF81F, 0xF81F, 0xF81F, 0xF81F, 0xF81F, 0xF81F, 0xF81F, 0xF81F, 0xF81F, 0xF81F, 0xF81F, 0xF81F,
  0xF81F, 0xF81F, 0xF81F, 0xF81F, 0xF81F, 0xF81F, 0xF81F, 0xF81F, 0xF81F, 0xF81F, 0xF81F, 0xF81F, 0xF81F, 0xF81F, 0xF81F, 0xF81F,
  0xF81F, 0xF81F, 0xF81F, 0xF81F, 0xF81F, 0xF81F, 0xF81F, 0xF81F, 0xF81F, 0xF81F, 0xF81F, 0xF81F, 0xF81F, 0xF81F, 0xF81F, 0xF81F,
  0xF81F, 0xF81F, 0xF81F, 0xF81F, 0xF81F, 0xF81F, 0xF81F, 0xF81F, 0xF81F, 0xF81F, 0xF81F, 0xF81F, 0xF81F, 0xF81F, 0xF81F, 0xF81F,
  0xF81F, 0xF81F, 0xF81F, 0xF81F, 0xF81F, 0xF81F, 0xF81F, 0xF81F, 0xF81F, 0xF81F, 0xF81F, 0xF81F, 0xF81F, 0xF81F, 0xF81F, 0xF81F,
  0xF81F, 0xF81F, 0xF81F, 0xF81F, 0xF81F, 0xF81F, 0xF81F, 0xF81F, 0xF81F, 0xF81F, 0xF81F, 0xF81F, 0xF81F, 0xF81F, 0xF81F, 0xF81F,
};

static constexpr uint16_t EAGLE_FLIGHT_2_WIDTH = 112;
static constexpr uint16_t EAGLE_FLIGHT_2_HEIGHT = 72;
static const uint16_t PROGMEM EAGLE_FLIGHT_2[] = {
  0xF81F, 0xF81F, 0xF81F, 0xF81F, 0xF81F, 0xF81F, 0xF81F, 0xF81F, 0xF81F, 0xF81F, 0xF81F, 0xF81F, 0xF81F, 0xF81F, 0xF81F, 0xF81F,
  0xF81F, 0xF81F, 0xF81F, 0xF81F, 0xF81F, 0xF81F, 0xF81F, 0xF81F, 0xF81F, 0xF81F, 0xF81F, 0xF81F, 0xF81F, 0xF81F, 0xF81F, 0xF81F,
  0xF81F, 0xF81F, 0xF81F, 0xF81F, 0xF81F, 0xF81F, 0xF81F, 0xF81F, 0xF81F, 0xF81F, 0xF81F, 0xF81F, 0xF81F, 0xF81F, 0xF81F, 0xF81F,
  0xF81F, 0xF81F, 0xF81F, 0xF81F, 0xF81F, 0xF81F, 0xF81F, 0xF81F, 0xF81F, 0xF81F, 0xF81F, 0xF81F, 0xF81F, 0xF81F, 0xF81F, 0xF81F,
  0xF81F, 0xF81F, 0xF81F, 0xF81F, 0xF81F, 0xF81F, 0xF81F, 0xF81F, 0xF81F, 0xF81F, 0xF81F, 0xF81F, 0xF81F, 0xF81F, 0xF81F, 0xF81F,
  0xF81F, 0xF81F, 0xF81F, 0xF81F, 0xF81F, 0xF81F, 0xF81F, 0xF81F, 0xF81F, 0xF81F, 0xF81F, 0xF81F, 0xF81F, 0xF81F, 0xF81F, 0xF81F,
  0xF81F, 0xF81F, 0xF81F, 0xF81F, 0xF81F, 0xF81F, 0xF81F, 0xF81F, 0xF81F, 0xF81F, 0xF81F, 0xF81F, 0xF81F, 0xF81F, 0xF81F, 0xF81F,
  0xF81F, 0xF81F, 0xF81F, 0xF81F, 0xF81F, 0xF81F, 0xF81F, 0xF81F, 0xF81F, 0xF81F, 0xF81F, 0xF81F, 0xF81F, 0xF81F, 0xF81F, 0xF81F,
  0xF81F, 0xF81F, 0xF81F, 0xF81F, 0xF81F, 0xF81F, 0xF81F, 0xF81F, 0xF81F, 0xF81F, 0xF81F, 0xF81F, 0xF81F, 0xF81F, 0xF81F, 0xF81F,
  0xF81F, 0xF81F, 0xF81F, 0xF81F, 0xF81F, 0xF81F, 0xF81F, 0xF81F, 0xF81F, 0xF81F, 0xF81F, 0xF81F, 0xF81F, 0xF81F, 0xF81F, 0xF81F,
  0xF81F, 0xF81F, 0xF81F, 0xF81F, 0xF81F, 0xF81F, 0xF81F, 0xF81F, 0xF81F, 0xF81F, 0xF81F, 0xF81F, 0xF81F, 0xF81F, 0xF81F, 0xF81F,
  0xF81F, 0xF81F, 0xF81F, 0xF81F, 0xF81F, 0xF81F, 0xF81F, 0xF81F, 0xF81F, 0xF81F, 0xF81F, 0xF81F, 0xF81F, 0xF81F, 0xF81F, 0xF81F,
  0xF81F, 0xF81F, 0xF81F, 0xF81F, 0xF81F, 0xF81F, 0xF81F, 0xF81F, 0xF81F, 0xF81F, 0xF81F, 0xF81F, 0xF81F, 0xF81F, 0xF81F, 0xF81F,
  0xF81F, 0xF81F, 0xF81F, 0xF81F, 0xF81F, 0xF81F, 0xF81F, 0xF81F, 0xF81F, 0xF81F, 0xF81F, 0xF81F, 0xF81F, 0xF81F, 0xF81F, 0xF81F,
  0xF81F, 0xF81F, 0xF81F, 0xF81F, 0xF81F, 0xF81F, 0xF81F, 0xF81F, 0xF81F, 0xF81F, 0xF81F, 0xF81F, 0xF81F, 0xF81F, 0xF81F, 0xF81F,
  0xF81F, 0xF81F, 0xF81F, 0xF81F, 0xF81F, 0xF81F, 0xF81F, 0xF81F, 0xF81F, 0xF81F, 0xF81F, 0xF81F, 0xF81F, 0xF81F, 0xF81F, 0xF81F,
  0xF81F, 0xF81F, 0xF81F, 0xF81F, 0xF81F, 0xF81F, 0xF81F, 0xF81F, 0xF81F, 0xF81F, 0xF81F, 0xF81F, 0xF81F, 0xF81F, 0xF81F, 0xF81F,
  0xF81F, 0xF81F, 0xF81F, 0xF81F, 0xF81F, 0xF81F, 0xF81F, 0xF81F, 0xF81F, 0xF81F, 0xF81F, 0xF81F, 0xF81F, 0xF81F, 0xF81F, 0xF81F,
  0xF81F, 0xF81F, 0xF81F, 0xF81F, 0xF81F, 0xF81F, 0xF81F, 0xF81F, 0xF81F, 0xF81F, 0xF81F, 0xF81F, 0xF81F, 0xF81F, 0xF81F, 0xF81F,
  0xF81F, 0xF81F, 0xF81F, 0xF81F, 0xF81F, 0xF81F, 0xF81F, 0xF81F, 0xF81F, 0xF81F, 0xF81F, 0xF81F, 0xF81F, 0xF81F, 0xF81F, 0xF81F,
  0xF81F, 0xF81F, 0xF81F, 0xF81F, 0xF81F, 0xF81F, 0xF81F, 0xF81F, 0xF81F, 0xF81F, 0xF81F, 0xF81F, 0xF81F, 0xF81F, 0xF81F, 0xF81F,
  0xF81F, 0xF81F, 0xF81F, 0xF81F, 0xF81F, 0xF81F, 0xF81F, 0xF81F, 0xF81F, 0xF81F, 0xF81F, 0xF81F, 0xF81F, 0xF81F, 0xF81F, 0xF81F,
  0xF81F, 0xF81F, 0xF81F, 0xF81F, 0xF81F, 0xF81F, 0xF81F, 0xF81F, 0xF81F, 0xF81F, 0xF81F, 0xF81F, 0xF81F, 0xF81F, 0xF81F, 0xF81F,
  0xF81F, 0xF81F, 0xF81F, 0xF81F, 0xF81F, 0xF81F, 0xF81F, 0xF81F, 0xF81F, 0xF81F, 0xF81F, 0xF81F, 0xF81F, 0xF81F, 0xF81F, 0xF81F,
  0xF81F, 0xF81F, 0xF81F, 0xF81F, 0xF81F, 0xF81F, 0xF81F, 0xF81F, 0xF81F, 0xF81F, 0xF81F, 0xF81F, 0xF81F, 0xF81F, 0xF81F, 0xF81F,
  0xF81F, 0xF81F, 0xF81F, 0xF81F, 0xF81F, 0xF81F, 0xF81F, 0xF81F, 0xF81F, 0xF81F, 0xF81F, 0xF81F, 0xF81F, 0xF81F, 0xF81F, 0xF81F,
  0xF81F, 0xF81F, 0xF81F, 0xF81F, 0xF81F, 0xF81F, 0xF81F, 0xF81F, 0xF81F, 0xF81F, 0xF81F, 0xF81F, 0xF81F, 0xF81F, 0xF81F, 0xF81F,
  0xF81F, 0xF81F, 0xF81F, 0xF81F, 0xF81F, 0xF81F, 0xF81F, 0xF81F, 0xF81F, 0xF81F, 0xF81F, 0xF81F, 0xF81F, 0xF81F, 0xF81F, 0xF81F,
  0xF81F, 0xF81F, 0xF81F, 0xF81F, 0xF81F, 0xF81F, 0xF81F, 0xF81F, 0xF81F, 0xF81F, 0xF81F, 0xF81F, 0xF81F, 0xF81F, 0xF81F, 0xF81F,
  0xF81F, 0xF81F, 0xF81F, 0xF81F, 0xF81F, 0xF81F, 0xF81F, 0xF81F, 0xF81F, 0xF81F, 0xF81F, 0xF81F, 0xF81F, 0xF81F, 0xF81F, 0xF81F,
  0xF81F, 0xF81F, 0xF81F, 0xF81F, 0xF81F, 0xF81F, 0xF81F, 0xF81F, 0xF81F, 0xF81F, 0xF81F, 0xF81F, 0xF81F, 0xF81F, 0xF81F, 0xF81F,
  0xF81F, 0xF81F, 0xF81F, 0xF81F, 0xF81F, 0xF81F, 0xF81F, 0xF81F, 0xF81F, 0xF81F, 0xF81F, 0xF81F, 0xF81F, 0xF81F, 0xF81F, 0xF81F,
  0xF81F, 0xF81F, 0xF81F, 0xF81F, 0xF81F, 0xF81F, 0xF81F, 0xF81F, 0xF81F, 0xF81F, 0xF81F, 0xF81F, 0xF81F, 0xF81F, 0xF81F, 0xF81F,
  0xF81F, 0xF81F, 0xF81F, 0xF81F, 0xF81F, 0xF81F, 0xF81F, 0xF81F, 0xF81F, 0xF81F, 0xF81F, 0xF81F, 0xF81F, 0xF81F, 0xF81F, 0xF81F,
  0xF81F, 0xF81F, 0xF81F, 0xF81F, 0xF81F, 0xF81F, 0xF81F, 0xF81F, 0xF81F, 0xF81F, 0xF81F, 0xF81F, 0xF81F, 0xF81F, 0xF81F, 0xF81F,
  0xF81F, 0xF81F, 0xF81F, 0xF81F, 0xF81F, 0xF81F, 0xF81F, 0xF81F, 0xF81F, 0xF81F, 0xF81F, 0xF81F, 0xF81F, 0xF81F, 0xF81F, 0xF81F,
  0xF81F, 0xF81F, 0xF81F, 0xF81F, 0xF81F, 0xF81F, 0xF81F, 0xF81F, 0xF81F, 0xF81F, 0xF81F, 0xF81F, 0xF81F, 0xF81F, 0xF81F, 0xF81F,
  0xF81F, 0xF81F, 0xF81F, 0xF81F, 0xF81F, 0xF81F, 0xF81F, 0xF81F, 0xF81F, 0xF81F, 0xF81F, 0xF81F, 0xF81F, 0xF81F, 0xF81F, 0xF81F,
  0xF81F, 0xF81F, 0xF81F, 0xF81F, 0xF81F, 0xF81F, 0xF81F, 0xF81F, 0xF81F, 0xF81F, 0xF81F, 0xF81F, 0xF81F, 0xF81F, 0xF81F, 0xF81F,
  0xF81F, 0xF81F, 0xF81F, 0xF81F, 0xF81F, 0xF81F, 0xF81F, 0xF81F, 0xF81F, 0xF81F, 0xF81F, 0xF81F, 0xF81F, 0xF81F, 0xF81F, 0xF81F,
  0xF81F, 0xF81F, 0xF81F, 0xF81F, 0xF81F, 0xF81F, 0xF81F, 0xF81F, 0xF81F, 0xF81F, 0xF81F, 0xF81F, 0xF81F, 0xF81F, 0xF81F, 0xF81F,
  0xF81F, 0xF81F, 0xF81F, 0xF81F, 0xF81F, 0xF81F, 0xF81F, 0xF81F, 0xF81F, 0xF81F, 0xF81F, 0xF81F, 0xF81F, 0xF81F, 0xF81F, 0xF81F,
  0xF81F, 0xF81F, 0xF81F, 0xF81F, 0xF81F, 0xF81F, 0xF81F, 0xF81F, 0xF81F, 0xF81F, 0xF81F, 0xF81F, 0xF81F, 0xF81F, 0xF81F, 0xF81F,
  0xF81F, 0xF81F, 0xF81F, 0xF81F, 0xF81F, 0xF81F, 0xF81F, 0xF81F, 0xF81F, 0xF81F, 0xF81F, 0xF81F, 0xF81F, 0xF81F, 0xF81F, 0xF81F,
  0xF81F, 0xF81F, 0xF81F, 0xF81F, 0xF81F, 0xF81F, 0xF81F, 0xF81F, 0xF81F, 0xF81F, 0xF81F, 0xF81F, 0xF81F, 0xF81F, 0xF81F, 0xF81F,
  0xF81F, 0xF81F, 0xF81F, 0xF81F, 0xF81F, 0xF81F, 0xF81F, 0xF81F, 0xF81F, 0xF81F, 0xF81F, 0xF81F, 0xF81F, 0xF81F, 0xF81F, 0xF81F,
  0xF81F, 0xF81F, 0xF81F, 0xF81F, 0xF81F, 0xF81F, 0xF81F, 0xF81F, 0xF81F, 0xF81F, 0xF81F, 0xF81F, 0xF81F, 0xF81F, 0xF81F, 0xF81F,
  0xF81F, 0xF81F, 0xF81F, 0xF81F, 0xF81F, 0xF81F, 0xF81F, 0xF81F, 0xF81F, 0xF81F, 0xF81F, 0xF81F, 0xF81F, 0xF81F, 0xF81F, 0xF81F,
  0xF81F, 0xF81F, 0xF81F, 0xF81F, 0xF81F, 0xF81F, 0xF81F, 0xF81F, 0xF81F, 0xF81F, 0xF81F, 0xF81F, 0xF81F, 0xF81F, 0xF81F, 0xF81F,
  0xF81F, 0xF81F, 0xF81F, 0xF81F, 0xF81F, 0xF81F, 0xF81F, 0xF81F, 0xF81F, 0xF81F, 0xF81F, 0xF81F, 0xF81F, 0xF81F, 0xF81F, 0xF81F,
  0xF81F, 0xF81F, 0xF81F, 0xF81F, 0xF81F, 0xF81F, 0xF81F, 0xF81F, 0xF81F, 0xF81F, 0xF81F, 0xF81F, 0xF81F, 0xF81F, 0xF81F, 0xF81F,
  0xF81F, 0xF81F, 0xF81F, 0xF81F, 0xF81F, 0xF81F, 0xF81F, 0xF81F, 0xF81F, 0xF81F, 0xF81F, 0xF81F, 0xF81F, 0xF81F, 0xF81F, 0xF81F,
  0xF81F, 0xF81F, 0xF81F, 0xF81F, 0xF81F, 0xF81F, 0xF81F, 0xF81F, 0xF81F, 0xF81F, 0xF81F, 0xF81F, 0xF81F, 0xF81F, 0xF81F, 0xF81F,
  0xF81F, 0xF81F, 0xF81F, 0xF81F, 0xF81F, 0xF81F, 0xF81F, 0xF81F, 0xF81F, 0xF81F, 0xF81F, 0xF81F, 0xF81F, 0xF81F, 0xF81F, 0xF81F,
  0xF81F, 0xF81F, 0xF81F, 0xF81F, 0xF81F, 0xF81F, 0xF81F, 0xF81F, 0xF81F, 0xF81F, 0xF81F, 0xF81F, 0xF81F, 0xF81F, 0xF81F, 0xF81F,
  0xF81F, 0xF81F, 0xF81F, 0xF81F, 0xF81F, 0xF81F, 0xF81F, 0xF81F, 0xF81F, 0xF81F, 0xF81F, 0xF81F, 0xF81F, 0xF81F, 0xF81F, 0xF81F,
  0xF81F, 0xF81F, 0xF81F, 0xF81F, 0xF81F, 0xF81F, 0xF81F, 0xF81F, 0xF81F, 0xF81F, 0xF81F, 0xF81F, 0xF81F, 0xF81F, 0xF81F, 0xF81F,
  0xF81F, 0xF81F, 0xF81F, 0xF81F, 0xF81F, 0xF81F, 0xF81F, 0xF81F, 0xF81F, 0xF81F, 0xF81F, 0xF81F, 0xF81F, 0xF81F, 0xF81F, 0xF81F,
  0xF81F, 0xF81F, 0xF81F, 0xF81F, 0xF81F, 0xF81F, 0xF81F, 0xF81F, 0xF81F, 0xF81F, 0xF81F, 0xF81F, 0xF81F, 0xF81F, 0xF81F, 0xF81F,
  0xF81F, 0xF81F, 0xF81F, 0xF81F, 0xF81F, 0xF81F, 0xF81F, 0xF81F, 0xF81F, 0xF81F, 0xF81F, 0xF81F, 0xF81F, 0xF81F, 0xF81F, 0xF81F,
  0xF81F, 0xF81F, 0xF81F, 0xF81F, 0xF81F, 0xF81F, 0xF81F, 0xF81F, 0xF81F, 0xF81F, 0xF81F, 0xF81F, 0xF81F, 0xF81F, 0xF81F, 0xF81F,
  0xF81F, 0xF81F, 0xF81F, 0xF81F, 0xF81F, 0xF81F, 0xF81F, 0xF81F, 0xF81F, 0xF81F, 0xF81F, 0xF81F, 0xF81F, 0xF81F, 0xF81F, 0xF81F,
  0xF81F, 0xF81F, 0xF81F, 0xF81F, 0xF81F, 0xF81F, 0xF81F, 0xF81F, 0xF81F, 0xF81F, 0xF81F, 0xF81F, 0xF81F, 0xF81F, 0xF81F, 0xF81F,
  0xF81F, 0xF81F, 0xF81F, 0xF81F, 0xF81F, 0xF81F, 0xF81F, 0xF81F, 0xF81F, 0xF81F, 0xF81F, 0xF81F, 0xF81F, 0xF81F, 0xF81F, 0xF81F,
  0xF81F, 0xF81F, 0xF81F, 0xF81F, 0xF81F, 0xF81F, 0xF81F, 0xF81F, 0xF81F, 0xF81F, 0xF81F, 0xF81F, 0xF81F, 0xF81F, 0xF81F, 0xF81F,
  0xF81F, 0xF81F, 0xF81F, 0xF81F, 0xF81F, 0xF81F, 0xF81F, 0xF81F, 0xF81F, 0xF81F, 0xF81F, 0xF81F, 0xF81F, 0xF81F, 0xF81F, 0xF81F,
  0xF81F, 0xF81F, 0xF81F, 0xF81F, 0xF81F, 0xF81F, 0xF81F, 0xF81F, 0xF81F, 0xF81F, 0xF81F, 0xF81F, 0xF81F, 0xF81F, 0xF81F, 0xF81F,
  0xF81F, 0xF81F, 0xF81F, 0xF81F, 0xF81F, 0xF81F, 0xF81F, 0xF81F, 0xF81F, 0xF81F, 0xF81F, 0xF81F, 0xF81F, 0xF81F, 0xF81F, 0xF81F,
  0xF81F, 0xF81F, 0xF81F, 0xF81F, 0xF81F, 0xF81F, 0xF81F, 0xF81F, 0xF81F, 0xF81F, 0xF81F, 0xF81F, 0xF81F, 0xF81F, 0xF81F, 0xF81F,
  0xF81F, 0xF81F, 0xF81F, 0xF81F, 0xF81F, 0xF81F, 0xF81F, 0xF81F, 0xF81F, 0xF81F, 0xF81F, 0xF81F, 0xF81F, 0xF81F, 0xF81F, 0xF81F,
  0xF81F, 0xF81F, 0xF81F, 0xF81F, 0xF81F, 0xF81F, 0xF81F, 0xF81F, 0xF81F, 0xF81F, 0xF81F, 0xF81F, 0xF81F, 0xF81F, 0xF81F, 0xF81F,
  0xF81F, 0xF81F, 0xF81F, 0xF81F, 0xF81F, 0xF81F, 0xF81F, 0xF81F, 0xF81F, 0xF81F, 0xF81F, 0xF81F, 0xF81F, 0xF81F, 0xF81F, 0xF81F,
  0xF81F, 0xF81F, 0xF81F, 0xF81F, 0xF81F, 0xF81F, 0xF81F, 0xF81F, 0xF81F, 0xF81F, 0xF81F, 0xF81F, 0xF81F, 0xF81F, 0xF81F, 0xF81F,
  0xF81F, 0xF81F, 0xF81F, 0xF81F, 0xF81F, 0xF81F, 0xF81F, 0xF81F, 0xF81F, 0xF81F, 0xF81F, 0xF81F, 0xF81F, 0xF81F, 0xF81F, 0xF81F,
  0xF81F, 0xF81F, 0xF81F, 0xF81F, 0xF81F, 0xF81F, 0xF81F, 0xF81F, 0xF81F, 0xF81F, 0xF81F, 0xF81F, 0xF81F, 0xF81F, 0xF81F, 0xF81F,
  0xF81F, 0xF81F, 0xF81F, 0xF81F, 0xF81F, 0xF81F, 0xF81F, 0xF81F, 0xF81F, 0xF81F, 0xF81F, 0xF81F, 0xF81F, 0xF81F, 0xF81F, 0xF81F,
  0xF81F, 0xF81F, 0xF81F, 0xF81F, 0xF81F, 0xF81F, 0xF81F, 0xF81F, 0xF81F, 0xF81F, 0xF81F, 0xF81F, 0xF81F, 0xF81F, 0xF81F, 0xF81F,
  0xF81F, 0xF81F, 0xF81F, 0xF81F, 0xF81F, 0xF81F, 0xF81F, 0xF81F, 0xF81F, 0xF81F, 0xF81F, 0xF81F, 0xF81F, 0xF81F, 0xF81F, 0xF81F,
  0xF81F, 0xF81F, 0xF81F, 0xF81F, 0xF81F, 0xF81F, 0xF81F, 0xF81F, 0xF81F, 0xF81F, 0xF81F, 0xF81F, 0xF81F, 0xF81F, 0xF81F, 0xF81F,
  0xF81F, 0xF81F, 0xF81F, 0xF81F, 0xF81F, 0xF81F, 0xF81F, 0xF81F, 0xF81F, 0xF81F, 0xF81F, 0xF81F, 0xF81F, 0xF81F, 0xF81F, 0xF81F,
  0xF81F, 0xF81F, 0xF81F, 0xF81F, 0xF81F, 0xF81F, 0xF81F, 0xF81F, 0xF81F, 0xF81F, 0xF81F, 0xF81F, 0xF81F, 0xF81F, 0xF81F, 0xF81F,
  0xF81F, 0xF81F, 0xF81F, 0xF81F, 0xF81F, 0xF81F, 0xF81F, 0xF81F, 0xF81F, 0xF81F, 0xF81F, 0xF81F, 0xF81F, 0xF81F, 0xF81F, 0xF81F,
  0xF81F, 0xF81F, 0xF81F, 0xF81F, 0xF81F, 0xF81F, 0xF81F, 0xF81F, 0xF81F, 0xF81F, 0xF81F, 0xF81F, 0xF81F, 0xF81F, 0xF81F, 0xF81F,
  0xF81F, 0xF81F, 0xF81F, 0xF81F, 0xF81F, 0xF81F, 0xF81F, 0xF81F, 0xF81F, 0xF81F, 0xF81F, 0xF81F, 0xF81F, 0xF81F, 0xF81F, 0xF81F,
  0xF81F, 0xF81F, 0xF81F, 0xF81F, 0xF81F, 0xF81F, 0xF81F, 0xF81F, 0xF81F, 0xF81F, 0xF81F, 0xF81F, 0xF81F, 0xF81F, 0xF81F, 0xF81F,
  0xF81F, 0xF81F, 0xF81F, 0xF81F, 0xF81F, 0xF81F, 0xF81F, 0xF81F, 0xF81F, 0xF81F, 0xF81F, 0xF81F, 0xF81F, 0xF81F, 0xF81F, 0xF81F,
  0xF81F, 0xF81F, 0xF81F, 0xF81F, 0xF81F, 0xF81F, 0xF81F, 0xF81F, 0xF81F, 0xF81F, 0xF81F, 0xF81F, 0xF81F, 0xF81F, 0xF81F, 0xF81F,
  0xF81F, 0xF81F, 0xF81F, 0xF81F, 0xF81F, 0xF81F, 0xF81F, 0xF81F, 0xF81F, 0xF81F, 0xF81F, 0xF81F, 0xF81F, 0xF81F, 0xF81F, 0xF81F,
  0xF81F, 0xF81F, 0xF81F, 0xF81F, 0xF81F, 0xF81F, 0xF81F, 0xF81F, 0xF81F, 0xF81F, 0xF81F, 0xF81F, 0xF81F, 0xF81F, 0xF81F, 0xF81F,
  0xF81F, 0xF81F, 0xF81F, 0xF81F, 0xF81F, 0xF81F, 0xF81F, 0xF81F, 0xF81F, 0xF81F, 0xF81F, 0xF81F, 0xF81F, 0xF81F, 0xF81F, 0xF81F,
  0xF81F, 0xF81F, 0xF81F, 0xF81F, 0xF81F, 0xF81F, 0xF81F, 0xF81F, 0xF81F, 0xF81F, 0xF81F, 0xF81F, 0xF81F, 0xF81F, 0xF81F, 0xF81F,
  0xF81F, 0xF81F, 0xF81F, 0xF81F, 0xF81F, 0xF81F, 0xF81F, 0xF81F, 0xF81F, 0xF81F, 0xF81F, 0xF81F, 0xF81F, 0xF81F, 0xF81F, 0xF81F,
  0xF81F, 0xF81F, 0xF81F, 0xF81F, 0xF81F, 0xF81F, 0xF81F, 0xF81F, 0xF81F, 0xF81F, 0xF81F, 0xF81F, 0xF81F, 0xF81F, 0xF81F, 0xF81F,
  0xF81F, 0xF81F, 0xF81F, 0xF81F, 0xF81F, 0xF81F, 0xF81F, 0xF81F, 0xF81F, 0xF81F, 0xF81F, 0xF81F, 0xF81F, 0xF81F, 0xF81F, 0xF81F,
  0xF81F, 0xF81F, 0xF81F, 0xF81F, 0xF81F, 0xF81F, 0xF81F, 0xF81F, 0xF81F, 0xF81F, 0xF81F, 0xF81F, 0xF81F, 0xF81F, 0xF81F, 0xF81F,
  0xF81F, 0xF81F, 0xF81F, 0xF81F, 0xF81F, 0xF81F, 0xF81F, 0xF81F, 0xF81F, 0xF81F, 0xF81F, 0xF81F, 0xF81F, 0xF81F, 0xF81F, 0xF81F,
  0xF81F, 0xF81F, 0xF81F, 0xF81F, 0xF81F, 0xF81F, 0xF81F, 0xF81F, 0xF81F, 0xF81F, 0xF81F, 0xF81F, 0xF81F, 0xF81F, 0xF81F, 0xF81F,
  0xF81F, 0xF81F, 0xF81F, 0xF81F, 0xF81F, 0xF81F, 0xF81F, 0xF81F, 0xF81F, 0xF81F, 0xF81F, 0xF81F, 0xF81F, 0xF81F, 0xF81F, 0xF81F,
  0xF81F, 0xF81F, 0xF81F, 0xF81F, 0xF81F, 0xF81F, 0xF81F, 0xF81F, 0xF81F, 0xF81F, 0xF81F, 0xF81F, 0xF81F, 0xF81F, 0xF81F, 0xF81F,
  0xF81F, 0xF81F, 0xF81F, 0xF81F, 0xF81F, 0xF81F, 0xF81F, 0xF81F, 0xF81F, 0xF81F, 0xF81F, 0xF81F, 0xF81F, 0xF81F, 0xF81F, 0xF81F,
  0xF81F, 0xF81F, 0xF81F, 0xF81F, 0xF81F, 0xF81F, 0xF81F, 0xF81F, 0xF81F, 0xF81F, 0xF81F, 0xF81F, 0xF81F, 0xF81F, 0xF81F, 0xF81F,
  0xF81F, 0xF81F, 0xF81F, 0xF81F, 0xF81F, 0xF81F, 0xF81F, 0xF81F, 0xF81F, 0xF81F, 0xF81F, 0xF81F, 0xF81F, 0xF81F, 0xF81F, 0xF81F,
  0xF81F, 0xF81F, 0xF81F, 0xF81F, 0xF81F, 0xF81F, 0xF81F, 0xF81F, 0xF81F, 0xF81F, 0xF81F, 0xF81F, 0xF81F, 0xF81F, 0xF81F, 0xF81F,
  0xF81F, 0xF81F, 0xF81F, 0xF81F, 0xF81F, 0xF81F, 0xF81F, 0xF81F, 0xF81F, 0xF81F, 0xF81F, 0xF81F, 0xF81F, 0xF81F, 0xF81F, 0xF81F,
  0xF81F, 0xF81F, 0xF81F, 0xF81F, 0xF81F, 0xF81F, 0xF81F, 0xF81F, 0xF81F, 0xF81F, 0xF81F, 0xF81F, 0xF81F, 0xF81F, 0xF81F, 0xF81F,
  0xF81F, 0xF81F, 0xF81F, 0xF81F, 0xF81F, 0xF81F, 0xF81F, 0xF81F, 0xF81F, 0xF81F, 0xF81F, 0xF81F, 0xF81F, 0xF81F, 0xF81F, 0xF81F,
  0xF81F, 0xF81F, 0xF81F, 0xF81F, 0xF81F, 0xF81F, 0xF81F, 0xF81F, 0xF81F, 0xF81F, 0xF81F, 0xF81F, 0xF81F, 0xF81F, 0xF81F, 0xF81F,
  0xF81F, 0xF81F, 0xF81F, 0xF81F, 0xF81F, 0xF81F, 0xF81F, 0xF81F, 0xF81F, 0xF81F, 0xF81F, 0xF81F, 0xF81F, 0xF81F, 0xF81F, 0xF81F,
  0xF81F, 0xF81F, 0xF81F, 0xF81F, 0xF81F, 0xF81F, 0xF81F, 0xF81F, 0xF81F, 0xF81F, 0xF81F, 0xF81F, 0xF81F, 0xF81F, 0xF81F, 0xF81F,
  0xF81F, 0xF81F, 0xF81F, 0xF81F, 0xF81F, 0xF81F, 0xF81F, 0xF81F, 0xF81F, 0xF81F, 0xF81F, 0xF81F, 0xF81F, 0xF81F, 0xF81F, 0xF81F,
  0xF81F, 0xF81F, 0xF81F, 0xF81F, 0xF81F, 0xF81F, 0xF81F, 0xF81F, 0xF81F, 0xF81F, 0xF81F, 0xF81F, 0xF81F, 0xF81F, 0xF81F, 0xF81F,
  0xF81F, 0xF81F, 0xF81F, 0xF81F, 0xF81F, 0xF81F, 0xF81F, 0xF81F, 0xF81F, 0xF81F, 0xF81F, 0xF81F, 0xF81F, 0xF81F, 0xF81F, 0xF81F,
  0xF81F, 0xF81F, 0xF81F, 0xF81F, 0xF81F, 0xF81F, 0xF81F, 0xF81F, 0xF81F, 0xF81F, 0xF81F, 0xF81F, 0xF81F, 0xF81F, 0xF81F, 0xF81F,
  0xF81F, 0xF81F, 0xF81F, 0xF81F, 0xF81F, 0xF81F, 0xF81F, 0xF81F, 0xF81F, 0xF81F, 0xF81F, 0xF81F, 0xF81F, 0xF81F, 0xF81F, 0xF81F,
  0xF81F, 0xF81F, 0xF81F, 0xF81F, 0xF81F, 0xF81F, 0xF81F, 0xF81F, 0xF81F, 0xF81F, 0xF81F, 0xF81F, 0xF81F, 0xF81F, 0xF81F, 0xF81F,
  0xF81F, 0xF81F, 0xF81F, 0xF81F, 0xF81F, 0xF81F, 0xF81F, 0xF81F, 0xF81F, 0xF81F, 0xF81F, 0xF81F, 0xF81F, 0xF81F, 0xF81F, 0xF81F,
  0xF81F, 0xF81F, 0xF81F, 0xF81F, 0xF81F, 0xF81F, 0xF81F, 0xF81F, 0xF81F, 0xF81F, 0xF81F, 0xF81F, 0xF81F, 0xF81F, 0xF81F, 0xF81F,
  0xF81F, 0xF81F, 0xF81F, 0xF81F, 0xF81F, 0xF81F, 0xF81F, 0xF81F, 0xF81F, 0xF81F, 0xF81F, 0xF81F, 0xF81F, 0xF81F, 0xF81F, 0xF81F,
  0xF81F, 0xF81F, 0xF81F, 0xF81F, 0xF81F, 0xF81F, 0xF81F, 0xF81F, 0xF81F, 0xF81F, 0xF81F, 0xF81F, 0xF81F, 0xF81F, 0xF81F, 0xF81F,
  0xF81F, 0xF81F, 0xF81F, 0xF81F, 0xF81F, 0xF81F, 0xF81F, 0xF81F, 0xF81F, 0xF81F, 0xF81F, 0xF81F, 0xF81F, 0xF81F, 0xF81F, 0xF81F,
  0xF81F, 0xF81F, 0xF81F, 0xF81F, 0xF81F, 0xF81F, 0xF81F, 0xF81F, 0xF81F, 0xF81F, 0xF81F, 0xF81F, 0xF81F, 0xF81F, 0xF81F, 0xF81F,
  0xF81F, 0xF81F, 0xF81F, 0xF81F, 0xF81F, 0xF81F, 0xF81F, 0xF81F, 0xF81F, 0xF81F, 0xF81F, 0xF81F, 0xF81F, 0xF81F, 0xF81F, 0xF81F,
  0xF81F, 0xF81F, 0xF81F, 0xF81F, 0xF81F, 0xF81F, 0xF81F, 0xF81F, 0xF81F, 0xF81F, 0xF81F, 0xF81F, 0xF81F, 0xF81F, 0xF81F, 0xF81F,
  0xF81F, 0xF81F, 0xF81F, 0xF81F, 0xF81F, 0xF81F, 0xF81F, 0xF81F, 0xF81F, 0xF81F, 0xF81F, 0xF81F, 0xF81F, 0xF81F, 0xF81F, 0xF81F,
  0xF81F, 0xF81F, 0xF81F, 0xF81F, 0xF81F, 0xF81F, 0xF81F, 0xF81F, 0xF81F, 0xF81F, 0xF81F, 0xF81F, 0xF81F, 0xF81F, 0xF81F, 0xF81F,
  0xF81F, 0xF81F, 0xF81F, 0xF81F, 0xF81F, 0xF81F, 0xF81F, 0xF81F, 0xF81F, 0xF81F, 0xF81F, 0xF81F, 0xF81F, 0xF81F, 0xF81F, 0xF81F,
  0xF81F, 0xF81F, 0xF81F, 0xF81F, 0xF81F, 0xF81F, 0xF81F, 0xF81F, 0xF81F, 0xF81F, 0xF81F, 0xF81F, 0xF81F, 0xF81F, 0xF81F, 0xF81F,
  0xF81F, 0xF81F, 0xF81F, 0xF81F, 0xF81F, 0xF81F, 0xF81F, 0xF81F, 0xF81F, 0xF81F, 0xF81F, 0xF81F, 0xF81F, 0xF81F, 0xF81F, 0xF81F,
  0xF81F, 0xF81F, 0xF81F, 0xF81F, 0xF81F, 0xF81F, 0xF81F, 0xF81F, 0xF81F, 0xF81F, 0xF81F, 0xF81F, 0xF81F, 0xF81F, 0xF81F, 0xF81F,
  0xF81F, 0xF81F, 0xF81F, 0xF81F, 0xF81F, 0xF81F, 0xF81F, 0xF81F, 0xF81F, 0xF81F, 0xF81F, 0xF81F, 0xF81F, 0xF81F, 0xF81F, 0xF81F,
  0xF81F, 0xF81F, 0xF81F, 0xF81F, 0xF81F, 0xF81F, 0xF81F, 0xF81F, 0xF81F, 0xF81F, 0xF81F, 0xF81F, 0xF81F, 0xF81F, 0xF81F, 0xF81F,
  0xF81F, 0xF81F, 0xF81F, 0xF81F, 0xF81F, 0xF81F, 0xF81F, 0xF81F, 0xF81F, 0xF81F, 0xF81F, 0xF81F, 0xF81F, 0xF81F, 0xF81F, 0xF81F,
  0xF81F, 0xF81F, 0xF81F, 0xF81F, 0xF81F, 0xF81F, 0xF81F, 0xF81F, 0xF81F, 0xF81F, 0xF81F, 0xF81F, 0xF81F, 0xF81F, 0xF81F, 0xF81F,
  0xF81F, 0xF81F, 0xF81F, 0xF81F, 0xF81F, 0xF81F, 0xF81F, 0xF81F, 0xF81F, 0xF81F, 0xF81F, 0xF81F, 0xF81F, 0xF81F, 0xF81F, 0xF81F,
  0xF81F, 0xF81F, 0xF81F, 0xF81F, 0xF81F, 0xF81F, 0xF81F, 0xF81F, 0xF81F, 0xF81F, 0xF81F, 0xF81F, 0xF81F, 0xF81F, 0xF81F, 0xF81F,
  0xF81F, 0xF81F, 0xF81F, 0xF81F, 0xF81F, 0xF81F, 0xF81F, 0xF81F, 0xF81F, 0xF81F, 0xF81F, 0xF81F, 0xF81F, 0xF81F, 0xF81F, 0xF81F,
  0xF81F, 0xF81F, 0xF81F, 0xF81F, 0xF81F, 0xF81F, 0xF81F, 0xF81F, 0xF81F, 0xF81F, 0xF81F, 0xF81F, 0xF81F, 0xF81F, 0xF81F, 0xF81F,
  0xF81F, 0xF81F, 0xF81F, 0xF81F, 0xF81F, 0xF81F, 0xF81F, 0xF81F, 0xF81F, 0xF81F, 0xF81F, 0xF81F, 0xF81F, 0xF81F, 0xF81F, 0xF81F,
  0xF81F, 0xF81F, 0xF81F, 0xF81F, 0xF81F, 0xF81F, 0xF81F, 0xF81F, 0xF81F, 0xF81F, 0xF81F, 0xF81F, 0xF81F, 0xF81F, 0xF81F, 0xF81F,
  0xF81F, 0xF81F, 0xF81F, 0xF81F, 0xF81F, 0xF81F, 0xF81F, 0xF81F, 0xF81F, 0xF81F, 0xF81F, 0xF81F, 0xF81F, 0xF81F, 0xF81F, 0xF81F,
  0xF81F, 0xF81F, 0xF81F, 0xF81F, 0xF81F, 0xF81F, 0xF81F, 0xF81F, 0xF81F, 0xF81F, 0xF81F, 0xF81F, 0xF81F, 0xF81F, 0xF81F, 0xF81F,
  0xF81F, 0xF81F, 0xF81F, 0xF81F, 0xF81F, 0xF81F, 0xF81F, 0xF81F, 0xF81F, 0xF81F, 0xF81F, 0xF81F, 0xF81F, 0xF81F, 0xF81F, 0xF81F,
  0xF81F, 0xF81F, 0xF81F, 0xF81F, 0xF81F, 0xF81F, 0xF81F, 0xF81F, 0xF81F, 0xF81F, 0xF81F, 0xF81F, 0xF81F, 0xF81F, 0xF81F, 0xF81F,
  0xF81F, 0xF81F, 0xF81F, 0xF81F, 0xF81F, 0xF81F, 0xF81F, 0xF81F, 0xF81F, 0xF81F, 0xF81F, 0xF81F, 0xF81F, 0xF81F, 0xF81F, 0xF81F,
  0xF81F, 0xF81F, 0xF81F, 0xF81F, 0xF81F, 0xF81F, 0xF81F, 0xF81F, 0xF81F, 0xF81F, 0xF81F, 0xF81F, 0xF81F, 0xF81F, 0xF81F, 0xF81F,
  0xF81F, 0xF81F, 0xF81F, 0xF81F, 0xF81F, 0xF81F, 0xF81F, 0xF81F, 0xF81F, 0xF81F, 0xF81F, 0xF81F, 0xF81F, 0xF81F, 0xF81F, 0xF81F,
  0xF81F, 0xF81F, 0xF81F, 0xF81F, 0xF81F, 0xF81F, 0xF81F, 0xF81F, 0xF81F, 0xF81F, 0xF81F, 0xF81F, 0xF81F, 0xF81F, 0xF81F, 0xF81F,
  0xF81F, 0xF81F, 0xF81F, 0xF81F, 0xF81F, 0xF81F, 0xF81F, 0xF81F, 0xF81F, 0xF81F, 0xF81F, 0xF81F, 0xF81F, 0xF81F, 0xF81F, 0xF81F,
  0xF81F, 0xF81F, 0xF81F, 0xF81F, 0xF81F, 0xF81F, 0xF81F, 0xF81F, 0xF81F, 0xF81F, 0xF81F, 0xF81F, 0xF81F, 0xF81F, 0xF81F, 0xF81F,
  0xF81F, 0xF81F, 0xF81F, 0xF81F, 0xF81F, 0xF81F, 0xF81F, 0xF81F, 0xF81F, 0xF81F, 0xF81F, 0xF81F, 0xF81F, 0xF81F, 0xF81F, 0xF81F,
  0xF81F, 0xF81F, 0xF81F, 0xF81F, 0xF81F, 0xF81F, 0xF81F, 0xF81F, 0xF81F, 0xF81F, 0xF81F, 0xF81F, 0xF81F, 0xF81F, 0xF81F, 0xF81F,
  0xF81F, 0xF81F, 0xF81F, 0xF81F, 0xF81F, 0xF81F, 0xF81F, 0xF81F, 0xF81F, 0xF81F, 0xF81F, 0xF81F, 0xF81F, 0xF81F, 0xF81F, 0xF81F,
  0xF81F, 0xF81F, 0xF81F, 0xF81F, 0xF81F, 0xF81F, 0xF81F, 0xF81F, 0xF81F, 0xF81F, 0xF81F, 0xF81F, 0xF81F, 0xF81F, 0xF81F, 0xF81F,
  0xF81F, 0xF81F, 0xF81F, 0xF81F, 0xF81F, 0xF81F, 0xF81F, 0xF81F, 0xF81F, 0xF81F, 0xF81F, 0xF81F, 0xF81F, 0xF81F, 0xF81F, 0xF81F,
  0xF81F, 0xF81F, 0xF81F, 0xF81F, 0xF81F, 0xF81F, 0xF81F, 0xF81F, 0xF81F, 0xF81F, 0xF81F, 0xF81F, 0xF81F, 0xF81F, 0xF81F, 0xF81F,
  0xF81F, 0xF81F, 0xF81F, 0xF81F, 0xF81F, 0xF81F, 0xF81F, 0xF81F, 0xF81F, 0xF81F, 0xF81F, 0xF81F, 0xF81F, 0xF81F, 0xF81F, 0xF81F,
  0xF81F, 0xF81F, 0xF81F, 0xF81F, 0xF81F, 0xF81F, 0xF81F, 0xF81F, 0xF81F, 0xF81F, 0xF81F, 0xF81F, 0xF81F, 0xF81F, 0xF81F, 0xF81F,
  0xF81F, 0xF81F, 0xF81F, 0xF81F, 0x8182, 0x9A43, 0xF81F, 0xF81F, 0xF81F, 0xF81F, 0xF81F, 0xF81F, 0xF81F, 0xF81F, 0xF81F, 0xF81F,
  0xF81F, 0xF81F, 0xF81F, 0xF81F, 0xF81F, 0xF81F, 0xF81F, 0xF81F, 0xF81F, 0xF81F, 0xF81F, 0xF81F, 0xF81F, 0xF81F, 0xF81F, 0xF81F,
  0xF81F, 0xF81F, 0xF81F, 0xF81F, 0xF81F, 0xF81F, 0xF81F, 0xF81F, 0xF81F, 0xF81F, 0xF81F, 0xF81F, 0xF81F, 0xF81F, 0xF81F, 0xF81F,
  0xF81F, 0xF81F, 0xF81F, 0xF81F, 0xF81F, 0xF81F, 0xF81F, 0xF81F, 0xF81F, 0xF81F, 0xF81F, 0xF81F, 0xF81F, 0xF81F, 0xF81F, 0xF81F,
  0xF81F, 0xF81F, 0xF81F, 0xF81F, 0xF81F, 0xF81F, 0xF81F, 0xF81F, 0xF81F, 0xF81F, 0xF81F, 0xF81F, 0xF81F, 0xF81F, 0xF81F, 0xF81F,
  0xF81F, 0xF81F, 0xF81F, 0xF81F, 0xF81F, 0xF81F, 0xF81F, 0xF81F, 0xF81F, 0xF81F, 0xF81F, 0xF81F, 0xF81F, 0xF81F, 0xF81F, 0xF81F,
  0xF81F, 0xF81F, 0xF81F, 0xF81F, 0xF81F, 0xF81F, 0xF81F, 0xF81F, 0xF81F, 0xF81F, 0xF81F, 0xF81F, 0xF81F, 0xF81F, 0xA2C4, 0xAB44,
  0xB383, 0xCC45, 0xDCE6, 0xED89, 0xFE4A, 0xFEEE, 0xFF53, 0xF713, 0xB3A8, 0xF81F, 0xF81F, 0xF81F, 0xF81F, 0xF81F, 0xF81F, 0xF81F,
  0xF81F, 0xF81F, 0xF81F, 0xF81F, 0xF81F, 0xF81F, 0xF81F, 0xF81F, 0xF81F, 0xF81F, 0xF81F, 0xF81F, 0xF81F, 0xF81F, 0xF81F, 0xF81F,
  0xF81F, 0xF81F, 0xF81F, 0xF81F, 0xF81F, 0xF81F, 0xF81F, 0xF81F, 0xF81F, 0xF81F, 0xF81F, 0xF81F, 0xF81F, 0xF81F, 0xF81F, 0xF81F,
  0xF81F, 0xF81F, 0xF81F, 0xF81F, 0xF81F, 0xF81F, 0xF81F, 0xF81F, 0xF81F, 0xF81F, 0xF81F, 0xF81F, 0xF81F, 0xF81F, 0xF81F, 0xF81F,
  0xF81F, 0xF81F, 0xF81F, 0xF81F, 0xF81F, 0xF81F, 0xF81F, 0xF81F, 0xF81F, 0xF81F, 0xF81F, 0xF81F, 0xF81F, 0xF81F, 0xF81F, 0xF81F,
  0xF81F, 0xF81F, 0xF81F, 0xF81F, 0xF81F, 0xF81F, 0xF81F, 0xF81F, 0xF81F, 0xF81F, 0xF81F, 0xF81F, 0xF81F, 0xF81F, 0xF81F, 0xF81F,
  0xF81F, 0xF81F, 0xF81F, 0xF81F, 0xF81F, 0xF81F, 0xF81F, 0xF81F, 0xF81F, 0xF81F, 0x8A03, 0xAB24, 0xB383, 0xC404, 0xBBA3, 0xDD08,
  0xE56A, 0xE5AA, 0xF64B, 0xF5EB, 0xFF54, 0xFF53, 0xF713, 0xFED0, 0xFF6F, 0xAB46, 0xF81F, 0xF81F, 0xF81F, 0xF81F, 0xF81F, 0xF81F,
  0xF81F, 0xF81F, 0xF81F, 0xF81F, 0xF81F, 0xF81F, 0xF81F, 0xF81F, 0xF81F, 0xF81F, 0xF81F, 0xF81F, 0xF81F, 0xF81F, 0xF81F, 0xF81F,
  0xF81F, 0xF81F, 0xF81F, 0xF81F, 0xF81F, 0xF81F, 0xF81F, 0xF81F, 0xF81F, 0xF81F, 0xF81F, 0xF81F, 0xF81F, 0xF81F, 0xF81F, 0xF81F,
  0xF81F, 0xF81F, 0xF81F, 0xF81F, 0xF81F, 0xF81F, 0xF81F, 0xF81F, 0xF81F, 0xF81F, 0xF81F, 0xF81F, 0xF81F, 0xF81F, 0xF81F, 0xF81F,
  0xF81F, 0xF81F, 0xF81F, 0xF81F, 0xF81F, 0xF81F, 0xF81F, 0xF81F, 0xF81F, 0xF81F, 0xF81F, 0xF81F, 0xF81F, 0xF81F, 0xF81F, 0xF81F,
  0xF81F, 0xF81F, 0xF81F, 0xF81F, 0xF81F, 0xF81F, 0xF81F, 0xF81F, 0xF81F, 0xF81F, 0xF81F, 0xF81F, 0xF81F, 0xF81F, 0xF81F, 0xF81F,
  0xF81F, 0xF81F, 0xF81F, 0xF81F, 0xF81F, 0xF81F, 0xF81F, 0xF81F, 0xAAE4, 0xC404, 0xCC65, 0xD4C7, 0xD4E7, 0xCC24, 0xCC45, 0xE527,
  0xDCE6, 0xF68F, 0xF6D1, 0xFEF0, 0xF66F, 0xEE4E, 0xF585, 0xC3E2, 0xB362, 0xED67, 0xF81F, 0xF81F, 0xF81F, 0xF81F, 0xF81F, 0xF81F,
  0xF81F, 0xF81F, 0xF81F, 0xF81F, 0xF81F, 0xF81F, 0xF81F, 0xF81F, 0xF81F, 0xF81F, 0xF81F, 0xF81F, 0xF81F, 0xF81F, 0xF81F, 0xF81F,
  0xF81F, 0xF81F, 0xF81F, 0xF81F, 0xF81F, 0xF81F, 0xF81F, 0xF81F, 0xF81F, 0xF81F, 0xF81F, 0xF81F, 0xF81F, 0xF81F, 0xF81F, 0xF81F,
  0xF81F, 0xF81F, 0xF81F, 0xF81F, 0xF81F, 0xF81F, 0xF81F, 0xF81F, 0xF81F, 0xF81F, 0xF81F, 0xF81F, 0xF81F, 0xF81F, 0xF81F, 0xF81F,
  0xF81F, 0xF81F, 0xF81F, 0xF81F, 0xF81F, 0xF81F, 0xF81F, 0xF81F, 0xF81F, 0xF81F, 0xF81F, 0xF81F, 0xF81F, 0xF81F, 0xF81F, 0xF81F,
  0xF81F, 0xF81F, 0xF81F, 0xF81F, 0xF81F, 0xF81F, 0xF81F, 0xF81F, 0xF81F, 0xF81F, 0xF81F, 0xF81F, 0xF81F, 0xF81F, 0xF81F, 0xF81F,
  0xF81F, 0xF81F, 0xF81F, 0xF81F, 0xF81F, 0x89C3, 0xAB44, 0xB384, 0xB383, 0xB363, 0xC3E4, 0xAB43, 0xD4C6, 0xF60A, 0xE5AA, 0xE589,
  0xFECE, 0xF66A, 0xF6AE, 0xFF94, 0xEDCA, 0xED88, 0x92A1, 0x30A0, 0x5900, 0xD4A6, 0xBBC8, 0xF81F, 0xF81F, 0xF81F, 0xF81F, 0xF81F,
  0xF81F, 0xF81F, 0xF81F, 0xF81F, 0xF81F, 0xF81F, 0xF81F, 0xF81F, 0xF81F, 0xF81F, 0xF81F, 0xF81F, 0xF81F, 0xF81F, 0xF81F, 0xF81F,
  0xF81F, 0xF81F, 0xF81F, 0xF81F, 0xF81F, 0xF81F, 0xF81F, 0xF81F, 0xF81F, 0xF81F, 0xF81F, 0xF81F, 0xF81F, 0xF81F, 0xF81F, 0xF81F,
  0xF81F, 0xF81F, 0xF81F, 0xF81F, 0xF81F, 0xF81F, 0xF81F, 0xF81F, 0xF81F, 0xF81F, 0xF81F, 0xF81F, 0xF81F, 0xF81F, 0xF81F, 0xF81F,
  0xF81F, 0xF81F, 0xF81F, 0xF81F, 0xF81F, 0xF81F, 0xF81F, 0xF81F, 0xF81F, 0xF81F, 0xF81F, 0xF81F, 0xF81F, 0xF81F, 0xF81F, 0xF81F,
  0xF81F, 0xF81F, 0xF81F, 0xF81F, 0xF81F, 0xF81F, 0xF81F, 0xF81F, 0xF81F, 0xF81F, 0xF81F, 0xF81F, 0xF81F, 0xF81F, 0xF81F, 0xF81F,
  0xF81F, 0xF81F, 0xF81F, 0xF81F, 0xB387, 0xD486, 0xB3A4, 0xCC66, 0xED27, 0xE508, 0xAB22, 0xB362, 0xD4E7, 0xBBE4, 0xC426, 0xEED1,
  0xF6F1, 0xF66E, 0xF66E, 0xE589, 0xED66, 0x82A3, 0x1820, 0x30C0, 0x5140, 0xBBC3, 0xFF0F, 0xF81F, 0xF81F, 0xF81F, 0xF81F, 0xF81F,
  0xF81F, 0xF81F, 0xF81F, 0xF81F, 0xF81F, 0xF81F, 0xF81F, 0xF81F, 0xF81F, 0xF81F, 0xF81F, 0xF81F, 0xF81F, 0xF81F, 0xF81F, 0xF81F,
  0xF81F, 0xF81F, 0xF81F, 0xF81F, 0xF81F, 0xF81F, 0xF81F, 0xF81F, 0xF81F, 0xF81F, 0xF81F, 0xF81F, 0xF81F, 0xF81F, 0xF81F, 0xF81F,
  0xF81F, 0xF81F, 0xF81F, 0xF81F, 0xF81F, 0xF81F, 0xF81F, 0xF81F, 0xF81F, 0xF81F, 0xF81F, 0xF81F, 0xF81F, 0xF81F, 0xF81F, 0xF81F,
  0xF81F, 0xF81F, 0xF81F, 0xF81F, 0xF81F, 0xF81F, 0xF81F, 0xF81F, 0xF81F, 0xF81F, 0xF81F, 0xF81F, 0xF81F, 0xF81F, 0xF81F, 0xF81F,
  0xF81F, 0xF81F, 0xF81F, 0xF81F, 0xF81F, 0xF81F, 0xF81F, 0xF81F, 0xF81F, 0xF81F, 0xF81F, 0xF81F, 0xF81F, 0xF81F, 0xF81F, 0xF81F,
  0xF81F, 0xF81F, 0x9A85, 0xD4C7, 0xCC65, 0xAB43, 0xD486, 0xCC86, 0xABA4, 0xB363, 0xC404, 0xE528, 0xDCE7, 0xE4C5, 0xF5C9, 0xDCE7,
  0xED87, 0xF5C9, 0xEDC9, 0xEDEA, 0x9B23, 0x1820, 0x30A0, 0x38E0, 0x6160, 0x8A60, 0xEDEA, 0xEE71, 0xF81F, 0xF81F, 0xF81F, 0xF81F,
  0xF81F, 0xF81F, 0xF81F, 0xF81F, 0xF81F, 0xF81F, 0xF81F, 0xF81F, 0xF81F, 0xF81F, 0xF81F, 0xF81F, 0xF81F, 0xF81F, 0xF81F, 0xF81F,
  0xF81F, 0xF81F, 0xF81F, 0xF81F, 0xF81F, 0xF81F, 0xF81F, 0xF81F, 0xF81F, 0xF81F, 0xF81F, 0xF81F, 0xF81F, 0xF81F, 0xF81F, 0xF81F,
  0xF81F, 0xF81F, 0xF81F, 0xF81F, 0xF81F, 0xF81F, 0xF81F, 0xF81F, 0xF81F, 0xF81F, 0xF81F, 0xF81F, 0xF81F, 0xF81F, 0xF81F, 0xF81F,
  0xF81F, 0xF81F, 0xF81F, 0xF81F, 0xF81F, 0xF81F, 0xF81F, 0xF81F, 0xF81F, 0xF81F, 0xF81F, 0xF81F, 0xF81F, 0xF81F, 0xF81F, 0xF81F,
  0xF81F, 0xF81F, 0xF81F, 0xF81F, 0xF81F, 0xF81F, 0xF81F, 0xF81F, 0xF81F, 0xF81F, 0xF81F, 0xF81F, 0xF81F, 0xF81F, 0xF81F, 0xF81F,
  0x89E3, 0xB3C6, 0xDD29, 0xDCE8, 0xC446, 0xD4E7, 0xC405, 0xAB22, 0xD424, 0xED47, 0xE568, 0xC425, 0xED26, 0xFF0E, 0xE5AB, 0xEE0B,
  0xFE6C, 0xFF74, 0xD56A, 0xC466, 0x2880, 0x28A0, 0x38E0, 0x4920, 0x5140, 0x71E1, 0xB362, 0xFF10, 0xCD0C, 0xF81F, 0xF81F, 0xF81F,
  0xF81F, 0xF81F, 0xF81F, 0xF81F, 0xF81F, 0xF81F, 0xF81F, 0xF81F, 0xF81F, 0xF81F, 0xF81F, 0xF81F, 0xF81F, 0xF81F, 0xF81F, 0xF81F,
  0xF81F, 0xF81F, 0xF81F, 0xF81F, 0xF81F, 0xF81F, 0xF81F, 0xF81F, 0xF81F, 0xF81F, 0xF81F, 0xF81F, 0xF81F, 0xF81F, 0xF81F, 0xF81F,
  0xF81F, 0xF81F, 0xF81F, 0xF81F, 0xF81F, 0xF81F, 0xF81F, 0xF81F, 0xF81F, 0xF81F, 0xF81F, 0xF81F, 0xF81F, 0xF81F, 0xF81F, 0xF81F,
  0xF81F, 0xF81F, 0xF81F, 0xF81F, 0xF81F, 0xF81F, 0xF81F, 0xF81F, 0xF81F, 0xF81F, 0xF81F, 0xF81F, 0xF81F, 0xF81F, 0xF81F, 0xF81F,
  0xF81F, 0xF81F, 0xF81F, 0xF81F, 0xF81F, 0xF81F, 0xF81F, 0xF81F, 0xF81F, 0xF81F, 0xF81F, 0xF81F, 0xF81F, 0xF81F, 0xF81F, 0xB264,
  0xDCC8, 0xDD6B, 0xD509, 0xC426, 0xD4C7, 0xAB43, 0xAB84, 0xFE09, 0xE568, 0xCC86, 0xBBC3, 0xD528, 0xFEED, 0xBCA9, 0xBC68, 0xFECE,
  0xFF35, 0xEE90, 0x9B02, 0x6202, 0x1820, 0x4100, 0x38E0, 0x5140, 0x4120, 0x5960, 0x79E0, 0xCC44, 0xFF93, 0xC46B, 0xF81F, 0xF81F,
  0xF81F, 0xF81F, 0xF81F, 0xF81F, 0xF81F, 0xF81F, 0xF81F, 0xF81F, 0xF81F, 0xF81F, 0xF81F, 0xF81F, 0xF81F, 0x8182, 0x9A63, 0xAB04,
  0xBC07, 0xC48A, 0xC48B, 0xB3A8, 0xF81F, 0xF81F, 0xF81F, 0xF81F, 0xF81F, 0xF81F, 0xF81F, 0xF81F, 0xF81F, 0xF81F, 0xF81F, 0xF81F,
  0xF81F, 0xF81F, 0xF81F, 0xF81F, 0xF81F, 0xF81F, 0xF81F, 0xF81F, 0xF81F, 0xF81F, 0xF81F, 0xF81F, 0xF81F, 0xF81F, 0xF81F, 0xF81F,
  0xF81F, 0xF81F, 0xF81F, 0xF81F, 0xF81F, 0xF81F, 0xF81F, 0xF81F, 0xF81F, 0xF81F, 0xF81F, 0xF81F, 0xF81F, 0xF81F, 0xF81F, 0xF81F,
  0xF81F, 0xF81F, 0xF81F, 0xF81F, 0xF81F, 0xF81F, 0xF81F, 0xF81F, 0xF81F, 0xF81F, 0xF81F, 0xF81F, 0xF81F, 0xF81F, 0xA982, 0xC305,
  0xBB86, 0xC3E5, 0xD4A7, 0xDD29, 0xB383, 0xB343, 0xD4A6, 0xA364, 0x92A1, 0xDD07, 0xE568, 0xC446, 0xBBE5, 0xB343, 0xEE6F, 0xFF11,
  0xFF32, 0x9AE2, 0x8AA3, 0x28C0, 0x38E0, 0x4900, 0x30C0, 0x4940, 0x4920, 0x5160, 0x69A0, 0x8A20, 0xCC85, 0xFF73, 0xC449, 0xF81F,
  0xF81F, 0xF81F, 0xF81F, 0xF81F, 0xF81F, 0xF81F, 0x7122, 0x7982, 0x8A22, 0x9AA2, 0xC3C4, 0xDCC6, 0xED68, 0xFE4B, 0xFECD, 0xFF50,
  0xFFB4, 0xFFB4, 0xFFD4, 0xFFF3, 0xFFF6, 0xE60E, 0x89E3, 0xF81F, 0xF81F, 0xF81F, 0xF81F, 0xF81F, 0xF81F, 0xF81F, 0xF81F, 0xF81F,
  0xF81F, 0xF81F, 0xF81F, 0xF81F, 0xF81F, 0xF81F, 0xF81F, 0xF81F, 0xF81F, 0xF81F, 0xF81F, 0xF81F, 0xF81F, 0xF81F, 0xF81F, 0xF81F,
  0xF81F, 0xF81F, 0xF81F, 0xF81F, 0xF81F, 0xF81F, 0xF81F, 0xF81F, 0xF81F, 0xF81F, 0xF81F, 0xF81F, 0xF81F, 0xF81F, 0xF81F, 0xF81F,
  0xF81F, 0xF81F, 0xF81F, 0xF81F, 0xF81F, 0xF81F, 0xF81F, 0xF81F, 0xF81F, 0xF81F, 0xF81F, 0x8041, 0xA060, 0xA8C0, 0x98A0, 0xA960,
  0xBBA5, 0xE58A, 0xE56A, 0xCC25, 0xE548, 0xF60A, 0xB362, 0xBBC3, 0xF5C9, 0xEDEC, 0xCC45, 0xC3A3, 0xF62C, 0xE548, 0xFF54, 0xFF53,
  0x9B03, 0x8A82, 0x4961, 0x1840, 0x4100, 0x5140, 0x30C0, 0x6181, 0x5960, 0x5140, 0x6160, 0x69C1, 0x8A41, 0xD4A5, 0xFF92, 0xCCCC,
  0xF81F, 0xF81F, 0x6101, 0x6981, 0x71C0, 0x8241, 0x9280, 0xA2E1, 0xAB01, 0xD444, 0xDCC5, 0xE547, 0xED68, 0xE568, 0xEDA9, 0xE568,
  0xDD07, 0xD485, 0xBBC2, 0xC403, 0xCC44, 0xEDC9, 0xFF0E, 0xA2E4, 0xF81F, 0xF81F, 0xF81F, 0xF81F, 0xF81F, 0xF81F, 0xF81F, 0xF81F,
  0xF81F, 0xF81F, 0xF81F, 0xF81F, 0xF81F, 0xF81F, 0xF81F, 0xF81F, 0xF81F, 0xF81F, 0xF81F, 0xF81F, 0xF81F, 0xF81F, 0xF81F, 0xF81F,
  0xF81F, 0xF81F, 0xF81F, 0xF81F, 0xF81F, 0xF81F, 0xF81F, 0xF81F, 0xF81F, 0xF81F, 0xF81F, 0xF81F, 0xF81F, 0xF81F, 0xF81F, 0xF81F,
  0xF81F, 0xF81F, 0xF81F, 0xF81F, 0xF81F, 0xF81F, 0xF81F, 0xF81F, 0xF81F, 0x7821, 0x8840, 0x9040, 0x9860, 0x7880, 0x9A82, 0xD4E8,
  0xE5AB, 0xDCE7, 0xE506, 0xFE6C, 0xE5AB, 0xC405, 0xDD08, 0xFEAE, 0xED89, 0xDCE7, 0xDCA5, 0xF66F, 0xF6B0, 0xB3A4, 0xE5EE, 0x92E3,
  0x8A21, 0xA384, 0x2880, 0x4920, 0x3900, 0x5961, 0x4920, 0x4940, 0x8A41, 0x5960, 0x4920, 0x4920, 0x5160, 0x8A61, 0xCC65, 0xFF51,
  0xE64F, 0x8AA2, 0x8241, 0x8A82, 0x7A84, 0x9B87, 0xB44A, 0xBCED, 0xD5F2, 0xDE33, 0xDE53, 0xDE13, 0xCD4E, 0xABA6, 0x79E0, 0x71A0,
  0x69C0, 0x4920, 0x5960, 0x6160, 0x6980, 0x79C0, 0xC424, 0xFE4A, 0xA283, 0xF81F, 0xF81F, 0xF81F, 0xF81F, 0xF81F, 0xF81F, 0xF81F,
  0xF81F, 0xF81F, 0xF81F, 0xF81F, 0xF81F, 0xF81F, 0xF81F, 0xF81F, 0xF81F, 0xF81F, 0xF81F, 0xF81F, 0xF81F, 0xF81F, 0xF81F, 0xF81F,
  0xF81F, 0xF81F, 0xF81F, 0xF81F, 0xF81F, 0xF81F, 0xF81F, 0xF81F, 0xF81F, 0xF81F, 0xF81F, 0xF81F, 0xF81F, 0xF81F, 0xF81F, 0xF81F,
  0xF81F, 0xF81F, 0xF81F, 0xF81F, 0xF81F, 0xF81F, 0xF81F, 0xF81F, 0xF81F, 0x6820, 0x7841, 0x7861, 0x70A1, 0x8A22, 0xA364, 0xCCA7,
  0xED48, 0xF62D, 0xFED0, 0xD52B, 0xCC45, 0xE5AB, 0xFF95, 0xF66E, 0xE549, 0xED67, 0xEE0E, 0xFFB6, 0xCCC8, 0xCC45, 0xD465, 0x8262,
  0xCC66, 0x6202, 0x30A0, 0x4100, 0x2080, 0x5161, 0x61A1, 0x6180, 0x8241, 0x69C1, 0x4100, 0x61A0, 0x69C0, 0x6181, 0x8A61, 0xC3E3,
  0xFECF, 0xFF31, 0xEDCA, 0xE507, 0xDDB0, 0xFF78, 0xFFB9, 0xFFFC, 0xFFFD, 0xFFFC, 0xFFDB, 0xFFFD, 0xFFFF, 0xFFFD, 0xDE73, 0x6225,
  0x1820, 0x3900, 0x4900, 0x38E0, 0x38E0, 0x5960, 0x69C0, 0xC404, 0xC466, 0x89C3, 0xF81F, 0xF81F, 0xF81F, 0xF81F, 0xF81F, 0xF81F,
  0xF81F, 0xF81F, 0xF81F, 0xF81F, 0xF81F, 0xF81F, 0xF81F, 0xF81F, 0xF81F, 0xF81F, 0xF81F, 0xF81F, 0xF81F, 0xF81F, 0xF81F, 0xF81F,
  0xF81F, 0xF81F, 0xF81F, 0xF81F, 0xF81F, 0xF81F, 0xF81F, 0xF81F, 0xF81F, 0xF81F, 0xF81F, 0xF81F, 0xF81F, 0xF81F, 0xF81F, 0xF81F,
  0xF81F, 0xF81F, 0xF81F, 0xF81F, 0xF81F, 0xF81F, 0xF81F, 0x6861, 0x7082, 0x78E2, 0x6102, 0x5142, 0x3942, 0x49C3, 0xB407, 0xEDAA,
  0xFF13, 0xEEB3, 0xCD0B, 0xE528, 0xF64E, 0xFFD7, 0xF62D, 0xDD09, 0xF60B, 0xE58A, 0xFFD7, 0xD529, 0xA385, 0xFE4C, 0xDD4B, 0x59C2,
  0xBC66, 0x28A0, 0x3900, 0x4121, 0x4120, 0x4941, 0x61A1, 0x4100, 0x69C1, 0x8A82, 0x61A0, 0x4100, 0x69C0, 0x71C0, 0x5960, 0x79E0,
  0xB341, 0xE527, 0xF5CA, 0xC469, 0xE696, 0xFF78, 0xFF78, 0xF779, 0xF715, 0xF6D3, 0xF6F4, 0xD54D, 0x8B27, 0x93EC, 0xCDD1, 0xEE0E,
  0x6203, 0x3080, 0x4920, 0x4940, 0x5160, 0x5140, 0x6180, 0x9AC2, 0xB3E5, 0xAB63, 0xF81F, 0xF81F, 0xF81F, 0xF81F, 0xF81F, 0xF81F,
  0xF81F, 0xF81F, 0xF81F, 0xF81F, 0xF81F, 0xF81F, 0xF81F, 0xF81F, 0xF81F, 0xF81F, 0xF81F, 0xF81F, 0xF81F, 0xF81F, 0xF81F, 0xF81F,
  0xF81F, 0xF81F, 0xF81F, 0xF81F, 0xF81F, 0xF81F, 0xF81F, 0xF81F, 0xF81F, 0xF81F, 0xF81F, 0xF81F, 0xF81F, 0xF81F, 0xF81F, 0xF81F,
  0xF81F, 0xF81F, 0xF81F, 0xF81F, 0xF81F, 0x6841, 0x7061, 0x68A2, 0x50E2, 0x4143, 0x3964, 0x3984, 0x4983, 0xCCA9, 0xFED2, 0xFFD8,
  0xD58E, 0xC489, 0xF5EC, 0xF6B3, 0xFFD9, 0xF68F, 0xA344, 0xEE0B, 0xEDA9, 0xFF76, 0xEE2C, 0x4960, 0xCD0A, 0xFECD, 0x7242, 0x51A1,
  0x82C3, 0x1020, 0x3900, 0x7A22, 0x69C1, 0x5960, 0x5981, 0x4120, 0x5981, 0x5960, 0x79E1, 0x7A01, 0x5140, 0x5140, 0x6160, 0x5940,
  0x79E1, 0x9261, 0xB301, 0xC48A, 0xEEB4, 0xFF59, 0xFF79, 0xFF57, 0xF6D3, 0xFF37, 0xFFBA, 0xF6F5, 0x8AE5, 0x40E0, 0x4100, 0xCC86,
  0xE64A, 0x8B66, 0x30A0, 0x5160, 0x61A0, 0x71E0, 0x79E1, 0x7A01, 0xA302, 0xAB83, 0x8262, 0xF81F, 0xF81F, 0xF81F, 0xF81F, 0xF81F,
  0xF81F, 0xF81F, 0xF81F, 0xF81F, 0xF81F, 0xF81F, 0xF81F, 0xF81F, 0xF81F, 0xF81F, 0xF81F, 0xF81F, 0xF81F, 0xF81F, 0xF81F, 0xF81F,
  0xF81F, 0xF81F, 0xF81F, 0xF81F, 0xF81F, 0xF81F, 0xF81F, 0xF81F, 0xF81F, 0xF81F, 0xF81F, 0xF81F, 0xF81F, 0xF81F, 0xF81F, 0xF81F,
  0xF81F, 0xF81F, 0xF81F, 0xF81F, 0x6021, 0x5041, 0x4082, 0x30E2, 0x4164, 0x51E6, 0x49C5, 0x3102, 0xD50A, 0xFF53, 0xF6B2, 0x9367,
  0xA3C6, 0xF64E, 0xF6F3, 0xFFD7, 0xE60D, 0x59E2, 0xB4AA, 0xFE4C, 0xFED1, 0xF66E, 0x59C2, 0x3943, 0xFEAD, 0xBC05, 0x1860, 0x59C2,
  0x4961, 0x2880, 0x61C1, 0x61C1, 0x61A1, 0x8A62, 0x61C1, 0x5160, 0x4940, 0x5140, 0x9AA2, 0x8241, 0x71E1, 0x71E1, 0x71E1, 0x5140,
  0x5120, 0x8A61, 0xB384, 0xD5B1, 0xFF36, 0xF716, 0xFF37, 0xF715, 0xF693, 0xEE51, 0xF6B2, 0xFF14, 0xD56D, 0xB405, 0xDD49, 0xFE47,
  0xFE44, 0xFF2A, 0x7262, 0x40E0, 0x5160, 0x7201, 0x7A01, 0x69A1, 0x9282, 0xDCA6, 0x6A01, 0x7982, 0xF81F, 0xF81F, 0xF81F, 0xF81F,
  0xF81F, 0xF81F, 0xF81F, 0xF81F, 0xF81F, 0xF81F, 0xF81F, 0xF81F, 0xF81F, 0xF81F, 0xF81F, 0xF81F, 0xF81F, 0xF81F, 0xF81F, 0xF81F,
  0xF81F, 0xF81F, 0xF81F, 0xF81F, 0xF81F, 0xF81F, 0xF81F, 0xF81F, 0xF81F, 0xF81F, 0xF81F, 0xF81F, 0xF81F, 0xF81F, 0xF81F, 0xF81F,
  0xF81F, 0xF81F, 0xF81F, 0xF81F, 0x4082, 0x30E3, 0x3985, 0x49C6, 0x49C6, 0x4184, 0x28E2, 0xA3C7, 0xE5ED, 0x8B67, 0x3900, 0x7AE6,
  0xFF12, 0xFF54, 0xFF13, 0xB447, 0x28C0, 0x49A3, 0xF66F, 0xFECF, 0xEDED, 0x5180, 0x20A2, 0x82C5, 0xD4C7, 0x3901, 0x30E1, 0x3921,
  0x3921, 0x4941, 0x4961, 0x30C0, 0x7A21, 0x69E1, 0x61A1, 0x7A22, 0x69E1, 0x69C1, 0x38E0, 0x30C0, 0x61C1, 0x3900, 0x4940, 0x5140,
  0x8241, 0xCC04, 0xD4A6, 0xD54E, 0xFF37, 0xF6F5, 0xFF16, 0xFF16, 0xEE72, 0xD54C, 0xBC49, 0xB408, 0xB408, 0x9345, 0x7261, 0x92E1,
  0xBBA0, 0xE480, 0x92E1, 0x5161, 0x8242, 0x8241, 0x8221, 0xA303, 0x7201, 0xC3C3, 0x92C2, 0x5161, 0xF81F, 0xF81F, 0xF81F, 0xF81F,
  0xF81F, 0xF81F, 0xF81F, 0xF81F, 0xF81F, 0xF81F, 0xF81F, 0xF81F, 0xF81F, 0xF81F, 0xF81F, 0xF81F, 0xF81F, 0xF81F, 0xF81F, 0xF81F,
  0xF81F, 0xF81F, 0xF81F, 0xF81F, 0xF81F, 0xF81F, 0xF81F, 0xF81F, 0xF81F, 0xF81F, 0xF81F, 0xF81F, 0xF81F, 0xF81F, 0xF81F, 0xF81F,
  0xF81F, 0xF81F, 0x4062, 0x30E3, 0x3965, 0x49C6, 0x41A5, 0x2923, 0x2903, 0x3944, 0x49A5, 0x5A44, 0x20A1, 0x1840, 0x49A3, 0xFECF,
  0xFEF3, 0xBCEC, 0x59E2, 0x1861, 0x28C2, 0x6244, 0xFECF, 0xCD0A, 0x3901, 0x28E2, 0x51E5, 0x6A23, 0x4982, 0x3122, 0x4983, 0x59E3,
  0x51A3, 0x61E3, 0x51A2, 0x4141, 0x4941, 0x28A0, 0x5161, 0x38E0, 0x61A0, 0x4940, 0x1840, 0x30C0, 0x30C0, 0x38E0, 0x5140, 0x71C0,
  0xA323, 0xDCA6, 0xCC87, 0xD590, 0xE673, 0xF6F6, 0xF717, 0xF6B4, 0xE5CE, 0xBC69, 0x9B47, 0x6A44, 0x3901, 0x28A0, 0x2880, 0x2880,
  0x2880, 0x71E0, 0x8241, 0x61A1, 0xAB23, 0x9282, 0x69E1, 0xBBA3, 0x71E1, 0x7A01, 0x9AC1, 0x69C0, 0x6961, 0xF81F, 0xF81F, 0xF81F,
  0xF81F, 0xF81F, 0xF81F, 0xF81F, 0xF81F, 0xF81F, 0xF81F, 0xF81F, 0xF81F, 0xF81F, 0xF81F, 0xF81F, 0xF81F, 0xF81F, 0xF81F, 0xF81F,
  0xF81F, 0xF81F, 0xF81F, 0xF81F, 0xF81F, 0xF81F, 0xF81F, 0xF81F, 0xF81F, 0xF81F, 0xF81F, 0xF81F, 0xF81F, 0xF81F, 0xF81F, 0xF81F,
  0xF81F, 0x30E3, 0x3144, 0x3965, 0x4145, 0x3103, 0x28E3, 0x3964, 0x5207, 0x5207, 0x3965, 0x2903, 0x49A4, 0x3964, 0x82E5, 0x9BA6,
  0x4162, 0x20A1, 0x28E2, 0x49A4, 0x49A3, 0x51C3, 0x82E5, 0x28A1, 0x3122, 0x49C4, 0x6204, 0x30E1, 0x4183, 0x49A3, 0x6A44, 0x7264,
  0x7265, 0x7A85, 0x61E3, 0x6204, 0x51A2, 0x4141, 0x30E0, 0x2080, 0x1840, 0x2060, 0x2880, 0x38E0, 0x5140, 0x61A1, 0x8A41, 0xA323,
  0xD465, 0x9AC2, 0xBBA3, 0xB384, 0xEE74, 0xF6D5, 0xEE52, 0xE5F0, 0xCD0C, 0xABE8, 0x82C5, 0x30E1, 0x28C0, 0x3901, 0x4961, 0x4141,
  0x4961, 0x5161, 0x5981, 0x7202, 0xA323, 0xA322, 0x92C2, 0x9A81, 0xAB43, 0x8AA2, 0xA2E2, 0xBB83, 0x69E1, 0xF81F, 0xF81F, 0xF81F,
  0xF81F, 0xF81F, 0xF81F, 0xF81F, 0xF81F, 0xF81F, 0xF81F, 0xF81F, 0xF81F, 0xF81F, 0xF81F, 0xF81F, 0xF81F, 0xF81F, 0xF81F, 0xF81F,
  0xF81F, 0xF81F, 0xF81F, 0xF81F, 0xF81F, 0xF81F, 0xF81F, 0xF81F, 0xF81F, 0xF81F, 0xF81F, 0xF81F, 0xF81F, 0xF81F, 0xF81F, 0x3882,
  0x2924, 0x3145, 0x40E4, 0x4883, 0x30A2, 0x3103, 0x41A5, 0x5227, 0x49E7, 0x3165, 0x3964, 0x51E5, 0x49E6, 0x2903, 0x2902, 0x3102,
  0x3144, 0x3964, 0x3964, 0x6245, 0x49C5, 0x3943, 0x20A2, 0x41C5, 0x49C4, 0x6246, 0x4922, 0x38E1, 0x59E4, 0x61E4, 0x8B27, 0x7AE6,
  0x9348, 0x8B27, 0x7A85, 0x82C6, 0x51A3, 0x5182, 0x30E0, 0x1840, 0x28A0, 0x38E0, 0x5960, 0x5960, 0x69A1, 0x71E1, 0x71E1, 0xA2E2,
  0x92A2, 0xB3A4, 0xD444, 0xCCEA, 0xC4ED, 0xDDD0, 0xDDF0, 0xCD0C, 0xB449, 0xA3A7, 0x4961, 0x28C0, 0x4961, 0x4982, 0x51C2, 0x4982,
  0x51C2, 0x51A2, 0x61E2, 0x8AA3, 0x92A2, 0x92C2, 0xCC66, 0xA322, 0xD4A6, 0xDC85, 0xDCA6, 0xDCC6, 0x92E2, 0x60C1, 0xF81F, 0xF81F,
  0xF81F, 0xF81F, 0xF81F, 0xF81F, 0xF81F, 0xF81F, 0xF81F, 0xF81F, 0xF81F, 0xF81F, 0xF81F, 0xF81F, 0xF81F, 0xF81F, 0xF81F, 0xF81F,
  0xF81F, 0xF81F, 0xF81F, 0xF81F, 0xF81F, 0xF81F, 0xF81F, 0xF81F, 0xF81F, 0xF81F, 0xF81F, 0xF81F, 0xF81F, 0xF81F, 0x30A3, 0x20E3,
  0x40A3, 0xF81F, 0x3862, 0x28C3, 0x3964, 0x49E6, 0x5207, 0x3944, 0x2924, 0x41A5, 0x5A06, 0x5207, 0x3944, 0x3964, 0x51E5, 0x5206,
  0x4184, 0x3144, 0x5A25, 0x51E6, 0x49C6, 0x3964, 0x49E6, 0x49C4, 0x5205, 0x61E4, 0x2800, 0x3881, 0x50E2, 0x69E4, 0xA3E9, 0x9367,
  0xAC4B, 0x9BA9, 0x9BA9, 0x7285, 0x6203, 0x30E1, 0x1840, 0x30A0, 0x30A0, 0x4920, 0x69A0, 0x69A0, 0x7A01, 0x71E1, 0x8A82, 0x9AE3,
  0x8262, 0xBB83, 0xAB23, 0xB321, 0xAB86, 0xD56E, 0xCD2D, 0xBCAC, 0xA3C8, 0x6A23, 0x3901, 0x51A3, 0x59C3, 0x6A44, 0x6A23, 0x6A44,
  0x6A44, 0x7264, 0x82C5, 0x8B04, 0xB3E7, 0xB384, 0xED89, 0xD487, 0xE549, 0xE507, 0xDCE7, 0xE54A, 0x9AE2, 0x69C2, 0xF81F, 0xF81F,
  0xF81F, 0xF81F, 0xF81F, 0xF81F, 0xF81F, 0xF81F, 0xF81F, 0xF81F, 0xF81F, 0xF81F, 0xF81F, 0xF81F, 0xF81F, 0xF81F, 0xF81F, 0xF81F,
  0xF81F, 0xF81F, 0xF81F, 0xF81F, 0xF81F, 0xF81F, 0xF81F, 0xF81F, 0xF81F, 0xF81F, 0xF81F, 0xF81F, 0xF81F, 0x4042, 0x4062, 0xF81F,
  0xF81F, 0x30A2, 0x2904, 0x3965, 0x49E6, 0x4985, 0x38E3, 0x2903, 0x4185, 0x5206, 0x5206, 0x3144, 0x3964, 0x51E5, 0x5206, 0x4185,
  0x3144, 0x51E5, 0x5205, 0x51E7, 0x3144, 0x4185, 0x51E6, 0x4184, 0x6225, 0x4060, 0x4000, 0x5020, 0x4800, 0x79E4, 0xABC8, 0xBC8C,
  0xCD2E, 0xB46A, 0x9BA8, 0x3102, 0x28C1, 0x2080, 0x30A0, 0x4900, 0x5960, 0x71E1, 0x8241, 0x9261, 0x61A0, 0x7A01, 0x61A0, 0x61A1,
  0x9AC2, 0x9AA2, 0x8A61, 0xA2C2, 0x8A83, 0x8AC4, 0xBC8B, 0xA3A7, 0x7AA4, 0x3901, 0x51A3, 0x7265, 0x82C5, 0x7AA5, 0x6A44, 0x82E5,
  0x9326, 0x9325, 0xA3C7, 0xA3C7, 0xD52C, 0xC427, 0xEDCD, 0xDD4B, 0xDD0A, 0xEDCC, 0xCC46, 0xFE4E, 0x7AA4, 0x30E1, 0x6162, 0xF81F,
  0xF81F, 0xF81F, 0xF81F, 0xF81F, 0xF81F, 0xF81F, 0xF81F, 0xF81F, 0xF81F, 0xF81F, 0xF81F, 0xF81F, 0xF81F, 0xF81F, 0xF81F, 0xF81F,
  0xF81F, 0xF81F, 0xF81F, 0xF81F, 0xF81F, 0xF81F, 0xF81F, 0xF81F, 0xF81F, 0xF81F, 0xF81F, 0xF81F, 0xF81F, 0xF81F, 0xF81F, 0xF81F,
  0x28E3, 0x2924, 0x3985, 0x4186, 0x48C3, 0x38A3, 0x3144, 0x4185, 0x49E6, 0x49C6, 0x3144, 0x3964, 0x51E5, 0x5A27, 0x49C5, 0x3124,
  0x49E6, 0x5A05, 0x49E7, 0x4183, 0x3123, 0x4A07, 0x4164, 0x5205, 0x6942, 0x5000, 0x6820, 0x6000, 0x6000, 0x6881, 0x60C1, 0xCD0D,
  0xCD0C, 0x9347, 0x3942, 0x1840, 0x30C0, 0x4100, 0x38E0, 0x6180, 0x7A01, 0xA302, 0xDC44, 0xE506, 0x8A82, 0x4900, 0x69C1, 0x8A82,
  0x8241, 0x5980, 0x7A01, 0x69A0, 0x69A0, 0x7A22, 0x69E1, 0x69E2, 0x4121, 0x49A3, 0x7265, 0x82E6, 0xA387, 0x7182, 0x82E6, 0x8B26,
  0xABE8, 0xA3C8, 0xB44A, 0xBC49, 0xE5EF, 0xC489, 0xEDEF, 0xEDEE, 0xD50B, 0xF671, 0xC489, 0xD4C9, 0xB407, 0x1041, 0x3943, 0x6922,
  0xF81F, 0xF81F, 0xF81F, 0xF81F, 0xF81F, 0xF81F, 0xF81F, 0xF81F, 0xF81F, 0xF81F, 0xF81F, 0xF81F, 0xF81F, 0xF81F, 0xF81F, 0xF81F,
  0xF81F, 0xF81F, 0xF81F, 0xF81F, 0xF81F, 0xF81F, 0xF81F, 0xF81F, 0xF81F, 0xF81F, 0xF81F, 0xF81F, 0xF81F, 0xF81F, 0xF81F, 0x20E3,
  0x2924, 0x3965, 0x4104, 0xF81F, 0x38A2, 0x3164, 0x49A5, 0x49E6, 0x41A6, 0x2903, 0x3944, 0x51A5, 0x5206, 0x51E6, 0x28E3, 0x41A6,
  0x5205, 0x49E6, 0x59E5, 0x30E2, 0x41C6, 0x4184, 0x4184, 0x6A04, 0xF81F, 0xF81F, 0x7020, 0x7040, 0x9020, 0x8020, 0x7000, 0x9AC6,
  0x4143, 0x0000, 0x3901, 0x6181, 0x5940, 0x5140, 0x5960, 0x71E1, 0xA2E2, 0xD444, 0xED68, 0xFECC, 0xBC05, 0x40C0, 0x5160, 0x5980,
  0x4920, 0x5981, 0x5980, 0x5960, 0x6180, 0x5940, 0x5140, 0x4121, 0x59C3, 0x7AA5, 0x61E3, 0x9BA8, 0x6922, 0x6102, 0x9BC8, 0xA3A8,
  0xB449, 0xBC8B, 0xC4AB, 0xCCEC, 0xEE31, 0xCCEB, 0xE5CF, 0xF671, 0xD4EA, 0xEDEF, 0xD56D, 0x5181, 0x9304, 0x3902, 0x2903, 0x3922,
  0x60E2, 0xF81F, 0xF81F, 0xF81F, 0xF81F, 0xF81F, 0xF81F, 0xF81F, 0xF81F, 0xF81F, 0xF81F, 0xF81F, 0xF81F, 0xF81F, 0xF81F, 0xF81F,
  0xF81F, 0xF81F, 0xF81F, 0xF81F, 0xF81F, 0xF81F, 0xF81F, 0xF81F, 0xF81F, 0xF81F, 0xF81F, 0xF81F, 0xF81F, 0xF81F, 0x20E3, 0x3124,
  0x3124, 0x4882, 0xF81F, 0x38C3, 0x3144, 0x4185, 0x49E6, 0x41A5, 0x30E3, 0x3144, 0x4184, 0x49E6, 0x4A06, 0x4103, 0x3144, 0x49C5,
  0x49A5, 0x5A06, 0x5102, 0x3124, 0x41A5, 0x3923, 0x51C4, 0xF81F, 0xF81F, 0xF81F, 0xF81F, 0xF81F, 0x7800, 0xF81F, 0x6800, 0x4861,
  0x7203, 0x9303, 0x7201, 0x69C1, 0x5140, 0x4100, 0x69A0, 0x92A2, 0xC3C3, 0xE507, 0xF60A, 0xFE8B, 0xBBE4, 0x2860, 0x4100, 0x4920,
  0x4920, 0x4920, 0x5960, 0x5940, 0x5960, 0x4100, 0x30C1, 0x3881, 0x59E4, 0x5122, 0x4861, 0x5922, 0x4000, 0x7183, 0x92E5, 0xAC0A,
  0xBCAB, 0xCD0C, 0xD54D, 0xD52D, 0xF673, 0xDD8F, 0xDD8F, 0xFED4, 0xBC8B, 0xAC29, 0xF5ED, 0x30E0, 0x20A2, 0x4142, 0x4122, 0x20E3,
  0x3922, 0xF81F, 0xF81F, 0xF81F, 0xF81F, 0xF81F, 0xF81F, 0xF81F, 0xF81F, 0xF81F, 0xF81F, 0xF81F, 0xF81F, 0xF81F, 0xF81F, 0xF81F,
  0xF81F, 0xF81F, 0xF81F, 0xF81F, 0xF81F, 0xF81F, 0xF81F, 0xF81F, 0xF81F, 0xF81F, 0xF81F, 0xF81F, 0xF81F, 0x2104, 0x2904, 0x40A3,
  0xF81F, 0xF81F, 0x30C3, 0x3144, 0x4164, 0x49E6, 0x4165, 0x3882, 0x3124, 0x3964, 0x49C5, 0x49E6, 0x4903, 0x38C3, 0x4185, 0x4164,
  0x49E6, 0x6963, 0x3062, 0x41A5, 0x3944, 0x3963, 0x6183, 0xF81F, 0xF81F, 0xF81F, 0xF81F, 0xF81F, 0xF81F, 0xF81F, 0x9287, 0xB409,
  0xAC07, 0x59A1, 0x69E2, 0x7A22, 0x4941, 0x61A1, 0x8221, 0x9261, 0xC3E3, 0xE4E6, 0xF588, 0xFE09, 0xA302, 0x2040, 0x38E0, 0x4100,
  0x4920, 0x5940, 0x6160, 0x4120, 0x20A0, 0x1061, 0x3041, 0x3041, 0x1861, 0x3800, 0x6800, 0x5800, 0x7000, 0x6880, 0x68E1, 0xC50D,
  0xC4EC, 0xDD8F, 0xDD8E, 0xD52C, 0xF693, 0xE5F1, 0xBC6A, 0xFE71, 0xBCAB, 0x30E1, 0xD4E9, 0x4982, 0x20C2, 0x2903, 0x4902, 0x4882,
  0x2903, 0x3922, 0x58C2, 0xF81F, 0xF81F, 0xF81F, 0xF81F, 0xF81F, 0xF81F, 0xF81F, 0xF81F, 0xF81F, 0xF81F, 0xF81F, 0xF81F, 0xF81F,
  0xF81F, 0xF81F, 0xF81F, 0xF81F, 0xF81F, 0xF81F, 0xF81F, 0xF81F, 0xF81F, 0xF81F, 0xF81F, 0xF81F, 0x28C3, 0x30C3, 0xF81F, 0xF81F,
  0xF81F, 0x3883, 0x2924, 0x3944, 0x49C6, 0x4124, 0xF81F, 0x3103, 0x3144, 0x4185, 0x49E7, 0x4903, 0x4042, 0x3965, 0x4144, 0x41A5,
  0x61C4, 0xF81F, 0x2903, 0x3944, 0x3103, 0x5183, 0xF81F, 0xF81F, 0xF81F, 0xF81F, 0x9287, 0xA348, 0xABE9, 0xABE8, 0xA387, 0x7243,
  0x30A0, 0x4100, 0x71E1, 0x69C1, 0x6180, 0x4920, 0x7A01, 0x8A41, 0xB363, 0xDCA5, 0xED27, 0xFD87, 0x8282, 0x1840, 0x38E0, 0x4100,
  0x4920, 0x48E0, 0x5081, 0x3061, 0x2082, 0x20C2, 0x30A2, 0x28C2, 0x3041, 0x6041, 0x6020, 0x7820, 0x8820, 0x7000, 0x6881, 0xCD0C,
  0xC48A, 0xDDAF, 0xE5F1, 0xC4AB, 0xEE73, 0xE611, 0x6244, 0xEE30, 0xC4EC, 0x1840, 0x3942, 0x3942, 0x3123, 0x2903, 0x3122, 0xF81F,
  0xF81F, 0x30C2, 0x3102, 0x48E2, 0xF81F, 0xF81F, 0xF81F, 0xF81F, 0xF81F, 0xF81F, 0xF81F, 0xF81F, 0xF81F, 0xF81F, 0xF81F, 0xF81F,
  0xF81F, 0xF81F, 0xF81F, 0xF81F, 0xF81F, 0xF81F, 0xF81F, 0xF81F, 0xF81F, 0xF81F, 0xF81F, 0x4062, 0x4062, 0xF81F, 0xF81F, 0xF81F,
  0x4062, 0x2924, 0x3924, 0x3985, 0x4904, 0xF81F, 0x30C3, 0x3144, 0x3944, 0x41A6, 0x4944, 0xF81F, 0x3104, 0x3964, 0x3124, 0x51E5,
  0xF81F, 0x3862, 0x3944, 0x3103, 0x3923, 0x92A4, 0xCC8A, 0xCD2E, 0xDDD0, 0xE5EF, 0xE5CF, 0xD54D, 0xB429, 0x9326, 0x7244, 0x4941,
  0x5161, 0x69A1, 0x5961, 0x5981, 0x28A0, 0x5161, 0x7201, 0x8242, 0xC3C4, 0xCC04, 0xD444, 0xE485, 0x71E1, 0x1840, 0x2080, 0x2880,
  0x4920, 0x5881, 0xF81F, 0xF81F, 0xF81F, 0xF81F, 0x38A2, 0x30A2, 0x38C2, 0x5081, 0x6020, 0x8800, 0x7000, 0x8800, 0x7861, 0xABE8,
  0x7285, 0xEE11, 0xE612, 0x72A6, 0xEE52, 0xDDAF, 0x2081, 0x9388, 0xB429, 0x1861, 0x18A2, 0x28E2, 0x3943, 0x3124, 0x2903, 0x4922,
  0xF81F, 0xF81F, 0xF81F, 0x3882, 0x4881, 0xF81F, 0xF81F, 0xF81F, 0xF81F, 0xF81F, 0xF81F, 0xF81F, 0xF81F, 0xF81F, 0xF81F, 0xF81F,
  0xF81F, 0xF81F, 0xF81F, 0xF81F, 0xF81F, 0xF81F, 0xF81F, 0xF81F, 0xF81F, 0xF81F, 0xF81F, 0xF81F, 0xF81F, 0xF81F, 0xF81F, 0xF81F,
  0x2903, 0x3123, 0x3965, 0x40A3, 0xF81F, 0x4062, 0x3144, 0x3123, 0x39A5, 0x4984, 0xF81F, 0x4062, 0x3964, 0x3123, 0x4184, 0x6143,
  0xF81F, 0x28E3, 0x3123, 0x3123, 0x5962, 0x78C1, 0xB40A, 0xD5B0, 0xDDB0, 0xDD6E, 0xD54E, 0xC4CB, 0xA3C8, 0x9326, 0x61E3, 0x4941,
  0x4940, 0x4920, 0x61C1, 0x5160, 0x28A0, 0x5161, 0x7A02, 0x8241, 0xA302, 0xC3A3, 0xAB43, 0xBB62, 0x4920, 0x1020, 0x2880, 0x4920,
  0x8201, 0xF81F, 0xF81F, 0xF81F, 0xF81F, 0xF81F, 0xF81F, 0xF81F, 0x3103, 0x3881, 0x7000, 0x8800, 0x8000, 0xA000, 0x6820, 0x30E2,
  0x41A4, 0xF693, 0xCD4E, 0x1040, 0xCD2D, 0xBC8B, 0x1860, 0x20C1, 0x4162, 0x2903, 0x3124, 0x2903, 0x3922, 0x3103, 0x2924, 0x2902,
  0x58C2, 0xF81F, 0xF81F, 0xF81F, 0xF81F, 0xF81F, 0xF81F, 0xF81F, 0xF81F, 0xF81F, 0xF81F, 0xF81F, 0xF81F, 0xF81F, 0xF81F, 0xF81F,
  0xF81F, 0xF81F, 0xF81F, 0xF81F, 0xF81F, 0xF81F, 0xF81F, 0xF81F, 0xF81F, 0xF81F, 0xF81F, 0xF81F, 0xF81F, 0xF81F, 0xF81F, 0x28A3,
  0x2904, 0x3144, 0x4883, 0xF81F, 0xF81F, 0x2924, 0x3123, 0x3944, 0x4184, 0xF81F, 0xF81F, 0x3103, 0x3924, 0x3124, 0x5183, 0xF81F,
  0x4042, 0x3144, 0x28E3, 0x4142, 0x8982, 0xA2E6, 0xD52D, 0xE5F0, 0xE611, 0xDDF0, 0xCD0C, 0xB429, 0xA3A7, 0x8B05, 0x69E2, 0x5160,
  0x4100, 0x5161, 0x4100, 0x3900, 0x30C0, 0x5960, 0x8222, 0x7A21, 0xA303, 0x8A62, 0x9AA2, 0xD404, 0x92C2, 0x1000, 0x48E0, 0x7A01,
  0x79C1, 0xF81F, 0xF81F, 0xF81F, 0xF81F, 0xF81F, 0xF81F, 0xF81F, 0xF81F, 0x5041, 0x8800, 0x7800, 0x8020, 0xA000, 0x6020, 0x18A2,
  0x3102, 0xE5CF, 0x9367, 0x0820, 0x6224, 0x5A04, 0x20C2, 0x2903, 0x20C3, 0x3123, 0x3123, 0x2903, 0x3923, 0x48C2, 0x3124, 0x28E3,
  0x3943, 0xF81F, 0xF81F, 0xF81F, 0xF81F, 0xF81F, 0xF81F, 0xF81F, 0xF81F, 0xF81F, 0xF81F, 0xF81F, 0xF81F, 0xF81F, 0xF81F, 0xF81F,
  0xF81F, 0xF81F, 0xF81F, 0xF81F, 0xF81F, 0xF81F, 0xF81F, 0xF81F, 0xF81F, 0xF81F, 0xF81F, 0xF81F, 0xF81F, 0xF81F, 0x4062, 0x2904,
  0x3124, 0xF81F, 0xF81F, 0xF81F, 0x30C3, 0x2903, 0x3123, 0x4164, 0xF81F, 0xF81F, 0x4062, 0x3144, 0x3103, 0x4984, 0xF81F, 0xF81F,
  0x38A2, 0x3144, 0x3123, 0x6121, 0x8880, 0xB326, 0xD4CC, 0xD52E, 0xCD0C, 0xC4EB, 0xC4EC, 0xC4EC, 0xA3C8, 0x82C5, 0x61E2, 0x5161,
  0x5981, 0x4120, 0x30A0, 0x30C0, 0x30A0, 0x5141, 0x8242, 0x7202, 0x8221, 0x8A62, 0x9AA2, 0xE4C5, 0xF608, 0xA3E5, 0x51A1, 0x5940,
  0xA2E1, 0x9A42, 0xF81F, 0xF81F, 0xF81F, 0xF81F, 0xF81F, 0xF81F, 0xF81F, 0xF81F, 0x8820, 0x6800, 0x8800, 0x9800, 0x5841, 0x2103,
  0x1861, 0x9367, 0x41A3, 0x28C2, 0x20C2, 0x20C2, 0x3123, 0x3124, 0x3124, 0x3123, 0x2903, 0x3124, 0x3123, 0x50E2, 0x3882, 0x3123,
  0x20E3, 0x5142, 0xF81F, 0xF81F, 0xF81F, 0xF81F, 0xF81F, 0xF81F, 0xF81F, 0xF81F, 0xF81F, 0xF81F, 0xF81F, 0xF81F, 0xF81F, 0xF81F,
  0xF81F, 0xF81F, 0xF81F, 0xF81F, 0xF81F, 0xF81F, 0xF81F, 0xF81F, 0xF81F, 0xF81F, 0xF81F, 0xF81F, 0xF81F, 0xF81F, 0x28C3, 0x3103,
  0xF81F, 0xF81F, 0xF81F, 0xF81F, 0x2903, 0x2903, 0x3964, 0x50A2, 0xF81F, 0xF81F, 0x30A2, 0x3103, 0x3123, 0x5943, 0xF81F, 0xF81F,
  0x30E3, 0x2903, 0x4162, 0x8060, 0x7000, 0x7000, 0x9A44, 0xCCEC, 0xE611, 0xE632, 0xD58E, 0xBC69, 0xABE8, 0x9B67, 0x6A44, 0x69E2,
  0x61C1, 0x5961, 0x5160, 0x3900, 0x30E0, 0x5981, 0x69C1, 0x69C1, 0x8A61, 0xAB23, 0xAB23, 0xA302, 0xB361, 0xDD25, 0xEDE7, 0xDDE8,
  0xCCA5, 0xED65, 0xED85, 0xCCA7, 0xF81F, 0xF81F, 0xF81F, 0xF81F, 0xF81F, 0xF81F, 0x7021, 0x6820, 0x9000, 0x8800, 0x3861, 0x2923,
  0x38C2, 0x20C2, 0x20E3, 0x28E2, 0x2903, 0x3124, 0x3143, 0x2923, 0x2924, 0x3123, 0x3103, 0x3144, 0x2903, 0x4143, 0xF81F, 0x30A2,
  0x2903, 0x28E2, 0x50E2, 0xF81F, 0xF81F, 0xF81F, 0xF81F, 0xF81F, 0xF81F, 0xF81F, 0xF81F, 0xF81F, 0xF81F, 0xF81F, 0xF81F, 0xF81F,
  0xF81F, 0xF81F, 0xF81F, 0xF81F, 0xF81F, 0xF81F, 0xF81F, 0xF81F, 0xF81F, 0xF81F, 0xF81F, 0xF81F, 0xF81F, 0x4062, 0x28E3, 0xF81F,
  0xF81F, 0xF81F, 0xF81F, 0x30A3, 0x28E3, 0x3123, 0x48C2, 0xF81F, 0xF81F, 0xF81F, 0x2903, 0x28E3, 0x4163, 0xF81F, 0xF81F, 0xF81F,
  0x3103, 0x3943, 0x50C2, 0xF81F, 0x91E3, 0xB2E4, 0xDD6C, 0xEE51, 0xDDD0, 0xCD0C, 0xBCAA, 0xCD2D, 0xC4CC, 0x9B87, 0xA3A7, 0x7223,
  0x59C2, 0x5181, 0x59C2, 0x59C2, 0x6204, 0x59C2, 0x59A1, 0x69A0, 0x9AC2, 0x7A22, 0x8A61, 0x5960, 0x3080, 0x4880, 0xA2E0, 0xFDE6,
  0xE5A8, 0x6140, 0x79E0, 0xF5C6, 0xD506, 0xF81F, 0xF81F, 0xF81F, 0xF81F, 0xF81F, 0xF81F, 0xF81F, 0x8800, 0x8000, 0x4082, 0x4903,
  0x30A1, 0x2903, 0x3144, 0x3123, 0x2103, 0x3144, 0x3944, 0x3143, 0x3124, 0x3123, 0x4123, 0x2904, 0x2903, 0x2902, 0x58A2, 0xF81F,
  0x30C2, 0x28E3, 0x30E2, 0x58A1, 0xF81F, 0xF81F, 0xF81F, 0xF81F, 0xF81F, 0xF81F, 0xF81F, 0xF81F, 0xF81F, 0xF81F, 0xF81F, 0xF81F,
  0xF81F, 0xF81F, 0xF81F, 0xF81F, 0xF81F, 0xF81F, 0xF81F, 0xF81F, 0xF81F, 0xF81F, 0xF81F, 0xF81F, 0xF81F, 0x4062, 0xF81F, 0xF81F,
  0xF81F, 0xF81F, 0xF81F, 0x28E3, 0x3103, 0x40E2, 0xF81F, 0xF81F, 0xF81F, 0x4062, 0x2903, 0x3103, 0x5102, 0xF81F, 0xF81F, 0x4062,
  0x3103, 0x40E2, 0x7102, 0xB243, 0xB941, 0x9060, 0x8942, 0x9983, 0xA2E5, 0xCD2C, 0xEE53, 0xD58F, 0xB449, 0xC4CB, 0xA3C8, 0x9B67,
  0x9346, 0x7285, 0x8B06, 0x82C5, 0x9346, 0x82E6, 0x6982, 0x58C1, 0x71C1, 0x69A0, 0x5900, 0xF81F, 0xF81F, 0xCC23, 0x92A0, 0x81C0,
  0xFE27, 0x9B22, 0x3061, 0xA2E1, 0xED84, 0xA2E3, 0xF81F, 0xF81F, 0xF81F, 0xF81F, 0xF81F, 0xF81F, 0x7801, 0x7800, 0x5061, 0x40E2,
  0x28C2, 0x2904, 0x3144, 0x3123, 0x2903, 0x3144, 0x3143, 0x3144, 0x3124, 0x2903, 0x4122, 0x38C2, 0x3124, 0x20E3, 0x4102, 0xF81F,
  0xF81F, 0x3882, 0x20E2, 0x3102, 0xF81F, 0xF81F, 0xF81F, 0xF81F, 0xF81F, 0xF81F, 0xF81F, 0xF81F, 0xF81F, 0xF81F, 0xF81F, 0xF81F,
  0xF81F, 0xF81F, 0xF81F, 0xF81F, 0xF81F, 0xF81F, 0xF81F, 0xF81F, 0xF81F, 0xF81F, 0xF81F, 0xF81F, 0xF81F, 0xF81F, 0xF81F, 0xF81F,
  0xF81F, 0xF81F, 0x3882, 0x2903, 0x3903, 0xF81F, 0xF81F, 0xF81F, 0xF81F, 0x3882, 0x28E3, 0x4122, 0xF81F, 0xF81F, 0xF81F, 0x4082,
  0x3103, 0x58C1, 0xA161, 0xA800, 0x9800, 0x9800, 0x7000, 0xAA23, 0xEE0F, 0xEE93, 0xD56E, 0xBC8A, 0xDDD0, 0xCD2D, 0xB449, 0xBC8B,
  0x9B87, 0xB429, 0xA3E8, 0xABE9, 0xAC2A, 0xA3C8, 0xF81F, 0xF81F, 0x5881, 0x60A1, 0xF81F, 0xF81F, 0x40A2, 0x8AA1, 0xF81F, 0xF81F,
  0xED44, 0xAB62, 0xF81F, 0x79C1, 0x6A23, 0xCC63, 0xF81F, 0xF81F, 0xF81F, 0xF81F, 0xF81F, 0xF81F, 0x6801, 0x7000, 0x4862, 0x3103,
  0x28E2, 0x20E3, 0x2924, 0x3124, 0x28E3, 0x3144, 0x3124, 0x3123, 0x2924, 0x2903, 0x3922, 0x5082, 0x2903, 0x28E3, 0x3102, 0xF81F,
  0xF81F, 0xF81F, 0xF81F, 0x30A2, 0x30E1, 0xF81F, 0xF81F, 0xF81F, 0xF81F, 0xF81F, 0xF81F, 0xF81F, 0xF81F, 0xF81F, 0xF81F, 0xF81F,
  0xF81F, 0xF81F, 0xF81F, 0xF81F, 0xF81F, 0xF81F, 0xF81F, 0xF81F, 0xF81F, 0xF81F, 0xF81F, 0xF81F, 0xF81F, 0xF81F, 0xF81F, 0xF81F,
  0xF81F, 0xF81F, 0x28C3, 0x3103, 0xF81F, 0xF81F, 0xF81F, 0xF81F, 0xF81F, 0x30C2, 0x3103, 0x50E2, 0xF81F, 0xF81F, 0xF81F, 0x38A2,
  0x38E2, 0xF81F, 0x7021, 0x8800, 0x8000, 0x8061, 0xA244, 0xCBC7, 0xCD0C, 0xB3EA, 0xAB87, 0xE611, 0xDDF0, 0xC4AB, 0xD5AF, 0xBC8B,
  0xBC8B, 0xCD0E, 0xB429, 0xC4ED, 0xB44A, 0xA367, 0xF81F, 0xF81F, 0xF81F, 0xF81F, 0xF81F, 0xF81F, 0x3861, 0xF81F, 0xF81F, 0xF81F,
  0x92E1, 0x79A1, 0xF81F, 0x4061, 0x3101, 0x5961, 0xF81F, 0xF81F, 0xF81F, 0xF81F, 0xF81F, 0xF81F, 0xF81F, 0xF81F, 0x3882, 0x2903,
  0x20C2, 0x20E3, 0x2924, 0x2903, 0x30E3, 0x3144, 0x2923, 0x3123, 0x2903, 0x2904, 0x3123, 0xF81F, 0x3862, 0x3123, 0x20C2, 0x4902,
  0xF81F, 0xF81F, 0xF81F, 0xF81F, 0x4841, 0x4061, 0xF81F, 0xF81F, 0xF81F, 0xF81F, 0xF81F, 0xF81F, 0xF81F, 0xF81F, 0xF81F, 0xF81F,
  0xF81F, 0xF81F, 0xF81F, 0xF81F, 0xF81F, 0xF81F, 0xF81F, 0xF81F, 0xF81F, 0xF81F, 0xF81F, 0xF81F, 0xF81F, 0xF81F, 0xF81F, 0xF81F,
  0xF81F, 0xF81F, 0x2903, 0x4862, 0xF81F, 0xF81F, 0xF81F, 0xF81F, 0xF81F, 0x28C3, 0x3922, 0xF81F, 0xF81F, 0xF81F, 0xF81F, 0x40C2,
  0x5061, 0xF81F, 0xF81F, 0xF81F, 0xF81F, 0xBAE4, 0xB921, 0x8020, 0x7020, 0x80A0, 0xEDEE, 0xE672, 0xBC8A, 0xDDAF, 0xDDD0, 0xBC6A,
  0xDDF1, 0xC4CD, 0xABE9, 0xD56D, 0x89C3, 0x78E2, 0xF81F, 0xF81F, 0xF81F, 0xF81F, 0xF81F, 0xF81F, 0xF81F, 0xF81F, 0xF81F, 0xF81F,
  0x28C2, 0xF81F, 0xF81F, 0x4061, 0x28A1, 0x3062, 0xF81F, 0xF81F, 0xF81F, 0xF81F, 0xF81F, 0xF81F, 0xF81F, 0xF81F, 0x3882, 0x28E3,
  0x28C2, 0x28E3, 0x2904, 0x2903, 0x38A2, 0x3124, 0x2903, 0x3903, 0x30C3, 0x2924, 0x28E3, 0x50E2, 0xF81F, 0x28E3, 0x20C2, 0x28E2,
  0xF81F, 0xF81F, 0xF81F, 0xF81F, 0xF81F, 0xF81F, 0xF81F, 0xF81F, 0xF81F, 0xF81F, 0xF81F, 0xF81F, 0xF81F, 0xF81F, 0xF81F, 0xF81F,
  0xF81F, 0xF81F, 0xF81F, 0xF81F, 0xF81F, 0xF81F, 0xF81F, 0xF81F, 0xF81F, 0xF81F, 0xF81F, 0xF81F, 0xF81F, 0xF81F, 0xF81F, 0xF81F,
  0xF81F, 0xF81F, 0x38A2, 0xF81F, 0xF81F, 0xF81F, 0xF81F, 0xF81F, 0xF81F, 0x28E2, 0x40C2, 0xF81F, 0xF81F, 0xF81F, 0xF81F, 0xF81F,
  0xF81F, 0xF81F, 0xF81F, 0xF81F, 0xAA43, 0xB080, 0x9800, 0x9800, 0x8860, 0xC365, 0xCC89, 0x9224, 0xAB88, 0xF692, 0xA368, 0xB3E9,
  0xEE70, 0x9245, 0x9A24, 0xB2C5, 0x7800, 0xF81F, 0xF81F, 0xF81F, 0xF81F, 0xF81F, 0xF81F, 0xF81F, 0xF81F, 0xF81F, 0xF81F, 0x3841,
  0x4041, 0xF81F, 0xF81F, 0xF81F, 0x3841, 0xF81F, 0xF81F, 0xF81F, 0xF81F, 0xF81F, 0xF81F, 0xF81F, 0xF81F, 0xF81F, 0x4842, 0x20E3,
  0x30A2, 0x30A2, 0x2104, 0x2903, 0x4082, 0x3104, 0x28E3, 0x3103, 0x40A2, 0x2903, 0x20C3, 0x38E2, 0xF81F, 0xF81F, 0x28E3, 0x20C2,
  0x38E2, 0xF81F, 0xF81F, 0xF81F, 0xF81F, 0xF81F, 0xF81F, 0xF81F, 0xF81F, 0xF81F, 0xF81F, 0xF81F, 0xF81F, 0xF81F, 0xF81F, 0xF81F,
  0xF81F, 0xF81F, 0xF81F, 0xF81F, 0xF81F, 0xF81F, 0xF81F, 0xF81F, 0xF81F, 0xF81F, 0xF81F, 0xF81F, 0xF81F, 0xF81F, 0xF81F, 0xF81F,
  0xF81F, 0xF81F, 0xF81F, 0xF81F, 0xF81F, 0xF81F, 0xF81F, 0xF81F, 0xF81F, 0x3102, 0xF81F, 0xF81F, 0xF81F, 0xF81F, 0xF81F, 0xF81F,
  0xF81F, 0xF81F, 0xF81F, 0xF81F, 0x88C0, 0x9000, 0x9020, 0x7021, 0xB2C4, 0xB922, 0x8000, 0x7000, 0xBB86, 0xA2E5, 0x5800, 0xAAC5,
  0xA2A4, 0x6000, 0x88A1, 0xA800, 0x8021, 0xF81F, 0xF81F, 0xF81F, 0xF81F, 0xF81F, 0xF81F, 0xF81F, 0xF81F, 0xF81F, 0xF81F, 0xF81F,
  0xF81F, 0xF81F, 0xF81F, 0xF81F, 0xF81F, 0xF81F, 0xF81F, 0xF81F, 0xF81F, 0xF81F, 0xF81F, 0xF81F, 0xF81F, 0xF81F, 0xF81F, 0x20C3,
  0x3882, 0x4062, 0x2104, 0x2903, 0x4861, 0x30C3, 0x28E3, 0x2903, 0x4882, 0x30C3, 0x20E3, 0x28E2, 0xF81F, 0xF81F, 0x4062, 0x28E3,
  0x20C2, 0x50A1, 0xF81F, 0xF81F, 0xF81F, 0xF81F, 0xF81F, 0xF81F, 0xF81F, 0xF81F, 0xF81F, 0xF81F, 0xF81F, 0xF81F, 0xF81F, 0xF81F,
  0xF81F, 0xF81F, 0xF81F, 0xF81F, 0xF81F, 0xF81F, 0xF81F, 0xF81F, 0xF81F, 0xF81F, 0xF81F, 0xF81F, 0xF81F, 0xF81F, 0xF81F, 0xF81F,
  0xF81F, 0xF81F, 0xF81F, 0xF81F, 0xF81F, 0xF81F, 0xF81F, 0xF81F, 0xF81F, 0x40C2, 0xF81F, 0xF81F, 0xF81F, 0xF81F, 0xF81F, 0xF81F,
  0xF81F, 0xF81F, 0xF81F, 0xF81F, 0xF81F, 0xF81F, 0xF81F, 0x8183, 0xB121, 0xA000, 0x9000, 0x9162, 0xA121, 0x8800, 0x8860, 0x98E1,
  0x9000, 0x8000, 0xF81F, 0x8841, 0xF81F, 0xF81F, 0xF81F, 0xF81F, 0xF81F, 0xF81F, 0xF81F, 0xF81F, 0xF81F, 0xF81F, 0xF81F, 0xF81F,
  0xF81F, 0xF81F, 0xF81F, 0xF81F, 0xF81F, 0xF81F, 0xF81F, 0xF81F, 0xF81F, 0xF81F, 0xF81F, 0xF81F, 0xF81F, 0xF81F, 0xF81F, 0x30A2,
  0x4062, 0xF81F, 0x20E3, 0x20E3, 0xF81F, 0x4082, 0x2903, 0x20E3, 0x48A2, 0xF81F, 0x28E3, 0x20C2, 0x48C1, 0xF81F, 0xF81F, 0x4062,
  0x28E2, 0x30C2, 0xF81F, 0xF81F, 0xF81F, 0xF81F, 0xF81F, 0xF81F, 0xF81F, 0xF81F, 0xF81F, 0xF81F, 0xF81F, 0xF81F, 0xF81F, 0xF81F,
  0xF81F, 0xF81F, 0xF81F, 0xF81F, 0xF81F, 0xF81F, 0xF81F, 0xF81F, 0xF81F, 0xF81F, 0xF81F, 0xF81F, 0xF81F, 0xF81F, 0xF81F, 0xF81F,
  0xF81F, 0xF81F, 0xF81F, 0xF81F, 0xF81F, 0xF81F, 0xF81F, 0xF81F, 0xF81F, 0xF81F, 0xF81F, 0xF81F, 0xF81F, 0xF81F, 0xF81F, 0xF81F,
  0xF81F, 0xF81F, 0xF81F, 0xF81F, 0xF81F, 0xF81F, 0xF81F, 0x99A2, 0x9000, 0x9020, 0x7861, 0xA9E2, 0xA800, 0x9800, 0x88E1, 0xB0A0,
  0x9800, 0xF81F, 0xF81F, 0xF81F, 0xF81F, 0xF81F, 0xF81F, 0xF81F, 0xF81F, 0xF81F, 0xF81F, 0xF81F, 0xF81F, 0xF81F, 0xF81F, 0xF81F,
  0xF81F, 0xF81F, 0xF81F, 0xF81F, 0xF81F, 0xF81F, 0xF81F, 0xF81F, 0xF81F, 0xF81F, 0xF81F, 0xF81F, 0xF81F, 0xF81F, 0xF81F, 0xF81F,
  0xF81F, 0xF81F, 0x20C3, 0x20E3, 0x4841, 0xF81F, 0x20E3, 0x20E3, 0x40E2, 0xF81F, 0x30A2, 0x20E3, 0x30E2, 0xF81F, 0xF81F, 0xF81F,
  0x4841, 0x28C2, 0x30E1, 0xF81F, 0xF81F, 0xF81F, 0xF81F, 0xF81F, 0xF81F, 0xF81F, 0xF81F, 0xF81F, 0xF81F, 0xF81F, 0xF81F, 0xF81F,
  0xF81F, 0xF81F, 0xF81F, 0xF81F, 0xF81F, 0xF81F, 0xF81F, 0xF81F, 0xF81F, 0xF81F, 0xF81F, 0xF81F, 0xF81F, 0xF81F, 0xF81F, 0xF81F,
  0xF81F, 0xF81F, 0xF81F, 0xF81F, 0xF81F, 0xF81F, 0xF81F, 0xF81F, 0xF81F, 0xF81F, 0xF81F, 0xF81F, 0xF81F, 0xF81F, 0xF81F, 0xF81F,
  0xF81F, 0xF81F, 0xF81F, 0xF81F, 0xF81F, 0xF81F, 0xF81F, 0xF81F, 0xF81F, 0xF81F, 0xF81F, 0x98A0, 0x8800, 0xF81F, 0xF81F, 0x8840,
  0xF81F, 0xF81F, 0xF81F, 0xF81F, 0xF81F, 0xF81F, 0xF81F, 0xF81F, 0xF81F, 0xF81F, 0xF81F, 0xF81F, 0xF81F, 0xF81F, 0xF81F, 0xF81F,
  0xF81F, 0xF81F, 0xF81F, 0xF81F, 0xF81F, 0xF81F, 0xF81F, 0xF81F, 0xF81F, 0xF81F, 0xF81F, 0xF81F, 0xF81F, 0xF81F, 0xF81F, 0xF81F,
  0xF81F, 0xF81F, 0x3882, 0x28E3, 0x4861, 0xF81F, 0x30A3, 0x20E3, 0x30E2, 0xF81F, 0xF81F, 0x28E3, 0x28C2, 0x5081, 0xF81F, 0xF81F,
  0xF81F, 0xF81F, 0x3882, 0x4081, 0xF81F, 0xF81F, 0xF81F, 0xF81F, 0xF81F, 0xF81F, 0xF81F, 0xF81F, 0xF81F, 0xF81F, 0xF81F, 0xF81F,
  0xF81F, 0xF81F, 0xF81F, 0xF81F, 0xF81F, 0xF81F, 0xF81F, 0xF81F, 0xF81F, 0xF81F, 0xF81F, 0xF81F, 0xF81F, 0xF81F, 0xF81F, 0xF81F,
  0xF81F, 0xF81F, 0xF81F, 0xF81F, 0xF81F, 0xF81F, 0xF81F, 0xF81F, 0xF81F, 0xF81F, 0xF81F, 0xF81F, 0xF81F, 0xF81F, 0xF81F, 0xF81F,
  0xF81F, 0xF81F, 0xF81F, 0xF81F, 0xF81F, 0xF81F, 0xF81F, 0xF81F, 0xF81F, 0xF81F, 0xF81F, 0xF81F, 0xF81F, 0xF81F, 0xF81F, 0xF81F,
  0xF81F, 0xF81F, 0xF81F, 0xF81F, 0xF81F, 0xF81F, 0xF81F, 0xF81F, 0xF81F, 0xF81F, 0xF81F, 0xF81F, 0xF81F, 0xF81F, 0xF81F, 0xF81F,
  0xF81F, 0xF81F, 0xF81F, 0xF81F, 0xF81F, 0xF81F, 0xF81F, 0xF81F, 0xF81F, 0xF81F, 0xF81F, 0xF81F, 0xF81F, 0xF81F, 0xF81F, 0xF81F,
  0xF81F, 0xF81F, 0xF81F, 0x20E3, 0x4061, 0xF81F, 0xF81F, 0x20E3, 0x28C2, 0xF81F, 0xF81F, 0x4062, 0x20C2, 0x38C1, 0xF81F, 0xF81F,
  0xF81F, 0xF81F, 0xF81F, 0xF81F, 0xF81F, 0xF81F, 0xF81F, 0xF81F, 0xF81F, 0xF81F, 0xF81F, 0xF81F, 0xF81F, 0xF81F, 0xF81F, 0xF81F,
  0xF81F, 0xF81F, 0xF81F, 0xF81F, 0xF81F, 0xF81F, 0xF81F, 0xF81F, 0xF81F, 0xF81F, 0xF81F, 0xF81F, 0xF81F, 0xF81F, 0xF81F, 0xF81F,
  0xF81F, 0xF81F, 0xF81F, 0xF81F, 0xF81F, 0xF81F, 0xF81F, 0xF81F, 0xF81F, 0xF81F, 0xF81F, 0xF81F, 0xF81F, 0xF81F, 0xF81F, 0xF81F,
  0xF81F, 0xF81F, 0xF81F, 0xF81F, 0xF81F, 0xF81F, 0xF81F, 0xF81F, 0xF81F, 0xF81F, 0xF81F, 0xF81F, 0xF81F, 0xF81F, 0xF81F, 0xF81F,
  0xF81F, 0xF81F, 0xF81F, 0xF81F, 0xF81F, 0xF81F, 0xF81F, 0xF81F, 0xF81F, 0xF81F, 0xF81F, 0xF81F, 0xF81F, 0xF81F, 0xF81F, 0xF81F,
  0xF81F, 0xF81F, 0xF81F, 0xF81F, 0xF81F, 0xF81F, 0xF81F, 0xF81F, 0xF81F, 0xF81F, 0xF81F, 0xF81F, 0xF81F, 0xF81F, 0xF81F, 0xF81F,
  0xF81F, 0xF81F, 0xF81F, 0x3862, 0x3881, 0xF81F, 0xF81F, 0x3082, 0x28E2, 0x5061, 0xF81F, 0xF81F, 0x3862, 0x28E2, 0xF81F, 0xF81F,
  0xF81F, 0xF81F, 0xF81F, 0xF81F, 0xF81F, 0xF81F, 0xF81F, 0xF81F, 0xF81F, 0xF81F, 0xF81F, 0xF81F, 0xF81F, 0xF81F, 0xF81F, 0xF81F,
  0xF81F, 0xF81F, 0xF81F, 0xF81F, 0xF81F, 0xF81F, 0xF81F, 0xF81F, 0xF81F, 0xF81F, 0xF81F, 0xF81F, 0xF81F, 0xF81F, 0xF81F, 0xF81F,
  0xF81F, 0xF81F, 0xF81F, 0xF81F, 0xF81F, 0xF81F, 0xF81F, 0xF81F, 0xF81F, 0xF81F, 0xF81F, 0xF81F, 0xF81F, 0xF81F, 0xF81F, 0xF81F,
  0xF81F, 0xF81F, 0xF81F, 0xF81F, 0xF81F, 0xF81F, 0xF81F, 0xF81F, 0xF81F, 0xF81F, 0xF81F, 0xF81F, 0xF81F, 0xF81F, 0xF81F, 0xF81F,
  0xF81F, 0xF81F, 0xF81F, 0xF81F, 0xF81F, 0xF81F, 0xF81F, 0xF81F, 0xF81F, 0xF81F, 0xF81F, 0xF81F, 0xF81F, 0xF81F, 0xF81F, 0xF81F,
  0xF81F, 0xF81F, 0xF81F, 0xF81F, 0xF81F, 0xF81F, 0xF81F, 0xF81F, 0xF81F, 0xF81F, 0xF81F, 0xF81F, 0xF81F, 0xF81F, 0xF81F, 0xF81F,
  0xF81F, 0xF81F, 0xF81F, 0xF81F, 0xF81F, 0xF81F, 0xF81F, 0xF81F, 0x28C2, 0x38A1, 0xF81F, 0xF81F, 0xF81F, 0x4042, 0x30A1, 0xF81F,
  0xF81F, 0xF81F, 0xF81F, 0xF81F, 0xF81F, 0xF81F, 0xF81F, 0xF81F, 0xF81F, 0xF81F, 0xF81F, 0xF81F, 0xF81F, 0xF81F, 0xF81F, 0xF81F,
  0xF81F, 0xF81F, 0xF81F, 0xF81F, 0xF81F, 0xF81F, 0xF81F, 0xF81F, 0xF81F, 0xF81F, 0xF81F, 0xF81F, 0xF81F, 0xF81F, 0xF81F, 0xF81F,
  0xF81F, 0xF81F, 0xF81F, 0xF81F, 0xF81F, 0xF81F, 0xF81F, 0xF81F, 0xF81F, 0xF81F, 0xF81F, 0xF81F, 0xF81F, 0xF81F, 0xF81F, 0xF81F,
  0xF81F, 0xF81F, 0xF81F, 0xF81F, 0xF81F, 0xF81F, 0xF81F, 0xF81F, 0xF81F, 0xF81F, 0xF81F, 0xF81F, 0xF81F, 0xF81F, 0xF81F, 0xF81F,
  0xF81F, 0xF81F, 0xF81F, 0xF81F, 0xF81F, 0xF81F, 0xF81F, 0xF81F, 0xF81F, 0xF81F, 0xF81F, 0xF81F, 0xF81F, 0xF81F, 0xF81F, 0xF81F,
  0xF81F, 0xF81F, 0xF81F, 0xF81F, 0xF81F, 0xF81F, 0xF81F, 0xF81F, 0xF81F, 0xF81F, 0xF81F, 0xF81F, 0xF81F, 0xF81F, 0xF81F, 0xF81F,
  0xF81F, 0xF81F, 0xF81F, 0xF81F, 0xF81F, 0xF81F, 0xF81F, 0xF81F, 0xF81F, 0x30A2, 0xF81F, 0xF81F, 0xF81F, 0xF81F, 0xF81F, 0xF81F,
  0xF81F, 0xF81F, 0xF81F, 0xF81F, 0xF81F, 0xF81F, 0xF81F, 0xF81F, 0xF81F, 0xF81F, 0xF81F, 0xF81F, 0xF81F, 0xF81F, 0xF81F, 0xF81F,
  0xF81F, 0xF81F, 0xF81F, 0xF81F, 0xF81F, 0xF81F, 0xF81F, 0xF81F, 0xF81F, 0xF81F, 0xF81F, 0xF81F, 0xF81F, 0xF81F, 0xF81F, 0xF81F,
  0xF81F, 0xF81F, 0xF81F, 0xF81F, 0xF81F, 0xF81F, 0xF81F, 0xF81F, 0xF81F, 0xF81F, 0xF81F, 0xF81F, 0xF81F, 0xF81F, 0xF81F, 0xF81F,
  0xF81F, 0xF81F, 0xF81F, 0xF81F, 0xF81F, 0xF81F, 0xF81F, 0xF81F, 0xF81F, 0xF81F, 0xF81F, 0xF81F, 0xF81F, 0xF81F, 0xF81F, 0xF81F,
  0xF81F, 0xF81F, 0xF81F, 0xF81F, 0xF81F, 0xF81F, 0xF81F, 0xF81F, 0xF81F, 0xF81F, 0xF81F, 0xF81F, 0xF81F, 0xF81F, 0xF81F, 0xF81F,
  0xF81F, 0xF81F, 0xF81F, 0xF81F, 0xF81F, 0xF81F, 0xF81F, 0xF81F, 0xF81F, 0xF81F, 0xF81F, 0xF81F, 0xF81F, 0xF81F, 0xF81F, 0xF81F,
  0xF81F, 0xF81F, 0xF81F, 0xF81F, 0xF81F, 0xF81F, 0xF81F, 0xF81F, 0xF81F, 0xF81F, 0xF81F, 0xF81F, 0xF81F, 0xF81F, 0xF81F, 0xF81F,
  0xF81F, 0xF81F, 0xF81F, 0xF81F, 0xF81F, 0xF81F, 0xF81F, 0xF81F, 0xF81F, 0xF81F, 0xF81F, 0xF81F, 0xF81F, 0xF81F, 0xF81F, 0xF81F,
  0xF81F, 0xF81F, 0xF81F, 0xF81F, 0xF81F, 0xF81F, 0xF81F, 0xF81F, 0xF81F, 0xF81F, 0xF81F, 0xF81F, 0xF81F, 0xF81F, 0xF81F, 0xF81F,
  0xF81F, 0xF81F, 0xF81F, 0xF81F, 0xF81F, 0xF81F, 0xF81F, 0xF81F, 0xF81F, 0xF81F, 0xF81F, 0xF81F, 0xF81F, 0xF81F, 0xF81F, 0xF81F,
  0xF81F, 0xF81F, 0xF81F, 0xF81F, 0xF81F, 0xF81F, 0xF81F, 0xF81F, 0xF81F, 0xF81F, 0xF81F, 0xF81F, 0xF81F, 0xF81F, 0xF81F, 0xF81F,
  0xF81F, 0xF81F, 0xF81F, 0xF81F, 0xF81F, 0xF81F, 0xF81F, 0xF81F, 0xF81F, 0xF81F, 0xF81F, 0xF81F, 0xF81F, 0xF81F, 0xF81F, 0xF81F,
  0xF81F, 0xF81F, 0xF81F, 0xF81F, 0xF81F, 0xF81F, 0xF81F, 0xF81F, 0xF81F, 0xF81F, 0xF81F, 0xF81F, 0xF81F, 0xF81F, 0xF81F, 0xF81F,
  0xF81F, 0xF81F, 0xF81F, 0xF81F, 0xF81F, 0xF81F, 0xF81F, 0xF81F, 0xF81F, 0xF81F, 0xF81F, 0xF81F, 0xF81F, 0xF81F, 0xF81F, 0xF81F,
  0xF81F, 0xF81F, 0xF81F, 0xF81F, 0xF81F, 0xF81F, 0xF81F, 0xF81F, 0xF81F, 0xF81F, 0xF81F, 0xF81F, 0xF81F, 0xF81F, 0xF81F, 0xF81F,
  0xF81F, 0xF81F, 0xF81F, 0xF81F, 0xF81F, 0xF81F, 0xF81F, 0xF81F, 0xF81F, 0xF81F, 0xF81F, 0xF81F, 0xF81F, 0xF81F, 0xF81F, 0xF81F,
  0xF81F, 0xF81F, 0xF81F, 0xF81F, 0xF81F, 0xF81F, 0xF81F, 0xF81F, 0xF81F, 0xF81F, 0xF81F, 0xF81F, 0xF81F, 0xF81F, 0xF81F, 0xF81F,
  0xF81F, 0xF81F, 0xF81F, 0xF81F, 0xF81F, 0xF81F, 0xF81F, 0xF81F, 0xF81F, 0xF81F, 0xF81F, 0xF81F, 0xF81F, 0xF81F, 0xF81F, 0xF81F,
  0xF81F, 0xF81F, 0xF81F, 0xF81F, 0xF81F, 0xF81F, 0xF81F, 0xF81F, 0xF81F, 0xF81F, 0xF81F, 0xF81F, 0xF81F, 0xF81F, 0xF81F, 0xF81F,
  0xF81F, 0xF81F, 0xF81F, 0xF81F, 0xF81F, 0xF81F, 0xF81F, 0xF81F, 0xF81F, 0xF81F, 0xF81F, 0xF81F, 0xF81F, 0xF81F, 0xF81F, 0xF81F,
  0xF81F, 0xF81F, 0xF81F, 0xF81F, 0xF81F, 0xF81F, 0xF81F, 0xF81F, 0xF81F, 0xF81F, 0xF81F, 0xF81F, 0xF81F, 0xF81F, 0xF81F, 0xF81F,
  0xF81F, 0xF81F, 0xF81F, 0xF81F, 0xF81F, 0xF81F, 0xF81F, 0xF81F, 0xF81F, 0xF81F, 0xF81F, 0xF81F, 0xF81F, 0xF81F, 0xF81F, 0xF81F,
  0xF81F, 0xF81F, 0xF81F, 0xF81F, 0xF81F, 0xF81F, 0xF81F, 0xF81F, 0xF81F, 0xF81F, 0xF81F, 0xF81F, 0xF81F, 0xF81F, 0xF81F, 0xF81F,
  0xF81F, 0xF81F, 0xF81F, 0xF81F, 0xF81F, 0xF81F, 0xF81F, 0xF81F, 0xF81F, 0xF81F, 0xF81F, 0xF81F, 0xF81F, 0xF81F, 0xF81F, 0xF81F,
  0xF81F, 0xF81F, 0xF81F, 0xF81F, 0xF81F, 0xF81F, 0xF81F, 0xF81F, 0xF81F, 0xF81F, 0xF81F, 0xF81F, 0xF81F, 0xF81F, 0xF81F, 0xF81F,
  0xF81F, 0xF81F, 0xF81F, 0xF81F, 0xF81F, 0xF81F, 0xF81F, 0xF81F, 0xF81F, 0xF81F, 0xF81F, 0xF81F, 0xF81F, 0xF81F, 0xF81F, 0xF81F,
  0xF81F, 0xF81F, 0xF81F, 0xF81F, 0xF81F, 0xF81F, 0xF81F, 0xF81F, 0xF81F, 0xF81F, 0xF81F, 0xF81F, 0xF81F, 0xF81F, 0xF81F, 0xF81F,
  0xF81F, 0xF81F, 0xF81F, 0xF81F, 0xF81F, 0xF81F, 0xF81F, 0xF81F, 0xF81F, 0xF81F, 0xF81F, 0xF81F, 0xF81F, 0xF81F, 0xF81F, 0xF81F,
  0xF81F, 0xF81F, 0xF81F, 0xF81F, 0xF81F, 0xF81F, 0xF81F, 0xF81F, 0xF81F, 0xF81F, 0xF81F, 0xF81F, 0xF81F, 0xF81F, 0xF81F, 0xF81F,
};

static constexpr uint16_t EAGLE_FLIGHT_3_WIDTH = 112;
static constexpr uint16_t EAGLE_FLIGHT_3_HEIGHT = 72;
static const uint16_t PROGMEM EAGLE_FLIGHT_3[] = {
  0xF81F, 0xF81F, 0xF81F, 0xF81F, 0xF81F, 0xF81F, 0xF81F, 0xF81F, 0xF81F, 0xF81F, 0xF81F, 0xF81F, 0xF81F, 0xF81F, 0xF81F, 0xF81F,
  0xF81F, 0xF81F, 0xF81F, 0xF81F, 0xF81F, 0xF81F, 0xF81F, 0xF81F, 0xF81F, 0xF81F, 0xF81F, 0xF81F, 0xF81F, 0xF81F, 0xF81F, 0xF81F,
  0xF81F, 0xF81F, 0xF81F, 0xF81F, 0xF81F, 0xF81F, 0xF81F, 0xF81F, 0xF81F, 0xF81F, 0xF81F, 0xF81F, 0xF81F, 0xF81F, 0xF81F, 0xF81F,
  0xF81F, 0xF81F, 0xF81F, 0xF81F, 0xF81F, 0xF81F, 0xF81F, 0xF81F, 0xF81F, 0xF81F, 0xF81F, 0xF81F, 0xF81F, 0xF81F, 0xF81F, 0xF81F,
  0xF81F, 0xF81F, 0xF81F, 0xF81F, 0xF81F, 0xF81F, 0xF81F, 0xF81F, 0xF81F, 0xF81F, 0xF81F, 0xF81F, 0xF81F, 0xF81F, 0xF81F, 0xF81F,
  0xF81F, 0xF81F, 0xF81F, 0xF81F, 0xF81F, 0xF81F, 0xF81F, 0xF81F, 0xF81F, 0xF81F, 0xF81F, 0xF81F, 0xF81F, 0xF81F, 0xF81F, 0xF81F,
  0xF81F, 0xF81F, 0xF81F, 0xF81F, 0xF81F, 0xF81F, 0xF81F, 0xF81F, 0xF81F, 0xF81F, 0xF81F, 0xF81F, 0xF81F, 0xF81F, 0xF81F, 0xF81F,
  0xF81F, 0xF81F, 0xF81F, 0xF81F, 0xF81F, 0xF81F, 0xF81F, 0xF81F, 0xF81F, 0xF81F, 0xF81F, 0xF81F, 0xF81F, 0xF81F, 0xF81F, 0xF81F,
  0xF81F, 0xF81F, 0xF81F, 0xF81F, 0xF81F, 0xF81F, 0xF81F, 0xF81F, 0xF81F, 0xF81F, 0xF81F, 0xF81F, 0xF81F, 0xF81F, 0xF81F, 0xF81F,
  0xF81F, 0xF81F, 0xF81F, 0xF81F, 0xF81F, 0xF81F, 0xF81F, 0xF81F, 0xF81F, 0xF81F, 0xF81F, 0xF81F, 0xF81F, 0xF81F, 0xF81F, 0xF81F,
  0xF81F, 0xF81F, 0xF81F, 0xF81F, 0xF81F, 0xF81F, 0xF81F, 0xF81F, 0xF81F, 0xF81F, 0xF81F, 0xF81F, 0xF81F, 0xF81F, 0xF81F, 0xF81F,
  0xF81F, 0xF81F, 0xF81F, 0xF81F, 0xF81F, 0xF81F, 0xF81F, 0xF81F, 0xF81F, 0xF81F, 0xF81F, 0xF81F, 0xF81F, 0xF81F, 0xF81F, 0xF81F,
  0xF81F, 0xF81F, 0xF81F, 0xF81F, 0xF81F, 0xF81F, 0xF81F, 0xF81F, 0xF81F, 0xF81F, 0xF81F, 0xF81F, 0xF81F, 0xF81F, 0xF81F, 0xF81F,
  0xF81F, 0xF81F, 0xF81F, 0xF81F, 0xF81F, 0xF81F, 0xF81F, 0xF81F, 0xF81F, 0xF81F, 0xF81F, 0xF81F, 0xF81F, 0xF81F, 0xF81F, 0xF81F,
  0xF81F, 0xF81F, 0xF81F, 0xF81F, 0xF81F, 0xF81F, 0xF81F, 0xF81F, 0xF81F, 0xF81F, 0xF81F, 0xF81F, 0xF81F, 0xF81F, 0xF81F, 0xF81F,
  0xF81F, 0xF81F, 0xF81F, 0xF81F, 0xF81F, 0xF81F, 0xF81F, 0xF81F, 0xF81F, 0xF81F, 0xF81F, 0xF81F, 0xF81F, 0xF81F, 0xF81F, 0xF81F,
  0xF81F, 0xF81F, 0xF81F, 0xF81F, 0xF81F, 0xF81F, 0xF81F, 0xF81F, 0xF81F, 0xF81F, 0xF81F, 0xF81F, 0xF81F, 0xF81F, 0xF81F, 0xF81F,
  0xF81F, 0xF81F, 0xF81F, 0xF81F, 0xF81F, 0xF81F, 0xF81F, 0xF81F, 0xF81F, 0xF81F, 0xF81F, 0xF81F, 0xF81F, 0xF81F, 0xF81F, 0xF81F,
  0xF81F, 0xF81F, 0xF81F, 0xF81F, 0xF81F, 0xF81F, 0xF81F, 0xF81F, 0xF81F, 0xF81F, 0xF81F, 0xF81F, 0xF81F, 0xF81F, 0xF81F, 0xF81F,
  0xF81F, 0xF81F, 0xF81F, 0xF81F, 0xF81F, 0xF81F, 0xF81F, 0xF81F, 0xF81F, 0xF81F, 0xF81F, 0xF81F, 0xF81F, 0xF81F, 0xF81F, 0xF81F,
  0xF81F, 0xF81F, 0xF81F, 0xF81F, 0xF81F, 0xF81F, 0xF81F, 0xF81F, 0xF81F, 0xF81F, 0xF81F, 0xF81F, 0xF81F, 0xF81F, 0xF81F, 0xF81F,
  0xF81F, 0xF81F, 0xF81F, 0xF81F, 0xF81F, 0xF81F, 0xF81F, 0xF81F, 0xF81F, 0xF81F, 0xF81F, 0xF81F, 0xF81F, 0xF81F, 0xF81F, 0xF81F,
  0xF81F, 0xF81F, 0xF81F, 0xF81F, 0xF81F, 0xF81F, 0xF81F, 0xF81F, 0xF81F, 0xF81F, 0xF81F, 0xF81F, 0xF81F, 0xF81F, 0xF81F, 0xF81F,
  0xF81F, 0xF81F, 0xF81F, 0xF81F, 0xF81F, 0xF81F, 0xF81F, 0xF81F, 0xF81F, 0xF81F, 0xF81F, 0xF81F, 0xF81F, 0xF81F, 0xF81F, 0xF81F,
  0xF81F, 0xF81F, 0xF81F, 0xF81F, 0xF81F, 0xF81F, 0xF81F, 0xF81F, 0xF81F, 0xF81F, 0xF81F, 0xF81F, 0xF81F, 0xF81F, 0xF81F, 0xF81F,
  0xF81F, 0xF81F, 0xF81F, 0xF81F, 0xF81F, 0xF81F, 0xF81F, 0xF81F, 0xF81F, 0xF81F, 0xF81F, 0xF81F, 0xF81F, 0xF81F, 0xF81F, 0xF81F,
  0xF81F, 0xF81F, 0xF81F, 0xF81F, 0xF81F, 0xF81F, 0xF81F, 0xF81F, 0xF81F, 0xF81F, 0xF81F, 0xF81F, 0xF81F, 0xF81F, 0xF81F, 0xF81F,
  0xF81F, 0xF81F, 0xF81F, 0xF81F, 0xF81F, 0xF81F, 0xF81F, 0xF81F, 0xF81F, 0xF81F, 0xF81F, 0xF81F, 0xF81F, 0xF81F, 0xF81F, 0xF81F,
  0xF81F, 0xF81F, 0xF81F, 0xF81F, 0xF81F, 0xF81F, 0xF81F, 0xF81F, 0xF81F, 0xF81F, 0xF81F, 0xF81F, 0xF81F, 0xF81F, 0xF81F, 0xF81F,
  0xF81F, 0xF81F, 0xF81F, 0xF81F, 0xF81F, 0xF81F, 0xF81F, 0xF81F, 0xF81F, 0xF81F, 0xF81F, 0xF81F, 0xF81F, 0xF81F, 0xF81F, 0xF81F,
  0xF81F, 0xF81F, 0xF81F, 0xF81F, 0xF81F, 0xF81F, 0xF81F, 0xF81F, 0xF81F, 0xF81F, 0xF81F, 0xF81F, 0xF81F, 0xF81F, 0xF81F, 0xF81F,
  0xF81F, 0xF81F, 0xF81F, 0xF81F, 0xF81F, 0xF81F, 0xF81F, 0xF81F, 0xF81F, 0xF81F, 0xF81F, 0xF81F, 0xF81F, 0xF81F, 0xF81F, 0xF81F,
  0xF81F, 0xF81F, 0xF81F, 0xF81F, 0xF81F, 0xF81F, 0xF81F, 0xF81F, 0xF81F, 0xF81F, 0xF81F, 0xF81F, 0xF81F, 0xF81F, 0xF81F, 0xF81F,
  0xF81F, 0xF81F, 0xF81F, 0xF81F, 0xF81F, 0xF81F, 0xF81F, 0xF81F, 0xF81F, 0xF81F, 0xF81F, 0xF81F, 0xF81F, 0xF81F, 0xF81F, 0xF81F,
  0xF81F, 0xF81F, 0xF81F, 0xF81F, 0xF81F, 0xF81F, 0xF81F, 0xF81F, 0xF81F, 0xF81F, 0xF81F, 0xF81F, 0xF81F, 0xF81F, 0xF81F, 0xF81F,
  0xF81F, 0xF81F, 0xF81F, 0xF81F, 0xF81F, 0xF81F, 0xF81F, 0xF81F, 0xF81F, 0xF81F, 0xF81F, 0xF81F, 0xF81F, 0xF81F, 0xF81F, 0xF81F,
  0xF81F, 0xF81F, 0xF81F, 0xF81F, 0xF81F, 0xF81F, 0xF81F, 0xF81F, 0xF81F, 0xF81F, 0xF81F, 0xF81F, 0xF81F, 0xF81F, 0xF81F, 0xF81F,
  0xF81F, 0xF81F, 0xF81F, 0xF81F, 0xF81F, 0xF81F, 0xF81F, 0xF81F, 0xF81F, 0xF81F, 0xF81F, 0xF81F, 0xF81F, 0xF81F, 0xF81F, 0xF81F,
  0xF81F, 0xF81F, 0xF81F, 0xF81F, 0xF81F, 0xF81F, 0xF81F, 0xF81F, 0xF81F, 0xF81F, 0xF81F, 0xF81F, 0xF81F, 0xF81F, 0xF81F, 0xF81F,
  0xF81F, 0xF81F, 0xF81F, 0xF81F, 0xF81F, 0xF81F, 0xF81F, 0xF81F, 0xF81F, 0xF81F, 0xF81F, 0xF81F, 0xF81F, 0xF81F, 0xF81F, 0xF81F,
  0xF81F, 0xF81F, 0xF81F, 0xF81F, 0xF81F, 0xF81F, 0xF81F, 0xF81F, 0xF81F, 0xF81F, 0xF81F, 0xF81F, 0xF81F, 0xF81F, 0xF81F, 0xF81F,
  0xF81F, 0xF81F, 0xF81F, 0xF81F, 0xF81F, 0xF81F, 0xF81F, 0xF81F, 0xF81F, 0xF81F, 0xF81F, 0xF81F, 0xF81F, 0xF81F, 0xF81F, 0xF81F,
  0xF81F, 0xF81F, 0xF81F, 0xF81F, 0xF81F, 0xF81F, 0xF81F, 0xF81F, 0xF81F, 0xF81F, 0xF81F, 0xF81F, 0xF81F, 0xF81F, 0xF81F, 0xF81F,
  0xF81F, 0xF81F, 0xF81F, 0xF81F, 0xF81F, 0xF81F, 0xF81F, 0xF81F, 0xF81F, 0xF81F, 0xF81F, 0xF81F, 0xF81F, 0xF81F, 0xF81F, 0xF81F,
  0xF81F, 0xF81F, 0xF81F, 0xF81F, 0xF81F, 0xF81F, 0xF81F, 0xF81F, 0xF81F, 0xF81F, 0xF81F, 0xF81F, 0xF81F, 0xF81F, 0xF81F, 0xF81F,
  0xF81F, 0xF81F, 0xF81F, 0xF81F, 0xF81F, 0xF81F, 0xF81F, 0xF81F, 0xF81F, 0xF81F, 0xF81F, 0xF81F, 0xF81F, 0xF81F, 0xF81F, 0xF81F,
  0xF81F, 0xF81F, 0xF81F, 0xF81F, 0xF81F, 0xF81F, 0xF81F, 0xF81F, 0xF81F, 0xF81F, 0xF81F, 0xF81F, 0xF81F, 0xF81F, 0xF81F, 0xF81F,
  0xF81F, 0xF81F, 0xF81F, 0xF81F, 0xF81F, 0xF81F, 0xF81F, 0xF81F, 0xF81F, 0xF81F, 0xF81F, 0xF81F, 0xF81F, 0xF81F, 0xF81F, 0xF81F,
  0xF81F, 0xF81F, 0xF81F, 0xF81F, 0xF81F, 0xF81F, 0xF81F, 0xF81F, 0xF81F, 0xF81F, 0xF81F, 0xF81F, 0xF81F, 0xF81F, 0xF81F, 0xF81F,
  0xF81F, 0xF81F, 0xF81F, 0xF81F, 0xF81F, 0xF81F, 0xF81F, 0xF81F, 0xF81F, 0xF81F, 0xF81F, 0xF81F, 0xF81F, 0xF81F, 0xF81F, 0xF81F,
  0xF81F, 0xF81F, 0xF81F, 0xF81F, 0xF81F, 0xF81F, 0xF81F, 0xF81F, 0xF81F, 0xF81F, 0xF81F, 0xF81F, 0xF81F, 0xF81F, 0xF81F, 0xF81F,
  0xF81F, 0xF81F, 0xF81F, 0xF81F, 0xF81F, 0xF81F, 0xF81F, 0xF81F, 0xF81F, 0xF81F, 0xF81F, 0xF81F, 0xF81F, 0xF81F, 0xF81F, 0xF81F,
  0xF81F, 0xF81F, 0xF81F, 0xF81F, 0xF81F, 0xF81F, 0xF81F, 0xF81F, 0xF81F, 0xF81F, 0xF81F, 0xF81F, 0xF81F, 0xF81F, 0xF81F, 0xF81F,
  0xF81F, 0xF81F, 0xF81F, 0xF81F, 0xF81F, 0xF81F, 0xF81F, 0xF81F, 0xF81F, 0xF81F, 0xF81F, 0xF81F, 0xF81F, 0xF81F, 0xF81F, 0xF81F,
  0xF81F, 0xF81F, 0xF81F, 0xF81F, 0xF81F, 0xF81F, 0xF81F, 0xF81F, 0xF81F, 0xF81F, 0xF81F, 0xF81F, 0xF81F, 0xF81F, 0xF81F, 0xF81F,
  0xF81F, 0xF81F, 0xF81F, 0xF81F, 0xF81F, 0xF81F, 0xF81F, 0xF81F, 0xF81F, 0xF81F, 0xF81F, 0xF81F, 0xF81F, 0xF81F, 0xF81F, 0xF81F,
  0xF81F, 0xF81F, 0xF81F, 0xF81F, 0xF81F, 0xF81F, 0xF81F, 0xF81F, 0xF81F, 0xF81F, 0xF81F, 0xF81F, 0xF81F, 0xF81F, 0xF81F, 0xF81F,
  0xF81F, 0xF81F, 0xF81F, 0xF81F, 0xF81F, 0x40C2, 0xF81F, 0xF81F, 0xF81F, 0xF81F, 0xF81F, 0x50A1, 0xF81F, 0xF81F, 0xF81F, 0xF81F,
  0xF81F, 0xF81F, 0xF81F, 0xF81F, 0xF81F, 0xF81F, 0xF81F, 0xF81F, 0xF81F, 0xF81F, 0xF81F, 0xF81F, 0xF81F, 0xF81F, 0xF81F, 0xF81F,
  0xF81F, 0xF81F, 0xF81F, 0xF81F, 0xF81F, 0xF81F, 0xF81F, 0xF81F, 0xF81F, 0xF81F, 0xF81F, 0xF81F, 0xF81F, 0xF81F, 0xF81F, 0xF81F,
  0xF81F, 0xF81F, 0xF81F, 0xF81F, 0xF81F, 0xF81F, 0xF81F, 0xF81F, 0xF81F, 0xF81F, 0xF81F, 0xF81F, 0xF81F, 0xF81F, 0xF81F, 0xF81F,
  0xF81F, 0xF81F, 0xF81F, 0xF81F, 0xF81F, 0xF81F, 0xF81F, 0xF81F, 0xF81F, 0xF81F, 0xF81F, 0xF81F, 0xF81F, 0xF81F, 0xF81F, 0xF81F,
  0xF81F, 0xF81F, 0xF81F, 0xF81F, 0xF81F, 0xF81F, 0xF81F, 0xF81F, 0xF81F, 0xF81F, 0xF81F, 0xF81F, 0xF81F, 0xF81F, 0xF81F, 0xF81F,
  0xF81F, 0xF81F, 0xF81F, 0xF81F, 0xF81F, 0xF81F, 0xF81F, 0xF81F, 0xF81F, 0xF81F, 0xF81F, 0xF81F, 0xF81F, 0xF81F, 0xF81F, 0xF81F,
  0xF81F, 0xF81F, 0xF81F, 0xF81F, 0xF81F, 0x3062, 0x4102, 0xF81F, 0xF81F, 0xF81F, 0xF81F, 0x3881, 0x5102, 0xF81F, 0xF81F, 0xF81F,
  0xF81F, 0xF81F, 0xF81F, 0xF81F, 0xF81F, 0xF81F, 0xF81F, 0xF81F, 0xF81F, 0xF81F, 0xF81F, 0xF81F, 0xF81F, 0xF81F, 0xF81F, 0xF81F,
  0xF81F, 0xF81F, 0xF81F, 0xF81F, 0xF81F, 0xF81F, 0xF81F, 0xF81F, 0xF81F, 0xF81F, 0xF81F, 0xF81F, 0xF81F, 0xF81F, 0xF81F, 0xF81F,
  0xF81F, 0xF81F, 0xF81F, 0xF81F, 0xF81F, 0xF81F, 0xF81F, 0xF81F, 0xF81F, 0xF81F, 0xF81F, 0xF81F, 0xF81F, 0xF81F, 0xF81F, 0xF81F,
  0xF81F, 0xF81F, 0xF81F, 0xF81F, 0xF81F, 0xF81F, 0xF81F, 0xF81F, 0xF81F, 0xF81F, 0xF81F, 0xF81F, 0xF81F, 0xF81F, 0xF81F, 0xF81F,
  0xF81F, 0xF81F, 0xF81F, 0xF81F, 0xF81F, 0xF81F, 0xF81F, 0xF81F, 0xF81F, 0xF81F, 0xF81F, 0xF81F, 0xF81F, 0xF81F, 0xF81F, 0xF81F,
  0xF81F, 0xF81F, 0xF81F, 0xF81F, 0xF81F, 0xF81F, 0xF81F, 0xF81F, 0xF81F, 0xF81F, 0xF81F, 0xF81F, 0xF81F, 0xF81F, 0xF81F, 0xF81F,
  0xF81F, 0xF81F, 0xF81F, 0xF81F, 0xF81F, 0xF81F, 0x18A2, 0x4902, 0xF81F, 0xF81F, 0xF81F, 0xF81F, 0x3102, 0x6902, 0xF81F, 0xF81F,
  0xF81F, 0xF81F, 0xF81F, 0xF81F, 0xF81F, 0xF81F, 0xF81F, 0xF81F, 0xF81F, 0xF81F, 0xF81F, 0xF81F, 0xF81F, 0xF81F, 0xF81F, 0xF81F,
  0xF81F, 0xF81F, 0xF81F, 0xF81F, 0xF81F, 0xF81F, 0xF81F, 0xF81F, 0xF81F, 0xF81F, 0xF81F, 0xF81F, 0xF81F, 0xF81F, 0xF81F, 0xF81F,
  0xF81F, 0xF81F, 0xF81F, 0xF81F, 0xF81F, 0xF81F, 0xF81F, 0xF81F, 0xF81F, 0xF81F, 0xF81F, 0xF81F, 0xF81F, 0xF81F, 0xF81F, 0xF81F,
  0xF81F, 0xF81F, 0xF81F, 0xF81F, 0xF81F, 0xF81F, 0x3882, 0x30E3, 0xF81F, 0xF81F, 0x3862, 0x40A2, 0xF81F, 0xF81F, 0xF81F, 0xF81F,
  0xF81F, 0xF81F, 0xF81F, 0xF81F, 0xF81F, 0xF81F, 0xF81F, 0xF81F, 0xF81F, 0xF81F, 0xF81F, 0xF81F, 0xF81F, 0xF81F, 0xF81F, 0xF81F,
  0xF81F, 0xF81F, 0xF81F, 0xF81F, 0xF81F, 0xF81F, 0xF81F, 0xF81F, 0xF81F, 0xF81F, 0xF81F, 0xF81F, 0xF81F, 0xF81F, 0xF81F, 0xF81F,
  0xF81F, 0xF81F, 0xF81F, 0xF81F, 0xF81F, 0xF81F, 0x3062, 0x18C3, 0x4922, 0xF81F, 0xF81F, 0xF81F, 0x28A2, 0x3102, 0x6902, 0xF81F,
  0xF81F, 0xF81F, 0xF81F, 0xF81F, 0xF81F, 0xF81F, 0xF81F, 0xF81F, 0xF81F, 0xF81F, 0xF81F, 0xF81F, 0xF81F, 0xF81F, 0xF81F, 0xF81F,
  0xF81F, 0xF81F, 0xF81F, 0xF81F, 0xF81F, 0xF81F, 0xF81F, 0xF81F, 0xF81F, 0xF81F, 0xF81F, 0xF81F, 0xF81F, 0xF81F, 0xF81F, 0xF81F,
  0xF81F, 0xF81F, 0xF81F, 0xF81F, 0xF81F, 0xF81F, 0xF81F, 0xF81F, 0xF81F, 0xF81F, 0xF81F, 0xF81F, 0xF81F, 0xF81F, 0xF81F, 0xF81F,
  0xF81F, 0xF81F, 0xF81F, 0x40A3, 0xF81F, 0xF81F, 0x30C3, 0x3123, 0xF81F, 0xF81F, 0x28E3, 0x40E2, 0xF81F, 0xF81F, 0xF81F, 0xF81F,
  0xF81F, 0xF81F, 0xF81F, 0xF81F, 0xF81F, 0xF81F, 0xF81F, 0xF81F, 0xF81F, 0xF81F, 0xF81F, 0xF81F, 0xF81F, 0xF81F, 0xF81F, 0xF81F,
  0xF81F, 0xF81F, 0xF81F, 0xF81F, 0xF81F, 0xF81F, 0xF81F, 0xF81F, 0xF81F, 0xF81F, 0xF81F, 0xF81F, 0xF81F, 0xF81F, 0xF81F, 0xF81F,
  0xF81F, 0xF81F, 0x38A2, 0xF81F, 0xF81F, 0xF81F, 0xF81F, 0x20A2, 0x18C3, 0x4143, 0xF81F, 0xF81F, 0xF81F, 0x20C2, 0x3943, 0x6922,
  0xF81F, 0xF81F, 0xF81F, 0x5942, 0xF81F, 0xF81F, 0xF81F, 0xF81F, 0xF81F, 0xF81F, 0xF81F, 0xF81F, 0xF81F, 0xF81F, 0xF81F, 0xF81F,
  0xF81F, 0xF81F, 0xF81F, 0xF81F, 0xF81F, 0xF81F, 0xF81F, 0xF81F, 0xF81F, 0xF81F, 0xF81F, 0xF81F, 0xF81F, 0xF81F, 0xF81F, 0xF81F,
  0xF81F, 0xF81F, 0xF81F, 0xF81F, 0xF81F, 0xF81F, 0xF81F, 0xF81F, 0xF81F, 0xF81F, 0xF81F, 0xF81F, 0xF81F, 0xF81F, 0xF81F, 0xF81F,
  0xF81F, 0xF81F, 0xF81F, 0x3144, 0x40C3, 0xF81F, 0x38E3, 0x3144, 0x50A2, 0xF81F, 0x2903, 0x4902, 0xF81F, 0xF81F, 0xF81F, 0xF81F,
  0xF81F, 0xF81F, 0xF81F, 0xF81F, 0xF81F, 0xF81F, 0xF81F, 0xF81F, 0xF81F, 0xF81F, 0xF81F, 0xF81F, 0xF81F, 0xF81F, 0xF81F, 0xF81F,
  0xF81F, 0xF81F, 0xF81F, 0xF81F, 0xF81F, 0xF81F, 0xF81F, 0xF81F, 0xF81F, 0xF81F, 0xF81F, 0xF81F, 0xF81F, 0xF81F, 0xF81F, 0xF81F,
  0xF81F, 0xF81F, 0x2082, 0x30E2, 0x58A2, 0xF81F, 0xF81F, 0xF81F, 0x20C3, 0x18C3, 0x3122, 0x6963, 0xF81F, 0x3842, 0x20E3, 0x3122,
  0x6963, 0xF81F, 0xF81F, 0x38C1, 0x6162, 0xF81F, 0xF81F, 0xF81F, 0xF81F, 0xF81F, 0xF81F, 0xF81F, 0xF81F, 0xF81F, 0xF81F, 0xF81F,
  0xF81F, 0xF81F, 0xF81F, 0xF81F, 0xF81F, 0xF81F, 0xF81F, 0xF81F, 0xF81F, 0xF81F, 0xF81F, 0xF81F, 0xF81F, 0xF81F, 0xF81F, 0xF81F,
  0xF81F, 0xF81F, 0xF81F, 0xF81F, 0xF81F, 0xF81F, 0xF81F, 0xF81F, 0xF81F, 0xF81F, 0xF81F, 0xF81F, 0xF81F, 0xF81F, 0xF81F, 0xF81F,
  0x40A3, 0xF81F, 0xF81F, 0x3124, 0x3944, 0xF81F, 0x38E3, 0x3965, 0x4903, 0xF81F, 0x3144, 0x5143, 0xF81F, 0xF81F, 0xF81F, 0xF81F,
  0xF81F, 0xF81F, 0xF81F, 0xF81F, 0xF81F, 0xF81F, 0xF81F, 0xF81F, 0xF81F, 0xF81F, 0xF81F, 0xF81F, 0xF81F, 0xF81F, 0xF81F, 0xF81F,
  0xF81F, 0xF81F, 0xF81F, 0xF81F, 0xF81F, 0xF81F, 0xF81F, 0xF81F, 0xF81F, 0xF81F, 0xF81F, 0xF81F, 0xF81F, 0xF81F, 0xF81F, 0xF81F,
  0xF81F, 0xF81F, 0xF81F, 0x18A2, 0x20E3, 0x4902, 0xF81F, 0xF81F, 0xF81F, 0x20C3, 0x20C3, 0x2903, 0x59A3, 0xF81F, 0x38A2, 0x20C3,
  0x3943, 0x69C3, 0xF81F, 0xF81F, 0x3902, 0x6162, 0xF81F, 0xF81F, 0xF81F, 0xF81F, 0xF81F, 0xF81F, 0xF81F, 0xF81F, 0xF81F, 0xF81F,
  0xF81F, 0xF81F, 0xF81F, 0xF81F, 0xF81F, 0xF81F, 0xF81F, 0xF81F, 0xF81F, 0xF81F, 0xF81F, 0xF81F, 0xF81F, 0xF81F, 0xF81F, 0xF81F,
  0xF81F, 0xF81F, 0xF81F, 0xF81F, 0xF81F, 0xF81F, 0xF81F, 0xF81F, 0xF81F, 0xF81F, 0xF81F, 0xF81F, 0xF81F, 0xF81F, 0xF81F, 0xF81F,
  0x3124, 0x3964, 0x4882, 0x3904, 0x3985, 0x4124, 0x3903, 0x3985, 0x4943, 0x40C3, 0x3964, 0x5143, 0xF81F, 0xF81F, 0xF81F, 0xF81F,
  0xF81F, 0xF81F, 0xF81F, 0xF81F, 0xF81F, 0xF81F, 0xF81F, 0xF81F, 0xF81F, 0xF81F, 0xF81F, 0xF81F, 0xF81F, 0xF81F, 0xF81F, 0xF81F,
  0xF81F, 0xF81F, 0xF81F, 0xF81F, 0xF81F, 0xF81F, 0xF81F, 0xF81F, 0xF81F, 0xF81F, 0xF81F, 0xF81F, 0xF81F, 0xF81F, 0xF81F, 0xF81F,
  0xF81F, 0xF81F, 0xF81F, 0xF81F, 0x20A2, 0x18A2, 0x2902, 0x5143, 0xF81F, 0xF81F, 0x28A3, 0x28E3, 0x20C2, 0x3943, 0x5963, 0x3923,
  0x2903, 0x3123, 0x5983, 0xF81F, 0x4862, 0x28E2, 0x6183, 0xF81F, 0xF81F, 0xF81F, 0xF81F, 0xF81F, 0xF81F, 0xF81F, 0xF81F, 0xF81F,
  0xF81F, 0xF81F, 0xF81F, 0xF81F, 0xF81F, 0xF81F, 0xF81F, 0xF81F, 0xF81F, 0xF81F, 0xF81F, 0xF81F, 0xF81F, 0xF81F, 0xF81F, 0xF81F,
  0xF81F, 0xF81F, 0xF81F, 0xF81F, 0xF81F, 0xF81F, 0xF81F, 0xF81F, 0xF81F, 0xF81F, 0xF81F, 0xF81F, 0xF81F, 0x4862, 0x48A3, 0xF81F,
  0x40A3, 0x3965, 0x4164, 0x3944, 0x41A5, 0x4184, 0x3923, 0x4185, 0x4164, 0x3923, 0x4185, 0x5942, 0xF81F, 0x4082, 0x50E2, 0xF81F,
  0xF81F, 0xF81F, 0xF81F, 0xF81F, 0xF81F, 0xF81F, 0xF81F, 0xF81F, 0xF81F, 0xF81F, 0xF81F, 0xF81F, 0xF81F, 0xF81F, 0xF81F, 0xF81F,
  0xF81F, 0xF81F, 0xF81F, 0xF81F, 0xF81F, 0xF81F, 0xF81F, 0xF81F, 0xF81F, 0xF81F, 0xF81F, 0xF81F, 0xF81F, 0xF81F, 0xF81F, 0xF81F,
  0xF81F, 0xF81F, 0xF81F, 0xF81F, 0xF81F, 0x20C2, 0x20C3, 0x20C3, 0x3143, 0x5963, 0x6142, 0x4943, 0x2923, 0x20E3, 0x2903, 0x3943,
  0x3943, 0x3103, 0x20C3, 0x3942, 0x6122, 0x50E2, 0x28E2, 0x61C3, 0xF81F, 0xF81F, 0xF81F, 0xF81F, 0xF81F, 0xF81F, 0xF81F, 0xF81F,
  0xF81F, 0xF81F, 0xF81F, 0xF81F, 0xF81F, 0xF81F, 0xF81F, 0xF81F, 0xF81F, 0xF81F, 0xF81F, 0xF81F, 0xF81F, 0xF81F, 0xF81F, 0xF81F,
  0xF81F, 0xF81F, 0xF81F, 0xF81F, 0xF81F, 0xF81F, 0xF81F, 0xF81F, 0xF81F, 0xF81F, 0xF81F, 0xF81F, 0xF81F, 0x4882, 0x3165, 0x3944,
  0x4103, 0x3944, 0x4185, 0x4184, 0x49A5, 0x49A5, 0x4164, 0x41A5, 0x4164, 0x3944, 0x41A5, 0x6122, 0xF81F, 0x3943, 0x58C2, 0xF81F,
  0xF81F, 0xF81F, 0xF81F, 0xF81F, 0xF81F, 0xF81F, 0xF81F, 0xF81F, 0xF81F, 0xF81F, 0xF81F, 0xF81F, 0xF81F, 0xF81F, 0xF81F, 0xF81F,
  0xF81F, 0xF81F, 0xF81F, 0xF81F, 0xF81F, 0xF81F, 0xF81F, 0xF81F, 0xF81F, 0xF81F, 0xF81F, 0xF81F, 0xF81F, 0xF81F, 0xF81F, 0xF81F,
  0x28A2, 0x48A2, 0xF81F, 0xF81F, 0xF81F, 0xF81F, 0x3082, 0x20E3, 0x20E3, 0x20C2, 0x3102, 0x51A3, 0x4983, 0x3123, 0x3124, 0x3123,
  0x3102, 0x3922, 0x6A64, 0x51C4, 0x30E1, 0x69A1, 0x69E3, 0x28C1, 0x4962, 0x6942, 0xF81F, 0xF81F, 0xF81F, 0x6181, 0xF81F, 0xF81F,
  0xF81F, 0xF81F, 0xF81F, 0xF81F, 0xF81F, 0xF81F, 0xF81F, 0xF81F, 0xF81F, 0xF81F, 0xF81F, 0xF81F, 0xF81F, 0xF81F, 0xF81F, 0xF81F,
  0xF81F, 0xF81F, 0xF81F, 0xF81F, 0xF81F, 0xF81F, 0xF81F, 0xF81F, 0xF81F, 0xF81F, 0xF81F, 0x38C3, 0x3904, 0x4104, 0x3964, 0x3965,
  0x49A5, 0x4185, 0x3965, 0x4984, 0x4164, 0x4185, 0x4184, 0x49C5, 0x4184, 0x4184, 0x49A4, 0x58C2, 0x38C3, 0x4983, 0xF81F, 0xF81F,
  0xF81F, 0xF81F, 0xF81F, 0xF81F, 0xF81F, 0xF81F, 0xF81F, 0xF81F, 0xF81F, 0xF81F, 0xF81F, 0xF81F, 0xF81F, 0xF81F, 0xF81F, 0xF81F,
  0xF81F, 0xF81F, 0xF81F, 0xF81F, 0xF81F, 0xF81F, 0xF81F, 0xF81F, 0xF81F, 0xF81F, 0xF81F, 0xF81F, 0xF81F, 0xF81F, 0xF81F, 0xF81F,
  0x4021, 0x20C2, 0x28E2, 0x3902, 0x5102, 0xF81F, 0xF81F, 0xF81F, 0x30C3, 0x2904, 0x28E3, 0x28E3, 0x28E2, 0x28E2, 0x3102, 0x3943,
  0x3102, 0x1860, 0x8AE4, 0xEDAD, 0xD56E, 0xABC7, 0xBBE6, 0x9B87, 0x6A03, 0x9B24, 0x92A4, 0xF81F, 0xF81F, 0x4880, 0x69E3, 0xF81F,
  0xF81F, 0xF81F, 0xF81F, 0xF81F, 0xF81F, 0xF81F, 0xF81F, 0xF81F, 0xF81F, 0xF81F, 0xF81F, 0xF81F, 0xF81F, 0xF81F, 0xF81F, 0xF81F,
  0xF81F, 0xF81F, 0xF81F, 0xF81F, 0xF81F, 0xF81F, 0xF81F, 0xF81F, 0xF81F, 0xF81F, 0xF81F, 0x38E3, 0x3145, 0x3985, 0x4185, 0x49A5,
  0x3944, 0x6A65, 0x59E4, 0x3103, 0x9B65, 0x82E5, 0x3943, 0x4184, 0x4183, 0x41A4, 0x49A4, 0x4923, 0x4184, 0x5942, 0xF81F, 0xF81F,
  0xF81F, 0xF81F, 0xF81F, 0xF81F, 0xF81F, 0xF81F, 0xF81F, 0xF81F, 0xF81F, 0xF81F, 0xF81F, 0xF81F, 0xF81F, 0xF81F, 0xF81F, 0xF81F,
  0xF81F, 0xF81F, 0xF81F, 0xF81F, 0xF81F, 0xF81F, 0xF81F, 0xF81F, 0xF81F, 0xF81F, 0xF81F, 0xF81F, 0xF81F, 0xF81F, 0xF81F, 0xF81F,
  0xF81F, 0xF81F, 0x2082, 0x18C2, 0x20C2, 0x28E2, 0x3942, 0x5983, 0x6183, 0x5983, 0x4164, 0x3964, 0x3964, 0x20C2, 0x59C2, 0xD4EA,
  0xCD2C, 0xBCCC, 0x9BC9, 0xB428, 0xDD6D, 0xF651, 0xD52C, 0xC469, 0xC489, 0xD487, 0xDD08, 0xCC87, 0x9A84, 0xF81F, 0x3880, 0x6A03,
  0xF81F, 0xF81F, 0xF81F, 0xF81F, 0xF81F, 0xF81F, 0xF81F, 0xF81F, 0xF81F, 0xF81F, 0xF81F, 0xF81F, 0xF81F, 0xF81F, 0xF81F, 0xF81F,
  0xF81F, 0xF81F, 0xF81F, 0xF81F, 0xF81F, 0xF81F, 0xF81F, 0xF81F, 0xF81F, 0x30C3, 0x3104, 0x3944, 0x4185, 0x4985, 0x5184, 0x4163,
  0x4142, 0xD4E9, 0xD58C, 0x59E2, 0xFE6D, 0xC50B, 0x30C1, 0xB427, 0x6224, 0x3944, 0x4143, 0x3964, 0x51C4, 0xF81F, 0xF81F, 0xF81F,
  0xF81F, 0xF81F, 0xF81F, 0xF81F, 0xF81F, 0xF81F, 0xF81F, 0xF81F, 0xF81F, 0xF81F, 0xF81F, 0xF81F, 0xF81F, 0xF81F, 0xF81F, 0xF81F,
  0xF81F, 0xF81F, 0xF81F, 0xF81F, 0xF81F, 0xF81F, 0xF81F, 0xF81F, 0xF81F, 0xF81F, 0xF81F, 0xF81F, 0xF81F, 0xF81F, 0xF81F, 0xF81F,
  0xF81F, 0xF81F, 0xF81F, 0x3882, 0x20E3, 0x20E3, 0x20E3, 0x20E3, 0x28E3, 0x3122, 0x3943, 0x3943, 0x3943, 0x3123, 0x28C1, 0x7285,
  0xD52D, 0xF672, 0xFED4, 0xEE31, 0xD54D, 0xC4AA, 0xC489, 0xC469, 0xABC6, 0x92C3, 0x9AE3, 0xD4A7, 0xFE2C, 0xE528, 0x9AC3, 0x30A0,
  0x6A02, 0xF81F, 0xF81F, 0xF81F, 0xF81F, 0xF81F, 0xF81F, 0xF81F, 0xF81F, 0xF81F, 0xF81F, 0xF81F, 0xF81F, 0xF81F, 0xF81F, 0xF81F,
  0xF81F, 0xF81F, 0xF81F, 0xF81F, 0xF81F, 0xF81F, 0xF81F, 0xF81F, 0xF81F, 0x3903, 0x3124, 0x4144, 0x4144, 0x38C3, 0x9284, 0xDDAC,
  0xA3E8, 0xE58C, 0xFF13, 0xCCC8, 0xFF73, 0xC4EA, 0xB427, 0xFF30, 0x49A3, 0x51C3, 0x51C3, 0x49A5, 0x5922, 0xF81F, 0xF81F, 0xF81F,
  0xF81F, 0xF81F, 0xF81F, 0xF81F, 0xF81F, 0xF81F, 0xF81F, 0xF81F, 0xF81F, 0xF81F, 0xF81F, 0xF81F, 0xF81F, 0xF81F, 0xF81F, 0xF81F,
  0xF81F, 0xF81F, 0xF81F, 0xF81F, 0xF81F, 0xF81F, 0xF81F, 0xF81F, 0xF81F, 0xF81F, 0xF81F, 0xF81F, 0xF81F, 0xF81F, 0xF81F, 0xF81F,
  0xF81F, 0xF81F, 0xF81F, 0xF81F, 0xF81F, 0x4062, 0x30A3, 0x28E3, 0x2903, 0x3124, 0x3144, 0x3123, 0x28E2, 0x20C1, 0x20A1, 0x30E1,
  0x6A65, 0xABE8, 0xC4AA, 0xD58F, 0xDDCF, 0xD52C, 0xBC69, 0xB3C7, 0x8283, 0x69A0, 0x9281, 0x9261, 0x9281, 0xB363, 0xA302, 0x9B03,
  0x4941, 0x8B04, 0xF81F, 0xF81F, 0xF81F, 0xF81F, 0xF81F, 0xF81F, 0xF81F, 0xF81F, 0xF81F, 0xF81F, 0xF81F, 0xF81F, 0xF81F, 0xF81F,
  0xF81F, 0xF81F, 0xF81F, 0xF81F, 0xF81F, 0xF81F, 0xF81F, 0x30E3, 0x3123, 0x3944, 0x3964, 0x60A2, 0xAA24, 0xA3E9, 0x93A8, 0xF5ED,
  0xFF34, 0xE5AC, 0xEDCB, 0xD486, 0xE528, 0xCC45, 0xFF10, 0xC4A8, 0x9B44, 0xF5EB, 0x6224, 0x5162, 0xF81F, 0xF81F, 0xF81F, 0xF81F,
  0xF81F, 0xF81F, 0xF81F, 0xF81F, 0xF81F, 0xF81F, 0xF81F, 0xF81F, 0xF81F, 0xF81F, 0xF81F, 0xF81F, 0xF81F, 0xF81F, 0xF81F, 0xF81F,
  0xF81F, 0xF81F, 0xF81F, 0xF81F, 0xF81F, 0xF81F, 0xF81F, 0xF81F, 0xF81F, 0xF81F, 0xF81F, 0xF81F, 0xF81F, 0xF81F, 0xF81F, 0xF81F,
  0x4062, 0x3882, 0x4862, 0x4882, 0xF81F, 0xF81F, 0x58A2, 0x5102, 0x4943, 0x3944, 0x3144, 0x3985, 0x3144, 0x4982, 0xCCA9, 0xF651,
  0xF651, 0xE611, 0xE5F1, 0xD54D, 0xC4AA, 0xBC49, 0xB407, 0x8AC4, 0x8241, 0x92A1, 0x8A61, 0x8A61, 0x5940, 0x69A0, 0x6980, 0x71C1,
  0x8242, 0x69E1, 0xDD49, 0x91E3, 0xF81F, 0xF81F, 0xF81F, 0xF81F, 0xF81F, 0xF81F, 0xF81F, 0xF81F, 0xF81F, 0xF81F, 0xF81F, 0xF81F,
  0xF81F, 0xF81F, 0xF81F, 0xF81F, 0xF81F, 0xF81F, 0xF81F, 0x40C3, 0x3903, 0x4923, 0x7123, 0x7061, 0x8141, 0xED8B, 0xFF34, 0xE5CD,
  0xCC45, 0xCC25, 0xC3C3, 0xDCE6, 0xCC86, 0xDCE7, 0xC444, 0xD486, 0xFEEF, 0x9B65, 0x4921, 0xF81F, 0xF81F, 0xF81F, 0xF81F, 0xF81F,
  0xF81F, 0xF81F, 0xF81F, 0xF81F, 0xF81F, 0xF81F, 0xF81F, 0xF81F, 0xF81F, 0xF81F, 0xF81F, 0xF81F, 0xF81F, 0xF81F, 0xF81F, 0xF81F,
  0xF81F, 0xF81F, 0xF81F, 0xF81F, 0xF81F, 0xF81F, 0xF81F, 0xF81F, 0xF81F, 0xF81F, 0xF81F, 0xF81F, 0xF81F, 0xF81F, 0xF81F, 0xF81F,
  0xF81F, 0x2082, 0x20C3, 0x20C2, 0x20E2, 0x28E3, 0x2903, 0x3123, 0x3923, 0x3923, 0x3103, 0x3123, 0x3102, 0x30E1, 0x7AE6, 0xAC4B,
  0xCD4E, 0xE611, 0xE632, 0xE5F0, 0xDDAF, 0xCCEB, 0xABC7, 0x92E3, 0xA302, 0xAB22, 0x9AC2, 0x71E1, 0x6160, 0x69C0, 0x8A41, 0x5140,
  0x5120, 0x5120, 0xA385, 0xF66D, 0xF81F, 0xF81F, 0xF81F, 0xF81F, 0xF81F, 0xF81F, 0xF81F, 0xF81F, 0xF81F, 0xF81F, 0xF81F, 0xF81F,
  0xF81F, 0xF81F, 0xF81F, 0xF81F, 0xF81F, 0x38C2, 0x3103, 0x2944, 0x48E2, 0x8020, 0xA8A0, 0xDBE7, 0xDD6D, 0xE58C, 0xCCA8, 0xC405,
  0xCC66, 0xDD06, 0xEDA8, 0xE526, 0xF5E9, 0xF64D, 0xD4C6, 0xD485, 0x9303, 0x5941, 0xF81F, 0xF81F, 0xF81F, 0xF81F, 0xF81F, 0xF81F,
  0xF81F, 0xF81F, 0xF81F, 0xF81F, 0xF81F, 0xF81F, 0xF81F, 0xF81F, 0xF81F, 0xF81F, 0xF81F, 0xF81F, 0xF81F, 0xF81F, 0xF81F, 0xF81F,
  0xF81F, 0xF81F, 0xF81F, 0xF81F, 0xF81F, 0xF81F, 0xF81F, 0xF81F, 0xF81F, 0xF81F, 0xF81F, 0xF81F, 0xF81F, 0xF81F, 0xF81F, 0xF81F,
  0xF81F, 0xF81F, 0x4042, 0x28A2, 0x20C3, 0x2103, 0x2904, 0x2903, 0x2903, 0x3944, 0x3964, 0x3144, 0x3143, 0x28E2, 0x0820, 0x4162,
  0xA3E9, 0xC4EB, 0xC4CB, 0xCD0C, 0xCD2C, 0xBC8A, 0xABE7, 0xA324, 0x8241, 0x8242, 0x92A2, 0x71A0, 0x9AA1, 0x9281, 0x6180, 0x7201,
  0x6180, 0x71E0, 0x9240, 0xEDC9, 0xEE4D, 0xF81F, 0xF81F, 0xF81F, 0xF81F, 0xF81F, 0xF81F, 0xF81F, 0xF81F, 0xF81F, 0xF81F, 0xF81F,
  0xF81F, 0xF81F, 0xF81F, 0xF81F, 0x4082, 0x2903, 0x28E3, 0x58C2, 0x90A1, 0xA8A1, 0xA1E4, 0xCC89, 0xEE0E, 0xCC88, 0xB3A3, 0xD484,
  0xDCE7, 0xE507, 0xED88, 0xF60A, 0xF60A, 0xEDC9, 0xF60B, 0x8A61, 0x6980, 0xF81F, 0xF81F, 0xF81F, 0xF81F, 0xF81F, 0xF81F, 0xF81F,
  0xF81F, 0xF81F, 0xF81F, 0xF81F, 0xF81F, 0xF81F, 0xF81F, 0xF81F, 0xF81F, 0xF81F, 0xF81F, 0xF81F, 0xF81F, 0xF81F, 0xF81F, 0xF81F,
  0xF81F, 0xF81F, 0xF81F, 0xF81F, 0xF81F, 0xF81F, 0xF81F, 0xF81F, 0xF81F, 0xF81F, 0xF81F, 0xF81F, 0xF81F, 0xF81F, 0xF81F, 0xF81F,
  0xF81F, 0xF81F, 0xF81F, 0xF81F, 0xF81F, 0x4062, 0x38A2, 0x3903, 0x3124, 0x3144, 0x3144, 0x3144, 0x3964, 0x3102, 0xABE8, 0xFE70,
  0xFED3, 0xFEF5, 0xF6D5, 0xEE73, 0xDDAE, 0xD52C, 0xC489, 0x9B25, 0x8A82, 0xAB43, 0xB363, 0x8A41, 0x5120, 0x5981, 0x9AC2, 0x8A41,
  0x6180, 0x69A0, 0x79E0, 0xC3A2, 0xFF0E, 0xAB27, 0xF81F, 0xF81F, 0xF81F, 0xF81F, 0xF81F, 0xF81F, 0xF81F, 0xF81F, 0xF81F, 0xF81F,
  0xF81F, 0xF81F, 0xF81F, 0xF81F, 0x40E3, 0x40E3, 0x8881, 0xB020, 0xA000, 0xBA63, 0xEDCC, 0xE5AC, 0xB3C5, 0xC403, 0xDCC5, 0xDCA5,
  0xDCA4, 0xF5C7, 0xFEF0, 0xFF32, 0xFE6C, 0xED87, 0xA2E1, 0x6960, 0xF81F, 0xF81F, 0xF81F, 0xF81F, 0xF81F, 0xF81F, 0xF81F, 0xF81F,
  0xF81F, 0xF81F, 0xF81F, 0xF81F, 0xF81F, 0xF81F, 0xF81F, 0xF81F, 0xF81F, 0xF81F, 0xF81F, 0xF81F, 0xF81F, 0xF81F, 0xF81F, 0xF81F,
  0xF81F, 0xF81F, 0xF81F, 0xF81F, 0xF81F, 0xF81F, 0xF81F, 0xF81F, 0xF81F, 0xF81F, 0xF81F, 0xF81F, 0xF81F, 0xF81F, 0xF81F, 0xF81F,
  0xF81F, 0xF81F, 0xF81F, 0xF81F, 0x4842, 0x4082, 0x40A2, 0x3903, 0x3103, 0x2903, 0x2903, 0x3123, 0x3943, 0x28C1, 0x59E3, 0x8B68,
  0x8B89, 0xAC2A, 0xC4EC, 0xCD2C, 0xD54E, 0xD56D, 0xCD0B, 0xBC28, 0x9B44, 0x8A61, 0x8A62, 0x9282, 0x8221, 0x6980, 0x5980, 0x7A01,
  0x5960, 0x5960, 0x5960, 0x9A80, 0xE526, 0xF711, 0xF81F, 0xF81F, 0xF81F, 0xF81F, 0xF81F, 0xF81F, 0xF81F, 0xF81F, 0xF81F, 0xF81F,
  0xF81F, 0xF81F, 0x40A2, 0x2903, 0x18E3, 0x40A1, 0x9080, 0xB060, 0xAA04, 0xCC49, 0xD50A, 0xBBE5, 0xC3E3, 0xCC44, 0xCC24, 0xE4C4,
  0xFE29, 0xFEF0, 0xFEAC, 0xDC63, 0xAAE0, 0x81C0, 0xF81F, 0xF81F, 0xF81F, 0xF81F, 0xF81F, 0xF81F, 0xF81F, 0xF81F, 0xF81F, 0xF81F,
  0xF81F, 0xF81F, 0xF81F, 0xF81F, 0xF81F, 0xF81F, 0xF81F, 0xF81F, 0xF81F, 0xF81F, 0xF81F, 0xF81F, 0xF81F, 0xF81F, 0xF81F, 0xF81F,
  0xF81F, 0xF81F, 0xF81F, 0xF81F, 0xF81F, 0xF81F, 0xF81F, 0xF81F, 0xF81F, 0xF81F, 0xF81F, 0xF81F, 0xF81F, 0xF81F, 0xF81F, 0xF81F,
  0xF81F, 0xF81F, 0xF81F, 0x3082, 0x20E3, 0x20E3, 0x20E3, 0x20E3, 0x28E3, 0x2903, 0x3123, 0x3944, 0x3944, 0x2944, 0x20E2, 0x2000,
  0x6183, 0xCD4E, 0xEE72, 0xFEF4, 0xF6B4, 0xDDAF, 0xCCCA, 0xBC69, 0xB407, 0x9B25, 0x7A42, 0xA2E2, 0x8261, 0x71E0, 0x5140, 0x5140,
  0x7A00, 0x5960, 0x6180, 0x8200, 0xBB61, 0xFEAD, 0xDE10, 0xF81F, 0xF81F, 0xF81F, 0xF81F, 0xF81F, 0xF81F, 0xF81F, 0xF81F, 0xF81F,
  0xF81F, 0xF81F, 0x28E2, 0x2903, 0x68A1, 0xB060, 0xB020, 0xA0A0, 0xCC47, 0xE549, 0xAB63, 0xBBA3, 0xCC24, 0xC3C2, 0xDCA5, 0xF5E8,
  0xFEEE, 0xFE4A, 0xB341, 0x60E0, 0xF81F, 0xF81F, 0xF81F, 0xF81F, 0xF81F, 0xF81F, 0xF81F, 0xF81F, 0xF81F, 0xF81F, 0xF81F, 0xF81F,
  0xF81F, 0xF81F, 0xF81F, 0xF81F, 0xF81F, 0xF81F, 0xF81F, 0xF81F, 0xF81F, 0xF81F, 0xF81F, 0xF81F, 0xF81F, 0xF81F, 0xF81F, 0xF81F,
  0xF81F, 0xF81F, 0xF81F, 0xF81F, 0xF81F, 0xF81F, 0xF81F, 0xF81F, 0xF81F, 0xF81F, 0xF81F, 0xF81F, 0xF81F, 0xF81F, 0xF81F, 0xF81F,
  0xF81F, 0xF81F, 0xF81F, 0xF81F, 0xF81F, 0x3882, 0x28C3, 0x28C3, 0x30E3, 0x3124, 0x3124, 0x2924, 0x2103, 0x48C2, 0x7861, 0x9081,
  0xD429, 0xE5AF, 0xCD2E, 0xAC0B, 0xAB67, 0xD52C, 0xE5F0, 0xD52C, 0xC448, 0xABE7, 0x9304, 0x61C1, 0x5161, 0x92A2, 0x79E1, 0x6160,
  0x71E1, 0x79E0, 0x4920, 0x69A0, 0x8A41, 0xCBE2, 0xFF52, 0xCCCC, 0xF81F, 0xF81F, 0xF81F, 0xF81F, 0xF81F, 0xF81F, 0xF81F, 0xF81F,
  0xF81F, 0xF81F, 0x38E3, 0x68A2, 0x9820, 0x9820, 0x88C1, 0xBBA7, 0xD4EA, 0x9B24, 0xBBA3, 0xBB83, 0xAB22, 0xE4A4, 0xFE09, 0xFF0F,
  0xF5A7, 0xA2A0, 0xF81F, 0xF81F, 0xF81F, 0xF81F, 0xF81F, 0xF81F, 0xF81F, 0xF81F, 0xF81F, 0xF81F, 0xF81F, 0xF81F, 0xF81F, 0xF81F,
  0xF81F, 0xF81F, 0xF81F, 0xF81F, 0xF81F, 0xF81F, 0xF81F, 0xF81F, 0xF81F, 0xF81F, 0xF81F, 0xF81F, 0xF81F, 0xF81F, 0xF81F, 0xF81F,
  0xF81F, 0xF81F, 0xF81F, 0xF81F, 0xF81F, 0xF81F, 0xF81F, 0xF81F, 0xF81F, 0xF81F, 0xF81F, 0xF81F, 0xF81F, 0xF81F, 0xF81F, 0xF81F,
  0xF81F, 0xF81F, 0xF81F, 0xF81F, 0xF81F, 0xF81F, 0xF81F, 0xF81F, 0x4082, 0x28C2, 0x20E3, 0x30A1, 0x7820, 0xB020, 0xC060, 0xB040,
  0x8800, 0x7000, 0x5800, 0x7060, 0xD50A, 0xE5CF, 0xCCEB, 0xCD0B, 0xCD0B, 0xB408, 0xA366, 0x7A63, 0x9AE2, 0x92A2, 0x8A41, 0x69A0,
  0x6181, 0x71E1, 0x5160, 0x69C1, 0x79E0, 0x9A81, 0xE484, 0xFF93, 0xB3EA, 0xF81F, 0xF81F, 0xF81F, 0xF81F, 0xF81F, 0xF81F, 0xF81F,
  0x4882, 0x2903, 0x20A2, 0x6040, 0xA840, 0xA000, 0xAA83, 0xDCE9, 0xAB64, 0xB342, 0xA322, 0xAB22, 0xD423, 0xF5A8, 0xFEEF, 0xF5C8,
  0x9AA1, 0xF81F, 0xF81F, 0xF81F, 0xF81F, 0xF81F, 0xF81F, 0xF81F, 0xF81F, 0xF81F, 0xF81F, 0xF81F, 0xF81F, 0xF81F, 0xF81F, 0xF81F,
  0xF81F, 0xF81F, 0xF81F, 0xF81F, 0xF81F, 0xF81F, 0xF81F, 0xF81F, 0xF81F, 0xF81F, 0xF81F, 0xF81F, 0xF81F, 0xF81F, 0xF81F, 0xF81F,
  0xF81F, 0xF81F, 0xF81F, 0xF81F, 0xF81F, 0xF81F, 0xF81F, 0xF81F, 0xF81F, 0xF81F, 0xF81F, 0xF81F, 0xF81F, 0xF81F, 0xF81F, 0xF81F,
  0xF81F, 0xF81F, 0xF81F, 0xF81F, 0xF81F, 0xF81F, 0x4862, 0x28C3, 0x28E3, 0x2903, 0x40E2, 0x9820, 0xB820, 0xB840, 0x9840, 0x6800,
  0x7800, 0x9840, 0xB880, 0xA8A0, 0x78C1, 0xA2A5, 0xEE2F, 0xE5CF, 0xC4A9, 0xC4AA, 0xB428, 0x92E4, 0x7A42, 0x7201, 0xAB23, 0x71E1,
  0x5140, 0x8221, 0x8241, 0x5960, 0x71C0, 0x71E1, 0x9A80, 0xE4E5, 0xFFB5, 0xBC4A, 0xF81F, 0xF81F, 0xF81F, 0xF81F, 0xF81F, 0x4862,
  0x28E2, 0x20E2, 0x7880, 0xB040, 0x9000, 0x8142, 0xBC28, 0xA386, 0xAB02, 0xA2E2, 0xA302, 0xBBC3, 0xED45, 0xFEAC, 0xFDE8, 0xAAE1,
  0xF81F, 0xF81F, 0xF81F, 0xF81F, 0xF81F, 0xF81F, 0xF81F, 0xF81F, 0xF81F, 0xF81F, 0xF81F, 0xF81F, 0xF81F, 0xF81F, 0xF81F, 0xF81F,
  0xF81F, 0xF81F, 0xF81F, 0xF81F, 0xF81F, 0xF81F, 0xF81F, 0xF81F, 0xF81F, 0xF81F, 0xF81F, 0xF81F, 0xF81F, 0xF81F, 0xF81F, 0xF81F,
  0xF81F, 0xF81F, 0xF81F, 0xF81F, 0xF81F, 0xF81F, 0xF81F, 0xF81F, 0xF81F, 0xF81F, 0xF81F, 0xF81F, 0xF81F, 0xF81F, 0xF81F, 0xF81F,
  0xF81F, 0xF81F, 0xF81F, 0xF81F, 0xF81F, 0xF81F, 0x4062, 0x28A2, 0x28E3, 0x30C3, 0x6041, 0x6820, 0x6820, 0x4860, 0x2861, 0x8040,
  0xB880, 0xC880, 0xA840, 0x8000, 0x8080, 0xDD0A, 0xD4EB, 0xD50B, 0xE611, 0xCD0B, 0xBC48, 0xABC7, 0x7A64, 0x9B03, 0x9282, 0x9261,
  0x8221, 0x8201, 0x79E0, 0x5960, 0x61A0, 0x71C0, 0x79C0, 0xA2C0, 0xE4C4, 0xFF93, 0xC46B, 0xF81F, 0xF81F, 0xF81F, 0xF81F, 0x4082,
  0x28E2, 0x5881, 0x8800, 0x7800, 0x8921, 0xC447, 0xAB85, 0x8A61, 0x9AE2, 0xA302, 0xB342, 0xE4E6, 0xF62A, 0xFE69, 0xB341, 0xF81F,
  0xF81F, 0xF81F, 0xF81F, 0xF81F, 0xF81F, 0xF81F, 0xF81F, 0xF81F, 0xF81F, 0xF81F, 0xF81F, 0xF81F, 0xF81F, 0xF81F, 0xF81F, 0xF81F,
  0xF81F, 0xF81F, 0xF81F, 0xF81F, 0xF81F, 0xF81F, 0xF81F, 0xF81F, 0xF81F, 0xF81F, 0xF81F, 0xF81F, 0xF81F, 0xF81F, 0xF81F, 0xF81F,
  0xF81F, 0xF81F, 0xF81F, 0xF81F, 0xF81F, 0xF81F, 0xF81F, 0xF81F, 0xF81F, 0xF81F, 0xF81F, 0xF81F, 0xF81F, 0xF81F, 0xF81F, 0xF81F,
  0xF81F, 0xF81F, 0xF81F, 0xF81F, 0xF81F, 0xF81F, 0xF81F, 0xF81F, 0xF81F, 0xF81F, 0x30A2, 0x30A2, 0x38C2, 0x2902, 0x8061, 0xB060,
  0x9860, 0x5820, 0x6000, 0xB840, 0xB8A0, 0x6860, 0xBC29, 0xFF16, 0xDDAF, 0xCD0B, 0xCCEB, 0xA385, 0x9B45, 0x6A02, 0x92C2, 0xCBC4,
  0x8A41, 0x61A0, 0x7201, 0x8241, 0x4100, 0x8A41, 0x69C0, 0x71E1, 0x9260, 0xE4C4, 0xFF93, 0xD56E, 0xF81F, 0xF81F, 0xF81F, 0x38C2,
  0x28C2, 0x5020, 0x8820, 0x7800, 0x9244, 0xA3A6, 0x7A22, 0x8A41, 0x8241, 0x92A1, 0xD403, 0xF5A8, 0xFE8C, 0xD422, 0x60C1, 0xF81F,
  0xF81F, 0xF81F, 0xF81F, 0xF81F, 0xF81F, 0xF81F, 0xF81F, 0xF81F, 0xF81F, 0xF81F, 0xF81F, 0xF81F, 0xF81F, 0xF81F, 0xF81F, 0xF81F,
  0xF81F, 0xF81F, 0xF81F, 0xF81F, 0xF81F, 0xF81F, 0xF81F, 0xF81F, 0xF81F, 0xF81F, 0xF81F, 0xF81F, 0xF81F, 0xF81F, 0xF81F, 0xF81F,
  0xF81F, 0xF81F, 0xF81F, 0xF81F, 0xF81F, 0xF81F, 0xF81F, 0xF81F, 0xF81F, 0xF81F, 0xF81F, 0xF81F, 0xF81F, 0xF81F, 0xF81F, 0xF81F,
  0xF81F, 0xF81F, 0xF81F, 0xF81F, 0xF81F, 0xF81F, 0xF81F, 0xF81F, 0xF81F, 0x38A2, 0x3103, 0x3903, 0x3123, 0x40E2, 0x48A1, 0x3060,
  0x20A1, 0x3881, 0xB820, 0xB860, 0x7800, 0xA1E3, 0xFF11, 0xD54D, 0xDD8E, 0xEE32, 0xC489, 0xC468, 0xBC07, 0x8263, 0xCC65, 0xB363,
  0x9AC2, 0x8221, 0x69A0, 0xA2C2, 0x71E0, 0x69E1, 0x71E0, 0x4920, 0x6180, 0x9261, 0xD464, 0xFF51, 0xE62F, 0xF81F, 0x2020, 0x18A2,
  0x3861, 0x7820, 0x6800, 0x71C3, 0x9326, 0x7202, 0x8220, 0x79E0, 0x8220, 0x8A40, 0xBB81, 0xED67, 0xD484, 0x8A21, 0xF81F, 0xF81F,
  0xF81F, 0xF81F, 0xF81F, 0xF81F, 0xF81F, 0xF81F, 0xF81F, 0xF81F, 0xF81F, 0xF81F, 0xF81F, 0xF81F, 0xF81F, 0xF81F, 0xF81F, 0xF81F,
  0xF81F, 0xF81F, 0xF81F, 0xF81F, 0xF81F, 0xF81F, 0xF81F, 0xF81F, 0xF81F, 0xF81F, 0xF81F, 0xF81F, 0xF81F, 0xF81F, 0xF81F, 0xF81F,
  0xF81F, 0xF81F, 0xF81F, 0xF81F, 0xF81F, 0xF81F, 0xF81F, 0xF81F, 0xF81F, 0xF81F, 0xF81F, 0xF81F, 0xF81F, 0xF81F, 0xF81F, 0xF81F,
  0xF81F, 0xF81F, 0xF81F, 0xF81F, 0xF81F, 0xF81F, 0xF81F, 0xF81F, 0xF81F, 0xF81F, 0x4062, 0x4082, 0x4062, 0x28A2, 0x18C2, 0x28E3,
  0x3123, 0x8040, 0x7020, 0x3040, 0x8800, 0xCA64, 0xAA84, 0xCC8B, 0xF6D4, 0xDD6D, 0xD52C, 0xCD0C, 0xBC07, 0xA324, 0x8A82, 0x8242,
  0xC3E4, 0x9281, 0x6180, 0x79E1, 0x8A61, 0x5960, 0x69C0, 0x71E1, 0x6180, 0x71C0, 0x9AA0, 0xB341, 0xFE8C, 0xFF93, 0x9BE9, 0x28C0,
  0x4000, 0x5800, 0x5861, 0x7264, 0x51A2, 0x4920, 0x6180, 0x7202, 0x9B67, 0xC4EC, 0xE611, 0xF6D4, 0xEF18, 0xEEF9, 0xE656, 0xBC6F,
  0xF81F, 0xF81F, 0xF81F, 0xF81F, 0xF81F, 0xF81F, 0xF81F, 0xF81F, 0xF81F, 0xF81F, 0xF81F, 0xF81F, 0xF81F, 0xF81F, 0xF81F, 0xF81F,
  0xF81F, 0xF81F, 0xF81F, 0xF81F, 0xF81F, 0xF81F, 0xF81F, 0xF81F, 0xF81F, 0xF81F, 0xF81F, 0xF81F, 0xF81F, 0xF81F, 0xF81F, 0xF81F,
  0xF81F, 0xF81F, 0xF81F, 0xF81F, 0xF81F, 0xF81F, 0xF81F, 0xF81F, 0xF81F, 0xF81F, 0xF81F, 0xF81F, 0xF81F, 0xF81F, 0xF81F, 0xF81F,
  0xF81F, 0xF81F, 0xF81F, 0xF81F, 0xF81F, 0xF81F, 0xF81F, 0xF81F, 0xF81F, 0xF81F, 0xF81F, 0xF81F, 0x4842, 0x2903, 0x3103, 0x3144,
  0x30E2, 0x2881, 0x18C1, 0x6840, 0xC860, 0x8000, 0x9164, 0xFF55, 0xE5CF, 0xE5AE, 0xEE31, 0xCD0C, 0xC469, 0xB3E7, 0x7A43, 0xAB43,
  0xD424, 0x8A41, 0x7A01, 0x5960, 0x5140, 0x9AA2, 0x71E1, 0x6180, 0x79E0, 0x69C0, 0x5980, 0x71E0, 0xAB01, 0xDCE6, 0xFFD4, 0xEEB2,
  0x9326, 0x58E0, 0x40E0, 0x61C1, 0x7201, 0x8AE5, 0xCD4F, 0xEE94, 0xFF78, 0xFFFC, 0xFFFD, 0xFFDC, 0xFFBA, 0xFFBA, 0xFFDC, 0xFFFD,
  0xFFFA, 0xC44B, 0xF81F, 0xF81F, 0xF81F, 0xF81F, 0xF81F, 0xF81F, 0xF81F, 0xF81F, 0xF81F, 0xF81F, 0xF81F, 0xF81F, 0xF81F, 0xF81F,
  0xF81F, 0xF81F, 0xF81F, 0xF81F, 0xF81F, 0xF81F, 0xF81F, 0xF81F, 0xF81F, 0xF81F, 0xF81F, 0xF81F, 0xF81F, 0xF81F, 0xF81F, 0xF81F,
  0xF81F, 0xF81F, 0xF81F, 0xF81F, 0xF81F, 0xF81F, 0xF81F, 0xF81F, 0xF81F, 0xF81F, 0xF81F, 0xF81F, 0xF81F, 0xF81F, 0xF81F, 0xF81F,
  0xF81F, 0xF81F, 0xF81F, 0xF81F, 0xF81F, 0xF81F, 0xF81F, 0xF81F, 0xF81F, 0xF81F, 0xF81F, 0xF81F, 0x38A2, 0x30E3, 0x38C3, 0x30A2,
  0x20E2, 0x2903, 0x38A1, 0xB820, 0xA020, 0x7800, 0xC307, 0xCCCA, 0xE5AF, 0xF6B4, 0xE611, 0xD56D, 0xD50C, 0xBC49, 0xA365, 0xAB44,
  0x8262, 0x7A21, 0xAB22, 0x7A01, 0x5140, 0x7A01, 0x5960, 0xA2C1, 0x7A00, 0x5140, 0x5160, 0x6180, 0x69A0, 0x9A80, 0xAB62, 0xF62B,
  0xFF50, 0xF6EF, 0xDDED, 0xE589, 0xED26, 0xE5F0, 0xFF37, 0xFF58, 0xFF99, 0xFF78, 0xFF57, 0xFF15, 0xFF15, 0xEE30, 0x82A4, 0x6A44,
  0x8B8A, 0xDD4B, 0xBC26, 0xF81F, 0xF81F, 0xF81F, 0xF81F, 0xF81F, 0xF81F, 0xF81F, 0xF81F, 0xF81F, 0xF81F, 0xF81F, 0xF81F, 0xF81F,
  0xF81F, 0xF81F, 0xF81F, 0xF81F, 0xF81F, 0xF81F, 0xF81F, 0xF81F, 0xF81F, 0xF81F, 0xF81F, 0xF81F, 0xF81F, 0xF81F, 0xF81F, 0xF81F,
  0xF81F, 0xF81F, 0xF81F, 0xF81F, 0xF81F, 0xF81F, 0xF81F, 0xF81F, 0xF81F, 0xF81F, 0xF81F, 0xF81F, 0xF81F, 0xF81F, 0xF81F, 0xF81F,
  0xF81F, 0xF81F, 0xF81F, 0xF81F, 0xF81F, 0xF81F, 0xF81F, 0xF81F, 0xF81F, 0xF81F, 0xF81F, 0xF81F, 0xF81F, 0xF81F, 0xF81F, 0x38C2,
  0x3103, 0x2923, 0x7081, 0x9000, 0x5040, 0xA040, 0x9040, 0x8143, 0xF716, 0xF693, 0xE5D0, 0xE5F0, 0xDD8E, 0xC4AA, 0xBC28, 0xAB66,
  0x8283, 0xA323, 0xB363, 0x8241, 0x6180, 0x6180, 0x5960, 0x7A21, 0x7201, 0x9281, 0x5980, 0x61A0, 0x71E1, 0x61A0, 0x69A0, 0x92A1,
  0xAB42, 0xDD07, 0xFECE, 0xF60C, 0xD487, 0xDDF1, 0xF737, 0xF716, 0xFF99, 0xFF36, 0xF6B2, 0xF6D4, 0xFF58, 0xFFB9, 0xCD2D, 0x69C0,
  0x5141, 0xC424, 0xEE67, 0xE60C, 0xF81F, 0xF81F, 0xF81F, 0xF81F, 0xF81F, 0xF81F, 0xF81F, 0xF81F, 0xF81F, 0xF81F, 0xF81F, 0xF81F,
  0xF81F, 0xF81F, 0xF81F, 0xF81F, 0xF81F, 0xF81F, 0xF81F, 0xF81F, 0xF81F, 0xF81F, 0xF81F, 0xF81F, 0xF81F, 0xF81F, 0xF81F, 0xF81F,
  0xF81F, 0xF81F, 0xF81F, 0xF81F, 0xF81F, 0xF81F, 0xF81F, 0xF81F, 0xF81F, 0xF81F, 0xF81F, 0xF81F, 0xF81F, 0xF81F, 0xF81F, 0xF81F,
  0xF81F, 0xF81F, 0xF81F, 0xF81F, 0xF81F, 0xF81F, 0xF81F, 0xF81F, 0xF81F, 0xF81F, 0xF81F, 0xF81F, 0xF81F, 0xF81F, 0xF81F, 0x38E3,
  0x3903, 0x38C2, 0x6820, 0x48A1, 0x58A1, 0xA020, 0x7800, 0xAAE9, 0xFEF2, 0xDD4D, 0xE5F1, 0xEE93, 0xE5CF, 0xCD0C, 0xCD2C, 0xBC49,
  0x9B45, 0xA324, 0xA2E2, 0x69C1, 0x9281, 0x8A62, 0x71E1, 0x30A0, 0x4940, 0x69E1, 0x9281, 0x8A41, 0x69C0, 0x69C0, 0x4920, 0x4920,
  0x69A0, 0x79E0, 0xA2E1, 0xC3C3, 0xC3E5, 0xDDF1, 0xF737, 0xFF58, 0xFF58, 0xFF35, 0xF6D3, 0xEE30, 0xEE30, 0xEE72, 0xE610, 0xC487,
  0xCCA5, 0xE566, 0xED41, 0xFE44, 0xAB23, 0xF81F, 0xF81F, 0xF81F, 0xF81F, 0xF81F, 0xF81F, 0xF81F, 0xF81F, 0xF81F, 0xF81F, 0xF81F,
  0xF81F, 0xF81F, 0xF81F, 0xF81F, 0xF81F, 0xF81F, 0xF81F, 0xF81F, 0xF81F, 0xF81F, 0xF81F, 0xF81F, 0xF81F, 0xF81F, 0xF81F, 0xF81F,
  0xF81F, 0xF81F, 0xF81F, 0xF81F, 0xF81F, 0xF81F, 0xF81F, 0xF81F, 0xF81F, 0xF81F, 0xF81F, 0xF81F, 0xF81F, 0xF81F, 0xF81F, 0xF81F,
  0xF81F, 0xF81F, 0xF81F, 0xF81F, 0xF81F, 0xF81F, 0xF81F, 0xF81F, 0xF81F, 0xF81F, 0xF81F, 0xF81F, 0xF81F, 0xF81F, 0xF81F, 0xF81F,
  0xF81F, 0xF81F, 0x6082, 0x40C2, 0x6061, 0x8060, 0x8800, 0xB286, 0xD408, 0x91A3, 0xF6B4, 0xF693, 0xE5D0, 0xDD8E, 0xE5CF, 0xC4EB,
  0xB408, 0xA386, 0x7A63, 0x7201, 0xBB83, 0x9AE3, 0x7A01, 0x6180, 0x71C1, 0x7A01, 0x7A01, 0x5940, 0x69C1, 0x5960, 0x69A0, 0x5140,
  0x61A0, 0x61A0, 0x69A0, 0xCBE3, 0xD4C7, 0xDDB0, 0xF6F5, 0xFF15, 0xFF16, 0xF715, 0xEE72, 0xDD4D, 0xAC08, 0x9345, 0x8B05, 0x7A24,
  0x6121, 0x60C0, 0x7980, 0xAB00, 0x9A41, 0xF81F, 0xF81F, 0xF81F, 0xF81F, 0xF81F, 0xF81F, 0xF81F, 0xF81F, 0xF81F, 0xF81F, 0xF81F,
  0xF81F, 0xF81F, 0xF81F, 0xF81F, 0xF81F, 0xF81F, 0xF81F, 0xF81F, 0xF81F, 0xF81F, 0xF81F, 0xF81F, 0xF81F, 0xF81F, 0xF81F, 0xF81F,
  0xF81F, 0xF81F, 0xF81F, 0xF81F, 0xF81F, 0xF81F, 0xF81F, 0xF81F, 0xF81F, 0xF81F, 0xF81F, 0xF81F, 0xF81F, 0xF81F, 0xF81F, 0xF81F,
  0xF81F, 0xF81F, 0xF81F, 0xF81F, 0xF81F, 0xF81F, 0xF81F, 0xF81F, 0xF81F, 0xF81F, 0xF81F, 0xF81F, 0xF81F, 0xF81F, 0xF81F, 0xF81F,
  0xF81F, 0xF81F, 0x3103, 0x3102, 0x40A1, 0x7881, 0x9800, 0xB060, 0x8000, 0x98C2, 0xF6D5, 0xF693, 0xE5EF, 0xEE52, 0xEE11, 0xD56D,
  0xCCEC, 0xC48A, 0x9306, 0x8AC4, 0x9AE3, 0x7202, 0x4940, 0x8242, 0xB342, 0x71E1, 0x8A41, 0x7A01, 0x5120, 0x5140, 0x8A82, 0x69E1,
  0x69C0, 0x5960, 0x9AC1, 0xCC24, 0xDC84, 0xE5EF, 0xF715, 0xF672, 0xF6F5, 0xF6D5, 0xE5F0, 0xC48A, 0x9346, 0x7A84, 0xF81F, 0xF81F,
  0xF81F, 0xF81F, 0xF81F, 0xF81F, 0xF81F, 0xF81F, 0xF81F, 0xF81F, 0xF81F, 0xF81F, 0xF81F, 0xF81F, 0xF81F, 0xF81F, 0xF81F, 0xF81F,
  0xF81F, 0xF81F, 0xF81F, 0xF81F, 0xF81F, 0xF81F, 0xF81F, 0xF81F, 0xF81F, 0xF81F, 0xF81F, 0xF81F, 0xF81F, 0xF81F, 0xF81F, 0xF81F,
  0xF81F, 0xF81F, 0xF81F, 0xF81F, 0xF81F, 0xF81F, 0xF81F, 0xF81F, 0xF81F, 0xF81F, 0xF81F, 0xF81F, 0xF81F, 0xF81F, 0xF81F, 0xF81F,
  0xF81F, 0xF81F, 0xF81F, 0xF81F, 0xF81F, 0xF81F, 0xF81F, 0xF81F, 0xF81F, 0xF81F, 0xF81F, 0xF81F, 0xF81F, 0xF81F, 0xF81F, 0xF81F,
  0xF81F, 0xF81F, 0x40A2, 0x38A2, 0x40C2, 0x7821, 0x9000, 0xB040, 0xA000, 0x8881, 0xEEB5, 0xE5CF, 0xCC8B, 0xFED4, 0xEDF0, 0xDDAF,
  0xDD8E, 0xCCCB, 0x9B67, 0xA387, 0x8AE5, 0x6A23, 0x6A43, 0x7A42, 0x5140, 0x5980, 0x7201, 0x61A1, 0x9282, 0x38E0, 0x5980, 0x30A0,
  0x4100, 0x69C0, 0xAB42, 0xE506, 0xD4A6, 0xCCA8, 0xD54D, 0xF717, 0xEE93, 0xEE32, 0xCD2D, 0xAC29, 0x8B06, 0xF81F, 0xF81F, 0xF81F,
  0xF81F, 0xF81F, 0xF81F, 0xF81F, 0xF81F, 0xF81F, 0xF81F, 0xF81F, 0xF81F, 0xF81F, 0xF81F, 0xF81F, 0xF81F, 0xF81F, 0xF81F, 0xF81F,
  0xF81F, 0xF81F, 0xF81F, 0xF81F, 0xF81F, 0xF81F, 0xF81F, 0xF81F, 0xF81F, 0xF81F, 0xF81F, 0xF81F, 0xF81F, 0xF81F, 0xF81F, 0xF81F,
  0xF81F, 0xF81F, 0xF81F, 0xF81F, 0xF81F, 0xF81F, 0xF81F, 0xF81F, 0xF81F, 0xF81F, 0xF81F, 0xF81F, 0xF81F, 0xF81F, 0xF81F, 0xF81F,
  0xF81F, 0xF81F, 0xF81F, 0xF81F, 0xF81F, 0xF81F, 0xF81F, 0xF81F, 0xF81F, 0xF81F, 0xF81F, 0xF81F, 0xF81F, 0xF81F, 0xF81F, 0xF81F,
  0xF81F, 0xF81F, 0xF81F, 0xF81F, 0x40C2, 0x5082, 0x6860, 0x9040, 0xA000, 0x8000, 0xDCAA, 0xA223, 0x9A26, 0xFF35, 0xE5D0, 0xE610,
  0xEE11, 0xD52D, 0xBC49, 0xC4AA, 0xABE8, 0x9326, 0xA387, 0x6A03, 0x61C2, 0x4941, 0x2880, 0x30C0, 0x2880, 0x2060, 0x30A0, 0x61A1,
  0x71E1, 0x92C2, 0xC424, 0xAB22, 0xD4A5, 0xCC44, 0xDDD0, 0xEE52, 0xE631, 0xD58E, 0xBC8B, 0xABE8, 0x7A04, 0xF81F, 0xF81F, 0xF81F,
  0xF81F, 0xF81F, 0xF81F, 0xF81F, 0xF81F, 0xF81F, 0xF81F, 0xF81F, 0xF81F, 0xF81F, 0xF81F, 0xF81F, 0xF81F, 0xF81F, 0xF81F, 0xF81F,
  0xF81F, 0xF81F, 0xF81F, 0xF81F, 0xF81F, 0xF81F, 0xF81F, 0xF81F, 0xF81F, 0xF81F, 0xF81F, 0xF81F, 0xF81F, 0xF81F, 0xF81F, 0xF81F,
  0xF81F, 0xF81F, 0xF81F, 0xF81F, 0xF81F, 0xF81F, 0xF81F, 0xF81F, 0xF81F, 0xF81F, 0xF81F, 0xF81F, 0xF81F, 0xF81F, 0xF81F, 0xF81F,
  0xF81F, 0xF81F, 0xF81F, 0xF81F, 0xF81F, 0xF81F, 0xF81F, 0xF81F, 0xF81F, 0xF81F, 0xF81F, 0xF81F, 0xF81F, 0xF81F, 0xF81F, 0xF81F,
  0xF81F, 0xF81F, 0xF81F, 0xF81F, 0xF81F, 0x4082, 0x48C1, 0x9060, 0x8800, 0x8820, 0xA8A0, 0x8800, 0x8102, 0xF6D4, 0xE5CF, 0xEE31,
  0xEE52, 0xCD2D, 0xD54D, 0xDDAF, 0xBC8A, 0xBC6A, 0xA3C8, 0x7A84, 0x82C5, 0x69E2, 0x38E0, 0x2040, 0x30A0, 0x4920, 0x4940, 0x69C1,
  0x9281, 0x9AC2, 0xA2E2, 0xCC24, 0xBB83, 0xD486, 0xBBA4, 0xB46A, 0xE610, 0xCD2C, 0xB44A, 0x9B87, 0xF81F, 0xF81F, 0xF81F, 0xF81F,
  0xF81F, 0xF81F, 0xF81F, 0xF81F, 0xF81F, 0xF81F, 0xF81F, 0xF81F, 0xF81F, 0xF81F, 0xF81F, 0xF81F, 0xF81F, 0xF81F, 0xF81F, 0xF81F,
  0xF81F, 0xF81F, 0xF81F, 0xF81F, 0xF81F, 0xF81F, 0xF81F, 0xF81F, 0xF81F, 0xF81F, 0xF81F, 0xF81F, 0xF81F, 0xF81F, 0xF81F, 0xF81F,
  0xF81F, 0xF81F, 0xF81F, 0xF81F, 0xF81F, 0xF81F, 0xF81F, 0xF81F, 0xF81F, 0xF81F, 0xF81F, 0xF81F, 0xF81F, 0xF81F, 0xF81F, 0xF81F,
  0xF81F, 0xF81F, 0xF81F, 0xF81F, 0xF81F, 0xF81F, 0xF81F, 0xF81F, 0xF81F, 0xF81F, 0xF81F, 0xF81F, 0xF81F, 0xF81F, 0xF81F, 0xF81F,
  0xF81F, 0xF81F, 0xF81F, 0xF81F, 0xF81F, 0xF81F, 0x6841, 0x8860, 0x8000, 0x8840, 0xB840, 0xA820, 0x7000, 0xBBC9, 0xAB47, 0xDD70,
  0xF6B3, 0xD52C, 0xE631, 0xE5F0, 0xCD0C, 0xDD8F, 0xA3A7, 0xA387, 0x82A4, 0x4141, 0x2060, 0x30A0, 0x5140, 0x5140, 0x71E1, 0x8241,
  0x8241, 0xA303, 0x9AE2, 0x9AA2, 0xBB83, 0xB383, 0x9261, 0xABA6, 0xAC09, 0xC4AB, 0xA3C8, 0x79E4, 0xF81F, 0xF81F, 0xF81F, 0xF81F,
  0xF81F, 0xF81F, 0xF81F, 0xF81F, 0xF81F, 0xF81F, 0xF81F, 0xF81F, 0xF81F, 0xF81F, 0xF81F, 0xF81F, 0xF81F, 0xF81F, 0xF81F, 0xF81F,
  0xF81F, 0xF81F, 0xF81F, 0xF81F, 0xF81F, 0xF81F, 0xF81F, 0xF81F, 0xF81F, 0xF81F, 0xF81F, 0xF81F, 0xF81F, 0xF81F, 0xF81F, 0xF81F,
  0xF81F, 0xF81F, 0xF81F, 0xF81F, 0xF81F, 0xF81F, 0xF81F, 0xF81F, 0xF81F, 0xF81F, 0xF81F, 0xF81F, 0xF81F, 0xF81F, 0xF81F, 0xF81F,
  0xF81F, 0xF81F, 0xF81F, 0xF81F, 0xF81F, 0xF81F, 0xF81F, 0xF81F, 0xF81F, 0xF81F, 0xF81F, 0xF81F, 0xF81F, 0xF81F, 0xF81F, 0xF81F,
  0xF81F, 0xF81F, 0xF81F, 0xF81F, 0xF81F, 0xF81F, 0xF81F, 0xF81F, 0x7800, 0x9040, 0xA840, 0x9000, 0x7800, 0x7840, 0x7800, 0x9B8A,
  0xEE30, 0xC4AC, 0xFF15, 0xE610, 0xE5CE, 0xA40A, 0x61E3, 0x51C3, 0x28A0, 0x2060, 0x38E0, 0x4900, 0x6180, 0x69A0, 0x6180, 0x7A01,
  0x7201, 0x8A82, 0x8201, 0x9AC2, 0xA2E2, 0x6180, 0x8A81, 0x71E0, 0x8263, 0x8AE5, 0x69E2, 0xF81F, 0xF81F, 0xF81F, 0xF81F, 0xF81F,
  0xF81F, 0xF81F, 0xF81F, 0xF81F, 0xF81F, 0xF81F, 0xF81F, 0xF81F, 0xF81F, 0xF81F, 0xF81F, 0xF81F, 0xF81F, 0xF81F, 0xF81F, 0xF81F,
  0xF81F, 0xF81F, 0xF81F, 0xF81F, 0xF81F, 0xF81F, 0xF81F, 0xF81F, 0xF81F, 0xF81F, 0xF81F, 0xF81F, 0xF81F, 0xF81F, 0xF81F, 0xF81F,
  0xF81F, 0xF81F, 0xF81F, 0xF81F, 0xF81F, 0xF81F, 0xF81F, 0xF81F, 0xF81F, 0xF81F, 0xF81F, 0xF81F, 0xF81F, 0xF81F, 0xF81F, 0xF81F,
  0xF81F, 0xF81F, 0xF81F, 0xF81F, 0xF81F, 0xF81F, 0xF81F, 0xF81F, 0xF81F, 0xF81F, 0xF81F, 0xF81F, 0xF81F, 0xF81F, 0xF81F, 0xF81F,
  0xF81F, 0xF81F, 0xF81F, 0xF81F, 0xF81F, 0xF81F, 0xF81F, 0xF81F, 0xF81F, 0xF81F, 0x9800, 0x9020, 0x8840, 0x8081, 0x5861, 0x48C2,
  0x6102, 0x72C8, 0xFF76, 0xA42A, 0x72E7, 0x1881, 0x2080, 0x30A0, 0x4100, 0x4920, 0x5960, 0x79E1, 0x8A41, 0xA2E2, 0xAB22, 0x79E1,
  0x69C1, 0x8221, 0x6180, 0x8241, 0x5981, 0x69C1, 0x5940, 0x71C0, 0x69A0, 0x5920, 0xF81F, 0xF81F, 0xF81F, 0xF81F, 0xF81F, 0xF81F,
  0xF81F, 0xF81F, 0xF81F, 0xF81F, 0xF81F, 0xF81F, 0xF81F, 0xF81F, 0xF81F, 0xF81F, 0xF81F, 0xF81F, 0xF81F, 0xF81F, 0xF81F, 0xF81F,
  0xF81F, 0xF81F, 0xF81F, 0xF81F, 0xF81F, 0xF81F, 0xF81F, 0xF81F, 0xF81F, 0xF81F, 0xF81F, 0xF81F, 0xF81F, 0xF81F, 0xF81F, 0xF81F,
  0xF81F, 0xF81F, 0xF81F, 0xF81F, 0xF81F, 0xF81F, 0xF81F, 0xF81F, 0xF81F, 0xF81F, 0xF81F, 0xF81F, 0xF81F, 0xF81F, 0xF81F, 0xF81F,
  0xF81F, 0xF81F, 0xF81F, 0xF81F, 0xF81F, 0xF81F, 0xF81F, 0xF81F, 0xF81F, 0xF81F, 0xF81F, 0xF81F, 0xF81F, 0xF81F, 0xF81F, 0xF81F,
  0xF81F, 0xF81F, 0xF81F, 0xF81F, 0xF81F, 0xF81F, 0xF81F, 0xF81F, 0xF81F, 0xF81F, 0xF81F, 0xF81F, 0x7041, 0x68A1, 0x3903, 0x58C2,
  0x4081, 0x4163, 0x7B08, 0x1881, 0x1881, 0x4121, 0x5140, 0x69A0, 0x5960, 0x6180, 0x7A01, 0x9AA2, 0xC3C3, 0xECE5, 0xFE4A, 0xC445,
  0x5100, 0x4920, 0x5140, 0x5120, 0x6180, 0x5960, 0x5960, 0x5940, 0x5940, 0xF81F, 0xF81F, 0xF81F, 0xF81F, 0xF81F, 0xF81F, 0xF81F,
  0xF81F, 0xF81F, 0xF81F, 0xF81F, 0xF81F, 0xF81F, 0xF81F, 0xF81F, 0xF81F, 0xF81F, 0xF81F, 0xF81F, 0xF81F, 0xF81F, 0xF81F, 0xF81F,
  0xF81F, 0xF81F, 0xF81F, 0xF81F, 0xF81F, 0xF81F, 0xF81F, 0xF81F, 0xF81F, 0xF81F, 0xF81F, 0xF81F, 0xF81F, 0xF81F, 0xF81F, 0xF81F,
  0xF81F, 0xF81F, 0xF81F, 0xF81F, 0xF81F, 0xF81F, 0xF81F, 0xF81F, 0xF81F, 0xF81F, 0xF81F, 0xF81F, 0xF81F, 0xF81F, 0xF81F, 0xF81F,
  0xF81F, 0xF81F, 0xF81F, 0xF81F, 0xF81F, 0xF81F, 0xF81F, 0xF81F, 0xF81F, 0xF81F, 0xF81F, 0xF81F, 0xF81F, 0xF81F, 0xF81F, 0xF81F,
  0xF81F, 0xF81F, 0xF81F, 0xF81F, 0xF81F, 0xF81F, 0xF81F, 0xF81F, 0xF81F, 0xF81F, 0xF81F, 0xF81F, 0xF81F, 0xF81F, 0xF81F, 0xF81F,
  0xF81F, 0xF81F, 0x48A2, 0x8AA4, 0xAB42, 0x8240, 0x8A81, 0x8A61, 0x5980, 0x5981, 0x9281, 0xC3A3, 0xDC65, 0xF5E9, 0xFF0D, 0xDD26,
  0x38A0, 0x4900, 0x4920, 0x5140, 0x5940, 0x5120, 0x6180, 0x5940, 0xF81F, 0xF81F, 0xF81F, 0xF81F, 0xF81F, 0xF81F, 0xF81F, 0xF81F,
  0xF81F, 0xF81F, 0xF81F, 0xF81F, 0xF81F, 0xF81F, 0xF81F, 0xF81F, 0xF81F, 0xF81F, 0xF81F, 0xF81F, 0xF81F, 0xF81F, 0xF81F, 0xF81F,
  0xF81F, 0xF81F, 0xF81F, 0xF81F, 0xF81F, 0xF81F, 0xF81F, 0xF81F, 0xF81F, 0xF81F, 0xF81F, 0xF81F, 0xF81F, 0xF81F, 0xF81F, 0xF81F,
  0xF81F, 0xF81F, 0xF81F, 0xF81F, 0xF81F, 0xF81F, 0xF81F, 0xF81F, 0xF81F, 0xF81F, 0xF81F, 0xF81F, 0xF81F, 0xF81F, 0xF81F, 0xF81F,
  0xF81F, 0xF81F, 0xF81F, 0xF81F, 0xF81F, 0xF81F, 0xF81F, 0xF81F, 0xF81F, 0xF81F, 0xF81F, 0xF81F, 0xF81F, 0xF81F, 0xF81F, 0xF81F,
  0xF81F, 0xF81F, 0xF81F, 0xF81F, 0xF81F, 0xF81F, 0xF81F, 0xF81F, 0xF81F, 0xF81F, 0xF81F, 0xF81F, 0xF81F, 0xF81F, 0xF81F, 0xF81F,
  0xF81F, 0xA329, 0xC48A, 0x9B44, 0x3900, 0x7A21, 0xAB22, 0x9AC2, 0x61A0, 0x8221, 0x9AA2, 0xC3A3, 0xE506, 0xF5A8, 0xFE8B, 0xDCE6,
  0x2880, 0x30C0, 0x4900, 0x5120, 0x4920, 0x5140, 0x58E0, 0xF81F, 0xF81F, 0xF81F, 0xF81F, 0xF81F, 0xF81F, 0xF81F, 0xF81F, 0xF81F,
  0xF81F, 0xF81F, 0xF81F, 0xF81F, 0xF81F, 0xF81F, 0xF81F, 0xF81F, 0xF81F, 0xF81F, 0xF81F, 0xF81F, 0xF81F, 0xF81F, 0xF81F, 0xF81F,
  0xF81F, 0xF81F, 0xF81F, 0xF81F, 0xF81F, 0xF81F, 0xF81F, 0xF81F, 0xF81F, 0xF81F, 0xF81F, 0xF81F, 0xF81F, 0xF81F, 0xF81F, 0xF81F,
  0xF81F, 0xF81F, 0xF81F, 0xF81F, 0xF81F, 0xF81F, 0xF81F, 0xF81F, 0xF81F, 0xF81F, 0xF81F, 0xF81F, 0xF81F, 0xF81F, 0xF81F, 0xF81F,
  0xF81F, 0xF81F, 0xF81F, 0xF81F, 0xF81F, 0xF81F, 0xF81F, 0xF81F, 0xF81F, 0xF81F, 0xF81F, 0xF81F, 0xF81F, 0xF81F, 0xF81F, 0xF81F,
  0xF81F, 0xF81F, 0xF81F, 0xF81F, 0xF81F, 0xF81F, 0xF81F, 0xF81F, 0xF81F, 0xF81F, 0xF81F, 0xF81F, 0xF81F, 0x8A06, 0xA328, 0xB3E9,
  0xB449, 0xABA7, 0x7A43, 0x38C0, 0x61A1, 0x92A2, 0x7A01, 0x8A82, 0x69C0, 0x8221, 0xAB02, 0xAB23, 0xCC24, 0xF587, 0xFE09, 0xC425,
  0x2860, 0x30C0, 0x40E0, 0x4100, 0x4900, 0xF81F, 0xF81F, 0xF81F, 0xF81F, 0xF81F, 0xF81F, 0xF81F, 0xF81F, 0xF81F, 0xF81F, 0xF81F,
  0xF81F, 0xF81F, 0xF81F, 0xF81F, 0xF81F, 0xF81F, 0xF81F, 0xF81F, 0xF81F, 0xF81F, 0xF81F, 0xF81F, 0xF81F, 0xF81F, 0xF81F, 0xF81F,
  0xF81F, 0xF81F, 0xF81F, 0xF81F, 0xF81F, 0xF81F, 0xF81F, 0xF81F, 0xF81F, 0xF81F, 0xF81F, 0xF81F, 0xF81F, 0xF81F, 0xF81F, 0xF81F,
  0xF81F, 0xF81F, 0xF81F, 0xF81F, 0xF81F, 0xF81F, 0xF81F, 0xF81F, 0xF81F, 0xF81F, 0xF81F, 0xF81F, 0xF81F, 0xF81F, 0xF81F, 0xF81F,
  0xF81F, 0xF81F, 0xF81F, 0xF81F, 0xF81F, 0xF81F, 0xF81F, 0xF81F, 0xF81F, 0xF81F, 0xF81F, 0xF81F, 0xF81F, 0xF81F, 0xF81F, 0xF81F,
  0xF81F, 0xF81F, 0xF81F, 0xF81F, 0xF81F, 0xF81F, 0xF81F, 0xF81F, 0xF81F, 0x8A26, 0xB3EA, 0xCCED, 0xDD8E, 0xE5AE, 0xDD6D, 0xC48A,
  0xA366, 0x7A63, 0x4941, 0x61A1, 0x7A01, 0x7A01, 0x8A41, 0x4900, 0x4920, 0x8A82, 0x92A2, 0xBB83, 0xCC04, 0xE527, 0xED06, 0x9AE2,
  0x1020, 0x30C0, 0x30A0, 0x40E0, 0x58A0, 0xF81F, 0xF81F, 0xF81F, 0xF81F, 0xF81F, 0xF81F, 0xF81F, 0xF81F, 0xF81F, 0xF81F, 0xF81F,
  0xF81F, 0xF81F, 0xF81F, 0xF81F, 0xF81F, 0xF81F, 0xF81F, 0xF81F, 0xF81F, 0xF81F, 0xF81F, 0xF81F, 0xF81F, 0xF81F, 0xF81F, 0xF81F,
  0xF81F, 0xF81F, 0xF81F, 0xF81F, 0xF81F, 0xF81F, 0xF81F, 0xF81F, 0xF81F, 0xF81F, 0xF81F, 0xF81F, 0xF81F, 0xF81F, 0xF81F, 0xF81F,
  0xF81F, 0xF81F, 0xF81F, 0xF81F, 0xF81F, 0xF81F, 0xF81F, 0xF81F, 0xF81F, 0xF81F, 0xF81F, 0xF81F, 0xF81F, 0xF81F, 0xF81F, 0xF81F,
  0xF81F, 0xF81F, 0xF81F, 0xF81F, 0xF81F, 0xF81F, 0xF81F, 0xF81F, 0xF81F, 0xF81F, 0xF81F, 0xF81F, 0xF81F, 0xF81F, 0xF81F, 0xF81F,
  0xF81F, 0xF81F, 0xF81F, 0xF81F, 0xF81F, 0xF81F, 0xF81F, 0x9183, 0xBAE5, 0xCC8A, 0xE5EF, 0xEE53, 0xE611, 0xD52D, 0xBC8A, 0xABA7,
  0x9305, 0x5161, 0x6180, 0x61A0, 0x6180, 0x71C0, 0x6180, 0x28A0, 0x4940, 0x7201, 0xA2E2, 0xAB02, 0xD465, 0xC3C4, 0xCBC3, 0x8221,
  0x1020, 0x2060, 0x40C0, 0x8220, 0xF81F, 0xF81F, 0xF81F, 0xF81F, 0xF81F, 0xF81F, 0xF81F, 0xF81F, 0xF81F, 0xF81F, 0xF81F, 0xF81F,
  0xF81F, 0xF81F, 0xF81F, 0xF81F, 0xF81F, 0xF81F, 0xF81F, 0xF81F, 0xF81F, 0xF81F, 0xF81F, 0xF81F, 0xF81F, 0xF81F, 0xF81F, 0xF81F,
  0xF81F, 0xF81F, 0xF81F, 0xF81F, 0xF81F, 0xF81F, 0xF81F, 0xF81F, 0xF81F, 0xF81F, 0xF81F, 0xF81F, 0xF81F, 0xF81F, 0xF81F, 0xF81F,
  0xF81F, 0xF81F, 0xF81F, 0xF81F, 0xF81F, 0xF81F, 0xF81F, 0xF81F, 0xF81F, 0xF81F, 0xF81F, 0xF81F, 0xF81F, 0xF81F, 0xF81F, 0xF81F,
  0xF81F, 0xF81F, 0xF81F, 0xF81F, 0xF81F, 0xF81F, 0xF81F, 0xF81F, 0xF81F, 0xF81F, 0xF81F, 0xF81F, 0xF81F, 0xF81F, 0xF81F, 0xF81F,
  0xF81F, 0xF81F, 0xF81F, 0xF81F, 0xF81F, 0x90A1, 0xA880, 0x9820, 0xAA24, 0xD4CC, 0xDDD0, 0xD58F, 0xD54D, 0xD52C, 0xBC49, 0xA366,
  0x82A4, 0x71E1, 0x6180, 0x4920, 0x69C1, 0x5140, 0x4920, 0x4100, 0x4100, 0x9282, 0x8A41, 0x9AE3, 0xB384, 0xA2E2, 0xAB02, 0x7A20,
  0x1000, 0x4100, 0x71C0, 0x79E1, 0xF81F, 0xF81F, 0xF81F, 0xF81F, 0xF81F, 0xF81F, 0xF81F, 0xF81F, 0xF81F, 0xF81F, 0xF81F, 0xF81F,
  0xF81F, 0xF81F, 0xF81F, 0xF81F, 0xF81F, 0xF81F, 0xF81F, 0xF81F, 0xF81F, 0xF81F, 0xF81F, 0xF81F, 0xF81F, 0xF81F, 0xF81F, 0xF81F,
  0xF81F, 0xF81F, 0xF81F, 0xF81F, 0xF81F, 0xF81F, 0xF81F, 0xF81F, 0xF81F, 0xF81F, 0xF81F, 0xF81F, 0xF81F, 0xF81F, 0xF81F, 0xF81F,
  0xF81F, 0xF81F, 0xF81F, 0xF81F, 0xF81F, 0xF81F, 0xF81F, 0xF81F, 0xF81F, 0xF81F, 0xF81F, 0xF81F, 0xF81F, 0xF81F, 0xF81F, 0xF81F,
  0xF81F, 0xF81F, 0xF81F, 0xF81F, 0xF81F, 0xF81F, 0xF81F, 0xF81F, 0xF81F, 0xF81F, 0xF81F, 0xF81F, 0xF81F, 0xF81F, 0xF81F, 0xF81F,
  0xF81F, 0xF81F, 0xF81F, 0xF81F, 0x90C1, 0xA820, 0x9800, 0x9020, 0x9183, 0xCC8A, 0xEE31, 0xEE52, 0xDDAF, 0xC48A, 0xB429, 0xABE8,
  0x8284, 0x69C1, 0x69A1, 0x6180, 0x4100, 0x38E0, 0x38E0, 0x30C0, 0x5960, 0x8A61, 0x7A01, 0x9AE3, 0x8A41, 0x8A41, 0xCBE4, 0xDD27,
  0x4120, 0x2040, 0x6140, 0x9AA0, 0x89E2, 0xF81F, 0xF81F, 0xF81F, 0xF81F, 0xF81F, 0xF81F, 0xF81F, 0xF81F, 0xF81F, 0xF81F, 0xF81F,
  0xF81F, 0xF81F, 0xF81F, 0xF81F, 0xF81F, 0xF81F, 0xF81F, 0xF81F, 0xF81F, 0xF81F, 0xF81F, 0xF81F, 0xF81F, 0xF81F, 0xF81F, 0xF81F,
  0xF81F, 0xF81F, 0xF81F, 0xF81F, 0xF81F, 0xF81F, 0xF81F, 0xF81F, 0xF81F, 0xF81F, 0xF81F, 0xF81F, 0xF81F, 0xF81F, 0xF81F, 0xF81F,
  0xF81F, 0xF81F, 0xF81F, 0xF81F, 0xF81F, 0xF81F, 0xF81F, 0xF81F, 0xF81F, 0xF81F, 0xF81F, 0xF81F, 0xF81F, 0xF81F, 0xF81F, 0xF81F,
  0xF81F, 0xF81F, 0xF81F, 0xF81F, 0xF81F, 0xF81F, 0xF81F, 0xF81F, 0xF81F, 0xF81F, 0xF81F, 0xF81F, 0xF81F, 0xF81F, 0xF81F, 0xF81F,
  0xF81F, 0xF81F, 0xF81F, 0xF81F, 0xF81F, 0xF81F, 0x91A4, 0xBA64, 0xDC88, 0xE5AD, 0xDD8F, 0xD52D, 0xCD0C, 0xD56E, 0xCD0C, 0xA387,
  0x9B46, 0x7223, 0x69C1, 0x5960, 0x5960, 0x4940, 0x4940, 0x5161, 0x6181, 0x69A0, 0x8241, 0x71E1, 0x92A1, 0x9261, 0xD424, 0xED05,
  0xFE6A, 0xC508, 0x9BC5, 0xA3A3, 0xEDA6, 0xEDC7, 0xDD88, 0xF81F, 0xF81F, 0xF81F, 0xF81F, 0xF81F, 0xF81F, 0xF81F, 0xF81F, 0xF81F,
  0xF81F, 0xF81F, 0xF81F, 0xF81F, 0xF81F, 0xF81F, 0xF81F, 0xF81F, 0xF81F, 0xF81F, 0xF81F, 0xF81F, 0xF81F, 0xF81F, 0xF81F, 0xF81F,
  0xF81F, 0xF81F, 0xF81F, 0xF81F, 0xF81F, 0xF81F, 0xF81F, 0xF81F, 0xF81F, 0xF81F, 0xF81F, 0xF81F, 0xF81F, 0xF81F, 0xF81F, 0xF81F,
  0xF81F, 0xF81F, 0xF81F, 0xF81F, 0xF81F, 0xF81F, 0xF81F, 0xF81F, 0xF81F, 0xF81F, 0xF81F, 0xF81F, 0xF81F, 0xF81F, 0xF81F, 0xF81F,
  0xF81F, 0xF81F, 0xF81F, 0xF81F, 0xF81F, 0xF81F, 0xF81F, 0xF81F, 0xF81F, 0xF81F, 0xF81F, 0xF81F, 0xF81F, 0xF81F, 0xF81F, 0xF81F,
  0xF81F, 0xF81F, 0xF81F, 0xF81F, 0xF81F, 0xB264, 0xB982, 0x9020, 0x7840, 0x88E2, 0xBBE9, 0xDDCF, 0xF694, 0xDD8F, 0xBC69, 0xC4CB,
  0xABC8, 0x82A4, 0x7A83, 0x61C2, 0x61C2, 0x69E2, 0x7264, 0x82A4, 0x6942, 0x79A1, 0x71E1, 0x7A01, 0xB343, 0x92A2, 0x92A1, 0x6980,
  0x8A81, 0xB3C3, 0xFE47, 0xFF0B, 0x92E2, 0x71A0, 0xC443, 0xFE48, 0xF81F, 0xF81F, 0xF81F, 0xF81F, 0xF81F, 0xF81F, 0xF81F, 0xF81F,
  0xF81F, 0xF81F, 0xF81F, 0xF81F, 0xF81F, 0xF81F, 0xF81F, 0xF81F, 0xF81F, 0xF81F, 0xF81F, 0xF81F, 0xF81F, 0xF81F, 0xF81F, 0xF81F,
  0xF81F, 0xF81F, 0xF81F, 0xF81F, 0xF81F, 0xF81F, 0xF81F, 0xF81F, 0xF81F, 0xF81F, 0xF81F, 0xF81F, 0xF81F, 0xF81F, 0xF81F, 0xF81F,
  0xF81F, 0xF81F, 0xF81F, 0xF81F, 0xF81F, 0xF81F, 0xF81F, 0xF81F, 0xF81F, 0xF81F, 0xF81F, 0xF81F, 0xF81F, 0xF81F, 0xF81F, 0xF81F,
  0xF81F, 0xF81F, 0xF81F, 0xF81F, 0xF81F, 0xF81F, 0xF81F, 0xF81F, 0xF81F, 0xF81F, 0xF81F, 0xF81F, 0xF81F, 0xF81F, 0xF81F, 0xF81F,
  0xF81F, 0xF81F, 0xF81F, 0xF81F, 0xAA02, 0xB840, 0xA800, 0x9000, 0x8040, 0xC387, 0xFED3, 0xF6D4, 0xD54D, 0xC48A, 0xDDCF, 0xCD2D,
  0xBC49, 0xBC6A, 0xA386, 0xABC7, 0x9346, 0xA386, 0xABE8, 0x9B67, 0xF81F, 0xF81F, 0x6141, 0x79E0, 0x9281, 0x6180, 0x48C0, 0x4041,
  0xF81F, 0xAB01, 0x9A80, 0xEDA6, 0xCC85, 0x4900, 0x6180, 0xCC43, 0xC424, 0xF81F, 0xF81F, 0xF81F, 0xF81F, 0xF81F, 0xF81F, 0xF81F,
  0xF81F, 0xF81F, 0xF81F, 0xF81F, 0xF81F, 0xF81F, 0xF81F, 0xF81F, 0xF81F, 0xF81F, 0xF81F, 0xF81F, 0xF81F, 0xF81F, 0xF81F, 0xF81F,
  0xF81F, 0xF81F, 0xF81F, 0xF81F, 0xF81F, 0xF81F, 0xF81F, 0xF81F, 0xF81F, 0xF81F, 0xF81F, 0xF81F, 0xF81F, 0xF81F, 0xF81F, 0xF81F,
  0xF81F, 0xF81F, 0xF81F, 0xF81F, 0xF81F, 0xF81F, 0xF81F, 0xF81F, 0xF81F, 0xF81F, 0xF81F, 0xF81F, 0xF81F, 0xF81F, 0xF81F, 0xF81F,
  0xF81F, 0xF81F, 0xF81F, 0xF81F, 0xF81F, 0xF81F, 0xF81F, 0xF81F, 0xF81F, 0xF81F, 0xF81F, 0xF81F, 0xF81F, 0xF81F, 0xF81F, 0xF81F,
  0xF81F, 0xF81F, 0xF81F, 0xF81F, 0x7840, 0x8000, 0x8000, 0x9983, 0xC203, 0xBBA5, 0xBC29, 0xA2E7, 0xC46A, 0xEE72, 0xDDD0, 0xCCCB,
  0xDDCF, 0xC4AA, 0xC4AA, 0xCCEC, 0xB429, 0xCD0D, 0xC4CC, 0xA368, 0xF81F, 0xF81F, 0xF81F, 0x60C1, 0x6980, 0xF81F, 0xF81F, 0xF81F,
  0x8242, 0xC3E1, 0x5041, 0xA2E1, 0xFE46, 0x89E1, 0xF81F, 0x4122, 0x9B02, 0x8181, 0xF81F, 0xF81F, 0xF81F, 0xF81F, 0xF81F, 0xF81F,
  0xF81F, 0xF81F, 0xF81F, 0xF81F, 0xF81F, 0xF81F, 0xF81F, 0xF81F, 0xF81F, 0xF81F, 0xF81F, 0xF81F, 0xF81F, 0xF81F, 0xF81F, 0xF81F,
  0xF81F, 0xF81F, 0xF81F, 0xF81F, 0xF81F, 0xF81F, 0xF81F, 0xF81F, 0xF81F, 0xF81F, 0xF81F, 0xF81F, 0xF81F, 0xF81F, 0xF81F, 0xF81F,
  0xF81F, 0xF81F, 0xF81F, 0xF81F, 0xF81F, 0xF81F, 0xF81F, 0xF81F, 0xF81F, 0xF81F, 0xF81F, 0xF81F, 0xF81F, 0xF81F, 0xF81F, 0xF81F,
  0xF81F, 0xF81F, 0xF81F, 0xF81F, 0xF81F, 0xF81F, 0xF81F, 0xF81F, 0xF81F, 0xF81F, 0xF81F, 0xF81F, 0xF81F, 0xF81F, 0xF81F, 0xF81F,
  0xF81F, 0xF81F, 0xF81F, 0xF81F, 0xF81F, 0xF81F, 0x89E4, 0xC203, 0xA800, 0x8800, 0x7800, 0xB2C6, 0xFEF2, 0xDDAF, 0xC48A, 0xEE52,
  0xE5CF, 0xCCCB, 0xE631, 0xD54D, 0xD54D, 0xDDF0, 0xC428, 0x81A3, 0xF81F, 0xF81F, 0xF81F, 0xF81F, 0xF81F, 0xF81F, 0xF81F, 0xF81F,
  0x3081, 0xF81F, 0xF81F, 0x89E1, 0xC3E2, 0x8180, 0xF81F, 0x28A1, 0x30E1, 0xF81F, 0xF81F, 0xF81F, 0xF81F, 0xF81F, 0xF81F, 0xF81F,
  0xF81F, 0xF81F, 0xF81F, 0xF81F, 0xF81F, 0xF81F, 0xF81F, 0xF81F, 0xF81F, 0xF81F, 0xF81F, 0xF81F, 0xF81F, 0xF81F, 0xF81F, 0xF81F,
  0xF81F, 0xF81F, 0xF81F, 0xF81F, 0xF81F, 0xF81F, 0xF81F, 0xF81F, 0xF81F, 0xF81F, 0xF81F, 0xF81F, 0xF81F, 0xF81F, 0xF81F, 0xF81F,
  0xF81F, 0xF81F, 0xF81F, 0xF81F, 0xF81F, 0xF81F, 0xF81F, 0xF81F, 0xF81F, 0xF81F, 0xF81F, 0xF81F, 0xF81F, 0xF81F, 0xF81F, 0xF81F,
  0xF81F, 0xF81F, 0xF81F, 0xF81F, 0xF81F, 0xF81F, 0xF81F, 0xF81F, 0xF81F, 0xF81F, 0xF81F, 0xF81F, 0xF81F, 0xF81F, 0xF81F, 0xF81F,
  0xF81F, 0xF81F, 0xF81F, 0xF81F, 0xF81F, 0x8162, 0xC1A1, 0xA000, 0xA820, 0x9000, 0x9962, 0xCBA6, 0xB367, 0x9163, 0xE58D, 0xE5EF,
  0xAAE5, 0xE5AF, 0xEE92, 0xAAC6, 0xD4EC, 0xC3C9, 0x88A1, 0xF81F, 0xF81F, 0xF81F, 0xF81F, 0xF81F, 0xF81F, 0xF81F, 0xF81F, 0xF81F,
  0xF81F, 0xF81F, 0xF81F, 0xF81F, 0x3102, 0xF81F, 0xF81F, 0x3061, 0x2861, 0xF81F, 0xF81F, 0xF81F, 0xF81F, 0xF81F, 0xF81F, 0xF81F,
  0xF81F, 0xF81F, 0xF81F, 0xF81F, 0xF81F, 0xF81F, 0xF81F, 0xF81F, 0xF81F, 0xF81F, 0xF81F, 0xF81F, 0xF81F, 0xF81F, 0xF81F, 0xF81F,
  0xF81F, 0xF81F, 0xF81F, 0xF81F, 0xF81F, 0xF81F, 0xF81F, 0xF81F, 0xF81F, 0xF81F, 0xF81F, 0xF81F, 0xF81F, 0xF81F, 0xF81F, 0xF81F,
  0xF81F, 0xF81F, 0xF81F, 0xF81F, 0xF81F, 0xF81F, 0xF81F, 0xF81F, 0xF81F, 0xF81F, 0xF81F, 0xF81F, 0xF81F, 0xF81F, 0xF81F, 0xF81F,
  0xF81F, 0xF81F, 0xF81F, 0xF81F, 0xF81F, 0xF81F, 0xF81F, 0xF81F, 0xF81F, 0xF81F, 0xF81F, 0xF81F, 0xF81F, 0xF81F, 0xF81F, 0xF81F,
  0xF81F, 0xF81F, 0xF81F, 0xF81F, 0xF81F, 0xF81F, 0x7820, 0x8000, 0xF81F, 0x89A4, 0xCA64, 0x9800, 0x8800, 0x9860, 0xCBE6, 0x9141,
  0x7861, 0xDD2B, 0xA285, 0x7000, 0xA962, 0xA020, 0xF81F, 0xF81F, 0xF81F, 0xF81F, 0xF81F, 0xF81F, 0xF81F, 0xF81F, 0xF81F, 0xF81F,
  0xF81F, 0xF81F, 0xF81F, 0x3041, 0x3821, 0xF81F, 0xF81F, 0xF81F, 0xF81F, 0xF81F, 0xF81F, 0xF81F, 0xF81F, 0xF81F, 0xF81F, 0xF81F,
  0xF81F, 0xF81F, 0xF81F, 0xF81F, 0xF81F, 0xF81F, 0xF81F, 0xF81F, 0xF81F, 0xF81F, 0xF81F, 0xF81F, 0xF81F, 0xF81F, 0xF81F, 0xF81F,
  0xF81F, 0xF81F, 0xF81F, 0xF81F, 0xF81F, 0xF81F, 0xF81F, 0xF81F, 0xF81F, 0xF81F, 0xF81F, 0xF81F, 0xF81F, 0xF81F, 0xF81F, 0xF81F,
  0xF81F, 0xF81F, 0xF81F, 0xF81F, 0xF81F, 0xF81F, 0xF81F, 0xF81F, 0xF81F, 0xF81F, 0xF81F, 0xF81F, 0xF81F, 0xF81F, 0xF81F, 0xF81F,
  0xF81F, 0xF81F, 0xF81F, 0xF81F, 0xF81F, 0xF81F, 0xF81F, 0xF81F, 0xF81F, 0xF81F, 0xF81F, 0xF81F, 0xF81F, 0xF81F, 0xF81F, 0xF81F,
  0xF81F, 0xF81F, 0xF81F, 0xF81F, 0xF81F, 0xF81F, 0xF81F, 0xF81F, 0xF81F, 0xB202, 0xA820, 0xA800, 0xA061, 0xB1C1, 0xA020, 0x9800,
  0x9901, 0x98C0, 0x9800, 0x8861, 0xA060, 0xF81F, 0xF81F, 0xF81F, 0xF81F, 0xF81F, 0xF81F, 0xF81F, 0xF81F, 0xF81F, 0xF81F, 0xF81F,
  0xF81F, 0xF81F, 0xF81F, 0xF81F, 0xF81F, 0xF81F, 0xF81F, 0xF81F, 0xF81F, 0xF81F, 0xF81F, 0xF81F, 0xF81F, 0xF81F, 0xF81F, 0xF81F,
  0xF81F, 0xF81F, 0xF81F, 0xF81F, 0xF81F, 0xF81F, 0xF81F, 0xF81F, 0xF81F, 0xF81F, 0xF81F, 0xF81F, 0xF81F, 0xF81F, 0xF81F, 0xF81F,
  0xF81F, 0xF81F, 0xF81F, 0xF81F, 0xF81F, 0xF81F, 0xF81F, 0xF81F, 0xF81F, 0xF81F, 0xF81F, 0xF81F, 0xF81F, 0xF81F, 0xF81F, 0xF81F,
  0xF81F, 0xF81F, 0xF81F, 0xF81F, 0xF81F, 0xF81F, 0xF81F, 0xF81F, 0xF81F, 0xF81F, 0xF81F, 0xF81F, 0xF81F, 0xF81F, 0xF81F, 0xF81F,
  0xF81F, 0xF81F, 0xF81F, 0xF81F, 0xF81F, 0xF81F, 0xF81F, 0xF81F, 0xF81F, 0xF81F, 0xF81F, 0xF81F, 0xF81F, 0xF81F, 0xF81F, 0xF81F,
  0xF81F, 0xF81F, 0xF81F, 0xF81F, 0xF81F, 0xF81F, 0xF81F, 0xF81F, 0xF81F, 0x8080, 0x8800, 0xF81F, 0x7902, 0xC121, 0xB000, 0x8821,
  0x9961, 0xB020, 0x8801, 0xF81F, 0xF81F, 0xF81F, 0xF81F, 0xF81F, 0xF81F, 0xF81F, 0xF81F, 0xF81F, 0xF81F, 0xF81F, 0xF81F, 0xF81F,
  0xF81F, 0xF81F, 0xF81F, 0xF81F, 0xF81F, 0xF81F, 0xF81F, 0xF81F, 0xF81F, 0xF81F, 0xF81F, 0xF81F, 0xF81F, 0xF81F, 0xF81F, 0xF81F,
  0xF81F, 0xF81F, 0xF81F, 0xF81F, 0xF81F, 0xF81F, 0xF81F, 0xF81F, 0xF81F, 0xF81F, 0xF81F, 0xF81F, 0xF81F, 0xF81F, 0xF81F, 0xF81F,
  0xF81F, 0xF81F, 0xF81F, 0xF81F, 0xF81F, 0xF81F, 0xF81F, 0xF81F, 0xF81F, 0xF81F, 0xF81F, 0xF81F, 0xF81F, 0xF81F, 0xF81F, 0xF81F,
  0xF81F, 0xF81F, 0xF81F, 0xF81F, 0xF81F, 0xF81F, 0xF81F, 0xF81F, 0xF81F, 0xF81F, 0xF81F, 0xF81F, 0xF81F, 0xF81F, 0xF81F, 0xF81F,
  0xF81F, 0xF81F, 0xF81F, 0xF81F, 0xF81F, 0xF81F, 0xF81F, 0xF81F, 0xF81F, 0xF81F, 0xF81F, 0xF81F, 0xF81F, 0xF81F, 0xF81F, 0xF81F,
  0xF81F, 0xF81F, 0xF81F, 0xF81F, 0xF81F, 0xF81F, 0xF81F, 0xF81F, 0xF81F, 0xF81F, 0xF81F, 0xF81F, 0xF81F, 0x8860, 0xF81F, 0xF81F,
  0xF81F, 0xF81F, 0xF81F, 0xF81F, 0xF81F, 0xF81F, 0xF81F, 0xF81F, 0xF81F, 0xF81F, 0xF81F, 0xF81F, 0xF81F, 0xF81F, 0xF81F, 0xF81F,
  0xF81F, 0xF81F, 0xF81F, 0xF81F, 0xF81F, 0xF81F, 0xF81F, 0xF81F, 0xF81F, 0xF81F, 0xF81F, 0xF81F, 0xF81F, 0xF81F, 0xF81F, 0xF81F,
  0xF81F, 0xF81F, 0xF81F, 0xF81F, 0xF81F, 0xF81F, 0xF81F, 0xF81F, 0xF81F, 0xF81F, 0xF81F, 0xF81F, 0xF81F, 0xF81F, 0xF81F, 0xF81F,
  0xF81F, 0xF81F, 0xF81F, 0xF81F, 0xF81F, 0xF81F, 0xF81F, 0xF81F, 0xF81F, 0xF81F, 0xF81F, 0xF81F, 0xF81F, 0xF81F, 0xF81F, 0xF81F,
  0xF81F, 0xF81F, 0xF81F, 0xF81F, 0xF81F, 0xF81F, 0xF81F, 0xF81F, 0xF81F, 0xF81F, 0xF81F, 0xF81F, 0xF81F, 0xF81F, 0xF81F, 0xF81F,
  0xF81F, 0xF81F, 0xF81F, 0xF81F, 0xF81F, 0xF81F, 0xF81F, 0xF81F, 0xF81F, 0xF81F, 0xF81F, 0xF81F, 0xF81F, 0xF81F, 0xF81F, 0xF81F,
  0xF81F, 0xF81F, 0xF81F, 0xF81F, 0xF81F, 0xF81F, 0xF81F, 0xF81F, 0xF81F, 0xF81F, 0xF81F, 0xF81F, 0xF81F, 0xF81F, 0xF81F, 0xF81F,
  0xF81F, 0xF81F, 0xF81F, 0xF81F, 0xF81F, 0xF81F, 0xF81F, 0xF81F, 0xF81F, 0xF81F, 0xF81F, 0xF81F, 0xF81F, 0xF81F, 0xF81F, 0xF81F,
  0xF81F, 0xF81F, 0xF81F, 0xF81F, 0xF81F, 0xF81F, 0xF81F, 0xF81F, 0xF81F, 0xF81F, 0xF81F, 0xF81F, 0xF81F, 0xF81F, 0xF81F, 0xF81F,
  0xF81F, 0xF81F, 0xF81F, 0xF81F, 0xF81F, 0xF81F, 0xF81F, 0xF81F, 0xF81F, 0xF81F, 0xF81F, 0xF81F, 0xF81F, 0xF81F, 0xF81F, 0xF81F,
  0xF81F, 0xF81F, 0xF81F, 0xF81F, 0xF81F, 0xF81F, 0xF81F, 0xF81F, 0xF81F, 0xF81F, 0xF81F, 0xF81F, 0xF81F, 0xF81F, 0xF81F, 0xF81F,
  0xF81F, 0xF81F, 0xF81F, 0xF81F, 0xF81F, 0xF81F, 0xF81F, 0xF81F, 0xF81F, 0xF81F, 0xF81F, 0xF81F, 0xF81F, 0xF81F, 0xF81F, 0xF81F,
  0xF81F, 0xF81F, 0xF81F, 0xF81F, 0xF81F, 0xF81F, 0xF81F, 0xF81F, 0xF81F, 0xF81F, 0xF81F, 0xF81F, 0xF81F, 0xF81F, 0xF81F, 0xF81F,
  0xF81F, 0xF81F, 0xF81F, 0xF81F, 0xF81F, 0xF81F, 0xF81F, 0xF81F, 0xF81F, 0xF81F, 0xF81F, 0xF81F, 0xF81F, 0xF81F, 0xF81F, 0xF81F,
  0xF81F, 0xF81F, 0xF81F, 0xF81F, 0xF81F, 0xF81F, 0xF81F, 0xF81F, 0xF81F, 0xF81F, 0xF81F, 0xF81F, 0xF81F, 0xF81F, 0xF81F, 0xF81F,
  0xF81F, 0xF81F, 0xF81F, 0xF81F, 0xF81F, 0xF81F, 0xF81F, 0xF81F, 0xF81F, 0xF81F, 0xF81F, 0xF81F, 0xF81F, 0xF81F, 0xF81F, 0xF81F,
  0xF81F, 0xF81F, 0xF81F, 0xF81F, 0xF81F, 0xF81F, 0xF81F, 0xF81F, 0xF81F, 0xF81F, 0xF81F, 0xF81F, 0xF81F, 0xF81F, 0xF81F, 0xF81F,
  0xF81F, 0xF81F, 0xF81F, 0xF81F, 0xF81F, 0xF81F, 0xF81F, 0xF81F, 0xF81F, 0xF81F, 0xF81F, 0xF81F, 0xF81F, 0xF81F, 0xF81F, 0xF81F,
  0xF81F, 0xF81F, 0xF81F, 0xF81F, 0xF81F, 0xF81F, 0xF81F, 0xF81F, 0xF81F, 0xF81F, 0xF81F, 0xF81F, 0xF81F, 0xF81F, 0xF81F, 0xF81F,
  0xF81F, 0xF81F, 0xF81F, 0xF81F, 0xF81F, 0xF81F, 0xF81F, 0xF81F, 0xF81F, 0xF81F, 0xF81F, 0xF81F, 0xF81F, 0xF81F, 0xF81F, 0xF81F,
  0xF81F, 0xF81F, 0xF81F, 0xF81F, 0xF81F, 0xF81F, 0xF81F, 0xF81F, 0xF81F, 0xF81F, 0xF81F, 0xF81F, 0xF81F, 0xF81F, 0xF81F, 0xF81F,
  0xF81F, 0xF81F, 0xF81F, 0xF81F, 0xF81F, 0xF81F, 0xF81F, 0xF81F, 0xF81F, 0xF81F, 0xF81F, 0xF81F, 0xF81F, 0xF81F, 0xF81F, 0xF81F,
  0xF81F, 0xF81F, 0xF81F, 0xF81F, 0xF81F, 0xF81F, 0xF81F, 0xF81F, 0xF81F, 0xF81F, 0xF81F, 0xF81F, 0xF81F, 0xF81F, 0xF81F, 0xF81F,
  0xF81F, 0xF81F, 0xF81F, 0xF81F, 0xF81F, 0xF81F, 0xF81F, 0xF81F, 0xF81F, 0xF81F, 0xF81F, 0xF81F, 0xF81F, 0xF81F, 0xF81F, 0xF81F,
  0xF81F, 0xF81F, 0xF81F, 0xF81F, 0xF81F, 0xF81F, 0xF81F, 0xF81F, 0xF81F, 0xF81F, 0xF81F, 0xF81F, 0xF81F, 0xF81F, 0xF81F, 0xF81F,
  0xF81F, 0xF81F, 0xF81F, 0xF81F, 0xF81F, 0xF81F, 0xF81F, 0xF81F, 0xF81F, 0xF81F, 0xF81F, 0xF81F, 0xF81F, 0xF81F, 0xF81F, 0xF81F,
  0xF81F, 0xF81F, 0xF81F, 0xF81F, 0xF81F, 0xF81F, 0xF81F, 0xF81F, 0xF81F, 0xF81F, 0xF81F, 0xF81F, 0xF81F, 0xF81F, 0xF81F, 0xF81F,
  0xF81F, 0xF81F, 0xF81F, 0xF81F, 0xF81F, 0xF81F, 0xF81F, 0xF81F, 0xF81F, 0xF81F, 0xF81F, 0xF81F, 0xF81F, 0xF81F, 0xF81F, 0xF81F,
  0xF81F, 0xF81F, 0xF81F, 0xF81F, 0xF81F, 0xF81F, 0xF81F, 0xF81F, 0xF81F, 0xF81F, 0xF81F, 0xF81F, 0xF81F, 0xF81F, 0xF81F, 0xF81F,
  0xF81F, 0xF81F, 0xF81F, 0xF81F, 0xF81F, 0xF81F, 0xF81F, 0xF81F, 0xF81F, 0xF81F, 0xF81F, 0xF81F, 0xF81F, 0xF81F, 0xF81F, 0xF81F,
  0xF81F, 0xF81F, 0xF81F, 0xF81F, 0xF81F, 0xF81F, 0xF81F, 0xF81F, 0xF81F, 0xF81F, 0xF81F, 0xF81F, 0xF81F, 0xF81F, 0xF81F, 0xF81F,
  0xF81F, 0xF81F, 0xF81F, 0xF81F, 0xF81F, 0xF81F, 0xF81F, 0xF81F, 0xF81F, 0xF81F, 0xF81F, 0xF81F, 0xF81F, 0xF81F, 0xF81F, 0xF81F,
  0xF81F, 0xF81F, 0xF81F, 0xF81F, 0xF81F, 0xF81F, 0xF81F, 0xF81F, 0xF81F, 0xF81F, 0xF81F, 0xF81F, 0xF81F, 0xF81F, 0xF81F, 0xF81F,
  0xF81F, 0xF81F, 0xF81F, 0xF81F, 0xF81F, 0xF81F, 0xF81F, 0xF81F, 0xF81F, 0xF81F, 0xF81F, 0xF81F, 0xF81F, 0xF81F, 0xF81F, 0xF81F,
  0xF81F, 0xF81F, 0xF81F, 0xF81F, 0xF81F, 0xF81F, 0xF81F, 0xF81F, 0xF81F, 0xF81F, 0xF81F, 0xF81F, 0xF81F, 0xF81F, 0xF81F, 0xF81F,
  0xF81F, 0xF81F, 0xF81F, 0xF81F, 0xF81F, 0xF81F, 0xF81F, 0xF81F, 0xF81F, 0xF81F, 0xF81F, 0xF81F, 0xF81F, 0xF81F, 0xF81F, 0xF81F,
  0xF81F, 0xF81F, 0xF81F, 0xF81F, 0xF81F, 0xF81F, 0xF81F, 0xF81F, 0xF81F, 0xF81F, 0xF81F, 0xF81F, 0xF81F, 0xF81F, 0xF81F, 0xF81F,
  0xF81F, 0xF81F, 0xF81F, 0xF81F, 0xF81F, 0xF81F, 0xF81F, 0xF81F, 0xF81F, 0xF81F, 0xF81F, 0xF81F, 0xF81F, 0xF81F, 0xF81F, 0xF81F,
  0xF81F, 0xF81F, 0xF81F, 0xF81F, 0xF81F, 0xF81F, 0xF81F, 0xF81F, 0xF81F, 0xF81F, 0xF81F, 0xF81F, 0xF81F, 0xF81F, 0xF81F, 0xF81F,
  0xF81F, 0xF81F, 0xF81F, 0xF81F, 0xF81F, 0xF81F, 0xF81F, 0xF81F, 0xF81F, 0xF81F, 0xF81F, 0xF81F, 0xF81F, 0xF81F, 0xF81F, 0xF81F,
  0xF81F, 0xF81F, 0xF81F, 0xF81F, 0xF81F, 0xF81F, 0xF81F, 0xF81F, 0xF81F, 0xF81F, 0xF81F, 0xF81F, 0xF81F, 0xF81F, 0xF81F, 0xF81F,
  0xF81F, 0xF81F, 0xF81F, 0xF81F, 0xF81F, 0xF81F, 0xF81F, 0xF81F, 0xF81F, 0xF81F, 0xF81F, 0xF81F, 0xF81F, 0xF81F, 0xF81F, 0xF81F,
  0xF81F, 0xF81F, 0xF81F, 0xF81F, 0xF81F, 0xF81F, 0xF81F, 0xF81F, 0xF81F, 0xF81F, 0xF81F, 0xF81F, 0xF81F, 0xF81F, 0xF81F, 0xF81F,
  0xF81F, 0xF81F, 0xF81F, 0xF81F, 0xF81F, 0xF81F, 0xF81F, 0xF81F, 0xF81F, 0xF81F, 0xF81F, 0xF81F, 0xF81F, 0xF81F, 0xF81F, 0xF81F,
  0xF81F, 0xF81F, 0xF81F, 0xF81F, 0xF81F, 0xF81F, 0xF81F, 0xF81F, 0xF81F, 0xF81F, 0xF81F, 0xF81F, 0xF81F, 0xF81F, 0xF81F, 0xF81F,
  0xF81F, 0xF81F, 0xF81F, 0xF81F, 0xF81F, 0xF81F, 0xF81F, 0xF81F, 0xF81F, 0xF81F, 0xF81F, 0xF81F, 0xF81F, 0xF81F, 0xF81F, 0xF81F,
  0xF81F, 0xF81F, 0xF81F, 0xF81F, 0xF81F, 0xF81F, 0xF81F, 0xF81F, 0xF81F, 0xF81F, 0xF81F, 0xF81F, 0xF81F, 0xF81F, 0xF81F, 0xF81F,
  0xF81F, 0xF81F, 0xF81F, 0xF81F, 0xF81F, 0xF81F, 0xF81F, 0xF81F, 0xF81F, 0xF81F, 0xF81F, 0xF81F, 0xF81F, 0xF81F, 0xF81F, 0xF81F,
  0xF81F, 0xF81F, 0xF81F, 0xF81F, 0xF81F, 0xF81F, 0xF81F, 0xF81F, 0xF81F, 0xF81F, 0xF81F, 0xF81F, 0xF81F, 0xF81F, 0xF81F, 0xF81F,
  0xF81F, 0xF81F, 0xF81F, 0xF81F, 0xF81F, 0xF81F, 0xF81F, 0xF81F, 0xF81F, 0xF81F, 0xF81F, 0xF81F, 0xF81F, 0xF81F, 0xF81F, 0xF81F,
  0xF81F, 0xF81F, 0xF81F, 0xF81F, 0xF81F, 0xF81F, 0xF81F, 0xF81F, 0xF81F, 0xF81F, 0xF81F, 0xF81F, 0xF81F, 0xF81F, 0xF81F, 0xF81F,
  0xF81F, 0xF81F, 0xF81F, 0xF81F, 0xF81F, 0xF81F, 0xF81F, 0xF81F, 0xF81F, 0xF81F, 0xF81F, 0xF81F, 0xF81F, 0xF81F, 0xF81F, 0xF81F,
  0xF81F, 0xF81F, 0xF81F, 0xF81F, 0xF81F, 0xF81F, 0xF81F, 0xF81F, 0xF81F, 0xF81F, 0xF81F, 0xF81F, 0xF81F, 0xF81F, 0xF81F, 0xF81F,
};

